dataset,sequence,category,pair,reference_index,target_index,image1,image2,raw_putative_matches,detector_n_features,detector_n_correspondences,detector_repeatability,ransac_threshold_px,homography_error_px,n_features,n_putative,n_correct,n_incorrect,n_correspondences,pmr,precision,matching_score,recall,repeatability,correctness_threshold_px,mean_correct_gt_error_px,median_correct_gt_error_px,homography_success,ransac_inliers,ransac_inlier_ratio,ransac_reprojection_error_px,matching_ms,matching_std_ms,detected_before_limit_image1,detected_keypoints_image1,features_image1_total,descriptor_memory_bytes_image1,descriptor_dim,descriptor_dtype,bytes_per_descriptor,detected_before_limit_image2,detected_keypoints_image2,features_image2_total,descriptor_memory_bytes_image2,detection_ms_image1,detection_std_ms_image1,description_ms_image1,description_std_ms_image1,joint_extraction_ms_image1,joint_extraction_std_ms_image1,detection_ms_image2,detection_std_ms_image2,description_ms_image2,description_std_ms_image2,joint_extraction_ms_image2,joint_extraction_std_ms_image2,method,detector,descriptor,matcher,ratio_threshold
hpatches,i_ajuntament,illumination,i_ajuntament_1_to_2,1,2,D:\桌面\IACV\Assigment1\data\hpatches\i_ajuntament\1.ppm,D:\桌面\IACV\Assigment1\data\hpatches\i_ajuntament\2.ppm,339,840,429,0.5107142857142857,3.0,0.5213957953661534,840,339,289,50,429,0.4035714285714286,0.8525073746312685,0.34404761904761905,0.6736596736596736,0.5107142857142857,3.0,0.7566753937217454,0.6226378066961266,True,289,0.8525073746312685,0.6779978749025928,7.380520000879187,0.39026746115824135,840,840,840,430080,128,float32,512,780,780,780,399360,42.00372000050265,2.641430562947106,79.79312000097707,47.7122925992266,nan,nan,80.56863999954658,8.187867069122051,65.80032000056235,7.281013915392865,nan,nan,sift,sift,sift,bf_ratio,0.8
hpatches,i_ajuntament,illumination,i_ajuntament_1_to_3,1,3,D:\桌面\IACV\Assigment1\data\hpatches\i_ajuntament\1.ppm,D:\桌面\IACV\Assigment1\data\hpatches\i_ajuntament\3.ppm,48,840,111,0.13214285714285715,3.0,9.885762113929374,840,48,13,35,111,0.05714285714285714,0.2708333333333333,0.015476190476190477,0.11711711711711711,0.13214285714285715,3.0,1.4706834210864055,1.2398035626577755,True,15,0.3125,1.0263100994945162,2.76000000158092,0.26085430573167256,840,840,840,430080,128,float32,512,417,417,417,213504,42.00372000050265,2.641430562947106,79.79312000097707,47.7122925992266,nan,nan,52.258859999710694,1.737737040876492,39.19628000003286,1.0469672565830046,nan,nan,sift,sift,sift,bf_ratio,0.8
hpatches,i_ajuntament,illumination,i_ajuntament_1_to_4,1,4,D:\桌面\IACV\Assigment1\data\hpatches\i_ajuntament\1.ppm,D:\桌面\IACV\Assigment1\data\hpatches\i_ajuntament\4.ppm,38,840,58,0.06904761904761905,3.0,466.7528641613402,840,38,8,30,58,0.04523809523809524,0.21052631578947367,0.009523809523809525,0.13793103448275862,0.06904761904761905,3.0,1.280752571234388,1.2703068508422182,True,7,0.18421052631578946,0.210280721707802,2.5138000026345253,0.40645434066239766,840,840,840,430080,128,float32,512,302,302,302,154624,42.00372000050265,2.641430562947106,79.79312000097707,47.7122925992266,nan,nan,53.232360001129564,3.5659887566886668,40.27438000048278,0.769783111040598,nan,nan,sift,sift,sift,bf_ratio,0.8
hpatches,i_ajuntament,illumination,i_ajuntament_1_to_5,1,5,D:\桌面\IACV\Assigment1\data\hpatches\i_ajuntament\1.ppm,D:\桌面\IACV\Assigment1\data\hpatches\i_ajuntament\5.ppm,39,840,61,0.07261904761904762,3.0,447.51321703682265,840,39,7,32,61,0.04642857142857143,0.1794871794871795,0.008333333333333333,0.11475409836065574,0.07261904761904762,3.0,0.8445229457209197,0.723840995654588,True,7,0.1794871794871795,0.10288653218981213,1.8720399995800108,0.2188030572426452,840,840,840,430080,128,float32,512,236,236,236,120832,42.00372000050265,2.641430562947106,79.79312000097707,47.7122925992266,nan,nan,52.431500000238884,3.9747850301518333,38.036739999370184,1.0698664247191483,nan,nan,sift,sift,sift,bf_ratio,0.8
hpatches,i_ajuntament,illumination,i_ajuntament_1_to_6,1,6,D:\桌面\IACV\Assigment1\data\hpatches\i_ajuntament\1.ppm,D:\桌面\IACV\Assigment1\data\hpatches\i_ajuntament\6.ppm,33,840,59,0.07023809523809524,3.0,1081.6220476080648,840,33,7,26,59,0.039285714285714285,0.21212121212121213,0.008333333333333333,0.11864406779661017,0.07023809523809524,3.0,0.9352645921547508,0.7613079681243201,True,7,0.21212121212121213,1.024411831776147,2.0175400015432388,0.17266416600566806,840,840,840,430080,128,float32,512,290,290,290,148480,42.00372000050265,2.641430562947106,79.79312000097707,47.7122925992266,nan,nan,53.226599999470636,2.6886155407299284,41.124579998722766,0.7896718232452763,nan,nan,sift,sift,sift,bf_ratio,0.8
hpatches,i_autannes,illumination,i_autannes_1_to_2,1,2,D:\桌面\IACV\Assigment1\data\hpatches\i_autannes\1.ppm,D:\桌面\IACV\Assigment1\data\hpatches\i_autannes\2.ppm,490,2048,572,0.279296875,3.0,0.397817679351749,2048,490,462,28,572,0.2392578125,0.9428571428571428,0.2255859375,0.8076923076923077,0.279296875,3.0,0.34731897079822927,0.2811922512063286,True,462,0.9428571428571428,0.339595744938182,25.427579999086447,0.8962152893494659,2677,2048,2048,1048576,128,float32,512,2770,2048,2048,1048576,182.65075999806868,6.396740199451709,147.8484400024172,4.571073385945527,nan,nan,176.02737999986857,5.460872825529404,140.44561999908183,2.8625694762627383,nan,nan,sift,sift,sift,bf_ratio,0.8
hpatches,i_autannes,illumination,i_autannes_1_to_3,1,3,D:\桌面\IACV\Assigment1\data\hpatches\i_autannes\1.ppm,D:\桌面\IACV\Assigment1\data\hpatches\i_autannes\3.ppm,218,2048,299,0.14599609375,3.0,0.6400795988730852,2048,218,185,33,299,0.1064453125,0.8486238532110092,0.09033203125,0.6187290969899666,0.14599609375,3.0,0.35989459438316634,0.28419925845158156,True,185,0.8486238532110092,0.3422676974469891,38.00692000077106,0.2589564727911545,2677,2048,2048,1048576,128,float32,512,3686,2048,2048,1048576,182.65075999806868,6.396740199451709,147.8484400024172,4.571073385945527,nan,nan,171.83579999982612,15.044470170593003,230.68352000118466,13.691819363944623,nan,nan,sift,sift,sift,bf_ratio,0.8
hpatches,i_autannes,illumination,i_autannes_1_to_4,1,4,D:\桌面\IACV\Assigment1\data\hpatches\i_autannes\1.ppm,D:\桌面\IACV\Assigment1\data\hpatches\i_autannes\4.ppm,69,2048,306,0.1494140625,3.0,2.7337611820088275,2048,69,23,46,306,0.03369140625,0.3333333333333333,0.01123046875,0.07516339869281045,0.1494140625,3.0,1.906778492807435,1.9131819249190107,True,32,0.463768115942029,0.7238957272968347,41.31956000055652,1.0591925761560133,2677,2048,2048,1048576,128,float32,512,8449,2048,2048,1048576,182.65075999806868,6.396740199451709,147.8484400024172,4.571073385945527,nan,nan,267.889299998933,16.81646133516506,197.18209999846295,11.875122845970493,nan,nan,sift,sift,sift,bf_ratio,0.8
hpatches,i_autannes,illumination,i_autannes_1_to_5,1,5,D:\桌面\IACV\Assigment1\data\hpatches\i_autannes\1.ppm,D:\桌面\IACV\Assigment1\data\hpatches\i_autannes\5.ppm,63,2048,363,0.17724609375,3.0,3.153015352723305,2048,63,29,34,363,0.03076171875,0.4603174603174603,0.01416015625,0.07988980716253444,0.17724609375,3.0,0.9795951775566645,0.8261630190832335,True,30,0.47619047619047616,0.7923779452989705,32.291680001071654,1.202338730186574,2677,2048,2048,1048576,128,float32,512,7792,2048,2048,1048576,182.65075999806868,6.396740199451709,147.8484400024172,4.571073385945527,nan,nan,233.17228000087198,17.87165518499741,158.29602000012528,5.023911867690966,nan,nan,sift,sift,sift,bf_ratio,0.8
hpatches,i_autannes,illumination,i_autannes_1_to_6,1,6,D:\桌面\IACV\Assigment1\data\hpatches\i_autannes\1.ppm,D:\桌面\IACV\Assigment1\data\hpatches\i_autannes\6.ppm,252,2048,608,0.296875,3.0,1.768162972734311,2048,252,226,26,608,0.123046875,0.8968253968253969,0.1103515625,0.3717105263157895,0.296875,3.0,1.0012672670544003,0.8997843598063469,True,227,0.9007936507936508,0.7151092014177813,35.723540000617504,1.9235743148559792,2677,2048,2048,1048576,128,float32,512,3236,2048,2048,1048576,182.65075999806868,6.396740199451709,147.8484400024172,4.571073385945527,nan,nan,189.57672000251478,6.266561755972825,186.92080000037095,6.078394507665783,nan,nan,sift,sift,sift,bf_ratio,0.8
hpatches,i_bologna,illumination,i_bologna_1_to_2,1,2,D:\桌面\IACV\Assigment1\data\hpatches\i_bologna\1.ppm,D:\桌面\IACV\Assigment1\data\hpatches\i_bologna\2.ppm,104,264,176,0.6666666666666666,3.0,0.8504649094370017,264,104,99,5,176,0.3939393939393939,0.9519230769230769,0.375,0.5625,0.6666666666666666,3.0,0.36554972836869815,0.2508650807654281,True,99,0.9519230769230769,0.35879794052197406,1.3936399991507642,0.11571961996189423,264,264,264,135168,128,float32,512,573,573,573,293376,45.49685999954818,2.1274589533143966,37.94256000110181,2.626518597173988,nan,nan,42.11295999994036,1.394366573187341,39.79134000255726,1.6708616725268908,nan,nan,sift,sift,sift,bf_ratio,0.8
hpatches,i_bologna,illumination,i_bologna_1_to_3,1,3,D:\桌面\IACV\Assigment1\data\hpatches\i_bologna\1.ppm,D:\桌面\IACV\Assigment1\data\hpatches\i_bologna\3.ppm,86,264,154,0.5833333333333334,3.0,0.7326259416624576,264,86,78,8,154,0.32575757575757575,0.9069767441860465,0.29545454545454547,0.5064935064935064,0.5833333333333334,3.0,0.48784378063824363,0.32730702424175484,True,78,0.9069767441860465,0.4872878547060999,1.9639600010123104,0.10130154081268163,264,264,264,135168,128,float32,512,786,786,786,402432,45.49685999954818,2.1274589533143966,37.94256000110181,2.626518597173988,nan,nan,52.09190000168746,7.818226180384892,42.00605999940308,1.9089687210689639,nan,nan,sift,sift,sift,bf_ratio,0.8
hpatches,i_bologna,illumination,i_bologna_1_to_4,1,4,D:\桌面\IACV\Assigment1\data\hpatches\i_bologna\1.ppm,D:\桌面\IACV\Assigment1\data\hpatches\i_bologna\4.ppm,91,264,152,0.5757575757575758,3.0,1.2954309120943386,264,91,84,7,152,0.3446969696969697,0.9230769230769231,0.3181818181818182,0.5526315789473685,0.5757575757575758,3.0,0.5501377108419705,0.32206710942227745,True,84,0.9230769230769231,0.5155836332483646,2.308100000664126,0.10354960208765894,264,264,264,135168,128,float32,512,909,909,909,465408,45.49685999954818,2.1274589533143966,37.94256000110181,2.626518597173988,nan,nan,48.73812000005273,0.8286927158660005,45.78361999883782,3.1504220740422486,nan,nan,sift,sift,sift,bf_ratio,0.8
hpatches,i_bologna,illumination,i_bologna_1_to_5,1,5,D:\桌面\IACV\Assigment1\data\hpatches\i_bologna\1.ppm,D:\桌面\IACV\Assigment1\data\hpatches\i_bologna\5.ppm,85,264,154,0.5833333333333334,3.0,1.7999018652856882,264,85,74,11,154,0.32196969696969696,0.8705882352941177,0.2803030303030303,0.4805194805194805,0.5833333333333334,3.0,0.5215124533809975,0.43047081687314553,True,75,0.8823529411764706,0.45593667766154045,2.4238999976660125,0.36677175530298367,264,264,264,135168,128,float32,512,1174,1174,1174,601088,45.49685999954818,2.1274589533143966,37.94256000110181,2.626518597173988,nan,nan,54.69602000230225,4.05084502934746,51.833299998543225,3.464220602762911,nan,nan,sift,sift,sift,bf_ratio,0.8
hpatches,i_bologna,illumination,i_bologna_1_to_6,1,6,D:\桌面\IACV\Assigment1\data\hpatches\i_bologna\1.ppm,D:\桌面\IACV\Assigment1\data\hpatches\i_bologna\6.ppm,58,264,138,0.5227272727272727,3.0,1.3518653481943543,264,58,55,3,138,0.2196969696969697,0.9482758620689655,0.20833333333333334,0.39855072463768115,0.5227272727272727,3.0,0.48894942329039415,0.3624870507752489,True,55,0.9482758620689655,0.4407094334205997,2.552039996953681,0.3965664075529242,264,264,264,135168,128,float32,512,1214,1214,1214,621568,45.49685999954818,2.1274589533143966,37.94256000110181,2.626518597173988,nan,nan,51.24521999823628,2.9793304142075683,49.40811999986181,2.094633613706278,nan,nan,sift,sift,sift,bf_ratio,0.8
hpatches,i_books,illumination,i_books_1_to_2,1,2,D:\桌面\IACV\Assigment1\data\hpatches\i_books\1.ppm,D:\桌面\IACV\Assigment1\data\hpatches\i_books\2.ppm,311,972,336,0.345679012345679,3.0,0.4184474919933559,972,311,277,34,336,0.31995884773662553,0.8906752411575563,0.28497942386831276,0.8244047619047619,0.345679012345679,3.0,0.21311354695734755,0.12746178712511994,True,277,0.8906752411575563,0.2397007277710716,4.181279998738319,0.2375487858154679,972,972,972,497664,128,float32,512,504,504,504,258048,78.82775999896694,7.571765275112742,66.25524000119185,1.9234733384503524,nan,nan,76.37181999889435,2.0136428660912804,70.77605999947991,6.962257496073205,nan,nan,sift,sift,sift,bf_ratio,0.8
hpatches,i_books,illumination,i_books_1_to_3,1,3,D:\桌面\IACV\Assigment1\data\hpatches\i_books\1.ppm,D:\桌面\IACV\Assigment1\data\hpatches\i_books\3.ppm,515,972,634,0.6522633744855967,3.0,0.07929264919819078,972,515,483,32,634,0.529835390946502,0.9378640776699029,0.49691358024691357,0.7618296529968455,0.6522633744855967,3.0,0.1890852582607112,0.1141877285477951,True,483,0.9378640776699029,0.18931461910382144,14.242540000122972,0.43066560574237805,972,972,972,497664,128,float32,512,1774,1774,1774,908288,78.82775999896694,7.571765275112742,66.25524000119185,1.9234733384503524,nan,nan,95.3155599985621,3.6461863038771876,88.16899999947054,2.3054989183099206,nan,nan,sift,sift,sift,bf_ratio,0.8
hpatches,i_books,illumination,i_books_1_to_4,1,4,D:\桌面\IACV\Assigment1\data\hpatches\i_books\1.ppm,D:\桌面\IACV\Assigment1\data\hpatches\i_books\4.ppm,521,972,607,0.6244855967078189,3.0,0.06062894964558138,972,521,488,33,607,0.5360082304526749,0.9366602687140115,0.5020576131687243,0.8039538714991763,0.6244855967078189,3.0,0.19085821631576239,0.1177836572028147,True,488,0.9366602687140115,0.19430833534941244,13.029499998083338,0.570392072902611,972,972,972,497664,128,float32,512,1584,1584,1584,811008,78.82775999896694,7.571765275112742,66.25524000119185,1.9234733384503524,nan,nan,98.34373999910895,6.847917946127568,88.75124000041978,6.249186014737255,nan,nan,sift,sift,sift,bf_ratio,0.8
hpatches,i_books,illumination,i_books_1_to_5,1,5,D:\桌面\IACV\Assigment1\data\hpatches\i_books\1.ppm,D:\桌面\IACV\Assigment1\data\hpatches\i_books\5.ppm,571,972,646,0.6646090534979424,3.0,0.07924390490800776,972,571,546,25,646,0.5874485596707819,0.9562171628721541,0.5617283950617284,0.8452012383900929,0.6646090534979424,3.0,0.19079324653419255,0.11365981136735229,True,546,0.9562171628721541,0.19466680589967916,11.323239999182988,0.1714307394654755,972,972,972,497664,128,float32,512,1343,1343,1343,687616,78.82775999896694,7.571765275112742,66.25524000119185,1.9234733384503524,nan,nan,89.24456000095233,3.0249657934112157,85.37805999949342,3.3278477865817764,nan,nan,sift,sift,sift,bf_ratio,0.8
hpatches,i_books,illumination,i_books_1_to_6,1,6,D:\桌面\IACV\Assigment1\data\hpatches\i_books\1.ppm,D:\桌面\IACV\Assigment1\data\hpatches\i_books\6.ppm,453,972,489,0.5030864197530864,3.0,0.10152173394170334,972,453,418,35,489,0.4660493827160494,0.9227373068432672,0.43004115226337447,0.8548057259713702,0.5030864197530864,3.0,0.14900642608529174,0.08881788689073242,True,418,0.9227373068432672,0.15050734117371795,6.417760001204442,0.24347445482539162,972,972,972,497664,128,float32,512,707,707,707,361984,78.82775999896694,7.571765275112742,66.25524000119185,1.9234733384503524,nan,nan,102.47202000027755,4.354370146589931,75.11644000187516,8.498194985859188,nan,nan,sift,sift,sift,bf_ratio,0.8
hpatches,i_boutique,illumination,i_boutique_1_to_2,1,2,D:\桌面\IACV\Assigment1\data\hpatches\i_boutique\1.ppm,D:\桌面\IACV\Assigment1\data\hpatches\i_boutique\2.ppm,636,2048,955,0.46630859375,3.0,0.33510917736052087,2048,636,569,67,955,0.310546875,0.8946540880503144,0.27783203125,0.5958115183246073,0.46630859375,3.0,0.4640194541436462,0.284307036037594,True,569,0.8946540880503144,0.5068316843786811,30.230400001164526,1.7187344943909357,3833,2048,2048,1048576,128,float32,512,3242,2048,2048,1048576,87.78668000013568,3.120493557934799,83.92766000033589,6.606035868960656,nan,nan,81.19516000151634,1.6259579735877605,78.54692000109935,4.27044859217072,nan,nan,sift,sift,sift,bf_ratio,0.8
hpatches,i_boutique,illumination,i_boutique_1_to_3,1,3,D:\桌面\IACV\Assigment1\data\hpatches\i_boutique\1.ppm,D:\桌面\IACV\Assigment1\data\hpatches\i_boutique\3.ppm,323,2048,826,0.4033203125,3.0,0.38112707683567043,2048,323,250,73,826,0.15771484375,0.7739938080495357,0.1220703125,0.3026634382566586,0.4033203125,3.0,0.6875746954206402,0.48442477223886315,True,251,0.7770897832817337,0.7045260645266382,32.573679999040905,1.5916134500093255,3833,2048,2048,1048576,128,float32,512,3634,2048,2048,1048576,87.78668000013568,3.120493557934799,83.92766000033589,6.606035868960656,nan,nan,85.60275999916485,4.272930642300856,74.67243999999482,4.982638077770639,nan,nan,sift,sift,sift,bf_ratio,0.8
hpatches,i_boutique,illumination,i_boutique_1_to_4,1,4,D:\桌面\IACV\Assigment1\data\hpatches\i_boutique\1.ppm,D:\桌面\IACV\Assigment1\data\hpatches\i_boutique\4.ppm,321,2048,828,0.404296875,3.0,0.3556512198158258,2048,321,243,78,828,0.15673828125,0.7570093457943925,0.11865234375,0.29347826086956524,0.404296875,3.0,0.5826598596200087,0.3942181463348511,True,245,0.7632398753894081,0.6156962376618933,32.93388000020059,1.1519872895898309,3833,2048,2048,1048576,128,float32,512,3187,2048,2048,1048576,87.78668000013568,3.120493557934799,83.92766000033589,6.606035868960656,nan,nan,96.22778000048129,4.2901534252106845,85.89113999914844,2.8981729634926716,nan,nan,sift,sift,sift,bf_ratio,0.8
hpatches,i_boutique,illumination,i_boutique_1_to_5,1,5,D:\桌面\IACV\Assigment1\data\hpatches\i_boutique\1.ppm,D:\桌面\IACV\Assigment1\data\hpatches\i_boutique\5.ppm,72,2048,456,0.22265625,3.0,1.3488180752457595,2048,72,23,49,456,0.03515625,0.3194444444444444,0.01123046875,0.05043859649122807,0.22265625,3.0,0.8443380581857286,0.7126442751812646,True,24,0.3333333333333333,0.7859891721281335,33.307480001531076,1.52336893900427,3833,2048,2048,1048576,128,float32,512,3401,2048,2048,1048576,87.78668000013568,3.120493557934799,83.92766000033589,6.606035868960656,nan,nan,99.81145999918226,4.13058757461879,86.15913999819895,5.084197292747513,nan,nan,sift,sift,sift,bf_ratio,0.8
hpatches,i_boutique,illumination,i_boutique_1_to_6,1,6,D:\桌面\IACV\Assigment1\data\hpatches\i_boutique\1.ppm,D:\桌面\IACV\Assigment1\data\hpatches\i_boutique\6.ppm,77,2048,466,0.2275390625,3.0,2.3720183561780868,2048,77,26,51,466,0.03759765625,0.33766233766233766,0.0126953125,0.055793991416309016,0.2275390625,3.0,0.8150004505019127,0.6693032255122775,True,30,0.38961038961038963,1.1350751574039173,32.33186000434216,0.9223034689308346,3833,2048,2048,1048576,128,float32,512,3222,2048,2048,1048576,87.78668000013568,3.120493557934799,83.92766000033589,6.606035868960656,nan,nan,91.314859999693,4.39267977668207,85.12621999980183,1.3739006511066496,nan,nan,sift,sift,sift,bf_ratio,0.8
hpatches,i_bridger,illumination,i_bridger_1_to_2,1,2,D:\桌面\IACV\Assigment1\data\hpatches\i_bridger\1.ppm,D:\桌面\IACV\Assigment1\data\hpatches\i_bridger\2.ppm,481,2048,821,0.40087890625,3.0,0.5634021020788873,2048,481,412,69,821,0.23486328125,0.8565488565488566,0.201171875,0.5018270401948843,0.40087890625,3.0,0.7828222672870168,0.672272460936824,True,408,0.8482328482328483,0.49320638952458945,35.798559997056145,0.7242659810454656,10625,2048,2048,1048576,128,float32,512,11175,2048,2048,1048576,195.93752000073437,20.655372940183874,146.57815999962622,17.95719689323658,nan,nan,185.91491999686696,20.90588682944992,168.79941999941366,7.585643694504281,nan,nan,sift,sift,sift,bf_ratio,0.8
hpatches,i_bridger,illumination,i_bridger_1_to_3,1,3,D:\桌面\IACV\Assigment1\data\hpatches\i_bridger\1.ppm,D:\桌面\IACV\Assigment1\data\hpatches\i_bridger\3.ppm,431,2048,746,0.3642578125,3.0,0.7155990656619179,2048,431,365,66,746,0.21044921875,0.8468677494199536,0.17822265625,0.48927613941018766,0.3642578125,3.0,0.5684617430682027,0.4488233090433649,True,366,0.8491879350348028,0.4869837787116858,35.32151999970665,1.3794499933953923,10625,2048,2048,1048576,128,float32,512,9424,2048,2048,1048576,195.93752000073437,20.655372940183874,146.57815999962622,17.95719689323658,nan,nan,189.5953599974746,8.412458622867844,142.64887999888742,2.207849234030529,nan,nan,sift,sift,sift,bf_ratio,0.8
hpatches,i_bridger,illumination,i_bridger_1_to_4,1,4,D:\桌面\IACV\Assigment1\data\hpatches\i_bridger\1.ppm,D:\桌面\IACV\Assigment1\data\hpatches\i_bridger\4.ppm,302,2048,613,0.29931640625,3.0,0.3150741795905106,2048,302,247,55,613,0.1474609375,0.8178807947019867,0.12060546875,0.4029363784665579,0.29931640625,3.0,0.6334757005372927,0.5281884748147774,True,246,0.8145695364238411,0.5203541275798472,30.579680000664666,1.5517329345448825,10625,2048,2048,1048576,128,float32,512,5119,2048,2048,1048576,195.93752000073437,20.655372940183874,146.57815999962622,17.95719689323658,nan,nan,154.63376000116114,5.65066512465748,120.08787999948254,6.672899908804213,nan,nan,sift,sift,sift,bf_ratio,0.8
hpatches,i_bridger,illumination,i_bridger_1_to_5,1,5,D:\桌面\IACV\Assigment1\data\hpatches\i_bridger\1.ppm,D:\桌面\IACV\Assigment1\data\hpatches\i_bridger\5.ppm,193,2048,518,0.2529296875,3.0,0.7259118046950475,2048,193,130,63,518,0.09423828125,0.6735751295336787,0.0634765625,0.25096525096525096,0.2529296875,3.0,0.6968482180683019,0.5522800084030557,True,130,0.6735751295336787,0.69907256192908,34.723420001682825,1.1282455045776107,10625,2048,2048,1048576,128,float32,512,2057,2048,2048,1048576,195.93752000073437,20.655372940183874,146.57815999962622,17.95719689323658,nan,nan,169.12069999962114,15.74536911652203,153.1135200013523,4.6535993197083725,nan,nan,sift,sift,sift,bf_ratio,0.8
hpatches,i_bridger,illumination,i_bridger_1_to_6,1,6,D:\桌面\IACV\Assigment1\data\hpatches\i_bridger\1.ppm,D:\桌面\IACV\Assigment1\data\hpatches\i_bridger\6.ppm,44,2048,41,0.02001953125,3.0,4.927588087215231,2048,44,12,32,41,0.021484375,0.2727272727272727,0.005859375,0.2926829268292683,0.02001953125,3.0,0.7100029295057632,0.7052472747080964,True,12,0.2727272727272727,0.3118604947630527,5.700639997667167,0.4304133622495887,10625,2048,2048,1048576,128,float32,512,364,364,364,186368,195.93752000073437,20.655372940183874,146.57815999962622,17.95719689323658,nan,nan,161.05660000175703,13.03272156768255,127.0842999976594,4.719101542275182,nan,nan,sift,sift,sift,bf_ratio,0.8
hpatches,i_brooklyn,illumination,i_brooklyn_1_to_2,1,2,D:\桌面\IACV\Assigment1\data\hpatches\i_brooklyn\1.ppm,D:\桌面\IACV\Assigment1\data\hpatches\i_brooklyn\2.ppm,396,2048,734,0.3583984375,3.0,0.6973923852411945,2048,396,333,63,734,0.193359375,0.8409090909090909,0.16259765625,0.4536784741144414,0.3583984375,3.0,0.6982289247684089,0.6475483028449602,True,333,0.8409090909090909,0.33331589368228826,29.345959998317994,1.636343224338997,7614,2048,2048,1048576,128,float32,512,8616,2048,2048,1048576,176.67445999832125,8.482233566977756,135.71021999814548,4.289209937578285,nan,nan,180.74674000090454,14.922782588665406,129.62414000212448,4.822252491082346,nan,nan,sift,sift,sift,bf_ratio,0.8
hpatches,i_brooklyn,illumination,i_brooklyn_1_to_3,1,3,D:\桌面\IACV\Assigment1\data\hpatches\i_brooklyn\1.ppm,D:\桌面\IACV\Assigment1\data\hpatches\i_brooklyn\3.ppm,822,2048,500,0.244140625,3.0,3.0611544760584692,2048,822,77,745,500,0.4013671875,0.09367396593673966,0.03759765625,0.154,0.244140625,3.0,2.461237589038529,2.8241182249363246,True,751,0.9136253041362531,0.33149926403625724,33.571200000005774,1.471228950146387,7614,2048,2048,1048576,128,float32,512,6463,2048,2048,1048576,176.67445999832125,8.482233566977756,135.71021999814548,4.289209937578285,nan,nan,183.0805199992028,14.30492166519567,148.02339999878313,4.02386137622743,nan,nan,sift,sift,sift,bf_ratio,0.8
hpatches,i_brooklyn,illumination,i_brooklyn_1_to_4,1,4,D:\桌面\IACV\Assigment1\data\hpatches\i_brooklyn\1.ppm,D:\桌面\IACV\Assigment1\data\hpatches\i_brooklyn\4.ppm,131,2048,344,0.16796875,3.0,1.9931514873925082,2048,131,65,66,344,0.06396484375,0.4961832061068702,0.03173828125,0.18895348837209303,0.16796875,3.0,2.2618245337953202,2.4859560544726733,True,70,0.5343511450381679,0.659563926836021,33.5175199987134,1.3922542346776594,7614,2048,2048,1048576,128,float32,512,6522,2048,2048,1048576,176.67445999832125,8.482233566977756,135.71021999814548,4.289209937578285,nan,nan,179.3206399990595,17.655219822224396,183.59251999936532,6.5434787613725796,nan,nan,sift,sift,sift,bf_ratio,0.8
hpatches,i_brooklyn,illumination,i_brooklyn_1_to_5,1,5,D:\桌面\IACV\Assigment1\data\hpatches\i_brooklyn\1.ppm,D:\桌面\IACV\Assigment1\data\hpatches\i_brooklyn\5.ppm,819,2048,396,0.193359375,3.0,3.575728743490174,2048,819,28,791,396,0.39990234375,0.03418803418803419,0.013671875,0.0707070707070707,0.193359375,3.0,1.7489345710951463,2.5609462440505366,True,744,0.9084249084249084,0.34836468043093616,33.75517999957083,1.6731521322349991,7614,2048,2048,1048576,128,float32,512,6921,2048,2048,1048576,176.67445999832125,8.482233566977756,135.71021999814548,4.289209937578285,nan,nan,183.16818000021158,3.277851954286368,142.49300000083167,4.566102419125027,nan,nan,sift,sift,sift,bf_ratio,0.8
hpatches,i_brooklyn,illumination,i_brooklyn_1_to_6,1,6,D:\桌面\IACV\Assigment1\data\hpatches\i_brooklyn\1.ppm,D:\桌面\IACV\Assigment1\data\hpatches\i_brooklyn\6.ppm,418,2048,313,0.15283203125,3.0,3.425483020722745,2048,418,11,407,313,0.2041015625,0.02631578947368421,0.00537109375,0.03514376996805112,0.15283203125,3.0,2.2952128921659063,2.8232790340221396,True,340,0.8133971291866029,0.3631018497463927,34.29350000078557,1.114508804522245,7614,2048,2048,1048576,128,float32,512,8147,2048,2048,1048576,176.67445999832125,8.482233566977756,135.71021999814548,4.289209937578285,nan,nan,198.77727999992203,10.318823852352072,157.6394399991841,4.91206392570594,nan,nan,sift,sift,sift,bf_ratio,0.8
hpatches,i_castle,illumination,i_castle_1_to_2,1,2,D:\桌面\IACV\Assigment1\data\hpatches\i_castle\1.ppm,D:\桌面\IACV\Assigment1\data\hpatches\i_castle\2.ppm,76,1628,395,0.24262899262899262,3.0,1.1508254350886917,1628,76,48,28,395,0.04668304668304668,0.631578947368421,0.029484029484029485,0.12151898734177215,0.24262899262899262,3.0,0.6583279829930818,0.5713210969118487,True,48,0.631578947368421,0.5483704743864212,20.63919999927748,0.6578975168562714,1628,1628,1628,833536,128,float32,512,1560,1560,1560,798720,56.458479999855626,1.7565713554403815,54.210400000738446,1.7122539031842934,nan,nan,53.12302000093041,1.8212255549596652,58.56135999929393,1.5298131016919874,nan,nan,sift,sift,sift,bf_ratio,0.8
hpatches,i_castle,illumination,i_castle_1_to_3,1,3,D:\桌面\IACV\Assigment1\data\hpatches\i_castle\1.ppm,D:\桌面\IACV\Assigment1\data\hpatches\i_castle\3.ppm,201,1628,462,0.28378378378378377,3.0,0.37240994739703026,1628,201,162,39,462,0.12346437346437346,0.8059701492537313,0.09950859950859951,0.35064935064935066,0.28378378378378377,3.0,0.48913078150294853,0.3834266046062859,True,162,0.8059701492537313,0.41413316832213204,15.126080000482034,0.9610783823736198,1628,1628,1628,833536,128,float32,512,1198,1198,1198,613376,56.458479999855626,1.7565713554403815,54.210400000738446,1.7122539031842934,nan,nan,54.48229999601608,2.0454353035343127,50.02173999964725,2.4355695202183787,nan,nan,sift,sift,sift,bf_ratio,0.8
hpatches,i_castle,illumination,i_castle_1_to_4,1,4,D:\桌面\IACV\Assigment1\data\hpatches\i_castle\1.ppm,D:\桌面\IACV\Assigment1\data\hpatches\i_castle\4.ppm,151,1628,299,0.18366093366093367,3.0,0.7017839864813455,1628,151,113,38,299,0.09275184275184276,0.7483443708609272,0.06941031941031942,0.3779264214046823,0.18366093366093367,3.0,0.703636817253806,0.6603244789977485,True,114,0.7549668874172185,0.4601114469719576,9.517179998510983,0.44699734695072846,1628,1628,1628,833536,128,float32,512,686,686,686,351232,56.458479999855626,1.7565713554403815,54.210400000738446,1.7122539031842934,nan,nan,59.988419999717735,3.535557561414516,46.96955999970669,0.8667992518949391,nan,nan,sift,sift,sift,bf_ratio,0.8
hpatches,i_castle,illumination,i_castle_1_to_5,1,5,D:\桌面\IACV\Assigment1\data\hpatches\i_castle\1.ppm,D:\桌面\IACV\Assigment1\data\hpatches\i_castle\5.ppm,75,1628,223,0.136977886977887,3.0,1.7483988112328577,1628,75,44,31,223,0.04606879606879607,0.5866666666666667,0.02702702702702703,0.19730941704035873,0.136977886977887,3.0,0.6370075389817885,0.5324229421314166,True,45,0.6,0.6892505552599204,8.766100002685562,0.21534455982605544,1628,1628,1628,833536,128,float32,512,654,654,654,334848,56.458479999855626,1.7565713554403815,54.210400000738446,1.7122539031842934,nan,nan,53.06406000017887,2.3395956047931312,46.69614000013098,1.2441597573184264,nan,nan,sift,sift,sift,bf_ratio,0.8
hpatches,i_castle,illumination,i_castle_1_to_6,1,6,D:\桌面\IACV\Assigment1\data\hpatches\i_castle\1.ppm,D:\桌面\IACV\Assigment1\data\hpatches\i_castle\6.ppm,87,1628,319,0.19594594594594594,3.0,0.8695511207050781,1628,87,48,39,319,0.05343980343980344,0.5517241379310345,0.029484029484029485,0.15047021943573669,0.19594594594594594,3.0,0.6123910441040931,0.4277676267545959,True,48,0.5517241379310345,0.5591843132676809,13.773020000371616,0.526423879795507,1628,1628,1628,833536,128,float32,512,1002,1002,1002,513024,56.458479999855626,1.7565713554403815,54.210400000738446,1.7122539031842934,nan,nan,59.670299997378606,5.822523911849044,65.10842000134289,0.6774894737008089,nan,nan,sift,sift,sift,bf_ratio,0.8
hpatches,i_chestnuts,illumination,i_chestnuts_1_to_2,1,2,D:\桌面\IACV\Assigment1\data\hpatches\i_chestnuts\1.ppm,D:\桌面\IACV\Assigment1\data\hpatches\i_chestnuts\2.ppm,874,2034,1143,0.5619469026548672,3.0,0.15166569931450988,2034,874,836,38,1143,0.4296951819075713,0.9565217391304348,0.4110127826941986,0.731408573928259,0.5619469026548672,3.0,0.24739334102807928,0.13589146810809521,True,836,0.9565217391304348,0.2474549911965515,31.807100000150967,0.9342565318636236,2034,2034,2034,1041408,128,float32,512,2674,2048,2048,1048576,93.82258000114234,8.553045413205826,82.58042000088608,3.81625748568836,nan,nan,82.4071199996979,2.0351444981465012,79.12934000050882,0.5200962503206504,nan,nan,sift,sift,sift,bf_ratio,0.8
hpatches,i_chestnuts,illumination,i_chestnuts_1_to_3,1,3,D:\桌面\IACV\Assigment1\data\hpatches\i_chestnuts\1.ppm,D:\桌面\IACV\Assigment1\data\hpatches\i_chestnuts\3.ppm,867,2034,1134,0.5575221238938053,3.0,0.12255402543193292,2034,867,834,33,1134,0.42625368731563423,0.9619377162629758,0.41002949852507375,0.7354497354497355,0.5575221238938053,3.0,0.2473378389317134,0.12499578130482841,True,834,0.9619377162629758,0.2472797320271761,34.69058000046061,0.8458555501632956,2034,2034,2034,1041408,128,float32,512,2707,2048,2048,1048576,93.82258000114234,8.553045413205826,82.58042000088608,3.81625748568836,nan,nan,87.65038000128698,0.9115764145303865,85.45463999762433,1.3988631721363625,nan,nan,sift,sift,sift,bf_ratio,0.8
hpatches,i_chestnuts,illumination,i_chestnuts_1_to_4,1,4,D:\桌面\IACV\Assigment1\data\hpatches\i_chestnuts\1.ppm,D:\桌面\IACV\Assigment1\data\hpatches\i_chestnuts\4.ppm,843,2034,1133,0.5570304818092429,3.0,0.3166211788550008,2034,843,811,32,1133,0.4144542772861357,0.9620403321470937,0.39872173058013766,0.7157987643424537,0.5570304818092429,3.0,0.24360253123944614,0.13142126708002916,True,811,0.9620403321470937,0.2655428853394352,35.274800000479445,0.4701918787354053,2034,2034,2034,1041408,128,float32,512,2492,2048,2048,1048576,93.82258000114234,8.553045413205826,82.58042000088608,3.81625748568836,nan,nan,87.3741000003065,3.882909619920594,89.82979999855161,2.194752520523468,nan,nan,sift,sift,sift,bf_ratio,0.8
hpatches,i_chestnuts,illumination,i_chestnuts_1_to_5,1,5,D:\桌面\IACV\Assigment1\data\hpatches\i_chestnuts\1.ppm,D:\桌面\IACV\Assigment1\data\hpatches\i_chestnuts\5.ppm,725,2034,1056,0.5191740412979351,3.0,0.2992202286718743,2034,725,692,33,1056,0.35644051130776794,0.9544827586206897,0.34021632251720746,0.6553030303030303,0.5191740412979351,3.0,0.2344634218271917,0.12592503342976713,True,692,0.9544827586206897,0.23731583572783765,35.30608000000939,1.073898867981492,2034,2034,2034,1041408,128,float32,512,2030,2030,2030,1039360,93.82258000114234,8.553045413205826,82.58042000088608,3.81625748568836,nan,nan,84.9493200003053,3.0929118414097254,88.07005999988178,2.7437941284490934,nan,nan,sift,sift,sift,bf_ratio,0.8
hpatches,i_chestnuts,illumination,i_chestnuts_1_to_6,1,6,D:\桌面\IACV\Assigment1\data\hpatches\i_chestnuts\1.ppm,D:\桌面\IACV\Assigment1\data\hpatches\i_chestnuts\6.ppm,461,2034,790,0.38839724680432647,3.0,0.25782753667391706,2034,461,418,43,790,0.22664700098328416,0.9067245119305857,0.2055063913470993,0.529113924050633,0.38839724680432647,3.0,0.2739067423360389,0.16119213842499125,True,418,0.9067245119305857,0.2749748838284508,29.76972000033129,1.0054604276486747,2034,2034,2034,1041408,128,float32,512,1754,1754,1754,898048,93.82258000114234,8.553045413205826,82.58042000088608,3.81625748568836,nan,nan,92.40132000122685,4.371767123232215,93.03903999825707,2.5582095117776174,nan,nan,sift,sift,sift,bf_ratio,0.8
hpatches,i_contruction,illumination,i_contruction_1_to_2,1,2,D:\桌面\IACV\Assigment1\data\hpatches\i_contruction\1.ppm,D:\桌面\IACV\Assigment1\data\hpatches\i_contruction\2.ppm,1537,2048,1561,0.76220703125,3.0,0.09530139440787744,2048,1537,1522,15,1561,0.75048828125,0.9902407286922577,0.7431640625,0.9750160153747598,0.76220703125,3.0,0.20598405416238363,0.12734605501969226,True,1522,0.9902407286922577,0.20493057097667866,36.490060000505764,2.1497549133074405,5388,2048,2048,1048576,128,float32,512,5425,2048,2048,1048576,577.3216400004458,59.189109099685865,383.32553999935044,29.955304550443508,nan,nan,578.6203400013619,35.012523072495,461.61361999984365,54.23529205215258,nan,nan,sift,sift,sift,bf_ratio,0.8
hpatches,i_contruction,illumination,i_contruction_1_to_3,1,3,D:\桌面\IACV\Assigment1\data\hpatches\i_contruction\1.ppm,D:\桌面\IACV\Assigment1\data\hpatches\i_contruction\3.ppm,1554,2048,1579,0.77099609375,3.0,0.020527123794177947,2048,1554,1537,17,1579,0.7587890625,0.989060489060489,0.75048828125,0.9734008866371121,0.77099609375,3.0,0.21215595766971335,0.13717922594149315,True,1537,0.989060489060489,0.21033499636974753,35.61953999887919,1.486869762477909,5388,2048,2048,1048576,128,float32,512,5390,2048,2048,1048576,577.3216400004458,59.189109099685865,383.32553999935044,29.955304550443508,nan,nan,535.1445799984504,57.91035999400233,425.61833999934606,37.8250091867893,nan,nan,sift,sift,sift,bf_ratio,0.8
hpatches,i_contruction,illumination,i_contruction_1_to_4,1,4,D:\桌面\IACV\Assigment1\data\hpatches\i_contruction\1.ppm,D:\桌面\IACV\Assigment1\data\hpatches\i_contruction\4.ppm,1111,2048,1239,0.60498046875,3.0,0.2760991626210077,2048,1111,1075,36,1239,0.54248046875,0.9675967596759676,0.52490234375,0.8676351896690879,0.60498046875,3.0,0.3397664157315993,0.22532160245891786,True,1075,0.9675967596759676,0.3447371891660087,33.16674000088824,0.9764697893273071,5388,2048,2048,1048576,128,float32,512,5474,2048,2048,1048576,577.3216400004458,59.189109099685865,383.32553999935044,29.955304550443508,nan,nan,571.3936999993166,60.42104648507302,412.7951000002213,15.087608546713168,nan,nan,sift,sift,sift,bf_ratio,0.8
hpatches,i_contruction,illumination,i_contruction_1_to_5,1,5,D:\桌面\IACV\Assigment1\data\hpatches\i_contruction\1.ppm,D:\桌面\IACV\Assigment1\data\hpatches\i_contruction\5.ppm,184,2048,539,0.26318359375,3.0,2.0430995117974913,2048,184,150,34,539,0.08984375,0.8152173913043478,0.0732421875,0.2782931354359926,0.26318359375,3.0,0.6355057446324485,0.48651011588004855,True,151,0.8206521739130435,0.7373986204848039,30.724799998279195,1.8623298635553467,5388,2048,2048,1048576,128,float32,512,10620,2048,2048,1048576,577.3216400004458,59.189109099685865,383.32553999935044,29.955304550443508,nan,nan,583.8433600001736,45.12756228400458,400.90541999961715,24.427843877396,nan,nan,sift,sift,sift,bf_ratio,0.8
hpatches,i_contruction,illumination,i_contruction_1_to_6,1,6,D:\桌面\IACV\Assigment1\data\hpatches\i_contruction\1.ppm,D:\桌面\IACV\Assigment1\data\hpatches\i_contruction\6.ppm,75,2048,325,0.15869140625,3.0,1.2150214613422783,2048,75,46,29,325,0.03662109375,0.6133333333333333,0.0224609375,0.14153846153846153,0.15869140625,3.0,0.8065426621891664,0.6952297495206277,True,47,0.6266666666666667,0.7184311005595884,32.227180000336375,1.228147195771685,5388,2048,2048,1048576,128,float32,512,10174,2048,2048,1048576,577.3216400004458,59.189109099685865,383.32553999935044,29.955304550443508,nan,nan,517.2844400032773,19.532531501180117,367.89126000076067,9.44165439223864,nan,nan,sift,sift,sift,bf_ratio,0.8
hpatches,i_crownday,illumination,i_crownday_1_to_2,1,2,D:\桌面\IACV\Assigment1\data\hpatches\i_crownday\1.ppm,D:\桌面\IACV\Assigment1\data\hpatches\i_crownday\2.ppm,145,2048,471,0.22998046875,3.0,0.7240190834736656,2048,145,86,59,471,0.07080078125,0.593103448275862,0.0419921875,0.18259023354564755,0.22998046875,3.0,0.703674610772985,0.4549290407679093,True,86,0.593103448275862,0.6313403203204678,40.424140001414344,4.176042382708791,2439,2048,2048,1048576,128,float32,512,2728,2048,2048,1048576,233.85718000208726,8.064020929364098,238.8243400011561,17.90602637351883,nan,nan,286.2509599988698,9.074212954225171,235.72589999967022,17.492256930220048,nan,nan,sift,sift,sift,bf_ratio,0.8
hpatches,i_crownday,illumination,i_crownday_1_to_3,1,3,D:\桌面\IACV\Assigment1\data\hpatches\i_crownday\1.ppm,D:\桌面\IACV\Assigment1\data\hpatches\i_crownday\3.ppm,235,2048,614,0.2998046875,3.0,0.7012736221917897,2048,235,163,72,614,0.11474609375,0.6936170212765957,0.07958984375,0.26547231270358307,0.2998046875,3.0,0.6516768131877949,0.4799592652784208,True,163,0.6936170212765957,0.5707275481111348,31.56917999876896,1.3659641454519555,2439,2048,2048,1048576,128,float32,512,2497,2048,2048,1048576,233.85718000208726,8.064020929364098,238.8243400011561,17.90602637351883,nan,nan,273.1981800025096,13.403067387150903,192.29901999788126,9.588044765946854,nan,nan,sift,sift,sift,bf_ratio,0.8
hpatches,i_crownday,illumination,i_crownday_1_to_4,1,4,D:\桌面\IACV\Assigment1\data\hpatches\i_crownday\1.ppm,D:\桌面\IACV\Assigment1\data\hpatches\i_crownday\4.ppm,389,2048,740,0.361328125,3.0,0.6538330905824498,2048,389,320,69,740,0.18994140625,0.8226221079691517,0.15625,0.43243243243243246,0.361328125,3.0,0.6518605522925043,0.5317642817907509,True,321,0.8251928020565553,0.5860952891154304,31.847419998666737,1.6374466509286818,2439,2048,2048,1048576,128,float32,512,2530,2048,2048,1048576,233.85718000208726,8.064020929364098,238.8243400011561,17.90602637351883,nan,nan,237.9101400001673,18.13934974613826,185.53372000023955,13.233643165627212,nan,nan,sift,sift,sift,bf_ratio,0.8
hpatches,i_crownday,illumination,i_crownday_1_to_5,1,5,D:\桌面\IACV\Assigment1\data\hpatches\i_crownday\1.ppm,D:\桌面\IACV\Assigment1\data\hpatches\i_crownday\5.ppm,624,2048,930,0.4541015625,3.0,0.46659615443968117,2048,624,553,71,930,0.3046875,0.8862179487179487,0.27001953125,0.5946236559139785,0.4541015625,3.0,0.7376228233480306,0.5904384332564989,True,554,0.8878205128205128,0.6144586065869049,32.54958000034094,0.6880664502012379,2439,2048,2048,1048576,128,float32,512,2447,2048,2048,1048576,233.85718000208726,8.064020929364098,238.8243400011561,17.90602637351883,nan,nan,220.26974000036716,2.68965522619179,239.415320000262,11.216715364927158,nan,nan,sift,sift,sift,bf_ratio,0.8
hpatches,i_crownday,illumination,i_crownday_1_to_6,1,6,D:\桌面\IACV\Assigment1\data\hpatches\i_crownday\1.ppm,D:\桌面\IACV\Assigment1\data\hpatches\i_crownday\6.ppm,147,2048,479,0.23388671875,3.0,0.8413751300714033,2048,147,87,60,479,0.07177734375,0.5918367346938775,0.04248046875,0.18162839248434237,0.23388671875,3.0,0.8724133293259634,0.7847813313772919,True,87,0.5918367346938775,0.6343392422688113,34.59484000049997,0.8172004440426816,2439,2048,2048,1048576,128,float32,512,2442,2048,2048,1048576,233.85718000208726,8.064020929364098,238.8243400011561,17.90602637351883,nan,nan,258.0027199990582,9.49896258502601,208.47709999943618,8.704828700872046,nan,nan,sift,sift,sift,bf_ratio,0.8
hpatches,i_crownnight,illumination,i_crownnight_1_to_2,1,2,D:\桌面\IACV\Assigment1\data\hpatches\i_crownnight\1.ppm,D:\桌面\IACV\Assigment1\data\hpatches\i_crownnight\2.ppm,265,2048,520,0.25390625,3.0,0.25061912879416753,2048,265,209,56,520,0.12939453125,0.7886792452830189,0.10205078125,0.40192307692307694,0.25390625,3.0,0.7299974048982101,0.56949966785268,True,209,0.7886792452830189,0.6361062589019953,34.95703999942634,0.8196532088403597,7698,2048,2048,1048576,128,float32,512,6437,2048,2048,1048576,368.13078000268433,6.638029977500967,278.246339999896,17.789283442710534,nan,nan,393.82338000141317,36.014887217559384,322.45643999776803,6.046815838668044,nan,nan,sift,sift,sift,bf_ratio,0.8
hpatches,i_crownnight,illumination,i_crownnight_1_to_3,1,3,D:\桌面\IACV\Assigment1\data\hpatches\i_crownnight\1.ppm,D:\桌面\IACV\Assigment1\data\hpatches\i_crownnight\3.ppm,243,2048,489,0.23876953125,3.0,0.4914440004754683,2048,243,176,67,489,0.11865234375,0.7242798353909465,0.0859375,0.35991820040899797,0.23876953125,3.0,0.7343408615986384,0.6018452413377964,True,176,0.7242798353909465,0.6203795379194759,32.03427999978885,2.213069954645926,7698,2048,2048,1048576,128,float32,512,6013,2048,2048,1048576,368.13078000268433,6.638029977500967,278.246339999896,17.789283442710534,nan,nan,375.980219997291,26.21197283671938,283.6544600009802,34.05512059431289,nan,nan,sift,sift,sift,bf_ratio,0.8
hpatches,i_crownnight,illumination,i_crownnight_1_to_4,1,4,D:\桌面\IACV\Assigment1\data\hpatches\i_crownnight\1.ppm,D:\桌面\IACV\Assigment1\data\hpatches\i_crownnight\4.ppm,204,2048,460,0.224609375,3.0,0.4092680066722084,2048,204,141,63,460,0.099609375,0.6911764705882353,0.06884765625,0.3065217391304348,0.224609375,3.0,0.6663438555466202,0.47539223460674884,True,141,0.6911764705882353,0.6234091319064142,31.69385999935912,0.9154503026721988,7698,2048,2048,1048576,128,float32,512,6202,2048,2048,1048576,368.13078000268433,6.638029977500967,278.246339999896,17.789283442710534,nan,nan,385.3153999982169,45.50144654754088,283.8301199997659,35.54751860458689,nan,nan,sift,sift,sift,bf_ratio,0.8
hpatches,i_crownnight,illumination,i_crownnight_1_to_5,1,5,D:\桌面\IACV\Assigment1\data\hpatches\i_crownnight\1.ppm,D:\桌面\IACV\Assigment1\data\hpatches\i_crownnight\5.ppm,144,2048,362,0.1767578125,3.0,0.41625382736322347,2048,144,87,57,362,0.0703125,0.6041666666666666,0.04248046875,0.24033149171270718,0.1767578125,3.0,0.7475051652535167,0.6838732563531106,True,87,0.6041666666666666,0.6999057321655987,35.466439997253474,2.183604018710641,7698,2048,2048,1048576,128,float32,512,4597,2048,2048,1048576,368.13078000268433,6.638029977500967,278.246339999896,17.789283442710534,nan,nan,330.2310800019768,22.50445550014721,293.4124999985215,8.906261641662871,nan,nan,sift,sift,sift,bf_ratio,0.8
hpatches,i_crownnight,illumination,i_crownnight_1_to_6,1,6,D:\桌面\IACV\Assigment1\data\hpatches\i_crownnight\1.ppm,D:\桌面\IACV\Assigment1\data\hpatches\i_crownnight\6.ppm,44,2048,20,0.009765625,3.0,1133.8354059253672,2048,44,1,43,20,0.021484375,0.022727272727272728,0.00048828125,0.05,0.009765625,3.0,2.8803966896228075,2.8803966896228075,True,5,0.11363636363636363,3.985972157811869e-13,21.253340000112075,0.4903424369347852,7698,2048,2048,1048576,128,float32,512,1237,1237,1237,633344,368.13078000268433,6.638029977500967,278.246339999896,17.789283442710534,nan,nan,348.5049799986882,11.868932539338108,246.70438000030117,6.405512076454187,nan,nan,sift,sift,sift,bf_ratio,0.8
hpatches,i_dc,illumination,i_dc_1_to_2,1,2,D:\桌面\IACV\Assigment1\data\hpatches\i_dc\1.ppm,D:\桌面\IACV\Assigment1\data\hpatches\i_dc\2.ppm,162,2048,376,0.18359375,3.0,0.6600078194045731,2048,162,94,68,376,0.0791015625,0.5802469135802469,0.0458984375,0.25,0.18359375,3.0,0.5706286681705072,0.48455971422008703,True,94,0.5802469135802469,0.2766381425752958,25.48001999821281,0.9744813950955289,18451,2048,2048,1048576,128,float32,512,15687,2048,2048,1048576,1215.3292800023337,103.57956412260432,836.1683199982508,114.62231731027322,nan,nan,966.499279999698,40.230354122896316,694.6503200015286,34.4822315546573,nan,nan,sift,sift,sift,bf_ratio,0.8
hpatches,i_dc,illumination,i_dc_1_to_3,1,3,D:\桌面\IACV\Assigment1\data\hpatches\i_dc\1.ppm,D:\桌面\IACV\Assigment1\data\hpatches\i_dc\3.ppm,96,2048,235,0.11474609375,3.0,1.2391666887959958,2048,96,48,48,235,0.046875,0.5,0.0234375,0.20425531914893616,0.11474609375,3.0,1.2418524292090931,1.2448944685462495,True,48,0.5,0.32202930528177787,35.48743999854196,0.8774995024678436,18451,2048,2048,1048576,128,float32,512,25684,2048,2048,1048576,1215.3292800023337,103.57956412260432,836.1683199982508,114.62231731027322,nan,nan,1087.3634999981732,184.97942365698432,781.2921200020355,84.65848696919525,nan,nan,sift,sift,sift,bf_ratio,0.8
hpatches,i_dc,illumination,i_dc_1_to_4,1,4,D:\桌面\IACV\Assigment1\data\hpatches\i_dc\1.ppm,D:\桌面\IACV\Assigment1\data\hpatches\i_dc\4.ppm,100,2048,297,0.14501953125,3.0,1.7162458446758135,2048,100,51,49,297,0.048828125,0.51,0.02490234375,0.1717171717171717,0.14501953125,3.0,1.8275350949464753,1.785112330357622,True,51,0.51,0.36360279712183796,33.05229999969015,1.1451204120351763,18451,2048,2048,1048576,128,float32,512,39689,2048,2048,1048576,1215.3292800023337,103.57956412260432,836.1683199982508,114.62231731027322,nan,nan,1164.9153000005754,175.38801667814678,781.2160600020434,61.09848274526372,nan,nan,sift,sift,sift,bf_ratio,0.8
hpatches,i_dc,illumination,i_dc_1_to_5,1,5,D:\桌面\IACV\Assigment1\data\hpatches\i_dc\1.ppm,D:\桌面\IACV\Assigment1\data\hpatches\i_dc\5.ppm,98,2048,285,0.13916015625,3.0,2.3316968401006686,2048,98,46,52,285,0.0478515625,0.46938775510204084,0.0224609375,0.16140350877192983,0.13916015625,3.0,2.157638308873784,2.1360743976721,True,54,0.5510204081632653,0.5182106673032758,33.71385999926133,1.3375615046801432,18451,2048,2048,1048576,128,float32,512,43337,2048,2048,1048576,1215.3292800023337,103.57956412260432,836.1683199982508,114.62231731027322,nan,nan,1125.7454800026608,33.5424855438815,824.672159999318,99.68765694671927,nan,nan,sift,sift,sift,bf_ratio,0.8
hpatches,i_dc,illumination,i_dc_1_to_6,1,6,D:\桌面\IACV\Assigment1\data\hpatches\i_dc\1.ppm,D:\桌面\IACV\Assigment1\data\hpatches\i_dc\6.ppm,119,2048,281,0.13720703125,3.0,2.81025242649197,2048,119,72,47,281,0.05810546875,0.6050420168067226,0.03515625,0.25622775800711745,0.13720703125,3.0,2.4568943146194835,2.4715605436623953,True,81,0.680672268907563,0.39767612194378327,34.61952000070596,0.9986351743251469,18451,2048,2048,1048576,128,float32,512,43524,2048,2048,1048576,1215.3292800023337,103.57956412260432,836.1683199982508,114.62231731027322,nan,nan,1191.5106399988872,106.69407327703841,738.8480599998729,36.85724286742466,nan,nan,sift,sift,sift,bf_ratio,0.8
hpatches,i_dome,illumination,i_dome_1_to_2,1,2,D:\桌面\IACV\Assigment1\data\hpatches\i_dome\1.ppm,D:\桌面\IACV\Assigment1\data\hpatches\i_dome\2.ppm,796,2048,1080,0.52734375,3.0,0.06721264976651165,2048,796,730,66,1080,0.388671875,0.9170854271356784,0.3564453125,0.6759259259259259,0.52734375,3.0,0.26101327734443613,0.18938023045374547,True,730,0.9170854271356784,0.2547608301837808,39.496199997665826,1.7552179033529007,6573,2048,2048,1048576,128,float32,512,5470,2048,2048,1048576,189.39084000012372,8.794968370938097,159.10578000184614,3.3166250300836473,nan,nan,213.59515999938594,14.165398352992375,217.80261999811046,11.998056088714227,nan,nan,sift,sift,sift,bf_ratio,0.8
hpatches,i_dome,illumination,i_dome_1_to_3,1,3,D:\桌面\IACV\Assigment1\data\hpatches\i_dome\1.ppm,D:\桌面\IACV\Assigment1\data\hpatches\i_dome\3.ppm,77,2048,404,0.197265625,3.0,1.367864418148933,2048,77,14,63,404,0.03759765625,0.18181818181818182,0.0068359375,0.034653465346534656,0.197265625,3.0,1.0692326421862854,1.007392484276825,True,14,0.18181818181818182,0.778822081357755,33.44064000120852,0.9438330861785634,6573,2048,2048,1048576,128,float32,512,6290,2048,2048,1048576,189.39084000012372,8.794968370938097,159.10578000184614,3.3166250300836473,nan,nan,243.80395999760367,18.472516735918564,172.02324000099907,6.11069617495055,nan,nan,sift,sift,sift,bf_ratio,0.8
hpatches,i_dome,illumination,i_dome_1_to_4,1,4,D:\桌面\IACV\Assigment1\data\hpatches\i_dome\1.ppm,D:\桌面\IACV\Assigment1\data\hpatches\i_dome\4.ppm,80,2048,388,0.189453125,3.0,1.7504140029067947,2048,80,13,67,388,0.0390625,0.1625,0.00634765625,0.03350515463917526,0.189453125,3.0,0.9829743057223254,0.8719011187486672,True,13,0.1625,0.6013521121942568,33.96061999810627,2.3312713219023493,6573,2048,2048,1048576,128,float32,512,6288,2048,2048,1048576,189.39084000012372,8.794968370938097,159.10578000184614,3.3166250300836473,nan,nan,206.14558000088437,10.792909393352248,153.66287999931956,3.2665871153983113,nan,nan,sift,sift,sift,bf_ratio,0.8
hpatches,i_dome,illumination,i_dome_1_to_5,1,5,D:\桌面\IACV\Assigment1\data\hpatches\i_dome\1.ppm,D:\桌面\IACV\Assigment1\data\hpatches\i_dome\5.ppm,77,2048,408,0.19921875,3.0,2.5471790974996584,2048,77,15,62,408,0.03759765625,0.19480519480519481,0.00732421875,0.03676470588235294,0.19921875,3.0,0.995951668818013,0.9708589590890886,True,15,0.19480519480519481,0.5887562509617135,33.94438000104856,0.7357715650562774,6573,2048,2048,1048576,128,float32,512,6419,2048,2048,1048576,189.39084000012372,8.794968370938097,159.10578000184614,3.3166250300836473,nan,nan,194.91896000108682,3.71128976632267,169.6114199992735,8.440177172470213,nan,nan,sift,sift,sift,bf_ratio,0.8
hpatches,i_dome,illumination,i_dome_1_to_6,1,6,D:\桌面\IACV\Assigment1\data\hpatches\i_dome\1.ppm,D:\桌面\IACV\Assigment1\data\hpatches\i_dome\6.ppm,179,2048,552,0.26953125,3.0,0.326408320114356,2048,179,118,61,552,0.08740234375,0.659217877094972,0.0576171875,0.213768115942029,0.26953125,3.0,0.5279016014783285,0.42589704367514003,True,118,0.659217877094972,0.5124906617820559,33.89081999921473,0.9513927210660603,6573,2048,2048,1048576,128,float32,512,7057,2048,2048,1048576,189.39084000012372,8.794968370938097,159.10578000184614,3.3166250300836473,nan,nan,204.70706000050995,6.278701378653442,183.08878000098048,22.01363214507,nan,nan,sift,sift,sift,bf_ratio,0.8
hpatches,i_duda,illumination,i_duda_1_to_2,1,2,D:\桌面\IACV\Assigment1\data\hpatches\i_duda\1.ppm,D:\桌面\IACV\Assigment1\data\hpatches\i_duda\2.ppm,1394,2048,1464,0.71484375,3.0,0.3944824242553364,2048,1394,1360,34,1464,0.6806640625,0.975609756097561,0.6640625,0.9289617486338798,0.71484375,3.0,0.4083003521563241,0.3775633123585306,True,1360,0.975609756097561,0.13239172384106143,32.03019999928074,0.8426811502343541,2095,2048,2048,1048576,128,float32,512,1897,1897,1897,971264,136.1101599992253,4.352317712441135,138.9006799989147,7.6124361318154685,nan,nan,139.3084600000293,14.34606867074166,109.95957999839447,14.549811104468409,nan,nan,sift,sift,sift,bf_ratio,0.8
hpatches,i_duda,illumination,i_duda_1_to_3,1,3,D:\桌面\IACV\Assigment1\data\hpatches\i_duda\1.ppm,D:\桌面\IACV\Assigment1\data\hpatches\i_duda\3.ppm,1041,2048,1196,0.583984375,3.0,0.5540540749875619,2048,1041,1013,28,1196,0.50830078125,0.9731027857829011,0.49462890625,0.846989966555184,0.583984375,3.0,0.5033036838983124,0.4722823021344488,True,1012,0.9721421709894332,0.17653464345980158,27.5394000011147,0.14762761338085453,2095,2048,2048,1048576,128,float32,512,1601,1601,1601,819712,136.1101599992253,4.352317712441135,138.9006799989147,7.6124361318154685,nan,nan,121.21901999780675,4.123051823012532,149.5606600001338,5.049293357600733,nan,nan,sift,sift,sift,bf_ratio,0.8
hpatches,i_duda,illumination,i_duda_1_to_4,1,4,D:\桌面\IACV\Assigment1\data\hpatches\i_duda\1.ppm,D:\桌面\IACV\Assigment1\data\hpatches\i_duda\4.ppm,653,2048,856,0.41796875,3.0,0.37742557913093866,2048,653,601,52,856,0.31884765625,0.9203675344563553,0.29345703125,0.7021028037383178,0.41796875,3.0,0.4913160844001223,0.43245851694014886,True,602,0.9218989280245024,0.24571990255567827,21.141879999777302,0.36741902784380304,2095,2048,2048,1048576,128,float32,512,1239,1239,1239,634368,136.1101599992253,4.352317712441135,138.9006799989147,7.6124361318154685,nan,nan,133.78320000047097,12.923343985546145,117.97808000264922,4.775569356911757,nan,nan,sift,sift,sift,bf_ratio,0.8
hpatches,i_duda,illumination,i_duda_1_to_5,1,5,D:\桌面\IACV\Assigment1\data\hpatches\i_duda\1.ppm,D:\桌面\IACV\Assigment1\data\hpatches\i_duda\5.ppm,447,2048,642,0.3134765625,3.0,0.6205811024594586,2048,447,395,52,642,0.21826171875,0.883668903803132,0.19287109375,0.6152647975077882,0.3134765625,3.0,0.6711245995296241,0.6293290424531554,True,396,0.8859060402684564,0.24389998187831832,13.452820001111832,4.647900122750117,2095,2048,2048,1048576,128,float32,512,969,969,969,496128,136.1101599992253,4.352317712441135,138.9006799989147,7.6124361318154685,nan,nan,131.59495999861974,9.06363070051623,101.35537999885855,16.098579474358658,nan,nan,sift,sift,sift,bf_ratio,0.8
hpatches,i_duda,illumination,i_duda_1_to_6,1,6,D:\桌面\IACV\Assigment1\data\hpatches\i_duda\1.ppm,D:\桌面\IACV\Assigment1\data\hpatches\i_duda\6.ppm,211,2048,348,0.169921875,3.0,0.8891550641438045,2048,211,170,41,348,0.10302734375,0.8056872037914692,0.0830078125,0.4885057471264368,0.169921875,3.0,0.4451108340961549,0.2803269546093388,True,170,0.8056872037914692,0.32411039194495783,10.9463799992227,0.690806700810355,2095,2048,2048,1048576,128,float32,512,615,615,615,314880,136.1101599992253,4.352317712441135,138.9006799989147,7.6124361318154685,nan,nan,134.65525999927195,9.496468876142584,128.59409999946365,6.555368736219301,nan,nan,sift,sift,sift,bf_ratio,0.8
hpatches,i_fenis,illumination,i_fenis_1_to_2,1,2,D:\桌面\IACV\Assigment1\data\hpatches\i_fenis\1.ppm,D:\桌面\IACV\Assigment1\data\hpatches\i_fenis\2.ppm,427,1359,659,0.48491537895511405,3.0,0.15938758308258044,1359,427,405,22,659,0.3142016188373804,0.9484777517564403,0.2980132450331126,0.6145675265553869,0.48491537895511405,3.0,0.4163334942863538,0.30211200882883477,True,406,0.9508196721311475,0.42065976457261944,15.721079999639187,1.1970649180441653,1359,1359,1359,695808,128,float32,512,1457,1457,1457,745984,50.61167999956524,4.220480711086017,47.65837999875657,1.1065461573278956,nan,nan,44.08850000036182,4.936922307875217,47.44285999768181,2.4403405302187973,nan,nan,sift,sift,sift,bf_ratio,0.8
hpatches,i_fenis,illumination,i_fenis_1_to_3,1,3,D:\桌面\IACV\Assigment1\data\hpatches\i_fenis\1.ppm,D:\桌面\IACV\Assigment1\data\hpatches\i_fenis\3.ppm,209,1359,509,0.3745401030169242,3.0,0.26415622013597456,1359,209,173,36,509,0.15378955114054452,0.8277511961722488,0.12729948491537896,0.33988212180746563,0.3745401030169242,3.0,0.45676610722262784,0.3328904749637377,True,173,0.8277511961722488,0.4605101428687491,16.37777999858372,0.43521357548288164,1359,1359,1359,695808,128,float32,512,1412,1412,1412,722944,50.61167999956524,4.220480711086017,47.65837999875657,1.1065461573278956,nan,nan,47.14899999817135,1.7083539491313589,51.38656000199262,3.595022546378872,nan,nan,sift,sift,sift,bf_ratio,0.8
hpatches,i_fenis,illumination,i_fenis_1_to_4,1,4,D:\桌面\IACV\Assigment1\data\hpatches\i_fenis\1.ppm,D:\桌面\IACV\Assigment1\data\hpatches\i_fenis\4.ppm,95,1359,282,0.20750551876379691,3.0,0.8874819035364645,1359,95,63,32,282,0.06990434142752024,0.6631578947368421,0.046357615894039736,0.22340425531914893,0.20750551876379691,3.0,0.4796287700786887,0.10306372158478617,True,63,0.6631578947368421,0.41051879441485817,12.234519998310134,0.5048781278966519,1359,1359,1359,695808,128,float32,512,1149,1149,1149,588288,50.61167999956524,4.220480711086017,47.65837999875657,1.1065461573278956,nan,nan,46.94147999980487,2.2261551983864645,46.04615999996895,4.455895875806796,nan,nan,sift,sift,sift,bf_ratio,0.8
hpatches,i_fenis,illumination,i_fenis_1_to_5,1,5,D:\桌面\IACV\Assigment1\data\hpatches\i_fenis\1.ppm,D:\桌面\IACV\Assigment1\data\hpatches\i_fenis\5.ppm,85,1359,199,0.14643119941133187,3.0,0.8208314971837727,1359,85,55,30,199,0.06254598969830757,0.6470588235294118,0.04047093451066961,0.27638190954773867,0.14643119941133187,3.0,0.2774878246069696,0.07576159526210574,True,55,0.6470588235294118,0.2394097291810459,7.866159999684896,0.478917512178096,1359,1359,1359,695808,128,float32,512,753,753,753,385536,50.61167999956524,4.220480711086017,47.65837999875657,1.1065461573278956,nan,nan,45.98372000036761,1.8144725149465148,39.6324600034859,2.372628116085036,nan,nan,sift,sift,sift,bf_ratio,0.8
hpatches,i_fenis,illumination,i_fenis_1_to_6,1,6,D:\桌面\IACV\Assigment1\data\hpatches\i_fenis\1.ppm,D:\桌面\IACV\Assigment1\data\hpatches\i_fenis\6.ppm,80,1359,213,0.15673289183222958,3.0,0.39310710964042783,1359,80,49,31,213,0.05886681383370125,0.6125,0.036055923473142015,0.2300469483568075,0.15673289183222958,3.0,0.18006557344193802,0.0821567227605688,True,49,0.6125,0.16721415378531918,7.528560001810547,0.2924979905810642,1359,1359,1359,695808,128,float32,512,710,710,710,363520,50.61167999956524,4.220480711086017,47.65837999875657,1.1065461573278956,nan,nan,42.25386000034632,1.8257299440494434,38.66176000155974,3.381462489395724,nan,nan,sift,sift,sift,bf_ratio,0.8
hpatches,i_fog,illumination,i_fog_1_to_2,1,2,D:\桌面\IACV\Assigment1\data\hpatches\i_fog\1.ppm,D:\桌面\IACV\Assigment1\data\hpatches\i_fog\2.ppm,337,1335,443,0.3318352059925094,3.0,0.21636702858135737,1335,337,328,9,443,0.2524344569288389,0.973293768545994,0.24569288389513108,0.7404063205417607,0.3318352059925094,3.0,0.30873190064748834,0.18892840632463243,True,328,0.973293768545994,0.30720307265030966,9.975100001611281,0.6424986931592137,1335,1335,1335,683520,128,float32,512,944,944,944,483328,43.68626000068616,3.6314552766151404,43.25020000105724,1.1343087378998762,nan,nan,44.519479999144096,2.492629879922168,39.03771999903256,2.0821136515667575,nan,nan,sift,sift,sift,bf_ratio,0.8
hpatches,i_fog,illumination,i_fog_1_to_3,1,3,D:\桌面\IACV\Assigment1\data\hpatches\i_fog\1.ppm,D:\桌面\IACV\Assigment1\data\hpatches\i_fog\3.ppm,215,1335,293,0.2194756554307116,3.0,0.20921111477876037,1335,215,205,10,293,0.16104868913857678,0.9534883720930233,0.15355805243445692,0.6996587030716723,0.2194756554307116,3.0,0.25621760621300066,0.1876577716880042,True,205,0.9534883720930233,0.23506041597357039,7.489699998404831,0.6131100737913316,1335,1335,1335,683520,128,float32,512,675,675,675,345600,43.68626000068616,3.6314552766151404,43.25020000105724,1.1343087378998762,nan,nan,44.886240002233535,1.3978298243860496,40.83019999816315,2.0805060025632462,nan,nan,sift,sift,sift,bf_ratio,0.8
hpatches,i_fog,illumination,i_fog_1_to_4,1,4,D:\桌面\IACV\Assigment1\data\hpatches\i_fog\1.ppm,D:\桌面\IACV\Assigment1\data\hpatches\i_fog\4.ppm,164,1335,210,0.15730337078651685,3.0,0.24870014154833223,1335,164,155,9,210,0.12284644194756554,0.9451219512195121,0.11610486891385768,0.7380952380952381,0.15730337078651685,3.0,0.272791342935272,0.19926362607439846,True,155,0.9451219512195121,0.2713437685065155,6.274840001424309,0.43033721698436184,1335,1335,1335,683520,128,float32,512,513,513,513,262656,43.68626000068616,3.6314552766151404,43.25020000105724,1.1343087378998762,nan,nan,41.60370000026887,3.311954243767798,43.99316000199178,1.4977920545634524,nan,nan,sift,sift,sift,bf_ratio,0.8
hpatches,i_fog,illumination,i_fog_1_to_5,1,5,D:\桌面\IACV\Assigment1\data\hpatches\i_fog\1.ppm,D:\桌面\IACV\Assigment1\data\hpatches\i_fog\5.ppm,122,1335,168,0.1258426966292135,3.0,0.3871325712873138,1335,122,114,8,168,0.09138576779026217,0.9344262295081968,0.0853932584269663,0.6785714285714286,0.1258426966292135,3.0,0.3826729774245958,0.2979793336867377,True,114,0.9344262295081968,0.3575639210517311,5.18964000075357,0.27588866380652016,1335,1335,1335,683520,128,float32,512,451,451,451,230912,43.68626000068616,3.6314552766151404,43.25020000105724,1.1343087378998762,nan,nan,42.72655999811832,2.390618439891475,34.638959998846985,0.996959530527774,nan,nan,sift,sift,sift,bf_ratio,0.8
hpatches,i_fog,illumination,i_fog_1_to_6,1,6,D:\桌面\IACV\Assigment1\data\hpatches\i_fog\1.ppm,D:\桌面\IACV\Assigment1\data\hpatches\i_fog\6.ppm,120,1335,148,0.11086142322097378,3.0,1.558872079728669,1335,120,108,12,148,0.0898876404494382,0.9,0.08089887640449438,0.7297297297297297,0.11086142322097378,3.0,0.4910338866903834,0.3746416307788809,True,108,0.9,0.39126602688514084,4.705379999359138,0.347006134272971,1335,1335,1335,683520,128,float32,512,405,405,405,207360,43.68626000068616,3.6314552766151404,43.25020000105724,1.1343087378998762,nan,nan,41.70605999970576,3.860855301719556,43.73483999806922,2.0937419090026665,nan,nan,sift,sift,sift,bf_ratio,0.8
hpatches,i_fruits,illumination,i_fruits_1_to_2,1,2,D:\桌面\IACV\Assigment1\data\hpatches\i_fruits\1.ppm,D:\桌面\IACV\Assigment1\data\hpatches\i_fruits\2.ppm,401,522,426,0.8160919540229885,3.0,0.20476512164647245,522,401,394,7,426,0.7681992337164751,0.9825436408977556,0.7547892720306514,0.9248826291079812,0.8160919540229885,3.0,0.31382059948710644,0.19581665337265622,True,394,0.9825436408977556,0.31778675388080113,3.0415599976549856,0.3023159951406889,522,522,522,267264,128,float32,512,557,557,557,285184,50.8923599976697,1.948059875257866,44.53692000097362,1.6959842163810033,nan,nan,51.028539999970235,2.2837519754939453,48.34461999707855,2.415336559712773,nan,nan,sift,sift,sift,bf_ratio,0.8
hpatches,i_fruits,illumination,i_fruits_1_to_3,1,3,D:\桌面\IACV\Assigment1\data\hpatches\i_fruits\1.ppm,D:\桌面\IACV\Assigment1\data\hpatches\i_fruits\3.ppm,348,522,392,0.7509578544061303,3.0,0.17816200462063062,522,348,336,12,392,0.6666666666666666,0.9655172413793104,0.6436781609195402,0.8571428571428571,0.7509578544061303,3.0,0.381619910412324,0.24797591715526354,True,337,0.9683908045977011,0.3727291971202364,2.7124599990202114,0.23946151034925417,522,522,522,267264,128,float32,512,533,533,533,272896,50.8923599976697,1.948059875257866,44.53692000097362,1.6959842163810033,nan,nan,53.4715200017672,2.283212704839241,48.34504000027664,1.752745341640803,nan,nan,sift,sift,sift,bf_ratio,0.8
hpatches,i_fruits,illumination,i_fruits_1_to_4,1,4,D:\桌面\IACV\Assigment1\data\hpatches\i_fruits\1.ppm,D:\桌面\IACV\Assigment1\data\hpatches\i_fruits\4.ppm,330,522,372,0.7126436781609196,3.0,0.2449805298118842,522,330,318,12,372,0.632183908045977,0.9636363636363636,0.6091954022988506,0.8548387096774194,0.7126436781609196,3.0,0.4154236245366905,0.24270199041243712,True,318,0.9636363636363636,0.394085285716703,2.5766000006115064,0.2465329343731515,522,522,522,267264,128,float32,512,529,529,529,270848,50.8923599976697,1.948059875257866,44.53692000097362,1.6959842163810033,nan,nan,53.970720000506844,3.5117394450199413,40.65323999966495,3.811563164804452,nan,nan,sift,sift,sift,bf_ratio,0.8
hpatches,i_fruits,illumination,i_fruits_1_to_5,1,5,D:\桌面\IACV\Assigment1\data\hpatches\i_fruits\1.ppm,D:\桌面\IACV\Assigment1\data\hpatches\i_fruits\5.ppm,318,522,377,0.7222222222222222,3.0,0.3700513728722784,522,318,298,20,377,0.6091954022988506,0.9371069182389937,0.5708812260536399,0.7904509283819628,0.7222222222222222,3.0,0.48871122034022024,0.3320966025479334,True,300,0.9433962264150944,0.4370111359364579,3.02574000088498,0.28067450802555033,522,522,522,267264,128,float32,512,610,610,610,312320,50.8923599976697,1.948059875257866,44.53692000097362,1.6959842163810033,nan,nan,41.85165999660967,2.5393097111064526,44.76922000176273,2.620544278216446,nan,nan,sift,sift,sift,bf_ratio,0.8
hpatches,i_fruits,illumination,i_fruits_1_to_6,1,6,D:\桌面\IACV\Assigment1\data\hpatches\i_fruits\1.ppm,D:\桌面\IACV\Assigment1\data\hpatches\i_fruits\6.ppm,347,522,380,0.7279693486590039,3.0,0.385407683927094,522,347,328,19,380,0.6647509578544061,0.9452449567723343,0.6283524904214559,0.8631578947368421,0.7279693486590039,3.0,0.4855499525728815,0.32300251468760505,True,331,0.9538904899135446,0.4394310023197013,3.0050400004256517,0.6774181525011996,522,522,522,267264,128,float32,512,594,594,594,304128,50.8923599976697,1.948059875257866,44.53692000097362,1.6959842163810033,nan,nan,45.589499999186955,1.8847311910491367,37.788679999357555,2.4164157252889673,nan,nan,sift,sift,sift,bf_ratio,0.8
hpatches,i_gonnenberg,illumination,i_gonnenberg_1_to_2,1,2,D:\桌面\IACV\Assigment1\data\hpatches\i_gonnenberg\1.ppm,D:\桌面\IACV\Assigment1\data\hpatches\i_gonnenberg\2.ppm,603,1340,703,0.5246268656716417,3.0,0.1703102937862903,1340,603,585,18,703,0.45,0.9701492537313433,0.43656716417910446,0.8321479374110953,0.5246268656716417,3.0,0.34526570919839866,0.23278641562620248,True,585,0.9701492537313433,0.3471441937393749,14.45979999989504,0.4223344707688473,1340,1340,1340,686080,128,float32,512,1418,1418,1418,726016,41.34508000133792,1.6638156760086686,43.9643600009731,2.4320792089789744,nan,nan,40.32890000089537,1.4224043997242177,48.11956000194186,3.4864355598652566,nan,nan,sift,sift,sift,bf_ratio,0.8
hpatches,i_gonnenberg,illumination,i_gonnenberg_1_to_3,1,3,D:\桌面\IACV\Assigment1\data\hpatches\i_gonnenberg\1.ppm,D:\桌面\IACV\Assigment1\data\hpatches\i_gonnenberg\3.ppm,541,1340,658,0.491044776119403,3.0,0.2759732063437845,1340,541,527,14,658,0.40373134328358207,0.9741219963031423,0.3932835820895522,0.8009118541033434,0.491044776119403,3.0,0.39832054155548813,0.26932735263456775,True,527,0.9741219963031423,0.39986229654514255,14.831620000768453,0.5536671920666647,1340,1340,1340,686080,128,float32,512,1392,1392,1392,712704,41.34508000133792,1.6638156760086686,43.9643600009731,2.4320792089789744,nan,nan,41.35202000034042,1.8683118525094724,44.705799999064766,1.1207100241631052,nan,nan,sift,sift,sift,bf_ratio,0.8
hpatches,i_gonnenberg,illumination,i_gonnenberg_1_to_4,1,4,D:\桌面\IACV\Assigment1\data\hpatches\i_gonnenberg\1.ppm,D:\桌面\IACV\Assigment1\data\hpatches\i_gonnenberg\4.ppm,428,1340,564,0.4208955223880597,3.0,0.44497439987358134,1340,428,404,24,564,0.3194029850746269,0.9439252336448598,0.30149253731343284,0.7163120567375887,0.4208955223880597,3.0,0.4790440443774482,0.3374943920660428,True,404,0.9439252336448598,0.4868169953859082,14.927179999358486,0.7404123532460973,1340,1340,1340,686080,128,float32,512,1353,1353,1353,692736,41.34508000133792,1.6638156760086686,43.9643600009731,2.4320792089789744,nan,nan,43.83290000114357,1.8587179832409477,47.49434000259498,3.5115404110100523,nan,nan,sift,sift,sift,bf_ratio,0.8
hpatches,i_gonnenberg,illumination,i_gonnenberg_1_to_5,1,5,D:\桌面\IACV\Assigment1\data\hpatches\i_gonnenberg\1.ppm,D:\桌面\IACV\Assigment1\data\hpatches\i_gonnenberg\5.ppm,424,1340,528,0.3940298507462687,3.0,0.14609272973380968,1340,424,400,24,528,0.3164179104477612,0.9433962264150944,0.29850746268656714,0.7575757575757576,0.3940298507462687,3.0,0.44924178889486965,0.3010767150838798,True,400,0.9433962264150944,0.44746095020303933,8.559120001154952,0.4411059515257564,1340,1340,1340,686080,128,float32,512,1164,1164,1164,595968,41.34508000133792,1.6638156760086686,43.9643600009731,2.4320792089789744,nan,nan,31.27540000132285,2.134406419740731,35.150059999432415,5.27678931190339,nan,nan,sift,sift,sift,bf_ratio,0.8
hpatches,i_gonnenberg,illumination,i_gonnenberg_1_to_6,1,6,D:\桌面\IACV\Assigment1\data\hpatches\i_gonnenberg\1.ppm,D:\桌面\IACV\Assigment1\data\hpatches\i_gonnenberg\6.ppm,487,1340,590,0.44029850746268656,3.0,0.11671060078164078,1340,487,468,19,590,0.36343283582089553,0.9609856262833676,0.3492537313432836,0.7932203389830509,0.44029850746268656,3.0,0.41321461221998235,0.2773053723958664,True,468,0.9609856262833676,0.4131655191410184,18.224999999802094,0.995580530128348,1340,1340,1340,686080,128,float32,512,1292,1292,1292,661504,41.34508000133792,1.6638156760086686,43.9643600009731,2.4320792089789744,nan,nan,49.85687999869697,10.700714552868156,48.825040001247544,1.659967311759549,nan,nan,sift,sift,sift,bf_ratio,0.8
hpatches,i_greenhouse,illumination,i_greenhouse_1_to_2,1,2,D:\桌面\IACV\Assigment1\data\hpatches\i_greenhouse\1.ppm,D:\桌面\IACV\Assigment1\data\hpatches\i_greenhouse\2.ppm,254,2048,698,0.3408203125,3.0,0.36456258275482445,2048,254,226,28,698,0.1240234375,0.889763779527559,0.1103515625,0.3237822349570201,0.3408203125,3.0,0.5078384072637242,0.3629072839571996,True,225,0.8858267716535433,0.5026858369170301,29.85494000313338,0.9537057457114823,2714,2048,2048,1048576,128,float32,512,2363,2048,2048,1048576,90.11739999987185,14.14280208561474,70.06996000127401,5.134118060224193,nan,nan,55.81724000076065,0.6150691301173712,53.863940000883304,1.0493974976987375,nan,nan,sift,sift,sift,bf_ratio,0.8
hpatches,i_greenhouse,illumination,i_greenhouse_1_to_3,1,3,D:\桌面\IACV\Assigment1\data\hpatches\i_greenhouse\1.ppm,D:\桌面\IACV\Assigment1\data\hpatches\i_greenhouse\3.ppm,331,2048,741,0.36181640625,3.0,0.3630768581112863,2048,331,296,35,741,0.16162109375,0.8942598187311178,0.14453125,0.39946018893387314,0.36181640625,3.0,0.5733642248396272,0.4905529536790306,True,297,0.8972809667673716,0.47776562258969296,26.639959999010898,0.8348102229625805,2714,2048,2048,1048576,128,float32,512,2971,2048,2048,1048576,90.11739999987185,14.14280208561474,70.06996000127401,5.134118060224193,nan,nan,53.716540000459645,1.4739152772500865,53.214580002531875,0.9663772220851284,nan,nan,sift,sift,sift,bf_ratio,0.8
hpatches,i_greenhouse,illumination,i_greenhouse_1_to_4,1,4,D:\桌面\IACV\Assigment1\data\hpatches\i_greenhouse\1.ppm,D:\桌面\IACV\Assigment1\data\hpatches\i_greenhouse\4.ppm,253,2048,686,0.3349609375,3.0,0.6638227668073351,2048,253,221,32,686,0.12353515625,0.8735177865612648,0.10791015625,0.32215743440233235,0.3349609375,3.0,0.7068306313656194,0.6079187517056369,True,223,0.8814229249011858,0.5697690255439063,28.193739999551326,1.4585056457703742,2714,2048,2048,1048576,128,float32,512,3017,2048,2048,1048576,90.11739999987185,14.14280208561474,70.06996000127401,5.134118060224193,nan,nan,53.99197999940952,2.8316986699402076,52.35009999887552,1.42174847215727,nan,nan,sift,sift,sift,bf_ratio,0.8
hpatches,i_greenhouse,illumination,i_greenhouse_1_to_5,1,5,D:\桌面\IACV\Assigment1\data\hpatches\i_greenhouse\1.ppm,D:\桌面\IACV\Assigment1\data\hpatches\i_greenhouse\5.ppm,207,2048,649,0.31689453125,3.0,0.8757839417636648,2048,207,183,24,649,0.10107421875,0.8840579710144928,0.08935546875,0.28197226502311246,0.31689453125,3.0,0.8553523277220255,0.7838647434414323,True,183,0.8840579710144928,0.5154483055588224,29.552899999544024,2.855005498439232,2714,2048,2048,1048576,128,float32,512,3272,2048,2048,1048576,90.11739999987185,14.14280208561474,70.06996000127401,5.134118060224193,nan,nan,59.01379999704659,2.621075876104015,54.905659999349155,2.926303953344377,nan,nan,sift,sift,sift,bf_ratio,0.8
hpatches,i_greenhouse,illumination,i_greenhouse_1_to_6,1,6,D:\桌面\IACV\Assigment1\data\hpatches\i_greenhouse\1.ppm,D:\桌面\IACV\Assigment1\data\hpatches\i_greenhouse\6.ppm,177,2048,590,0.2880859375,3.0,1.2057175599455012,2048,177,147,30,590,0.08642578125,0.8305084745762712,0.07177734375,0.24915254237288137,0.2880859375,3.0,0.9750089822990679,0.9166949059923495,True,147,0.8305084745762712,0.5644344776993669,27.025340001273435,0.750894328968295,2714,2048,2048,1048576,128,float32,512,3359,2048,2048,1048576,90.11739999987185,14.14280208561474,70.06996000127401,5.134118060224193,nan,nan,60.80641999724321,3.104676195758075,55.098200001521036,3.721887596661719,nan,nan,sift,sift,sift,bf_ratio,0.8
hpatches,i_greentea,illumination,i_greentea_1_to_2,1,2,D:\桌面\IACV\Assigment1\data\hpatches\i_greentea\1.ppm,D:\桌面\IACV\Assigment1\data\hpatches\i_greentea\2.ppm,855,2048,962,0.4697265625,3.0,0.08457352180832513,2048,855,827,28,962,0.41748046875,0.9672514619883041,0.40380859375,0.8596673596673596,0.4697265625,3.0,0.14741213777751958,0.0973237911247889,True,827,0.9672514619883041,0.1464574964299417,30.233840001164936,3.9638214774309586,4204,2048,2048,1048576,128,float32,512,3278,2048,2048,1048576,79.83816000050865,1.629158909781166,72.61794000078226,1.964778720290514,nan,nan,84.79662000172539,6.9566819059080185,82.1652799990261,10.400124027201128,nan,nan,sift,sift,sift,bf_ratio,0.8
hpatches,i_greentea,illumination,i_greentea_1_to_3,1,3,D:\桌面\IACV\Assigment1\data\hpatches\i_greentea\1.ppm,D:\桌面\IACV\Assigment1\data\hpatches\i_greentea\3.ppm,926,2048,1069,0.52197265625,3.0,0.10322332911543047,2048,926,905,21,1069,0.4521484375,0.9773218142548596,0.44189453125,0.8465855940130963,0.52197265625,3.0,0.1764813854867161,0.09423880008693042,True,905,0.9773218142548596,0.17754326973220785,37.53619999770308,1.8149800206071613,4204,2048,2048,1048576,128,float32,512,4977,2048,2048,1048576,79.83816000050865,1.629158909781166,72.61794000078226,1.964778720290514,nan,nan,69.21882000024198,10.284344911679765,80.39607999962755,20.264322980555963,nan,nan,sift,sift,sift,bf_ratio,0.8
hpatches,i_greentea,illumination,i_greentea_1_to_4,1,4,D:\桌面\IACV\Assigment1\data\hpatches\i_greentea\1.ppm,D:\桌面\IACV\Assigment1\data\hpatches\i_greentea\4.ppm,957,2048,1074,0.5244140625,3.0,0.13678783377527273,2048,957,929,28,1074,0.46728515625,0.9707419017763845,0.45361328125,0.8649906890130353,0.5244140625,3.0,0.1848044549707624,0.09522597419043156,True,929,0.9707419017763845,0.18689635153615644,33.95896000292851,1.7348279787428704,4204,2048,2048,1048576,128,float32,512,4786,2048,2048,1048576,79.83816000050865,1.629158909781166,72.61794000078226,1.964778720290514,nan,nan,117.16308000031859,4.453875393324089,88.79105999949388,6.378992912516318,nan,nan,sift,sift,sift,bf_ratio,0.8
hpatches,i_greentea,illumination,i_greentea_1_to_5,1,5,D:\桌面\IACV\Assigment1\data\hpatches\i_greentea\1.ppm,D:\桌面\IACV\Assigment1\data\hpatches\i_greentea\5.ppm,959,2048,1087,0.53076171875,3.0,0.08356458026725555,2048,959,936,23,1087,0.46826171875,0.9760166840458812,0.45703125,0.8610855565777369,0.53076171875,3.0,0.19165701011667327,0.10291166866603482,True,936,0.9760166840458812,0.1962875404053041,33.38941999973031,1.563345867602774,4204,2048,2048,1048576,128,float32,512,3893,2048,2048,1048576,79.83816000050865,1.629158909781166,72.61794000078226,1.964778720290514,nan,nan,99.38701999926707,4.112577189335425,81.26390000106767,3.7981529639161113,nan,nan,sift,sift,sift,bf_ratio,0.8
hpatches,i_greentea,illumination,i_greentea_1_to_6,1,6,D:\桌面\IACV\Assigment1\data\hpatches\i_greentea\1.ppm,D:\桌面\IACV\Assigment1\data\hpatches\i_greentea\6.ppm,789,2048,957,0.46728515625,3.0,0.1474455919647173,2048,789,751,38,957,0.38525390625,0.9518377693282636,0.36669921875,0.7847439916405433,0.46728515625,3.0,0.2053985364283392,0.12050456099861105,True,751,0.9518377693282636,0.20689498262172878,34.75121999945259,1.6375502305456013,4204,2048,2048,1048576,128,float32,512,2605,2048,2048,1048576,79.83816000050865,1.629158909781166,72.61794000078226,1.964778720290514,nan,nan,87.88595999940298,6.935054842059348,91.49415999854682,6.222568480954064,nan,nan,sift,sift,sift,bf_ratio,0.8
hpatches,i_indiana,illumination,i_indiana_1_to_2,1,2,D:\桌面\IACV\Assigment1\data\hpatches\i_indiana\1.ppm,D:\桌面\IACV\Assigment1\data\hpatches\i_indiana\2.ppm,330,2048,693,0.33837890625,3.0,0.30898328430507616,2048,330,275,55,693,0.1611328125,0.8333333333333334,0.13427734375,0.3968253968253968,0.33837890625,3.0,0.5199987225524749,0.3907289223715536,True,275,0.8333333333333334,0.46948156328016,32.05359999847133,1.1110517305888974,5664,2048,2048,1048576,128,float32,512,7153,2048,2048,1048576,187.16897999984212,14.048119517337414,165.68304000102216,7.999839295210669,nan,nan,171.77861999807646,6.6556209475210295,132.526319999306,9.210473898361423,nan,nan,sift,sift,sift,bf_ratio,0.8
hpatches,i_indiana,illumination,i_indiana_1_to_3,1,3,D:\桌面\IACV\Assigment1\data\hpatches\i_indiana\1.ppm,D:\桌面\IACV\Assigment1\data\hpatches\i_indiana\3.ppm,196,2048,605,0.29541015625,3.0,0.4623193535444509,2048,196,142,54,605,0.095703125,0.7244897959183674,0.0693359375,0.23471074380165288,0.29541015625,3.0,0.6498104483434022,0.5156240131877508,True,142,0.7244897959183674,0.5410199799997907,36.666120000882074,1.0630329648496495,5664,2048,2048,1048576,128,float32,512,8400,2048,2048,1048576,187.16897999984212,14.048119517337414,165.68304000102216,7.999839295210669,nan,nan,187.33324000058929,9.062863176752463,167.73211999970954,4.048574305215094,nan,nan,sift,sift,sift,bf_ratio,0.8
hpatches,i_indiana,illumination,i_indiana_1_to_4,1,4,D:\桌面\IACV\Assigment1\data\hpatches\i_indiana\1.ppm,D:\桌面\IACV\Assigment1\data\hpatches\i_indiana\4.ppm,134,2048,518,0.2529296875,3.0,0.7630923346456233,2048,134,73,61,518,0.0654296875,0.5447761194029851,0.03564453125,0.14092664092664092,0.2529296875,3.0,0.5773513896595353,0.49898440997850907,True,73,0.5447761194029851,0.43141725441337264,33.7651800000458,1.5973312814996519,5664,2048,2048,1048576,128,float32,512,8901,2048,2048,1048576,187.16897999984212,14.048119517337414,165.68304000102216,7.999839295210669,nan,nan,199.6158399997512,19.208093804108373,129.9801800007117,2.7372118746099066,nan,nan,sift,sift,sift,bf_ratio,0.8
hpatches,i_indiana,illumination,i_indiana_1_to_5,1,5,D:\桌面\IACV\Assigment1\data\hpatches\i_indiana\1.ppm,D:\桌面\IACV\Assigment1\data\hpatches\i_indiana\5.ppm,91,2048,455,0.22216796875,3.0,2.379625885140786,2048,91,41,50,455,0.04443359375,0.45054945054945056,0.02001953125,0.09010989010989011,0.22216796875,3.0,0.5961764963174535,0.5283763112359898,True,42,0.46153846153846156,0.5474202688912622,31.52074000099674,1.4847612600720073,5664,2048,2048,1048576,128,float32,512,9220,2048,2048,1048576,187.16897999984212,14.048119517337414,165.68304000102216,7.999839295210669,nan,nan,170.310340001015,7.939080552832832,134.67906000005314,13.085550369134838,nan,nan,sift,sift,sift,bf_ratio,0.8
hpatches,i_indiana,illumination,i_indiana_1_to_6,1,6,D:\桌面\IACV\Assigment1\data\hpatches\i_indiana\1.ppm,D:\桌面\IACV\Assigment1\data\hpatches\i_indiana\6.ppm,89,2048,421,0.20556640625,3.0,1.2299608072853907,2048,89,36,53,421,0.04345703125,0.4044943820224719,0.017578125,0.0855106888361045,0.20556640625,3.0,0.740975018084725,0.5640172301323068,True,36,0.4044943820224719,0.6197921298042492,30.89291999785928,0.9606745003115917,5664,2048,2048,1048576,128,float32,512,9382,2048,2048,1048576,187.16897999984212,14.048119517337414,165.68304000102216,7.999839295210669,nan,nan,172.78934000059962,19.897065288919766,125.44794000132242,4.519096369988683,nan,nan,sift,sift,sift,bf_ratio,0.8
hpatches,i_kions,illumination,i_kions_1_to_2,1,2,D:\桌面\IACV\Assigment1\data\hpatches\i_kions\1.ppm,D:\桌面\IACV\Assigment1\data\hpatches\i_kions\2.ppm,211,2048,701,0.34228515625,3.0,1.1454784150548805,2048,211,133,78,701,0.10302734375,0.6303317535545023,0.06494140625,0.18972895863052783,0.34228515625,3.0,1.2318803831399403,1.2137725910270125,True,134,0.6350710900473934,0.5382258324075891,33.494500000961125,1.5034512919158483,2070,2048,2048,1048576,128,float32,512,2726,2048,2048,1048576,54.82219999976223,2.55058878493727,59.6964400014258,2.7694903186538995,nan,nan,57.77992000221275,1.8257638538578032,62.379059998784214,6.7762733859515825,nan,nan,sift,sift,sift,bf_ratio,0.8
hpatches,i_kions,illumination,i_kions_1_to_3,1,3,D:\桌面\IACV\Assigment1\data\hpatches\i_kions\1.ppm,D:\桌面\IACV\Assigment1\data\hpatches\i_kions\3.ppm,197,2048,793,0.38720703125,3.0,1.5956471736058753,2048,197,101,96,793,0.09619140625,0.5126903553299492,0.04931640625,0.1273644388398487,0.38720703125,3.0,0.7491512392908145,0.6608252894795963,True,102,0.5177664974619289,0.5709316503004066,34.271380002610385,1.3059665642091738,2070,2048,2048,1048576,128,float32,512,2059,2048,2048,1048576,54.82219999976223,2.55058878493727,59.6964400014258,2.7694903186538995,nan,nan,56.13000000012107,1.5617238220209397,58.22678000113228,1.427194206028688,nan,nan,sift,sift,sift,bf_ratio,0.8
hpatches,i_kions,illumination,i_kions_1_to_4,1,4,D:\桌面\IACV\Assigment1\data\hpatches\i_kions\1.ppm,D:\桌面\IACV\Assigment1\data\hpatches\i_kions\4.ppm,93,2048,362,0.1767578125,3.0,2.723222176209368,2048,93,25,68,362,0.04541015625,0.26881720430107525,0.01220703125,0.06906077348066299,0.1767578125,3.0,1.8027414167790987,1.8119310853472437,True,26,0.27956989247311825,0.8918020075309572,16.267720000178088,0.47213771368874213,2070,2048,2048,1048576,128,float32,512,997,997,997,510464,54.82219999976223,2.55058878493727,59.6964400014258,2.7694903186538995,nan,nan,61.40461999748368,1.6739794079728876,61.04353999980958,5.495312321682845,nan,nan,sift,sift,sift,bf_ratio,0.8
hpatches,i_kions,illumination,i_kions_1_to_5,1,5,D:\桌面\IACV\Assigment1\data\hpatches\i_kions\1.ppm,D:\桌面\IACV\Assigment1\data\hpatches\i_kions\5.ppm,97,2048,321,0.15673828125,3.0,2.4645958765153377,2048,97,26,71,321,0.04736328125,0.26804123711340205,0.0126953125,0.08099688473520249,0.15673828125,3.0,1.7311296260186313,1.8037589905946523,True,27,0.27835051546391754,0.874343039879733,14.356300001963973,0.3013145524382023,2070,2048,2048,1048576,128,float32,512,837,837,837,428544,54.82219999976223,2.55058878493727,59.6964400014258,2.7694903186538995,nan,nan,57.560220001323614,2.5888960581257208,57.92873999889707,7.516593412615811,nan,nan,sift,sift,sift,bf_ratio,0.8
hpatches,i_kions,illumination,i_kions_1_to_6,1,6,D:\桌面\IACV\Assigment1\data\hpatches\i_kions\1.ppm,D:\桌面\IACV\Assigment1\data\hpatches\i_kions\6.ppm,152,2048,716,0.349609375,3.0,0.598505417021664,2048,152,71,81,716,0.07421875,0.46710526315789475,0.03466796875,0.09916201117318436,0.349609375,3.0,0.5164384440553845,0.3650941610092789,True,71,0.46710526315789475,0.5041547342662851,33.277300000190735,1.292972875188281,2070,2048,2048,1048576,128,float32,512,2614,2048,2048,1048576,54.82219999976223,2.55058878493727,59.6964400014258,2.7694903186538995,nan,nan,59.89224000077229,2.4102261243389482,62.05063999950653,1.0859576610549357,nan,nan,sift,sift,sift,bf_ratio,0.8
hpatches,i_ktirio,illumination,i_ktirio_1_to_2,1,2,D:\桌面\IACV\Assigment1\data\hpatches\i_ktirio\1.ppm,D:\桌面\IACV\Assigment1\data\hpatches\i_ktirio\2.ppm,1002,1838,1176,0.6398258977149075,3.0,0.13023249575996215,1838,1002,916,86,1176,0.545157780195865,0.9141716566866267,0.49836779107725787,0.7789115646258503,0.6398258977149075,3.0,0.29508275199198536,0.21042333909088873,True,917,0.9151696606786427,0.27872388980319945,28.31187999981921,1.4461681763545107,1838,1838,1838,941056,128,float32,512,1860,1860,1860,952320,62.986739999905694,4.564382806102078,56.75829999963753,1.987487209194634,nan,nan,56.60972000041511,1.984731990554425,64.95969999959925,6.381438824446778,nan,nan,sift,sift,sift,bf_ratio,0.8
hpatches,i_ktirio,illumination,i_ktirio_1_to_3,1,3,D:\桌面\IACV\Assigment1\data\hpatches\i_ktirio\1.ppm,D:\桌面\IACV\Assigment1\data\hpatches\i_ktirio\3.ppm,254,1838,729,0.39662676822633297,3.0,0.45341498323013,1838,254,154,100,729,0.1381936887921654,0.6062992125984252,0.08378672470076169,0.2112482853223594,0.39662676822633297,3.0,0.6644377536166778,0.48166791996620295,True,156,0.6141732283464567,0.6580699254677204,25.02124000166077,1.150868566219376,1838,1838,1838,941056,128,float32,512,1669,1669,1669,854528,62.986739999905694,4.564382806102078,56.75829999963753,1.987487209194634,nan,nan,60.55533999897307,6.094896046417949,67.78918000054546,1.644365079135215,nan,nan,sift,sift,sift,bf_ratio,0.8
hpatches,i_ktirio,illumination,i_ktirio_1_to_4,1,4,D:\桌面\IACV\Assigment1\data\hpatches\i_ktirio\1.ppm,D:\桌面\IACV\Assigment1\data\hpatches\i_ktirio\4.ppm,131,1838,512,0.27856365614798695,3.0,2.0038660577046485,1838,131,57,74,512,0.07127312295973885,0.4351145038167939,0.031011969532100107,0.111328125,0.27856365614798695,3.0,0.5400130805562269,0.3981491475963965,True,59,0.45038167938931295,0.7405735252553346,21.025159998680465,1.3994092989225382,1838,1838,1838,941056,128,float32,512,1367,1367,1367,699904,62.986739999905694,4.564382806102078,56.75829999963753,1.987487209194634,nan,nan,59.29471999988891,7.20069545415077,53.01997999922605,6.374189178134146,nan,nan,sift,sift,sift,bf_ratio,0.8
hpatches,i_ktirio,illumination,i_ktirio_1_to_5,1,5,D:\桌面\IACV\Assigment1\data\hpatches\i_ktirio\1.ppm,D:\桌面\IACV\Assigment1\data\hpatches\i_ktirio\5.ppm,211,1838,727,0.3955386289445049,3.0,0.3866313191661587,1838,211,124,87,727,0.1147986942328618,0.5876777251184834,0.06746463547334058,0.17056396148555708,0.3955386289445049,3.0,0.6618995999803836,0.44684199032861344,True,127,0.6018957345971564,0.7335536208982663,22.15855999966152,1.2506463298790176,1838,1838,1838,941056,128,float32,512,1627,1627,1627,833024,62.986739999905694,4.564382806102078,56.75829999963753,1.987487209194634,nan,nan,66.12307999894256,4.322006084928657,56.06718000053661,5.1433366610885285,nan,nan,sift,sift,sift,bf_ratio,0.8
hpatches,i_ktirio,illumination,i_ktirio_1_to_6,1,6,D:\桌面\IACV\Assigment1\data\hpatches\i_ktirio\1.ppm,D:\桌面\IACV\Assigment1\data\hpatches\i_ktirio\6.ppm,108,1838,464,0.25244831338411317,3.0,1.0859121789687665,1838,108,35,73,464,0.058759521218716,0.32407407407407407,0.019042437431991296,0.07543103448275862,0.25244831338411317,3.0,0.5517031840333908,0.42729816344268184,True,36,0.3333333333333333,0.5725075978512169,18.359219998819754,0.3343215190842155,1838,1838,1838,941056,128,float32,512,1319,1319,1319,675328,62.986739999905694,4.564382806102078,56.75829999963753,1.987487209194634,nan,nan,48.774159999447875,2.3323734274500447,48.46098000125494,2.8704751150982584,nan,nan,sift,sift,sift,bf_ratio,0.8
hpatches,i_kurhaus,illumination,i_kurhaus_1_to_2,1,2,D:\桌面\IACV\Assigment1\data\hpatches\i_kurhaus\1.ppm,D:\桌面\IACV\Assigment1\data\hpatches\i_kurhaus\2.ppm,1058,2048,1205,0.58837890625,3.0,0.19030605476893153,2048,1058,1022,36,1205,0.5166015625,0.9659735349716446,0.4990234375,0.8481327800829875,0.58837890625,3.0,0.2371879917195579,0.14693178655876116,True,1022,0.9659735349716446,0.2251039098985251,34.39541999978246,1.8438509415842663,9261,2048,2048,1048576,128,float32,512,9232,2048,2048,1048576,192.5437600002624,4.8303376028159555,171.87010000052396,17.898484066860632,nan,nan,188.09584000264294,4.3336530821128845,148.23944000090705,7.822459847132421,nan,nan,sift,sift,sift,bf_ratio,0.8
hpatches,i_kurhaus,illumination,i_kurhaus_1_to_3,1,3,D:\桌面\IACV\Assigment1\data\hpatches\i_kurhaus\1.ppm,D:\桌面\IACV\Assigment1\data\hpatches\i_kurhaus\3.ppm,812,2048,1005,0.49072265625,3.0,0.22661361895488474,2048,812,779,33,1005,0.396484375,0.9593596059113301,0.38037109375,0.7751243781094528,0.49072265625,3.0,0.3245759370469326,0.23293673165772671,True,779,0.9593596059113301,0.29933365555745467,36.40882000036072,1.569113768377608,9261,2048,2048,1048576,128,float32,512,9068,2048,2048,1048576,192.5437600002624,4.8303376028159555,171.87010000052396,17.898484066860632,nan,nan,217.0144000017899,30.45535642148555,182.7419799999916,14.455674748247922,nan,nan,sift,sift,sift,bf_ratio,0.8
hpatches,i_kurhaus,illumination,i_kurhaus_1_to_4,1,4,D:\桌面\IACV\Assigment1\data\hpatches\i_kurhaus\1.ppm,D:\桌面\IACV\Assigment1\data\hpatches\i_kurhaus\4.ppm,681,2048,924,0.451171875,3.0,0.27540895078826866,2048,681,646,35,924,0.33251953125,0.9486049926578561,0.3154296875,0.6991341991341992,0.451171875,3.0,0.3921330934211849,0.29264872909216033,True,647,0.9500734214390602,0.3513671812237669,34.99699999956647,1.3542112141767482,9261,2048,2048,1048576,128,float32,512,9067,2048,2048,1048576,192.5437600002624,4.8303376028159555,171.87010000052396,17.898484066860632,nan,nan,225.3666800010251,12.977217794329945,170.4269799971371,2.582532068699838,nan,nan,sift,sift,sift,bf_ratio,0.8
hpatches,i_kurhaus,illumination,i_kurhaus_1_to_5,1,5,D:\桌面\IACV\Assigment1\data\hpatches\i_kurhaus\1.ppm,D:\桌面\IACV\Assigment1\data\hpatches\i_kurhaus\5.ppm,524,2048,836,0.408203125,3.0,0.39607295591721453,2048,524,483,41,836,0.255859375,0.9217557251908397,0.23583984375,0.5777511961722488,0.408203125,3.0,0.5163164224439487,0.4249899273969025,True,483,0.9217557251908397,0.41104301626223017,33.72071999910986,1.6463966294787145,9261,2048,2048,1048576,128,float32,512,8589,2048,2048,1048576,192.5437600002624,4.8303376028159555,171.87010000052396,17.898484066860632,nan,nan,206.52246000099694,11.235089377904185,156.29072000010638,5.331722896009351,nan,nan,sift,sift,sift,bf_ratio,0.8
hpatches,i_kurhaus,illumination,i_kurhaus_1_to_6,1,6,D:\桌面\IACV\Assigment1\data\hpatches\i_kurhaus\1.ppm,D:\桌面\IACV\Assigment1\data\hpatches\i_kurhaus\6.ppm,412,2048,783,0.38232421875,3.0,0.34282072000290764,2048,412,369,43,783,0.201171875,0.8956310679611651,0.18017578125,0.47126436781609193,0.38232421875,3.0,0.5350863382365106,0.4505767119500386,True,371,0.9004854368932039,0.4557352821864607,32.96542000025511,0.7311291902890384,9261,2048,2048,1048576,128,float32,512,8310,2048,2048,1048576,192.5437600002624,4.8303376028159555,171.87010000052396,17.898484066860632,nan,nan,187.79480000084732,4.331542918932754,150.605500000529,11.341574609997426,nan,nan,sift,sift,sift,bf_ratio,0.8
hpatches,i_leuven,illumination,i_leuven_1_to_2,1,2,D:\桌面\IACV\Assigment1\data\hpatches\i_leuven\1.ppm,D:\桌面\IACV\Assigment1\data\hpatches\i_leuven\2.ppm,649,992,705,0.7106854838709677,3.0,1.8337581145739759,992,649,621,28,705,0.6542338709677419,0.9568567026194145,0.626008064516129,0.8808510638297873,0.7106854838709677,3.0,0.6684461413369449,0.42533315857584264,True,622,0.9583975346687211,0.31542226519758115,14.920780001557432,1.0143300556141497,997,997,997,510464,128,float32,512,1727,1727,1727,884224,93.2327400019858,9.321730477095922,75.99459999910323,3.8893249685782423,nan,nan,91.72830000024987,0.8499617493599185,105.64240000094287,3.926751199068462,nan,nan,sift,sift,sift,bf_ratio,0.8
hpatches,i_leuven,illumination,i_leuven_1_to_3,1,3,D:\桌面\IACV\Assigment1\data\hpatches\i_leuven\1.ppm,D:\桌面\IACV\Assigment1\data\hpatches\i_leuven\3.ppm,582,993,688,0.6928499496475328,3.0,1.9351049633267507,993,582,553,29,688,0.5861027190332326,0.9501718213058419,0.5568982880161127,0.8037790697674418,0.6928499496475328,3.0,0.9713725591270054,0.8300687924814488,True,556,0.9553264604810997,0.5091368613606543,14.661559999512974,0.43544534379439775,997,997,997,510464,128,float32,512,2447,2048,2048,1048576,93.2327400019858,9.321730477095922,75.99459999910323,3.8893249685782423,nan,nan,101.81196000048658,6.466019532895582,90.7573999997112,5.885834843215074,nan,nan,sift,sift,sift,bf_ratio,0.8
hpatches,i_leuven,illumination,i_leuven_1_to_4,1,4,D:\桌面\IACV\Assigment1\data\hpatches\i_leuven\1.ppm,D:\桌面\IACV\Assigment1\data\hpatches\i_leuven\4.ppm,419,992,536,0.5403225806451613,3.0,3.8460935889511836,992,419,382,37,536,0.4223790322580645,0.9116945107398569,0.3850806451612903,0.7126865671641791,0.5403225806451613,3.0,1.1174538293638325,1.033426771418816,True,381,0.9093078758949881,0.6083397230970007,15.341019998595584,1.2242357089650424,997,997,997,510464,128,float32,512,3017,2048,2048,1048576,93.2327400019858,9.321730477095922,75.99459999910323,3.8893249685782423,nan,nan,95.48159999831114,2.549607313864714,92.36568000196712,5.246494818191068,nan,nan,sift,sift,sift,bf_ratio,0.8
hpatches,i_leuven,illumination,i_leuven_1_to_5,1,5,D:\桌面\IACV\Assigment1\data\hpatches\i_leuven\1.ppm,D:\桌面\IACV\Assigment1\data\hpatches\i_leuven\5.ppm,231,993,389,0.391742195367573,3.0,2.9830286711855907,993,231,198,33,389,0.2326283987915408,0.8571428571428571,0.19939577039274925,0.5089974293059126,0.391742195367573,3.0,1.0461571493865744,0.94593276335591,True,197,0.8528138528138528,0.6452509149775293,17.40132000122685,0.5517208180379461,997,997,997,510464,128,float32,512,3299,2048,2048,1048576,93.2327400019858,9.321730477095922,75.99459999910323,3.8893249685782423,nan,nan,94.38851999730105,4.431492862926401,102.17004000005545,2.2668852935186456,nan,nan,sift,sift,sift,bf_ratio,0.8
hpatches,i_leuven,illumination,i_leuven_1_to_6,1,6,D:\桌面\IACV\Assigment1\data\hpatches\i_leuven\1.ppm,D:\桌面\IACV\Assigment1\data\hpatches\i_leuven\6.ppm,98,962,229,0.23804573804573806,3.0,14.45063974880291,962,97,47,50,229,0.10083160083160084,0.4845360824742268,0.04885654885654886,0.2052401746724891,0.23804573804573806,3.0,1.7523615420182619,1.876058572488832,True,61,0.6224489795918368,0.6702670967039174,16.024819998710882,1.1418168718934778,997,997,997,510464,128,float32,512,3290,2048,2048,1048576,93.2327400019858,9.321730477095922,75.99459999910323,3.8893249685782423,nan,nan,102.46259999985341,3.7586384692819337,90.64955999929225,2.9538018847963086,nan,nan,sift,sift,sift,bf_ratio,0.8
hpatches,i_lionday,illumination,i_lionday_1_to_2,1,2,D:\桌面\IACV\Assigment1\data\hpatches\i_lionday\1.ppm,D:\桌面\IACV\Assigment1\data\hpatches\i_lionday\2.ppm,100,1355,344,0.25387453874538746,3.0,3.715529838480883,1355,100,48,52,344,0.07380073800738007,0.48,0.035424354243542434,0.13953488372093023,0.25387453874538746,3.0,1.420321402792018,1.3099167757660477,True,50,0.5,1.2790328801769284,9.293959998467471,0.35491538491275537,1355,1355,1355,693760,128,float32,512,865,865,865,442880,51.8629799989867,1.4808554246009573,50.604359999124426,3.348629650605126,nan,nan,49.90770000149496,2.0435797884252107,44.720840001537,1.0256913678695758,nan,nan,sift,sift,sift,bf_ratio,0.8
hpatches,i_lionday,illumination,i_lionday_1_to_3,1,3,D:\桌面\IACV\Assigment1\data\hpatches\i_lionday\1.ppm,D:\桌面\IACV\Assigment1\data\hpatches\i_lionday\3.ppm,165,1355,492,0.36309963099631,3.0,1.4612262009595147,1355,165,117,48,492,0.12177121771217712,0.7090909090909091,0.08634686346863468,0.23780487804878048,0.36309963099631,3.0,1.2851647414165128,1.2275787979073878,True,119,0.7212121212121212,0.8542097125424867,16.912219997902866,0.6997866730926721,1355,1355,1355,693760,128,float32,512,1590,1590,1590,814080,51.8629799989867,1.4808554246009573,50.604359999124426,3.348629650605126,nan,nan,53.63978000241332,3.06792434625969,52.75240000046324,2.216908941240256,nan,nan,sift,sift,sift,bf_ratio,0.8
hpatches,i_lionday,illumination,i_lionday_1_to_4,1,4,D:\桌面\IACV\Assigment1\data\hpatches\i_lionday\1.ppm,D:\桌面\IACV\Assigment1\data\hpatches\i_lionday\4.ppm,68,1355,245,0.18081180811808117,3.0,2.04515379070163,1355,68,23,45,245,0.05018450184501845,0.3382352941176471,0.016974169741697416,0.09387755102040816,0.18081180811808117,3.0,1.8170525708665421,1.934606493283027,True,28,0.4117647058823529,0.886206117818637,7.448819998535328,0.640012623405827,1355,1355,1355,693760,128,float32,512,783,783,783,400896,51.8629799989867,1.4808554246009573,50.604359999124426,3.348629650605126,nan,nan,46.10173999826657,2.400316790927867,43.50096000125632,5.461499557721545,nan,nan,sift,sift,sift,bf_ratio,0.8
hpatches,i_lionday,illumination,i_lionday_1_to_5,1,5,D:\桌面\IACV\Assigment1\data\hpatches\i_lionday\1.ppm,D:\桌面\IACV\Assigment1\data\hpatches\i_lionday\5.ppm,92,1355,347,0.25608856088560883,3.0,3.350989720612489,1355,92,38,54,347,0.06789667896678966,0.41304347826086957,0.028044280442804426,0.10951008645533142,0.25608856088560883,3.0,1.9199327104663488,1.986294212824742,True,40,0.43478260869565216,0.8283356068014299,15.2552800020203,0.8273832530433802,1355,1355,1355,693760,128,float32,512,1360,1360,1360,696320,51.8629799989867,1.4808554246009573,50.604359999124426,3.348629650605126,nan,nan,51.798560000315774,4.523777317424884,51.25830000033602,6.933213284118172,nan,nan,sift,sift,sift,bf_ratio,0.8
hpatches,i_lionday,illumination,i_lionday_1_to_6,1,6,D:\桌面\IACV\Assigment1\data\hpatches\i_lionday\1.ppm,D:\桌面\IACV\Assigment1\data\hpatches\i_lionday\6.ppm,153,1355,482,0.35571955719557197,3.0,2.1541491712669774,1355,153,93,60,482,0.11291512915129151,0.6078431372549019,0.06863468634686347,0.19294605809128632,0.35571955719557197,3.0,1.563181546901392,1.5467027284871915,True,97,0.6339869281045751,0.9035713370675169,18.280799998319708,0.6209775778192487,1355,1355,1355,693760,128,float32,512,1532,1532,1532,784384,51.8629799989867,1.4808554246009573,50.604359999124426,3.348629650605126,nan,nan,60.060919998795725,4.034259120561985,66.10810000129277,4.279355063068084,nan,nan,sift,sift,sift,bf_ratio,0.8
hpatches,i_lionnight,illumination,i_lionnight_1_to_2,1,2,D:\桌面\IACV\Assigment1\data\hpatches\i_lionnight\1.ppm,D:\桌面\IACV\Assigment1\data\hpatches\i_lionnight\2.ppm,162,2048,895,0.43701171875,3.0,1.491689527496506,2048,162,130,32,895,0.0791015625,0.8024691358024691,0.0634765625,0.1452513966480447,0.43701171875,3.0,0.9911922283726445,0.9504500844277188,True,130,0.8024691358024691,0.6575830740670235,36.24721999949543,0.6045587642718553,2885,2048,2048,1048576,128,float32,512,3616,2048,2048,1048576,69.63639999885345,3.691793058972067,71.90679999766871,3.3220283229777228,nan,nan,66.77092000318225,3.217725659698771,71.66562000202248,3.8642828578183535,nan,nan,sift,sift,sift,bf_ratio,0.8
hpatches,i_lionnight,illumination,i_lionnight_1_to_3,1,3,D:\桌面\IACV\Assigment1\data\hpatches\i_lionnight\1.ppm,D:\桌面\IACV\Assigment1\data\hpatches\i_lionnight\3.ppm,48,2048,823,0.40185546875,3.0,3.48362334112318,2048,48,33,15,823,0.0234375,0.6875,0.01611328125,0.040097205346294046,0.40185546875,3.0,1.5554759143450225,1.6318887950844845,True,33,0.6875,0.8952664589649333,37.48839999898337,1.0301429329223961,2885,2048,2048,1048576,128,float32,512,2777,2048,2048,1048576,69.63639999885345,3.691793058972067,71.90679999766871,3.3220283229777228,nan,nan,68.00526000151876,4.430401500120787,79.98242000176106,3.178538284858731,nan,nan,sift,sift,sift,bf_ratio,0.8
hpatches,i_lionnight,illumination,i_lionnight_1_to_4,1,4,D:\桌面\IACV\Assigment1\data\hpatches\i_lionnight\1.ppm,D:\桌面\IACV\Assigment1\data\hpatches\i_lionnight\4.ppm,368,2048,1050,0.5126953125,3.0,1.1348643579823654,2048,368,263,105,1050,0.1796875,0.7146739130434783,0.12841796875,0.25047619047619046,0.5126953125,3.0,1.2827828227368774,1.2185497134645675,True,268,0.7282608695652174,0.5192490013995887,35.89644000312546,1.3239880292037276,2885,2048,2048,1048576,128,float32,512,3173,2048,2048,1048576,69.63639999885345,3.691793058972067,71.90679999766871,3.3220283229777228,nan,nan,69.73134000145365,2.6344297146097713,70.96452000114368,3.7839418468480033,nan,nan,sift,sift,sift,bf_ratio,0.8
hpatches,i_lionnight,illumination,i_lionnight_1_to_5,1,5,D:\桌面\IACV\Assigment1\data\hpatches\i_lionnight\1.ppm,D:\桌面\IACV\Assigment1\data\hpatches\i_lionnight\5.ppm,305,2048,1076,0.525390625,3.0,1.4799350166429732,2048,305,232,73,1076,0.14892578125,0.760655737704918,0.11328125,0.21561338289962825,0.525390625,3.0,1.2125913837228948,1.1602034302928477,True,232,0.760655737704918,0.390043444472394,35.425560001749545,1.620669292925715,2885,2048,2048,1048576,128,float32,512,3118,2048,2048,1048576,69.63639999885345,3.691793058972067,71.90679999766871,3.3220283229777228,nan,nan,67.47279999981401,8.292905977170857,76.52471999899717,2.9639227674658803,nan,nan,sift,sift,sift,bf_ratio,0.8
hpatches,i_lionnight,illumination,i_lionnight_1_to_6,1,6,D:\桌面\IACV\Assigment1\data\hpatches\i_lionnight\1.ppm,D:\桌面\IACV\Assigment1\data\hpatches\i_lionnight\6.ppm,207,2048,938,0.4580078125,3.0,1.5665038604049037,2048,207,163,44,938,0.10107421875,0.7874396135265701,0.07958984375,0.17377398720682302,0.4580078125,3.0,1.335768862698022,1.2409408867011247,True,164,0.7922705314009661,0.5656689657283694,36.394799999834504,0.6277527258728299,2885,2048,2048,1048576,128,float32,512,3151,2048,2048,1048576,69.63639999885345,3.691793058972067,71.90679999766871,3.3220283229777228,nan,nan,76.85674000094878,1.3155350077551573,75.29068000003463,2.42638803792134,nan,nan,sift,sift,sift,bf_ratio,0.8
hpatches,i_londonbridge,illumination,i_londonbridge_1_to_2,1,2,D:\桌面\IACV\Assigment1\data\hpatches\i_londonbridge\1.ppm,D:\桌面\IACV\Assigment1\data\hpatches\i_londonbridge\2.ppm,878,2048,386,0.1884765625,3.0,3.461141721422371,2048,878,68,810,386,0.4287109375,0.0774487471526196,0.033203125,0.17616580310880828,0.1884765625,3.0,2.2934853167004263,2.2838582828191845,True,818,0.9316628701594533,0.5083699490584442,34.62046000204282,1.3379681674983424,4038,2048,2048,1048576,128,float32,512,4470,2048,2048,1048576,277.42902000027243,13.37916144390969,235.96055999805685,8.972551430111192,nan,nan,250.77362000010908,7.876809744353159,207.65585999906762,6.197609890009065,nan,nan,sift,sift,sift,bf_ratio,0.8
hpatches,i_londonbridge,illumination,i_londonbridge_1_to_3,1,3,D:\桌面\IACV\Assigment1\data\hpatches\i_londonbridge\1.ppm,D:\桌面\IACV\Assigment1\data\hpatches\i_londonbridge\3.ppm,474,2048,605,0.29541015625,3.0,2.583806564110055,2048,474,204,270,605,0.2314453125,0.43037974683544306,0.099609375,0.3371900826446281,0.29541015625,3.0,2.568080778051928,2.688490720336597,True,387,0.8164556962025317,0.6197035878304908,34.56453999970108,0.8181855353609057,4038,2048,2048,1048576,128,float32,512,7747,2048,2048,1048576,277.42902000027243,13.37916144390969,235.96055999805685,8.972551430111192,nan,nan,246.00741999893216,11.764049771012495,189.8823600000469,5.780188048783739,nan,nan,sift,sift,sift,bf_ratio,0.8
hpatches,i_londonbridge,illumination,i_londonbridge_1_to_4,1,4,D:\桌面\IACV\Assigment1\data\hpatches\i_londonbridge\1.ppm,D:\桌面\IACV\Assigment1\data\hpatches\i_londonbridge\4.ppm,562,2048,527,0.25732421875,3.0,4.010142597118493,2048,562,120,442,527,0.2744140625,0.21352313167259787,0.05859375,0.22770398481973433,0.25732421875,3.0,2.4151024325090797,2.5898470355229564,True,494,0.8790035587188612,0.36601669389159025,33.27616000024136,1.0773677914570827,4038,2048,2048,1048576,128,float32,512,7661,2048,2048,1048576,277.42902000027243,13.37916144390969,235.96055999805685,8.972551430111192,nan,nan,240.93245999974897,6.722854003657523,194.03744000155712,6.131018118806447,nan,nan,sift,sift,sift,bf_ratio,0.8
hpatches,i_londonbridge,illumination,i_londonbridge_1_to_5,1,5,D:\桌面\IACV\Assigment1\data\hpatches\i_londonbridge\1.ppm,D:\桌面\IACV\Assigment1\data\hpatches\i_londonbridge\5.ppm,158,2048,265,0.12939453125,3.0,6.137474895285716,2048,158,0,158,265,0.0771484375,0.0,0.0,0.0,0.12939453125,3.0,nan,nan,True,100,0.6329113924050633,0.4931600239328892,32.89309999818215,0.9247093716655893,4038,2048,2048,1048576,128,float32,512,4741,2048,2048,1048576,277.42902000027243,13.37916144390969,235.96055999805685,8.972551430111192,nan,nan,256.3438599987421,30.262221016823858,190.94800000166288,4.282368782143758,nan,nan,sift,sift,sift,bf_ratio,0.8
hpatches,i_londonbridge,illumination,i_londonbridge_1_to_6,1,6,D:\桌面\IACV\Assigment1\data\hpatches\i_londonbridge\1.ppm,D:\桌面\IACV\Assigment1\data\hpatches\i_londonbridge\6.ppm,65,2048,318,0.1552734375,3.0,1.917205693191414,2048,65,18,47,318,0.03173828125,0.27692307692307694,0.0087890625,0.05660377358490566,0.1552734375,3.0,1.8552452063912552,1.8467126538601626,True,21,0.3230769230769231,0.8062220522115885,33.37200000096345,0.9347335964377168,4038,2048,2048,1048576,128,float32,512,8032,2048,2048,1048576,277.42902000027243,13.37916144390969,235.96055999805685,8.972551430111192,nan,nan,259.35001999896485,15.665312951186209,220.95601999899372,12.287130547937958,nan,nan,sift,sift,sift,bf_ratio,0.8
hpatches,i_melon,illumination,i_melon_1_to_2,1,2,D:\桌面\IACV\Assigment1\data\hpatches\i_melon\1.ppm,D:\桌面\IACV\Assigment1\data\hpatches\i_melon\2.ppm,605,1020,686,0.6725490196078432,3.0,0.3907366525272446,1020,605,585,20,686,0.5931372549019608,0.9669421487603306,0.5735294117647058,0.8527696793002916,0.6725490196078432,3.0,0.4084270697438917,0.26315290806501845,True,584,0.9652892561983472,0.40333184447815307,9.199479999369942,0.3670753450486108,1020,1020,1020,522240,128,float32,512,1137,1137,1137,582144,70.55937999975868,7.181234299955837,62.11978000064846,2.538693323541733,nan,nan,74.42399999999907,3.4688722450900786,73.02698000130476,5.02894474247279,nan,nan,sift,sift,sift,bf_ratio,0.8
hpatches,i_melon,illumination,i_melon_1_to_3,1,3,D:\桌面\IACV\Assigment1\data\hpatches\i_melon\1.ppm,D:\桌面\IACV\Assigment1\data\hpatches\i_melon\3.ppm,341,1020,526,0.515686274509804,3.0,0.565499294593052,1020,341,311,30,526,0.33431372549019606,0.9120234604105572,0.30490196078431375,0.591254752851711,0.515686274509804,3.0,0.5166936400791222,0.35303448370418017,True,312,0.9149560117302052,0.5255550167158629,8.754300001601223,0.374326204985164,1020,1020,1020,522240,128,float32,512,1016,1016,1016,520192,70.55937999975868,7.181234299955837,62.11978000064846,2.538693323541733,nan,nan,67.9112800018629,1.692698368542749,60.799020002014004,2.90524405972404,nan,nan,sift,sift,sift,bf_ratio,0.8
hpatches,i_melon,illumination,i_melon_1_to_4,1,4,D:\桌面\IACV\Assigment1\data\hpatches\i_melon\1.ppm,D:\桌面\IACV\Assigment1\data\hpatches\i_melon\4.ppm,64,1020,294,0.28823529411764703,3.0,0.8999362540248141,1020,64,40,24,294,0.06274509803921569,0.625,0.0392156862745098,0.1360544217687075,0.28823529411764703,3.0,0.8249511408069836,0.5512835885322769,True,39,0.609375,0.7017822684870293,3.4628800000064075,0.2802973035500193,1020,1020,1020,522240,128,float32,512,783,783,783,400896,70.55937999975868,7.181234299955837,62.11978000064846,2.538693323541733,nan,nan,73.72188000008464,2.509994317423201,55.73339999828022,5.491852168664705,nan,nan,sift,sift,sift,bf_ratio,0.8
hpatches,i_melon,illumination,i_melon_1_to_5,1,5,D:\桌面\IACV\Assigment1\data\hpatches\i_melon\1.ppm,D:\桌面\IACV\Assigment1\data\hpatches\i_melon\5.ppm,332,1020,550,0.5392156862745098,3.0,0.4717359126471711,1020,332,310,22,550,0.3254901960784314,0.9337349397590361,0.30392156862745096,0.5636363636363636,0.5392156862745098,3.0,0.5370447143288023,0.33141933607418084,True,310,0.9337349397590361,0.5404947335880406,9.941019999678247,0.6208398117967838,1020,1020,1020,522240,128,float32,512,1153,1153,1153,590336,70.55937999975868,7.181234299955837,62.11978000064846,2.538693323541733,nan,nan,80.45993999985512,8.942782970006398,90.01488000067184,2.243783210812877,nan,nan,sift,sift,sift,bf_ratio,0.8
hpatches,i_melon,illumination,i_melon_1_to_6,1,6,D:\桌面\IACV\Assigment1\data\hpatches\i_melon\1.ppm,D:\桌面\IACV\Assigment1\data\hpatches\i_melon\6.ppm,248,1020,499,0.4892156862745098,3.0,0.6533026529120601,1020,248,221,27,499,0.24313725490196078,0.8911290322580645,0.21666666666666667,0.44288577154308617,0.4892156862745098,3.0,0.5222000704432002,0.33564192637991314,True,222,0.8951612903225806,0.5477462679722517,8.23915999935707,0.34401287494036553,1020,1020,1020,522240,128,float32,512,1018,1018,1018,521216,70.55937999975868,7.181234299955837,62.11978000064846,2.538693323541733,nan,nan,79.33679999987362,3.5315680661837794,68.28150000073947,3.3125184739071662,nan,nan,sift,sift,sift,bf_ratio,0.8
hpatches,i_miniature,illumination,i_miniature_1_to_2,1,2,D:\桌面\IACV\Assigment1\data\hpatches\i_miniature\1.ppm,D:\桌面\IACV\Assigment1\data\hpatches\i_miniature\2.ppm,815,2048,1249,0.60986328125,3.0,0.406052285381061,2048,815,762,53,1249,0.39794921875,0.9349693251533743,0.3720703125,0.610088070456365,0.60986328125,3.0,0.44022595560014777,0.27688825724504273,True,762,0.9349693251533743,0.43677051653995547,32.8293799990206,1.0451061792386225,3755,2048,2048,1048576,128,float32,512,3556,2048,2048,1048576,85.96146000199951,3.07920117413738,88.51240000076359,4.651144923027766,nan,nan,89.96895999880508,8.287055706554343,88.41083999868715,4.21805844791841,nan,nan,sift,sift,sift,bf_ratio,0.8
hpatches,i_miniature,illumination,i_miniature_1_to_3,1,3,D:\桌面\IACV\Assigment1\data\hpatches\i_miniature\1.ppm,D:\桌面\IACV\Assigment1\data\hpatches\i_miniature\3.ppm,283,2048,896,0.4375,3.0,0.7831019334399135,2048,283,227,56,896,0.13818359375,0.8021201413427562,0.11083984375,0.2533482142857143,0.4375,3.0,0.5283663085479343,0.3791179769014575,True,230,0.8127208480565371,0.5406199966643469,33.095019999018405,1.3456681299902378,3755,2048,2048,1048576,128,float32,512,2992,2048,2048,1048576,85.96146000199951,3.07920117413738,88.51240000076359,4.651144923027766,nan,nan,81.89556000143057,3.574808005845557,78.67563999752747,2.01581761477718,nan,nan,sift,sift,sift,bf_ratio,0.8
hpatches,i_miniature,illumination,i_miniature_1_to_4,1,4,D:\桌面\IACV\Assigment1\data\hpatches\i_miniature\1.ppm,D:\桌面\IACV\Assigment1\data\hpatches\i_miniature\4.ppm,91,2048,552,0.26953125,3.0,1.0055502946479657,2048,91,45,46,552,0.04443359375,0.4945054945054945,0.02197265625,0.08152173913043478,0.26953125,3.0,0.6187608347100704,0.47929553585129675,True,46,0.5054945054945055,0.6316961380082892,30.306660001224373,0.9039129112877106,3755,2048,2048,1048576,128,float32,512,2208,2048,2048,1048576,85.96146000199951,3.07920117413738,88.51240000076359,4.651144923027766,nan,nan,84.99788000190165,3.758196679785589,79.39341999735916,3.1004470474293306,nan,nan,sift,sift,sift,bf_ratio,0.8
hpatches,i_miniature,illumination,i_miniature_1_to_5,1,5,D:\桌面\IACV\Assigment1\data\hpatches\i_miniature\1.ppm,D:\桌面\IACV\Assigment1\data\hpatches\i_miniature\5.ppm,54,2048,248,0.12109375,3.0,2.100496835431421,2048,54,13,41,248,0.0263671875,0.24074074074074073,0.00634765625,0.05241935483870968,0.12109375,3.0,0.529641797899868,0.5006901822252824,True,13,0.24074074074074073,0.35571794705822923,20.393419997708406,1.025034929589556,3755,2048,2048,1048576,128,float32,512,1285,1285,1285,657920,85.96146000199951,3.07920117413738,88.51240000076359,4.651144923027766,nan,nan,75.64497999992454,3.082761836879077,67.87248000036925,3.1103118548002016,nan,nan,sift,sift,sift,bf_ratio,0.8
hpatches,i_miniature,illumination,i_miniature_1_to_6,1,6,D:\桌面\IACV\Assigment1\data\hpatches\i_miniature\1.ppm,D:\桌面\IACV\Assigment1\data\hpatches\i_miniature\6.ppm,323,2048,953,0.46533203125,3.0,0.5984695538088078,2048,323,279,44,953,0.15771484375,0.8637770897832817,0.13623046875,0.29275970619097585,0.46533203125,3.0,0.584948869314805,0.37938789996436,True,280,0.8668730650154799,0.5999932302136233,32.57145999959903,1.393634790327863,3755,2048,2048,1048576,128,float32,512,3012,2048,2048,1048576,85.96146000199951,3.07920117413738,88.51240000076359,4.651144923027766,nan,nan,83.47091999748955,8.246659452655903,78.91861999814864,5.660513830041132,nan,nan,sift,sift,sift,bf_ratio,0.8
hpatches,i_nescafe,illumination,i_nescafe_1_to_2,1,2,D:\桌面\IACV\Assigment1\data\hpatches\i_nescafe\1.ppm,D:\桌面\IACV\Assigment1\data\hpatches\i_nescafe\2.ppm,641,1540,797,0.5175324675324675,3.0,0.18199355483703597,1540,641,604,37,797,0.41623376623376623,0.9422776911076443,0.3922077922077922,0.7578419071518193,0.5175324675324675,3.0,0.18028239672379257,0.09501532391600534,True,604,0.9422776911076443,0.18330494177902662,19.16400000191061,0.5604016886309223,1540,1540,1540,788480,128,float32,512,1756,1756,1756,899072,74.68669999798294,3.7884314189000055,79.36502000084147,7.482075908173934,nan,nan,84.0814399998635,4.569946939156971,73.66149999870686,7.302665873050961,nan,nan,sift,sift,sift,bf_ratio,0.8
hpatches,i_nescafe,illumination,i_nescafe_1_to_3,1,3,D:\桌面\IACV\Assigment1\data\hpatches\i_nescafe\1.ppm,D:\桌面\IACV\Assigment1\data\hpatches\i_nescafe\3.ppm,660,1540,886,0.5753246753246753,3.0,0.20597450403952103,1540,660,637,23,886,0.42857142857142855,0.9651515151515152,0.41363636363636364,0.718961625282167,0.5753246753246753,3.0,0.19956734506464527,0.1087745122579039,True,637,0.9651515151515152,0.20258261964219448,25.65154000039911,0.7353110053211372,1540,1540,1540,788480,128,float32,512,2191,2048,2048,1048576,74.68669999798294,3.7884314189000055,79.36502000084147,7.482075908173934,nan,nan,81.66067999845836,4.813614096919455,96.32579999888549,4.871344821613563,nan,nan,sift,sift,sift,bf_ratio,0.8
hpatches,i_nescafe,illumination,i_nescafe_1_to_4,1,4,D:\桌面\IACV\Assigment1\data\hpatches\i_nescafe\1.ppm,D:\桌面\IACV\Assigment1\data\hpatches\i_nescafe\4.ppm,757,1540,930,0.6038961038961039,3.0,0.14422194163516694,1540,757,714,43,930,0.4915584415584416,0.9431968295904888,0.4636363636363636,0.7677419354838709,0.6038961038961039,3.0,0.2249255621232888,0.11313920694975654,True,713,0.9418758256274768,0.2215963117783783,23.193180000816938,0.9102874789910262,1540,1540,1540,788480,128,float32,512,1858,1858,1858,951296,74.68669999798294,3.7884314189000055,79.36502000084147,7.482075908173934,nan,nan,84.67818000062834,4.617189435065775,82.52528000157326,3.5162049088332297,nan,nan,sift,sift,sift,bf_ratio,0.8
hpatches,i_nescafe,illumination,i_nescafe_1_to_5,1,5,D:\桌面\IACV\Assigment1\data\hpatches\i_nescafe\1.ppm,D:\桌面\IACV\Assigment1\data\hpatches\i_nescafe\5.ppm,531,1540,701,0.4551948051948052,3.0,0.2273927882347447,1540,531,493,38,701,0.3448051948051948,0.928436911487759,0.32012987012987015,0.703281027104137,0.4551948051948052,3.0,0.27158543092747406,0.13075919017099036,True,493,0.928436911487759,0.2759013331665169,16.534560000582132,0.9920552837520076,1540,1540,1540,788480,128,float32,512,1339,1339,1339,685568,74.68669999798294,3.7884314189000055,79.36502000084147,7.482075908173934,nan,nan,80.63083999877563,4.144999517800057,73.70548000180861,1.693090728669961,nan,nan,sift,sift,sift,bf_ratio,0.8
hpatches,i_nescafe,illumination,i_nescafe_1_to_6,1,6,D:\桌面\IACV\Assigment1\data\hpatches\i_nescafe\1.ppm,D:\桌面\IACV\Assigment1\data\hpatches\i_nescafe\6.ppm,522,1540,717,0.4655844155844156,3.0,0.12039265320005382,1540,522,496,26,717,0.33896103896103896,0.9501915708812261,0.3220779220779221,0.691771269177127,0.4655844155844156,3.0,0.15552266748319699,0.09019671610042634,True,496,0.9501915708812261,0.1583090036634043,23.785200000565965,1.2019712950545374,1540,1540,1540,788480,128,float32,512,2430,2048,2048,1048576,74.68669999798294,3.7884314189000055,79.36502000084147,7.482075908173934,nan,nan,89.44039999914821,3.3194307544121746,84.80817999952706,6.713786472514369,nan,nan,sift,sift,sift,bf_ratio,0.8
hpatches,i_nijmegen,illumination,i_nijmegen_1_to_2,1,2,D:\桌面\IACV\Assigment1\data\hpatches\i_nijmegen\1.ppm,D:\桌面\IACV\Assigment1\data\hpatches\i_nijmegen\2.ppm,498,2048,699,0.34130859375,3.0,2.1697504327812402,2048,498,389,109,699,0.2431640625,0.7811244979919679,0.18994140625,0.5565092989985694,0.34130859375,3.0,2.065710670423562,2.07587700384451,True,421,0.8453815261044176,0.5288912753341912,32.16881999978796,1.4195923338498808,6811,2048,2048,1048576,128,float32,512,5119,2048,2048,1048576,204.2185199999949,14.338075969436199,161.2325799986138,21.165621647346548,nan,nan,191.9385000001057,3.4386981867559014,192.1890400000848,3.7488376053288652,nan,nan,sift,sift,sift,bf_ratio,0.8
hpatches,i_nijmegen,illumination,i_nijmegen_1_to_3,1,3,D:\桌面\IACV\Assigment1\data\hpatches\i_nijmegen\1.ppm,D:\桌面\IACV\Assigment1\data\hpatches\i_nijmegen\3.ppm,571,2048,761,0.37158203125,3.0,1.8232583143629906,2048,571,470,101,761,0.27880859375,0.8231173380035026,0.2294921875,0.6176084099868594,0.37158203125,3.0,1.8134946848103732,1.7847824382604018,True,488,0.8546409807355516,0.5565474128982096,33.06643999967491,1.5069866669570249,6811,2048,2048,1048576,128,float32,512,7119,2048,2048,1048576,204.2185199999949,14.338075969436199,161.2325799986138,21.165621647346548,nan,nan,198.4511200003908,8.32487128213144,154.59742000239203,14.967481156088022,nan,nan,sift,sift,sift,bf_ratio,0.8
hpatches,i_nijmegen,illumination,i_nijmegen_1_to_4,1,4,D:\桌面\IACV\Assigment1\data\hpatches\i_nijmegen\1.ppm,D:\桌面\IACV\Assigment1\data\hpatches\i_nijmegen\4.ppm,109,2048,316,0.154296875,3.0,1.716140814567269,2048,109,50,59,316,0.05322265625,0.45871559633027525,0.0244140625,0.15822784810126583,0.154296875,3.0,0.978438171863481,0.7886468331618675,True,49,0.44954128440366975,0.7060171910137848,32.20750000036787,1.276181615768473,6811,2048,2048,1048576,128,float32,512,2561,2048,2048,1048576,204.2185199999949,14.338075969436199,161.2325799986138,21.165621647346548,nan,nan,188.49145999993198,2.6347849973394757,161.41099999949802,4.028863955458735,nan,nan,sift,sift,sift,bf_ratio,0.8
hpatches,i_nijmegen,illumination,i_nijmegen_1_to_5,1,5,D:\桌面\IACV\Assigment1\data\hpatches\i_nijmegen\1.ppm,D:\桌面\IACV\Assigment1\data\hpatches\i_nijmegen\5.ppm,577,2048,797,0.38916015625,3.0,1.6251292787811487,2048,577,480,97,797,0.28173828125,0.8318890814558059,0.234375,0.6022584692597239,0.38916015625,3.0,1.6746539419421747,1.7467016233005015,True,486,0.8422876949740035,0.5620231741390447,32.488119999470655,0.9461827702612915,6811,2048,2048,1048576,128,float32,512,5584,2048,2048,1048576,204.2185199999949,14.338075969436199,161.2325799986138,21.165621647346548,nan,nan,242.18677999888314,4.692507258075752,198.24143999867374,15.655171167404227,nan,nan,sift,sift,sift,bf_ratio,0.8
hpatches,i_nijmegen,illumination,i_nijmegen_1_to_6,1,6,D:\桌面\IACV\Assigment1\data\hpatches\i_nijmegen\1.ppm,D:\桌面\IACV\Assigment1\data\hpatches\i_nijmegen\6.ppm,440,2048,710,0.3466796875,3.0,1.4070311817157002,2048,440,357,83,710,0.21484375,0.8113636363636364,0.17431640625,0.5028169014084507,0.3466796875,3.0,1.4559913075121946,1.4582368593705723,True,371,0.8431818181818181,0.6550303730226568,32.08451999962563,1.3894394007215027,6811,2048,2048,1048576,128,float32,512,5017,2048,2048,1048576,204.2185199999949,14.338075969436199,161.2325799986138,21.165621647346548,nan,nan,215.36870000127237,22.607748891328093,174.94198000058532,30.875466618297494,nan,nan,sift,sift,sift,bf_ratio,0.8
hpatches,i_nuts,illumination,i_nuts_1_to_2,1,2,D:\桌面\IACV\Assigment1\data\hpatches\i_nuts\1.ppm,D:\桌面\IACV\Assigment1\data\hpatches\i_nuts\2.ppm,128,461,162,0.351409978308026,3.0,0.39817024392478717,461,128,92,36,162,0.27765726681127983,0.71875,0.19956616052060738,0.5679012345679012,0.351409978308026,3.0,0.7704241242773726,0.43016611766620094,True,89,0.6953125,0.7192844213642652,1.7902800012961961,0.2415151209957729,461,461,461,236032,128,float32,512,451,451,451,230912,38.989800002309494,1.0424418895793972,34.340219997102395,1.9177292376935617,nan,nan,38.94562000350561,1.1942713475864895,35.32971999811707,3.5888061986613824,nan,nan,sift,sift,sift,bf_ratio,0.8
hpatches,i_nuts,illumination,i_nuts_1_to_3,1,3,D:\桌面\IACV\Assigment1\data\hpatches\i_nuts\1.ppm,D:\桌面\IACV\Assigment1\data\hpatches\i_nuts\3.ppm,52,461,121,0.26247288503253796,3.0,0.7877667599355413,461,52,31,21,121,0.11279826464208242,0.5961538461538461,0.06724511930585683,0.256198347107438,0.26247288503253796,3.0,0.5379416909254795,0.38718769390795627,True,31,0.5961538461538461,0.4598825012734298,2.0630600018193945,0.12162755452997369,461,461,461,236032,128,float32,512,477,477,477,244224,38.989800002309494,1.0424418895793972,34.340219997102395,1.9177292376935617,nan,nan,39.74612000019988,1.375858917290694,34.68677999917418,1.8400532772378786,nan,nan,sift,sift,sift,bf_ratio,0.8
hpatches,i_nuts,illumination,i_nuts_1_to_4,1,4,D:\桌面\IACV\Assigment1\data\hpatches\i_nuts\1.ppm,D:\桌面\IACV\Assigment1\data\hpatches\i_nuts\4.ppm,21,461,104,0.22559652928416485,3.0,8.169612066246103,461,21,10,11,104,0.0455531453362256,0.47619047619047616,0.021691973969631236,0.09615384615384616,0.22559652928416485,3.0,0.5644498645877893,0.44885643596969427,True,9,0.42857142857142855,0.37793204873113817,1.9393399998079985,0.17402095964710856,461,461,461,236032,128,float32,512,552,552,552,282624,38.989800002309494,1.0424418895793972,34.340219997102395,1.9177292376935617,nan,nan,40.54068000114057,0.7532530367280016,35.97022000030847,1.9872404532389236,nan,nan,sift,sift,sift,bf_ratio,0.8
hpatches,i_nuts,illumination,i_nuts_1_to_5,1,5,D:\桌面\IACV\Assigment1\data\hpatches\i_nuts\1.ppm,D:\桌面\IACV\Assigment1\data\hpatches\i_nuts\5.ppm,20,461,80,0.1735357917570499,3.0,415.55061826298777,461,20,2,18,80,0.04338394793926247,0.1,0.004338394793926247,0.025,0.1735357917570499,3.0,0.3469840349292447,0.3469840349292447,True,6,0.3,0.3477099663515779,1.9749400002183393,0.13450361415609668,461,461,461,236032,128,float32,512,569,569,569,291328,38.989800002309494,1.0424418895793972,34.340219997102395,1.9177292376935617,nan,nan,41.396599999279715,1.7296639057712289,36.3104599979124,2.136941067152042,nan,nan,sift,sift,sift,bf_ratio,0.8
hpatches,i_nuts,illumination,i_nuts_1_to_6,1,6,D:\桌面\IACV\Assigment1\data\hpatches\i_nuts\1.ppm,D:\桌面\IACV\Assigment1\data\hpatches\i_nuts\6.ppm,12,461,76,0.1648590021691974,3.0,427.31371676948993,461,12,1,11,76,0.026030368763557483,0.08333333333333333,0.0021691973969631237,0.013157894736842105,0.1648590021691974,3.0,0.0473036341309704,0.0473036341309704,True,4,0.3333333333333333,1.6575827135855031e-13,2.092080000147689,0.30846763442529124,461,461,461,236032,128,float32,512,546,546,546,279552,38.989800002309494,1.0424418895793972,34.340219997102395,1.9177292376935617,nan,nan,39.325239999743644,2.616618830368642,35.83758000022499,1.2226500871681707,nan,nan,sift,sift,sift,bf_ratio,0.8
hpatches,i_objects,illumination,i_objects_1_to_2,1,2,D:\桌面\IACV\Assigment1\data\hpatches\i_objects\1.ppm,D:\桌面\IACV\Assigment1\data\hpatches\i_objects\2.ppm,516,2048,829,0.40478515625,3.0,1.42052508653361,2048,516,454,62,829,0.251953125,0.8798449612403101,0.2216796875,0.5476477683956574,0.40478515625,3.0,1.5532382292468452,1.5689841480907099,True,456,0.8837209302325582,0.434444453998079,32.61653999943519,1.5997277693163938,7466,2048,2048,1048576,128,float32,512,7621,2048,2048,1048576,174.18887999956496,2.4444502377786805,140.62924000027124,6.8190172833544835,nan,nan,170.90365999902133,8.007844056219103,127.42729999881703,5.276245405968408,nan,nan,sift,sift,sift,bf_ratio,0.8
hpatches,i_objects,illumination,i_objects_1_to_3,1,3,D:\桌面\IACV\Assigment1\data\hpatches\i_objects\1.ppm,D:\桌面\IACV\Assigment1\data\hpatches\i_objects\3.ppm,403,2048,735,0.35888671875,3.0,1.4088242262048791,2048,403,325,78,735,0.19677734375,0.8064516129032258,0.15869140625,0.4421768707482993,0.35888671875,3.0,1.493753352210246,1.4823299497724414,True,333,0.826302729528536,0.3665214691328592,32.87274000031175,1.5335570521119295,7466,2048,2048,1048576,128,float32,512,7657,2048,2048,1048576,174.18887999956496,2.4444502377786805,140.62924000027124,6.8190172833544835,nan,nan,167.7957999985665,15.366683214798904,169.30588000104763,14.935296505013111,nan,nan,sift,sift,sift,bf_ratio,0.8
hpatches,i_objects,illumination,i_objects_1_to_4,1,4,D:\桌面\IACV\Assigment1\data\hpatches\i_objects\1.ppm,D:\桌面\IACV\Assigment1\data\hpatches\i_objects\4.ppm,199,2048,577,0.28173828125,3.0,1.4872921905046697,2048,199,130,69,577,0.09716796875,0.6532663316582915,0.0634765625,0.22530329289428075,0.28173828125,3.0,1.5085557069082536,1.4768667794587598,True,130,0.6532663316582915,0.2999590021301445,34.48608000035165,1.425788626935922,7466,2048,2048,1048576,128,float32,512,7404,2048,2048,1048576,174.18887999956496,2.4444502377786805,140.62924000027124,6.8190172833544835,nan,nan,172.9908000008436,5.97375769899948,145.82939999963855,9.544228118151006,nan,nan,sift,sift,sift,bf_ratio,0.8
hpatches,i_objects,illumination,i_objects_1_to_5,1,5,D:\桌面\IACV\Assigment1\data\hpatches\i_objects\1.ppm,D:\桌面\IACV\Assigment1\data\hpatches\i_objects\5.ppm,256,2048,620,0.302734375,3.0,1.3629821418991246,2048,256,200,56,620,0.125,0.78125,0.09765625,0.3225806451612903,0.302734375,3.0,1.4559859416650625,1.4289384693231928,True,200,0.78125,0.3471572616970778,34.26764000032563,1.0903162499756325,7466,2048,2048,1048576,128,float32,512,7133,2048,2048,1048576,174.18887999956496,2.4444502377786805,140.62924000027124,6.8190172833544835,nan,nan,201.38018000143347,8.629715267459908,149.48456000129227,10.221913864531036,nan,nan,sift,sift,sift,bf_ratio,0.8
hpatches,i_objects,illumination,i_objects_1_to_6,1,6,D:\桌面\IACV\Assigment1\data\hpatches\i_objects\1.ppm,D:\桌面\IACV\Assigment1\data\hpatches\i_objects\6.ppm,781,2048,1004,0.490234375,3.0,0.6386980268554354,2048,781,727,54,1004,0.38134765625,0.9308578745198464,0.35498046875,0.7241035856573705,0.490234375,3.0,0.6634446559268659,0.4897284851635899,True,730,0.9346991037131882,0.43397046791029575,33.138199998938944,1.007212443154401,7466,2048,2048,1048576,128,float32,512,7902,2048,2048,1048576,174.18887999956496,2.4444502377786805,140.62924000027124,6.8190172833544835,nan,nan,195.5831400002353,6.937177863030992,151.56520000018645,2.88202440083488,nan,nan,sift,sift,sift,bf_ratio,0.8
hpatches,i_parking,illumination,i_parking_1_to_2,1,2,D:\桌面\IACV\Assigment1\data\hpatches\i_parking\1.ppm,D:\桌面\IACV\Assigment1\data\hpatches\i_parking\2.ppm,278,970,431,0.44432989690721647,3.0,0.30973185249968177,970,278,246,32,431,0.2865979381443299,0.8848920863309353,0.2536082474226804,0.5707656612529002,0.44432989690721647,3.0,0.6420664010738201,0.4723723481577491,True,246,0.8848920863309353,0.6022506301725845,8.249700001033489,0.36872717646590486,970,970,970,496640,128,float32,512,1001,1001,1001,512512,50.42572000238579,4.740259650626892,42.92808000027435,3.5381752024564137,nan,nan,48.49301999929594,2.426801584309643,48.65153999708127,1.478770516496806,nan,nan,sift,sift,sift,bf_ratio,0.8
hpatches,i_parking,illumination,i_parking_1_to_3,1,3,D:\桌面\IACV\Assigment1\data\hpatches\i_parking\1.ppm,D:\桌面\IACV\Assigment1\data\hpatches\i_parking\3.ppm,238,970,389,0.40103092783505156,3.0,0.3396577635271547,970,238,212,26,389,0.24536082474226803,0.8907563025210085,0.21855670103092784,0.5449871465295629,0.40103092783505156,3.0,0.7006813577762075,0.5387714674166997,True,211,0.8865546218487395,0.6173043604211037,9.085739999136422,0.7842874363041159,970,970,970,496640,128,float32,512,1153,1153,1153,590336,50.42572000238579,4.740259650626892,42.92808000027435,3.5381752024564137,nan,nan,46.36878000019351,1.274773051364151,51.489419999415986,3.8501815501442933,nan,nan,sift,sift,sift,bf_ratio,0.8
hpatches,i_parking,illumination,i_parking_1_to_4,1,4,D:\桌面\IACV\Assigment1\data\hpatches\i_parking\1.ppm,D:\桌面\IACV\Assigment1\data\hpatches\i_parking\4.ppm,137,970,355,0.36597938144329895,3.0,1.5685866899152079,970,137,104,33,355,0.14123711340206185,0.7591240875912408,0.10721649484536082,0.29295774647887324,0.36597938144329895,3.0,1.4327094444092103,1.5633300328863597,True,109,0.7956204379562044,0.7327313632996001,8.339919996797107,0.47221246587725735,970,970,970,496640,128,float32,512,1025,1025,1025,524800,50.42572000238579,4.740259650626892,42.92808000027435,3.5381752024564137,nan,nan,55.228920000081416,3.824039659633088,44.531979999737814,5.60964464373737,nan,nan,sift,sift,sift,bf_ratio,0.8
hpatches,i_parking,illumination,i_parking_1_to_5,1,5,D:\桌面\IACV\Assigment1\data\hpatches\i_parking\1.ppm,D:\桌面\IACV\Assigment1\data\hpatches\i_parking\5.ppm,100,970,293,0.3020618556701031,3.0,1.4633503458218875,970,100,83,17,293,0.10309278350515463,0.83,0.08556701030927835,0.2832764505119454,0.3020618556701031,3.0,1.3191959642662168,1.2994390278031598,True,85,0.85,0.7422325787655447,10.593780000635888,0.6739908474062487,970,970,970,496640,128,float32,512,1459,1459,1459,747008,50.42572000238579,4.740259650626892,42.92808000027435,3.5381752024564137,nan,nan,45.226419999380596,2.4109509166862724,48.061139999481384,2.326119898679906,nan,nan,sift,sift,sift,bf_ratio,0.8
hpatches,i_parking,illumination,i_parking_1_to_6,1,6,D:\桌面\IACV\Assigment1\data\hpatches\i_parking\1.ppm,D:\桌面\IACV\Assigment1\data\hpatches\i_parking\6.ppm,142,970,276,0.2845360824742268,3.0,1.7064810792343525,970,142,123,19,276,0.1463917525773196,0.8661971830985915,0.1268041237113402,0.44565217391304346,0.2845360824742268,3.0,1.070306359226044,1.0591764690465282,True,122,0.8591549295774648,0.641839525433188,7.275759999174625,0.35919859066774373,970,970,970,496640,128,float32,512,916,916,916,468992,50.42572000238579,4.740259650626892,42.92808000027435,3.5381752024564137,nan,nan,48.77120000019204,2.0650879293054967,44.202400000358466,4.486860601736114,nan,nan,sift,sift,sift,bf_ratio,0.8
hpatches,i_partyfood,illumination,i_partyfood_1_to_2,1,2,D:\桌面\IACV\Assigment1\data\hpatches\i_partyfood\1.ppm,D:\桌面\IACV\Assigment1\data\hpatches\i_partyfood\2.ppm,688,975,720,0.7384615384615385,3.0,0.2685381026869875,975,688,680,8,720,0.7056410256410256,0.9883720930232558,0.6974358974358974,0.9444444444444444,0.7384615384615385,3.0,0.20069207051579224,0.11815794767358448,True,680,0.9883720930232558,0.17789110927407367,8.304219999990892,0.6959416217723966,975,975,975,499200,128,float32,512,909,909,909,465408,119.8216599994339,6.094870647431875,86.566799999855,5.800377260158501,nan,nan,93.19962000008672,5.6579070512800405,110.25188000057824,9.509119529575894,nan,nan,sift,sift,sift,bf_ratio,0.8
hpatches,i_partyfood,illumination,i_partyfood_1_to_3,1,3,D:\桌面\IACV\Assigment1\data\hpatches\i_partyfood\1.ppm,D:\桌面\IACV\Assigment1\data\hpatches\i_partyfood\3.ppm,498,975,583,0.597948717948718,3.0,0.21773054173848758,975,498,486,12,583,0.5107692307692308,0.9759036144578314,0.49846153846153846,0.8336192109777015,0.597948717948718,3.0,0.37926779741885597,0.3151306127433239,True,486,0.9759036144578314,0.22021729557357264,5.433359999733511,0.6221920963037789,975,975,975,499200,128,float32,512,802,802,802,410624,119.8216599994339,6.094870647431875,86.566799999855,5.800377260158501,nan,nan,166.26720000203932,22.1955716266958,92.93411999969976,1.9868390194352745,nan,nan,sift,sift,sift,bf_ratio,0.8
hpatches,i_partyfood,illumination,i_partyfood_1_to_4,1,4,D:\桌面\IACV\Assigment1\data\hpatches\i_partyfood\1.ppm,D:\桌面\IACV\Assigment1\data\hpatches\i_partyfood\4.ppm,389,975,496,0.5087179487179487,3.0,0.40972274648996404,975,389,368,21,496,0.39897435897435896,0.9460154241645244,0.37743589743589745,0.7419354838709677,0.5087179487179487,3.0,0.6247214046333117,0.5900465956059777,True,368,0.9460154241645244,0.2343432523032574,4.912440000043716,0.4239715496013039,975,975,975,499200,128,float32,512,720,720,720,368640,119.8216599994339,6.094870647431875,86.566799999855,5.800377260158501,nan,nan,111.44919999787817,4.564667078324287,89.0365400002338,3.6075903176304873,nan,nan,sift,sift,sift,bf_ratio,0.8
hpatches,i_partyfood,illumination,i_partyfood_1_to_5,1,5,D:\桌面\IACV\Assigment1\data\hpatches\i_partyfood\1.ppm,D:\桌面\IACV\Assigment1\data\hpatches\i_partyfood\5.ppm,354,975,456,0.4676923076923077,3.0,0.593284612319404,975,354,336,18,456,0.3630769230769231,0.9491525423728814,0.3446153846153846,0.7368421052631579,0.4676923076923077,3.0,0.7849665506898941,0.7341700189279882,True,336,0.9491525423728814,0.28110560433286436,5.564359998970758,0.9433255150483362,975,975,975,499200,128,float32,512,685,685,685,350720,119.8216599994339,6.094870647431875,86.566799999855,5.800377260158501,nan,nan,107.27076000184752,2.893988589698969,95.96088000107557,17.185194902894178,nan,nan,sift,sift,sift,bf_ratio,0.8
hpatches,i_partyfood,illumination,i_partyfood_1_to_6,1,6,D:\桌面\IACV\Assigment1\data\hpatches\i_partyfood\1.ppm,D:\桌面\IACV\Assigment1\data\hpatches\i_partyfood\6.ppm,293,975,399,0.40923076923076923,3.0,1.5836686953573036,975,293,269,24,399,0.3005128205128205,0.9180887372013652,0.27589743589743587,0.6741854636591479,0.40923076923076923,3.0,0.7647801388991556,0.7165924581145342,True,269,0.9180887372013652,0.26585981315577206,5.467759998282418,0.31683240617780806,975,975,975,499200,128,float32,512,632,632,632,323584,119.8216599994339,6.094870647431875,86.566799999855,5.800377260158501,nan,nan,90.33183999999892,11.780044657582849,114.44313999963924,16.950030617857255,nan,nan,sift,sift,sift,bf_ratio,0.8
hpatches,i_pencils,illumination,i_pencils_1_to_2,1,2,D:\桌面\IACV\Assigment1\data\hpatches\i_pencils\1.ppm,D:\桌面\IACV\Assigment1\data\hpatches\i_pencils\2.ppm,217,2048,533,0.26025390625,3.0,1.6614052765267409,2048,217,104,113,533,0.10595703125,0.4792626728110599,0.05078125,0.1951219512195122,0.26025390625,3.0,1.1811404053622558,0.9885857549466494,True,107,0.4930875576036866,1.0179499231670814,31.270739999308717,0.9557722052917784,3323,2048,2048,1048576,128,float32,512,4439,2048,2048,1048576,364.1767600012827,18.48481128609458,280.49272000062047,8.046647157605301,nan,nan,306.71779999975115,42.45547710507017,244.18754000071203,8.30325348531797,nan,nan,sift,sift,sift,bf_ratio,0.8
hpatches,i_pencils,illumination,i_pencils_1_to_3,1,3,D:\桌面\IACV\Assigment1\data\hpatches\i_pencils\1.ppm,D:\桌面\IACV\Assigment1\data\hpatches\i_pencils\3.ppm,123,2048,187,0.09130859375,3.0,9.3279978202137,2048,123,0,123,187,0.06005859375,0.0,0.0,0.0,0.09130859375,3.0,nan,nan,True,38,0.3089430894308943,0.8394341534301005,33.10590000037337,0.8900256325957631,3323,2048,2048,1048576,128,float32,512,4380,2048,2048,1048576,364.1767600012827,18.48481128609458,280.49272000062047,8.046647157605301,nan,nan,340.8155999990413,28.266916138809695,245.4996200001915,9.750139596438634,nan,nan,sift,sift,sift,bf_ratio,0.8
hpatches,i_pencils,illumination,i_pencils_1_to_4,1,4,D:\桌面\IACV\Assigment1\data\hpatches\i_pencils\1.ppm,D:\桌面\IACV\Assigment1\data\hpatches\i_pencils\4.ppm,241,2048,162,0.0791015625,3.0,11.101778176774205,2048,241,0,241,162,0.11767578125,0.0,0.0,0.0,0.0791015625,3.0,nan,nan,True,135,0.5601659751037344,1.1545692852880685,33.84686000063084,1.0766201545743597,3323,2048,2048,1048576,128,float32,512,3639,2048,2048,1048576,364.1767600012827,18.48481128609458,280.49272000062047,8.046647157605301,nan,nan,304.27856000169413,12.38813439136546,280.21177999908105,10.17608973319478,nan,nan,sift,sift,sift,bf_ratio,0.8
hpatches,i_pencils,illumination,i_pencils_1_to_5,1,5,D:\桌面\IACV\Assigment1\data\hpatches\i_pencils\1.ppm,D:\桌面\IACV\Assigment1\data\hpatches\i_pencils\5.ppm,133,2048,407,0.19873046875,3.0,1.787487402718351,2048,133,44,89,407,0.06494140625,0.3308270676691729,0.021484375,0.10810810810810811,0.19873046875,3.0,1.8643184352524456,1.8643310165064542,True,45,0.3383458646616541,0.5572294790625485,33.85415999946417,0.8395525994690372,3323,2048,2048,1048576,128,float32,512,5020,2048,2048,1048576,364.1767600012827,18.48481128609458,280.49272000062047,8.046647157605301,nan,nan,332.7259400030016,10.486546706195346,257.00137999810977,25.913946299687055,nan,nan,sift,sift,sift,bf_ratio,0.8
hpatches,i_pencils,illumination,i_pencils_1_to_6,1,6,D:\桌面\IACV\Assigment1\data\hpatches\i_pencils\1.ppm,D:\桌面\IACV\Assigment1\data\hpatches\i_pencils\6.ppm,165,2048,396,0.193359375,3.0,4.966221892183686,2048,165,67,98,396,0.08056640625,0.40606060606060607,0.03271484375,0.1691919191919192,0.193359375,3.0,1.9989751928789508,2.1654726540305247,True,67,0.40606060606060607,1.0075147938035354,31.14031999866711,1.1867022135555172,3323,2048,2048,1048576,128,float32,512,5230,2048,2048,1048576,364.1767600012827,18.48481128609458,280.49272000062047,8.046647157605301,nan,nan,303.41863999929046,9.72293857854338,238.12083999800961,5.69235071756931,nan,nan,sift,sift,sift,bf_ratio,0.8
hpatches,i_pinard,illumination,i_pinard_1_to_2,1,2,D:\桌面\IACV\Assigment1\data\hpatches\i_pinard\1.ppm,D:\桌面\IACV\Assigment1\data\hpatches\i_pinard\2.ppm,343,943,399,0.42311770943796395,3.0,0.2525771356737065,943,343,315,28,399,0.3637327677624602,0.9183673469387755,0.3340402969247084,0.7894736842105263,0.42311770943796395,3.0,0.34078769078518106,0.17328737834983798,True,315,0.9183673469387755,0.34148458455703357,4.556600000069011,0.4079319077135304,943,943,943,482816,128,float32,512,688,688,688,352256,75.29279999871505,4.470597740510655,67.27794000034919,10.291428054284584,nan,nan,73.21602000156417,2.1554672003282143,60.96304000093369,2.1112783271916955,nan,nan,sift,sift,sift,bf_ratio,0.8
hpatches,i_pinard,illumination,i_pinard_1_to_3,1,3,D:\桌面\IACV\Assigment1\data\hpatches\i_pinard\1.ppm,D:\桌面\IACV\Assigment1\data\hpatches\i_pinard\3.ppm,324,943,444,0.4708377518557794,3.0,0.3396564421786143,943,324,299,25,444,0.34358430540827145,0.9228395061728395,0.3170731707317073,0.6734234234234234,0.4708377518557794,3.0,0.2920763769258996,0.13280231773389092,True,299,0.9228395061728395,0.2929246678077966,9.556919999886304,0.5424119610647228,943,943,943,482816,128,float32,512,1323,1323,1323,677376,75.29279999871505,4.470597740510655,67.27794000034919,10.291428054284584,nan,nan,70.36223999893991,2.6891786479431987,64.81071999878623,2.9742881925912363,nan,nan,sift,sift,sift,bf_ratio,0.8
hpatches,i_pinard,illumination,i_pinard_1_to_4,1,4,D:\桌面\IACV\Assigment1\data\hpatches\i_pinard\1.ppm,D:\桌面\IACV\Assigment1\data\hpatches\i_pinard\4.ppm,362,943,486,0.5153764581124072,3.0,0.43531790943282644,943,362,336,26,486,0.383881230116649,0.9281767955801105,0.3563096500530223,0.691358024691358,0.5153764581124072,3.0,0.28951238410938007,0.13456356298916022,True,336,0.9281767955801105,0.2957948498401134,9.034700000484008,0.9125214672064679,943,943,943,482816,128,float32,512,1297,1297,1297,664064,75.29279999871505,4.470597740510655,67.27794000034919,10.291428054284584,nan,nan,75.8832399995299,3.437103999260143,68.17747999884887,2.623248515219425,nan,nan,sift,sift,sift,bf_ratio,0.8
hpatches,i_pinard,illumination,i_pinard_1_to_5,1,5,D:\桌面\IACV\Assigment1\data\hpatches\i_pinard\1.ppm,D:\桌面\IACV\Assigment1\data\hpatches\i_pinard\5.ppm,387,943,519,0.5503711558854719,3.0,0.5495750940726979,943,387,359,28,519,0.41039236479321317,0.9276485788113695,0.3806998939554613,0.6917148362235067,0.5503711558854719,3.0,0.2653327475231432,0.11030093018912542,True,359,0.9276485788113695,0.27553959722197446,8.44271999958437,0.5663679587503464,943,943,943,482816,128,float32,512,1164,1164,1164,595968,75.29279999871505,4.470597740510655,67.27794000034919,10.291428054284584,nan,nan,73.84821999876294,3.6836128746472565,69.67690000019502,5.456879375773961,nan,nan,sift,sift,sift,bf_ratio,0.8
hpatches,i_pinard,illumination,i_pinard_1_to_6,1,6,D:\桌面\IACV\Assigment1\data\hpatches\i_pinard\1.ppm,D:\桌面\IACV\Assigment1\data\hpatches\i_pinard\6.ppm,338,943,436,0.4623541887592789,3.0,0.5294788059444625,943,338,306,32,436,0.3584305408271474,0.9053254437869822,0.3244962884411453,0.7018348623853211,0.4623541887592789,3.0,0.28632911675232675,0.11230506191462321,True,306,0.9053254437869822,0.2946985711147449,6.82053999917116,0.5338373870297732,943,943,943,482816,128,float32,512,948,948,948,485376,75.29279999871505,4.470597740510655,67.27794000034919,10.291428054284584,nan,nan,79.0469600004144,4.268699859305129,64.9721799971303,2.0529194839670724,nan,nan,sift,sift,sift,bf_ratio,0.8
hpatches,i_pool,illumination,i_pool_1_to_2,1,2,D:\桌面\IACV\Assigment1\data\hpatches\i_pool\1.ppm,D:\桌面\IACV\Assigment1\data\hpatches\i_pool\2.ppm,42,1667,60,0.035992801439712056,3.0,418.2488219239356,1667,42,6,36,60,0.02519496100779844,0.14285714285714285,0.003599280143971206,0.1,0.035992801439712056,3.0,0.879910358921034,0.701405816956103,True,6,0.14285714285714285,0.5412830892028228,3.470560001733247,0.2997183788637254,1667,1667,1667,853504,128,float32,512,259,259,259,132608,106.27294000150869,4.483842706647525,86.42690000124276,9.327291206904095,nan,nan,80.94073999964166,2.8148422304741443,65.03210000228137,5.247682115926105,nan,nan,sift,sift,sift,bf_ratio,0.8
hpatches,i_pool,illumination,i_pool_1_to_3,1,3,D:\桌面\IACV\Assigment1\data\hpatches\i_pool\1.ppm,D:\桌面\IACV\Assigment1\data\hpatches\i_pool\3.ppm,22,1667,37,0.022195560887822437,3.0,610.2327106318596,1667,22,2,20,37,0.013197360527894421,0.09090909090909091,0.0011997600479904018,0.05405405405405406,0.022195560887822437,3.0,0.5300417465246174,0.5300417465246174,True,4,0.18181818181818182,2.577377266222422e-13,2.6843999992706813,0.12519081404110147,1667,1667,1667,853504,128,float32,512,183,183,183,93696,106.27294000150869,4.483842706647525,86.42690000124276,9.327291206904095,nan,nan,78.66566000011517,3.5324784399254465,63.27914000139572,2.686602814928123,nan,nan,sift,sift,sift,bf_ratio,0.8
hpatches,i_pool,illumination,i_pool_1_to_4,1,4,D:\桌面\IACV\Assigment1\data\hpatches\i_pool\1.ppm,D:\桌面\IACV\Assigment1\data\hpatches\i_pool\4.ppm,36,1667,36,0.021595680863827234,3.0,577.8094210146842,1667,36,1,35,36,0.021595680863827234,0.027777777777777776,0.0005998800239952009,0.027777777777777776,0.021595680863827234,3.0,0.5228489700455461,0.5228489700455461,True,5,0.1388888888888889,0.6169428202913789,3.023160000157077,0.26120554541601787,1667,1667,1667,853504,128,float32,512,234,234,234,119808,106.27294000150869,4.483842706647525,86.42690000124276,9.327291206904095,nan,nan,85.76352000090992,8.23046070183662,62.45706000336213,1.0642720110875548,nan,nan,sift,sift,sift,bf_ratio,0.8
hpatches,i_pool,illumination,i_pool_1_to_5,1,5,D:\桌面\IACV\Assigment1\data\hpatches\i_pool\1.ppm,D:\桌面\IACV\Assigment1\data\hpatches\i_pool\5.ppm,29,1667,42,0.02519496100779844,3.0,63.475973156962425,1667,29,6,23,42,0.01739652069586083,0.20689655172413793,0.003599280143971206,0.14285714285714285,0.02519496100779844,3.0,1.3695283945574754,1.6244842159693975,True,7,0.2413793103448276,0.32751979570161305,3.1074200000148267,0.4255149565705685,1667,1667,1667,853504,128,float32,512,220,220,220,112640,106.27294000150869,4.483842706647525,86.42690000124276,9.327291206904095,nan,nan,78.38647999888053,1.9962722165518547,63.47226000216324,2.8256209139973225,nan,nan,sift,sift,sift,bf_ratio,0.8
hpatches,i_pool,illumination,i_pool_1_to_6,1,6,D:\桌面\IACV\Assigment1\data\hpatches\i_pool\1.ppm,D:\桌面\IACV\Assigment1\data\hpatches\i_pool\6.ppm,26,1667,45,0.026994601079784044,3.0,708.5288360344355,1667,26,3,23,45,0.015596880623875225,0.11538461538461539,0.001799640071985603,0.06666666666666667,0.026994601079784044,3.0,1.402352803713919,1.63584848684829,True,5,0.19230769230769232,0.5125947107437292,2.6459600005182438,0.30754962310996964,1667,1667,1667,853504,128,float32,512,199,199,199,101888,106.27294000150869,4.483842706647525,86.42690000124276,9.327291206904095,nan,nan,81.65165999962483,3.626578879126747,69.32729999825824,4.126560251766125,nan,nan,sift,sift,sift,bf_ratio,0.8
hpatches,i_porta,illumination,i_porta_1_to_2,1,2,D:\桌面\IACV\Assigment1\data\hpatches\i_porta\1.ppm,D:\桌面\IACV\Assigment1\data\hpatches\i_porta\2.ppm,307,1225,511,0.41714285714285715,3.0,0.23148669850963374,1225,307,246,61,511,0.2506122448979592,0.8013029315960912,0.20081632653061224,0.48140900195694714,0.41714285714285715,3.0,0.655359041442309,0.502807782756194,True,246,0.8013029315960912,0.6382059564711166,9.727260000363458,0.5065982838913426,1225,1225,1225,627200,128,float32,512,1162,1162,1162,594944,47.715799999423325,2.7741593682308303,44.96386000100756,2.577934044663008,nan,nan,48.08829999965383,1.5761802395616369,45.135400000435766,1.3664339643579422,nan,nan,sift,sift,sift,bf_ratio,0.8
hpatches,i_porta,illumination,i_porta_1_to_3,1,3,D:\桌面\IACV\Assigment1\data\hpatches\i_porta\1.ppm,D:\桌面\IACV\Assigment1\data\hpatches\i_porta\3.ppm,312,1225,575,0.46938775510204084,3.0,0.5401702131847592,1225,312,250,62,575,0.2546938775510204,0.8012820512820513,0.20408163265306123,0.43478260869565216,0.46938775510204084,3.0,0.6891529937366838,0.5033615234834499,True,249,0.7980769230769231,0.6856123907158693,11.184499999217223,0.8302372009349251,1225,1225,1225,627200,128,float32,512,1238,1238,1238,633856,47.715799999423325,2.7741593682308303,44.96386000100756,2.577934044663008,nan,nan,49.27424000197789,1.5271968915352419,52.21542000072077,5.159270375090106,nan,nan,sift,sift,sift,bf_ratio,0.8
hpatches,i_porta,illumination,i_porta_1_to_4,1,4,D:\桌面\IACV\Assigment1\data\hpatches\i_porta\1.ppm,D:\桌面\IACV\Assigment1\data\hpatches\i_porta\4.ppm,223,1225,447,0.36489795918367346,3.0,0.6519512920151298,1225,223,155,68,447,0.1820408163265306,0.695067264573991,0.12653061224489795,0.34675615212527966,0.36489795918367346,3.0,0.7250433741874917,0.5969546955554117,True,158,0.7085201793721974,0.6724541025652858,10.682759998599067,0.3209498685907765,1225,1225,1225,627200,128,float32,512,1169,1169,1169,598528,47.715799999423325,2.7741593682308303,44.96386000100756,2.577934044663008,nan,nan,46.9762399996398,1.7527571389994387,46.608320000814274,2.3637858902386912,nan,nan,sift,sift,sift,bf_ratio,0.8
hpatches,i_porta,illumination,i_porta_1_to_5,1,5,D:\桌面\IACV\Assigment1\data\hpatches\i_porta\1.ppm,D:\桌面\IACV\Assigment1\data\hpatches\i_porta\5.ppm,152,1225,276,0.2253061224489796,3.0,1.1625121918904011,1225,152,105,47,276,0.12408163265306123,0.6907894736842105,0.08571428571428572,0.3804347826086957,0.2253061224489796,3.0,0.8451785285772591,0.7053935457947694,True,104,0.6842105263157895,0.6779973555675256,6.593759999668691,0.6040615096604628,1225,1225,1225,627200,128,float32,512,738,738,738,377856,47.715799999423325,2.7741593682308303,44.96386000100756,2.577934044663008,nan,nan,48.357899999246,1.9576573734439406,42.36796000186587,4.607033794658501,nan,nan,sift,sift,sift,bf_ratio,0.8
hpatches,i_porta,illumination,i_porta_1_to_6,1,6,D:\桌面\IACV\Assigment1\data\hpatches\i_porta\1.ppm,D:\桌面\IACV\Assigment1\data\hpatches\i_porta\6.ppm,137,1225,402,0.32816326530612244,3.0,0.623235911877648,1225,137,95,42,402,0.11183673469387755,0.6934306569343066,0.07755102040816327,0.236318407960199,0.32816326530612244,3.0,0.6262675395572543,0.5520890238196571,True,95,0.6934306569343066,0.5661326888284426,18.791680001595523,0.7941513183645217,1225,1225,1225,627200,128,float32,512,2411,2048,2048,1048576,47.715799999423325,2.7741593682308303,44.96386000100756,2.577934044663008,nan,nan,51.80028000177117,4.016931647855548,61.36503999878187,5.071144388353136,nan,nan,sift,sift,sift,bf_ratio,0.8
hpatches,i_resort,illumination,i_resort_1_to_2,1,2,D:\桌面\IACV\Assigment1\data\hpatches\i_resort\1.ppm,D:\桌面\IACV\Assigment1\data\hpatches\i_resort\2.ppm,467,2048,722,0.3525390625,3.0,0.3506445839133984,2048,467,421,46,722,0.22802734375,0.9014989293361885,0.20556640625,0.5831024930747922,0.3525390625,3.0,0.49666669560206284,0.36749934494690434,True,420,0.8993576017130621,0.4525732521289291,30.404139999882318,2.37284609951478,3539,2048,2048,1048576,128,float32,512,5488,2048,2048,1048576,157.1462599982624,12.374217800874403,103.4985999998753,3.4356163717389436,nan,nan,132.20543999923393,8.508905442333159,105.99458000069717,5.896178759442427,nan,nan,sift,sift,sift,bf_ratio,0.8
hpatches,i_resort,illumination,i_resort_1_to_3,1,3,D:\桌面\IACV\Assigment1\data\hpatches\i_resort\1.ppm,D:\桌面\IACV\Assigment1\data\hpatches\i_resort\3.ppm,984,2048,1126,0.5498046875,3.0,0.24283310930129498,2048,984,945,39,1126,0.48046875,0.9603658536585366,0.46142578125,0.8392539964476021,0.5498046875,3.0,0.3349740946285406,0.2556036026154572,True,946,0.9613821138211383,0.28673019113302234,34.94076000060886,1.9241982654488325,3539,2048,2048,1048576,128,float32,512,4041,2048,2048,1048576,157.1462599982624,12.374217800874403,103.4985999998753,3.4356163717389436,nan,nan,116.09155999758514,1.7294522917017052,119.9183999968227,7.9166301026414825,nan,nan,sift,sift,sift,bf_ratio,0.8
hpatches,i_resort,illumination,i_resort_1_to_4,1,4,D:\桌面\IACV\Assigment1\data\hpatches\i_resort\1.ppm,D:\桌面\IACV\Assigment1\data\hpatches\i_resort\4.ppm,899,2048,1080,0.52734375,3.0,0.2277924904679523,2048,899,847,52,1080,0.43896484375,0.9421579532814238,0.41357421875,0.7842592592592592,0.52734375,3.0,0.29852945053355256,0.21214306794383633,True,847,0.9421579532814238,0.27867236240937726,34.657700001844205,1.122479263039373,3539,2048,2048,1048576,128,float32,512,3491,2048,2048,1048576,157.1462599982624,12.374217800874403,103.4985999998753,3.4356163717389436,nan,nan,130.17305999674136,2.3782522232422028,123.94497999775922,10.881813645321941,nan,nan,sift,sift,sift,bf_ratio,0.8
hpatches,i_resort,illumination,i_resort_1_to_5,1,5,D:\桌面\IACV\Assigment1\data\hpatches\i_resort\1.ppm,D:\桌面\IACV\Assigment1\data\hpatches\i_resort\5.ppm,409,2048,661,0.32275390625,3.0,0.6144937668054044,2048,409,361,48,661,0.19970703125,0.882640586797066,0.17626953125,0.546142208774584,0.32275390625,3.0,0.702516198292174,0.5979119451986593,True,365,0.8924205378973105,0.5081824482358168,30.929120001383126,1.2823082234552923,3539,2048,2048,1048576,128,float32,512,4491,2048,2048,1048576,157.1462599982624,12.374217800874403,103.4985999998753,3.4356163717389436,nan,nan,134.76234000117984,2.0622188807528636,114.90842000057455,4.545224099483099,nan,nan,sift,sift,sift,bf_ratio,0.8
hpatches,i_resort,illumination,i_resort_1_to_6,1,6,D:\桌面\IACV\Assigment1\data\hpatches\i_resort\1.ppm,D:\桌面\IACV\Assigment1\data\hpatches\i_resort\6.ppm,631,2048,841,0.41064453125,3.0,1.6938428196593867,2048,631,575,56,841,0.30810546875,0.9112519809825673,0.28076171875,0.6837098692033293,0.41064453125,3.0,1.4546865209180087,1.4763601265492543,True,583,0.9239302694136292,0.7479516065073084,32.603659997403156,0.7742965554065299,3539,2048,2048,1048576,128,float32,512,3508,2048,2048,1048576,157.1462599982624,12.374217800874403,103.4985999998753,3.4356163717389436,nan,nan,128.48187999916263,11.40261122225293,134.00860000110697,8.828489213304133,nan,nan,sift,sift,sift,bf_ratio,0.8
hpatches,i_salon,illumination,i_salon_1_to_2,1,2,D:\桌面\IACV\Assigment1\data\hpatches\i_salon\1.ppm,D:\桌面\IACV\Assigment1\data\hpatches\i_salon\2.ppm,1007,2048,1283,0.62646484375,3.0,0.3330436848479549,2048,1007,926,81,1283,0.49169921875,0.9195630585898709,0.4521484375,0.7217459080280593,0.62646484375,3.0,0.42688331778032956,0.22299852585364427,True,932,0.9255213505461768,0.4693090787768172,32.46989999752259,1.6931890975332202,5083,2048,2048,1048576,128,float32,512,4587,2048,2048,1048576,88.67136000044411,3.652128872822627,82.5293000016245,4.756006153391201,nan,nan,93.6826800039853,5.433889077193139,81.72657999966759,2.970490299521683,nan,nan,sift,sift,sift,bf_ratio,0.8
hpatches,i_salon,illumination,i_salon_1_to_3,1,3,D:\桌面\IACV\Assigment1\data\hpatches\i_salon\1.ppm,D:\桌面\IACV\Assigment1\data\hpatches\i_salon\3.ppm,370,2048,890,0.4345703125,3.0,0.3465616905459715,2048,370,299,71,890,0.1806640625,0.8081081081081081,0.14599609375,0.3359550561797753,0.4345703125,3.0,0.5480124550242537,0.3337788259550393,True,300,0.8108108108108109,0.5836841561624965,34.55594000261044,0.6740032744912967,5083,2048,2048,1048576,128,float32,512,3734,2048,2048,1048576,88.67136000044411,3.652128872822627,82.5293000016245,4.756006153391201,nan,nan,85.70780000154627,3.9511670899470333,89.25125999958254,5.615792229409377,nan,nan,sift,sift,sift,bf_ratio,0.8
hpatches,i_salon,illumination,i_salon_1_to_4,1,4,D:\桌面\IACV\Assigment1\data\hpatches\i_salon\1.ppm,D:\桌面\IACV\Assigment1\data\hpatches\i_salon\4.ppm,111,2048,642,0.3134765625,3.0,0.29856752572641326,2048,111,63,48,642,0.05419921875,0.5675675675675675,0.03076171875,0.09813084112149532,0.3134765625,3.0,0.516997428226017,0.3201150900060423,True,63,0.5675675675675675,0.5376213979610903,36.82858000101987,1.0327752039396505,5083,2048,2048,1048576,128,float32,512,2715,2048,2048,1048576,88.67136000044411,3.652128872822627,82.5293000016245,4.756006153391201,nan,nan,96.84008000040194,4.736938415850815,98.4712400007993,3.7603053339778523,nan,nan,sift,sift,sift,bf_ratio,0.8
hpatches,i_salon,illumination,i_salon_1_to_5,1,5,D:\桌面\IACV\Assigment1\data\hpatches\i_salon\1.ppm,D:\桌面\IACV\Assigment1\data\hpatches\i_salon\5.ppm,586,2048,1049,0.51220703125,3.0,0.16047906365809625,2048,586,531,55,1049,0.2861328125,0.9061433447098977,0.25927734375,0.5061963775023832,0.51220703125,3.0,0.507227481796403,0.3233575816633546,True,531,0.9061433447098977,0.5072039825404034,31.920920002448838,1.013106628296864,5083,2048,2048,1048576,128,float32,512,5046,2048,2048,1048576,88.67136000044411,3.652128872822627,82.5293000016245,4.756006153391201,nan,nan,108.54482000140706,3.9933161718480026,85.92490000010002,8.249927472434191,nan,nan,sift,sift,sift,bf_ratio,0.8
hpatches,i_salon,illumination,i_salon_1_to_6,1,6,D:\桌面\IACV\Assigment1\data\hpatches\i_salon\1.ppm,D:\桌面\IACV\Assigment1\data\hpatches\i_salon\6.ppm,290,2048,772,0.376953125,3.0,0.7471193499152915,2048,290,238,52,772,0.1416015625,0.8206896551724138,0.1162109375,0.3082901554404145,0.376953125,3.0,0.7081884585568857,0.5319716159581249,True,237,0.8172413793103448,0.706699319138811,32.02223999687703,2.6230196857756116,5083,2048,2048,1048576,128,float32,512,4407,2048,2048,1048576,88.67136000044411,3.652128872822627,82.5293000016245,4.756006153391201,nan,nan,93.41678000200773,7.839298559938015,79.02242000127444,4.267197434934025,nan,nan,sift,sift,sift,bf_ratio,0.8
hpatches,i_santuario,illumination,i_santuario_1_to_2,1,2,D:\桌面\IACV\Assigment1\data\hpatches\i_santuario\1.ppm,D:\桌面\IACV\Assigment1\data\hpatches\i_santuario\2.ppm,514,2048,811,0.39599609375,3.0,2.5784491237521565,2048,514,409,105,811,0.2509765625,0.7957198443579766,0.19970703125,0.5043156596794082,0.39599609375,3.0,2.284712158446574,2.312489952769555,True,449,0.8735408560311284,0.4754104033120936,31.11773999989964,1.5509716498720076,4378,2048,2048,1048576,128,float32,512,4331,2048,2048,1048576,102.80443999945419,4.131010596475955,108.83750000066357,3.3107319038645824,nan,nan,105.467799998587,8.697894485902571,87.86582000175258,5.00343716123397,nan,nan,sift,sift,sift,bf_ratio,0.8
hpatches,i_santuario,illumination,i_santuario_1_to_3,1,3,D:\桌面\IACV\Assigment1\data\hpatches\i_santuario\1.ppm,D:\桌面\IACV\Assigment1\data\hpatches\i_santuario\3.ppm,540,2048,720,0.3515625,3.0,3.137581962363928,2048,540,337,203,720,0.263671875,0.6240740740740741,0.16455078125,0.46805555555555556,0.3515625,3.0,2.590602193714173,2.684395394120111,True,447,0.8277777777777777,0.4886525090897129,28.295960000832565,3.3780388049774057,4378,2048,2048,1048576,128,float32,512,4420,2048,2048,1048576,102.80443999945419,4.131010596475955,108.83750000066357,3.3107319038645824,nan,nan,89.74833999964176,5.9596161162030254,88.68041999958223,12.3355661919144,nan,nan,sift,sift,sift,bf_ratio,0.8
hpatches,i_santuario,illumination,i_santuario_1_to_4,1,4,D:\桌面\IACV\Assigment1\data\hpatches\i_santuario\1.ppm,D:\桌面\IACV\Assigment1\data\hpatches\i_santuario\4.ppm,326,2048,395,0.19287109375,3.0,3.749787915087233,2048,326,83,243,395,0.1591796875,0.254601226993865,0.04052734375,0.21012658227848102,0.19287109375,3.0,2.722150310772009,2.8195817593790733,True,257,0.7883435582822086,0.5281974110965111,31.52937999839196,0.9863845956632251,4378,2048,2048,1048576,128,float32,512,3778,2048,2048,1048576,102.80443999945419,4.131010596475955,108.83750000066357,3.3107319038645824,nan,nan,92.35256000101799,1.889818814571261,83.04754000128014,4.723880446503254,nan,nan,sift,sift,sift,bf_ratio,0.8
hpatches,i_santuario,illumination,i_santuario_1_to_5,1,5,D:\桌面\IACV\Assigment1\data\hpatches\i_santuario\1.ppm,D:\桌面\IACV\Assigment1\data\hpatches\i_santuario\5.ppm,407,2048,769,0.37548828125,3.0,0.7866181915770338,2048,407,335,72,769,0.19873046875,0.8230958230958231,0.16357421875,0.435630689206762,0.37548828125,3.0,0.7661980537684852,0.6918281842714797,True,338,0.8304668304668305,0.4829194849687795,33.15248000144493,2.3100612129300924,4378,2048,2048,1048576,128,float32,512,4633,2048,2048,1048576,102.80443999945419,4.131010596475955,108.83750000066357,3.3107319038645824,nan,nan,111.25956000032602,10.761137611800411,91.45841999998083,2.599820843256838,nan,nan,sift,sift,sift,bf_ratio,0.8
hpatches,i_santuario,illumination,i_santuario_1_to_6,1,6,D:\桌面\IACV\Assigment1\data\hpatches\i_santuario\1.ppm,D:\桌面\IACV\Assigment1\data\hpatches\i_santuario\6.ppm,280,2048,558,0.2724609375,3.0,1.778299298378979,2048,280,197,83,558,0.13671875,0.7035714285714286,0.09619140625,0.35304659498207885,0.2724609375,3.0,1.6666185209699123,1.6282566700565535,True,204,0.7285714285714285,0.5247308567198491,34.2627599980915,1.3642133936238288,4378,2048,2048,1048576,128,float32,512,3301,2048,2048,1048576,102.80443999945419,4.131010596475955,108.83750000066357,3.3107319038645824,nan,nan,99.94025999912992,1.9288838798653476,90.01446000038413,0.7754641363972798,nan,nan,sift,sift,sift,bf_ratio,0.8
hpatches,i_school,illumination,i_school_1_to_2,1,2,D:\桌面\IACV\Assigment1\data\hpatches\i_school\1.ppm,D:\桌面\IACV\Assigment1\data\hpatches\i_school\2.ppm,504,1197,794,0.6633249791144528,3.0,0.17823582903015806,1197,504,476,28,794,0.42105263157894735,0.9444444444444444,0.39766081871345027,0.5994962216624685,0.6633249791144528,3.0,0.47544965566607483,0.3647038438758428,True,476,0.9444444444444444,0.4609925700859783,17.15171999821905,3.51780328243227,1197,1197,1197,612864,128,float32,512,2100,2048,2048,1048576,58.26035999925807,3.3515532083074153,50.9712999992189,2.029941646887553,nan,nan,53.94768000114709,1.6280017178245914,61.77622000104748,2.473193859008161,nan,nan,sift,sift,sift,bf_ratio,0.8
hpatches,i_school,illumination,i_school_1_to_3,1,3,D:\桌面\IACV\Assigment1\data\hpatches\i_school\1.ppm,D:\桌面\IACV\Assigment1\data\hpatches\i_school\3.ppm,509,1197,765,0.6390977443609023,3.0,0.25549088463895636,1197,509,477,32,765,0.4252297410192147,0.93713163064833,0.39849624060150374,0.6235294117647059,0.6390977443609023,3.0,0.49541151377832854,0.37586102029885554,True,478,0.9390962671905697,0.4731204246897855,17.356900000595488,0.9483769965300444,1197,1197,1197,612864,128,float32,512,1705,1705,1705,872960,58.26035999925807,3.3515532083074153,50.9712999992189,2.029941646887553,nan,nan,57.83776000025682,1.274729844271228,66.2960400004522,4.445467986996564,nan,nan,sift,sift,sift,bf_ratio,0.8
hpatches,i_school,illumination,i_school_1_to_4,1,4,D:\桌面\IACV\Assigment1\data\hpatches\i_school\1.ppm,D:\桌面\IACV\Assigment1\data\hpatches\i_school\4.ppm,220,1197,493,0.4118629908103592,3.0,0.7640804369962113,1197,220,177,43,493,0.18379281537176273,0.8045454545454546,0.14786967418546365,0.359026369168357,0.4118629908103592,3.0,0.9610038936404502,0.8828376982951709,True,181,0.8227272727272728,0.6103288603344145,18.342120001034345,1.0805458365680662,1197,1197,1197,612864,128,float32,512,1636,1636,1636,837632,58.26035999925807,3.3515532083074153,50.9712999992189,2.029941646887553,nan,nan,71.67853999853833,3.2320193922161744,72.0883199988748,1.8829216550447603,nan,nan,sift,sift,sift,bf_ratio,0.8
hpatches,i_school,illumination,i_school_1_to_5,1,5,D:\桌面\IACV\Assigment1\data\hpatches\i_school\1.ppm,D:\桌面\IACV\Assigment1\data\hpatches\i_school\5.ppm,384,1197,696,0.581453634085213,3.0,0.963440997322234,1197,384,348,36,696,0.3208020050125313,0.90625,0.2907268170426065,0.5,0.581453634085213,3.0,1.017834932568599,0.9608968185915807,True,349,0.9088541666666666,0.48354222827268295,21.335560000443365,0.6132867358481771,1197,1197,1197,612864,128,float32,512,2157,2048,2048,1048576,58.26035999925807,3.3515532083074153,50.9712999992189,2.029941646887553,nan,nan,67.53310000058264,1.380899862431908,69.81779999914579,1.431922644390038,nan,nan,sift,sift,sift,bf_ratio,0.8
hpatches,i_school,illumination,i_school_1_to_6,1,6,D:\桌面\IACV\Assigment1\data\hpatches\i_school\1.ppm,D:\桌面\IACV\Assigment1\data\hpatches\i_school\6.ppm,214,1197,443,0.37009189640768586,3.0,1.7661587549150863,1197,214,176,38,443,0.17878028404344193,0.822429906542056,0.14703425229741018,0.3972911963882618,0.37009189640768586,3.0,1.676588077856434,1.5784475236930255,True,177,0.8271028037383178,0.5516304046666294,11.89917999872705,0.8372095169310182,1197,1197,1197,612864,128,float32,512,1202,1202,1202,615424,58.26035999925807,3.3515532083074153,50.9712999992189,2.029941646887553,nan,nan,60.91906000219751,1.9623916613513657,56.490619998658076,2.0019529247949333,nan,nan,sift,sift,sift,bf_ratio,0.8
hpatches,i_ski,illumination,i_ski_1_to_2,1,2,D:\桌面\IACV\Assigment1\data\hpatches\i_ski\1.ppm,D:\桌面\IACV\Assigment1\data\hpatches\i_ski\2.ppm,705,2048,993,0.48486328125,3.0,0.2974425587724735,2048,705,675,30,993,0.34423828125,0.9574468085106383,0.32958984375,0.6797583081570997,0.48486328125,3.0,0.4936109202865033,0.3990512648209222,True,674,0.9560283687943263,0.4321904130058948,34.76195999828633,1.041105676772575,2343,2048,2048,1048576,128,float32,512,2250,2048,2048,1048576,56.397060000745114,2.8663656569821057,58.64451999950688,1.9821133662782202,nan,nan,54.91905999951996,2.277310941251927,65.60157999920193,4.364215863397042,nan,nan,sift,sift,sift,bf_ratio,0.8
hpatches,i_ski,illumination,i_ski_1_to_3,1,3,D:\桌面\IACV\Assigment1\data\hpatches\i_ski\1.ppm,D:\桌面\IACV\Assigment1\data\hpatches\i_ski\3.ppm,492,2048,860,0.419921875,3.0,0.4274587794022894,2048,492,445,47,860,0.240234375,0.9044715447154471,0.21728515625,0.5174418604651163,0.419921875,3.0,0.6229351506250105,0.5355629274162719,True,447,0.9085365853658537,0.4789312889947086,34.48062000243226,1.872327122911137,2343,2048,2048,1048576,128,float32,512,2106,2048,2048,1048576,56.397060000745114,2.8663656569821057,58.64451999950688,1.9821133662782202,nan,nan,54.404839999915566,2.009797076704655,63.522179998108186,5.78505771545576,nan,nan,sift,sift,sift,bf_ratio,0.8
hpatches,i_ski,illumination,i_ski_1_to_4,1,4,D:\桌面\IACV\Assigment1\data\hpatches\i_ski\1.ppm,D:\桌面\IACV\Assigment1\data\hpatches\i_ski\4.ppm,373,2048,817,0.39892578125,3.0,0.6728326160794427,2048,373,331,42,817,0.18212890625,0.8873994638069705,0.16162109375,0.40514075887392903,0.39892578125,3.0,0.8454166482230944,0.7710759977328244,True,333,0.8927613941018767,0.5267494196849007,35.57194000022719,1.6193033603064446,2343,2048,2048,1048576,128,float32,512,2081,2048,2048,1048576,56.397060000745114,2.8663656569821057,58.64451999950688,1.9821133662782202,nan,nan,59.37477999978,2.9318120054032084,62.86763999960385,1.871941165110271,nan,nan,sift,sift,sift,bf_ratio,0.8
hpatches,i_ski,illumination,i_ski_1_to_5,1,5,D:\桌面\IACV\Assigment1\data\hpatches\i_ski\1.ppm,D:\桌面\IACV\Assigment1\data\hpatches\i_ski\5.ppm,282,2048,742,0.3623046875,3.0,0.6009848547023499,2048,282,245,37,742,0.1376953125,0.8687943262411347,0.11962890625,0.330188679245283,0.3623046875,3.0,0.8287951738697024,0.742381121451106,True,245,0.8687943262411347,0.5415808673133395,35.4819399988628,1.9578262257568184,2343,2048,2048,1048576,128,float32,512,2028,2028,2028,1038336,56.397060000745114,2.8663656569821057,58.64451999950688,1.9821133662782202,nan,nan,59.31948000070406,2.1733403527998583,65.74262000212912,1.9320992287363519,nan,nan,sift,sift,sift,bf_ratio,0.8
hpatches,i_ski,illumination,i_ski_1_to_6,1,6,D:\桌面\IACV\Assigment1\data\hpatches\i_ski\1.ppm,D:\桌面\IACV\Assigment1\data\hpatches\i_ski\6.ppm,202,2048,665,0.32470703125,3.0,0.7928472258880319,2048,202,174,28,665,0.0986328125,0.8613861386138614,0.0849609375,0.26165413533834586,0.32470703125,3.0,0.8639889434815317,0.7910327352670274,True,175,0.8663366336633663,0.6170203614721896,31.428459999733604,1.4278331575873249,2343,2048,2048,1048576,128,float32,512,1810,1810,1810,926720,56.397060000745114,2.8663656569821057,58.64451999950688,1.9821133662782202,nan,nan,56.699579997803085,2.399552417306234,66.28228000045056,3.4955683620344966,nan,nan,sift,sift,sift,bf_ratio,0.8
hpatches,i_smurf,illumination,i_smurf_1_to_2,1,2,D:\桌面\IACV\Assigment1\data\hpatches\i_smurf\1.ppm,D:\桌面\IACV\Assigment1\data\hpatches\i_smurf\2.ppm,788,2048,1098,0.5361328125,3.0,0.13530902994400412,2048,788,740,48,1098,0.384765625,0.9390862944162437,0.361328125,0.6739526411657559,0.5361328125,3.0,0.4181359788692141,0.25584808443849744,True,740,0.9390862944162437,0.41734951228296724,34.23864000069443,2.1027259701476795,2193,2048,2048,1048576,128,float32,512,2833,2048,2048,1048576,95.01470000104746,4.518681403698937,89.0787399985129,3.1186112647479685,nan,nan,101.39932000020053,2.4579637910215046,94.63783999817679,6.766213913484608,nan,nan,sift,sift,sift,bf_ratio,0.8
hpatches,i_smurf,illumination,i_smurf_1_to_3,1,3,D:\桌面\IACV\Assigment1\data\hpatches\i_smurf\1.ppm,D:\桌面\IACV\Assigment1\data\hpatches\i_smurf\3.ppm,740,2048,1076,0.525390625,3.0,0.09640454296051676,2048,740,704,36,1076,0.361328125,0.9513513513513514,0.34375,0.654275092936803,0.525390625,3.0,0.41469853523143796,0.25640177490212,True,705,0.9527027027027027,0.4187504963221384,33.23474000062561,0.8618302694768217,2193,2048,2048,1048576,128,float32,512,2904,2048,2048,1048576,95.01470000104746,4.518681403698937,89.0787399985129,3.1186112647479685,nan,nan,87.7158999996027,3.3198329736079284,83.22804000345059,3.185166619039708,nan,nan,sift,sift,sift,bf_ratio,0.8
hpatches,i_smurf,illumination,i_smurf_1_to_4,1,4,D:\桌面\IACV\Assigment1\data\hpatches\i_smurf\1.ppm,D:\桌面\IACV\Assigment1\data\hpatches\i_smurf\4.ppm,657,2048,1031,0.50341796875,3.0,0.06914424352632427,2048,657,613,44,1031,0.32080078125,0.9330289193302892,0.29931640625,0.5945683802133851,0.50341796875,3.0,0.4344354146606474,0.2767477789004303,True,613,0.9330289193302892,0.4345044087350489,34.35317999974359,0.6626945859034443,2193,2048,2048,1048576,128,float32,512,2948,2048,2048,1048576,95.01470000104746,4.518681403698937,89.0787399985129,3.1186112647479685,nan,nan,97.04906000260962,7.963405411107903,82.42444000061369,2.4199258612460817,nan,nan,sift,sift,sift,bf_ratio,0.8
hpatches,i_smurf,illumination,i_smurf_1_to_5,1,5,D:\桌面\IACV\Assigment1\data\hpatches\i_smurf\1.ppm,D:\桌面\IACV\Assigment1\data\hpatches\i_smurf\5.ppm,580,2048,966,0.4716796875,3.0,0.1688911912271135,2048,580,539,41,966,0.283203125,0.9293103448275862,0.26318359375,0.5579710144927537,0.4716796875,3.0,0.44770922116754847,0.26791200899007866,True,539,0.9293103448275862,0.4504380112944319,34.020359997521155,1.0628972212513315,2193,2048,2048,1048576,128,float32,512,2889,2048,2048,1048576,95.01470000104746,4.518681403698937,89.0787399985129,3.1186112647479685,nan,nan,95.16571999993175,5.543983321745303,90.07871999929193,4.887535994692714,nan,nan,sift,sift,sift,bf_ratio,0.8
hpatches,i_smurf,illumination,i_smurf_1_to_6,1,6,D:\桌面\IACV\Assigment1\data\hpatches\i_smurf\1.ppm,D:\桌面\IACV\Assigment1\data\hpatches\i_smurf\6.ppm,498,2048,832,0.40625,3.0,0.32647107955914906,2048,498,454,44,832,0.2431640625,0.9116465863453815,0.2216796875,0.5456730769230769,0.40625,3.0,0.47433871053741256,0.29068587029304427,True,454,0.9116465863453815,0.48316131184725214,33.88837999955285,1.2471999653554824,2193,2048,2048,1048576,128,float32,512,2519,2048,2048,1048576,95.01470000104746,4.518681403698937,89.0787399985129,3.1186112647479685,nan,nan,81.95733999891672,1.532043982929025,80.29243999917526,1.9102208549301625,nan,nan,sift,sift,sift,bf_ratio,0.8
hpatches,i_steps,illumination,i_steps_1_to_2,1,2,D:\桌面\IACV\Assigment1\data\hpatches\i_steps\1.ppm,D:\桌面\IACV\Assigment1\data\hpatches\i_steps\2.ppm,452,1610,546,0.3391304347826087,3.0,0.8079521519588789,1610,452,388,64,546,0.28074534161490683,0.8584070796460177,0.24099378881987576,0.7106227106227107,0.3391304347826087,3.0,0.770447308339751,0.6289360675146267,True,393,0.8694690265486725,0.457580256485818,12.695299998449627,0.6025350852713729,1610,1610,1610,824320,128,float32,512,988,988,988,505856,99.72558000008576,2.73446203523032,106.49941999872681,9.157223599880906,nan,nan,99.00040000211447,2.1336191044107613,87.79301999893505,3.1099608361068234,nan,nan,sift,sift,sift,bf_ratio,0.8
hpatches,i_steps,illumination,i_steps_1_to_3,1,3,D:\桌面\IACV\Assigment1\data\hpatches\i_steps\1.ppm,D:\桌面\IACV\Assigment1\data\hpatches\i_steps\3.ppm,644,1610,787,0.4888198757763975,3.0,1.2070651151472682,1610,644,583,61,787,0.4,0.90527950310559,0.362111801242236,0.7407878017789072,0.4888198757763975,3.0,1.010044302358814,0.9482961829828271,True,586,0.9099378881987578,0.3540739385128237,20.96936000016285,0.9066830765038812,1610,1610,1610,824320,128,float32,512,1503,1503,1503,769536,99.72558000008576,2.73446203523032,106.49941999872681,9.157223599880906,nan,nan,105.73054000269622,3.38508702473655,119.63987999915844,4.216535884830344,nan,nan,sift,sift,sift,bf_ratio,0.8
hpatches,i_steps,illumination,i_steps_1_to_4,1,4,D:\桌面\IACV\Assigment1\data\hpatches\i_steps\1.ppm,D:\桌面\IACV\Assigment1\data\hpatches\i_steps\4.ppm,634,1610,820,0.5093167701863354,3.0,1.3520781796042192,1610,634,591,43,820,0.3937888198757764,0.9321766561514195,0.3670807453416149,0.7207317073170731,0.5093167701863354,3.0,0.9929972814371235,0.9083464888763266,True,592,0.9337539432176656,0.4069447853991915,27.448780000850093,0.6164140061166216,1610,1610,1610,824320,128,float32,512,3386,2048,2048,1048576,99.72558000008576,2.73446203523032,106.49941999872681,9.157223599880906,nan,nan,113.06929999991553,2.234037334651931,101.19770000019344,8.113516379754069,nan,nan,sift,sift,sift,bf_ratio,0.8
hpatches,i_steps,illumination,i_steps_1_to_5,1,5,D:\桌面\IACV\Assigment1\data\hpatches\i_steps\1.ppm,D:\桌面\IACV\Assigment1\data\hpatches\i_steps\5.ppm,186,1610,423,0.26273291925465836,3.0,1.5054038438336814,1610,186,138,48,423,0.115527950310559,0.7419354838709677,0.08571428571428572,0.3262411347517731,0.26273291925465836,3.0,1.0970001584100169,1.0309825481766708,True,138,0.7419354838709677,0.4625002571458283,26.943739999842364,0.7287991469345363,1610,1610,1610,824320,128,float32,512,3314,2048,2048,1048576,99.72558000008576,2.73446203523032,106.49941999872681,9.157223599880906,nan,nan,113.45253999897977,10.397252337187574,107.29194000014104,13.694319103693951,nan,nan,sift,sift,sift,bf_ratio,0.8
hpatches,i_steps,illumination,i_steps_1_to_6,1,6,D:\桌面\IACV\Assigment1\data\hpatches\i_steps\1.ppm,D:\桌面\IACV\Assigment1\data\hpatches\i_steps\6.ppm,364,1610,634,0.3937888198757764,3.0,1.5316140321551908,1610,364,298,66,634,0.22608695652173913,0.8186813186813187,0.18509316770186335,0.47003154574132494,0.3937888198757764,3.0,1.112997324465498,1.077534899868921,True,302,0.8296703296703297,0.48385961588833565,16.394699999364093,0.7815249167618051,1610,1610,1610,824320,128,float32,512,3649,2048,2048,1048576,99.72558000008576,2.73446203523032,106.49941999872681,9.157223599880906,nan,nan,112.14031999988947,1.5739943364300168,92.69242000154918,12.497953266025311,nan,nan,sift,sift,sift,bf_ratio,0.8
hpatches,i_table,illumination,i_table_1_to_2,1,2,D:\桌面\IACV\Assigment1\data\hpatches\i_table\1.ppm,D:\桌面\IACV\Assigment1\data\hpatches\i_table\2.ppm,516,2048,829,0.40478515625,3.0,1.42052508653361,2048,516,454,62,829,0.251953125,0.8798449612403101,0.2216796875,0.5476477683956574,0.40478515625,3.0,1.5532382292468452,1.5689841480907099,True,456,0.8837209302325582,0.434444453998079,28.63867999985814,0.6247698045688362,7466,2048,2048,1048576,128,float32,512,7621,2048,2048,1048576,250.51838000072166,32.50135177049845,170.38487999961944,25.769593185108928,nan,nan,163.80345999932615,2.159104783884438,137.14447999809636,2.525858750186015,nan,nan,sift,sift,sift,bf_ratio,0.8
hpatches,i_table,illumination,i_table_1_to_3,1,3,D:\桌面\IACV\Assigment1\data\hpatches\i_table\1.ppm,D:\桌面\IACV\Assigment1\data\hpatches\i_table\3.ppm,403,2048,735,0.35888671875,3.0,1.4088242262048791,2048,403,325,78,735,0.19677734375,0.8064516129032258,0.15869140625,0.4421768707482993,0.35888671875,3.0,1.493753352210246,1.4823299497724414,True,333,0.826302729528536,0.3665214691328592,27.512400002160575,0.8120679995632196,7466,2048,2048,1048576,128,float32,512,7657,2048,2048,1048576,250.51838000072166,32.50135177049845,170.38487999961944,25.769593185108928,nan,nan,165.1136200016481,16.808909082237104,131.84043999935966,5.262562988292368,nan,nan,sift,sift,sift,bf_ratio,0.8
hpatches,i_table,illumination,i_table_1_to_4,1,4,D:\桌面\IACV\Assigment1\data\hpatches\i_table\1.ppm,D:\桌面\IACV\Assigment1\data\hpatches\i_table\4.ppm,199,2048,577,0.28173828125,3.0,1.4872921905046697,2048,199,130,69,577,0.09716796875,0.6532663316582915,0.0634765625,0.22530329289428075,0.28173828125,3.0,1.5085557069082536,1.4768667794587598,True,130,0.6532663316582915,0.2999590021301445,23.034919999190606,3.4054867138345712,7466,2048,2048,1048576,128,float32,512,7404,2048,2048,1048576,250.51838000072166,32.50135177049845,170.38487999961944,25.769593185108928,nan,nan,170.59908000082942,6.289750985455747,132.83189999929164,15.255987909758343,nan,nan,sift,sift,sift,bf_ratio,0.8
hpatches,i_table,illumination,i_table_1_to_5,1,5,D:\桌面\IACV\Assigment1\data\hpatches\i_table\1.ppm,D:\桌面\IACV\Assigment1\data\hpatches\i_table\5.ppm,256,2048,620,0.302734375,3.0,1.3629821418991246,2048,256,200,56,620,0.125,0.78125,0.09765625,0.3225806451612903,0.302734375,3.0,1.4559859416650625,1.4289384693231928,True,200,0.78125,0.3471572616970778,33.39164000208257,1.6241711614253396,7466,2048,2048,1048576,128,float32,512,7133,2048,2048,1048576,250.51838000072166,32.50135177049845,170.38487999961944,25.769593185108928,nan,nan,177.49242000136292,41.162242780401975,175.8337199993548,6.840317115336256,nan,nan,sift,sift,sift,bf_ratio,0.8
hpatches,i_table,illumination,i_table_1_to_6,1,6,D:\桌面\IACV\Assigment1\data\hpatches\i_table\1.ppm,D:\桌面\IACV\Assigment1\data\hpatches\i_table\6.ppm,781,2048,1004,0.490234375,3.0,0.6386980268554354,2048,781,727,54,1004,0.38134765625,0.9308578745198464,0.35498046875,0.7241035856573705,0.490234375,3.0,0.6634446559268659,0.4897284851635899,True,730,0.9346991037131882,0.43397046791029575,33.340360001602676,1.6630733127705224,7466,2048,2048,1048576,128,float32,512,7902,2048,2048,1048576,250.51838000072166,32.50135177049845,170.38487999961944,25.769593185108928,nan,nan,189.47596000070916,5.22395945182405,153.9937599998666,2.4294227103307215,nan,nan,sift,sift,sift,bf_ratio,0.8
hpatches,i_tools,illumination,i_tools_1_to_2,1,2,D:\桌面\IACV\Assigment1\data\hpatches\i_tools\1.ppm,D:\桌面\IACV\Assigment1\data\hpatches\i_tools\2.ppm,168,2048,464,0.2265625,3.0,6.0546196856740755,2048,168,50,118,464,0.08203125,0.2976190476190476,0.0244140625,0.10775862068965517,0.2265625,3.0,2.376120544999061,2.376374720365007,True,62,0.36904761904761907,0.5498127089678827,34.580759999516886,0.6850583035208173,2780,2048,2048,1048576,128,float32,512,2267,2048,2048,1048576,176.51052000001073,4.479285046624869,176.2116200014134,6.405219893039946,nan,nan,179.3997800006764,9.627807290101714,158.77572000026703,6.096334233916838,nan,nan,sift,sift,sift,bf_ratio,0.8
hpatches,i_tools,illumination,i_tools_1_to_3,1,3,D:\桌面\IACV\Assigment1\data\hpatches\i_tools\1.ppm,D:\桌面\IACV\Assigment1\data\hpatches\i_tools\3.ppm,207,2048,386,0.1884765625,3.0,3.4160266122778498,2048,207,71,136,386,0.10107421875,0.34299516908212563,0.03466796875,0.18393782383419688,0.1884765625,3.0,2.558438139982223,2.7067861604314714,True,105,0.5072463768115942,0.6423876024123372,21.80029999872204,1.169001289221354,2780,2048,2048,1048576,128,float32,512,1454,1454,1454,744448,176.51052000001073,4.479285046624869,176.2116200014134,6.405219893039946,nan,nan,187.66206000145758,6.692068213200999,125.15632000140613,3.60028170946656,nan,nan,sift,sift,sift,bf_ratio,0.8
hpatches,i_tools,illumination,i_tools_1_to_4,1,4,D:\桌面\IACV\Assigment1\data\hpatches\i_tools\1.ppm,D:\桌面\IACV\Assigment1\data\hpatches\i_tools\4.ppm,183,2048,382,0.1865234375,3.0,3.181653407912529,2048,183,45,138,382,0.08935546875,0.2459016393442623,0.02197265625,0.11780104712041885,0.1865234375,3.0,2.718215625429197,2.8044986264446936,True,90,0.4918032786885246,0.41169788266711205,29.8190200002864,0.785229987131492,2780,2048,2048,1048576,128,float32,512,2254,2048,2048,1048576,176.51052000001073,4.479285046624869,176.2116200014134,6.405219893039946,nan,nan,146.46417999902042,3.1336830644769584,128.58759999799076,2.6659644600457613,nan,nan,sift,sift,sift,bf_ratio,0.8
hpatches,i_tools,illumination,i_tools_1_to_5,1,5,D:\桌面\IACV\Assigment1\data\hpatches\i_tools\1.ppm,D:\桌面\IACV\Assigment1\data\hpatches\i_tools\5.ppm,489,2048,548,0.267578125,3.0,3.021211394100213,2048,489,142,347,548,0.23876953125,0.2903885480572597,0.0693359375,0.2591240875912409,0.267578125,3.0,2.603574491789883,2.656604475511394,True,413,0.8445807770961146,0.4021047340164058,30.340719998639543,1.9356397025489234,2780,2048,2048,1048576,128,float32,512,2261,2048,2048,1048576,176.51052000001073,4.479285046624869,176.2116200014134,6.405219893039946,nan,nan,147.78433999890694,5.619140419326279,134.70838000066578,10.26337894438848,nan,nan,sift,sift,sift,bf_ratio,0.8
hpatches,i_tools,illumination,i_tools_1_to_6,1,6,D:\桌面\IACV\Assigment1\data\hpatches\i_tools\1.ppm,D:\桌面\IACV\Assigment1\data\hpatches\i_tools\6.ppm,172,2048,377,0.18408203125,3.0,4.303654855910107,2048,172,0,172,377,0.083984375,0.0,0.0,0.0,0.18408203125,3.0,nan,nan,True,68,0.3953488372093023,0.3807421148561142,31.70135999826016,0.6499224964500306,2780,2048,2048,1048576,128,float32,512,2367,2048,2048,1048576,176.51052000001073,4.479285046624869,176.2116200014134,6.405219893039946,nan,nan,158.6596399996779,7.12952422503498,141.32104000018444,7.543251877916407,nan,nan,sift,sift,sift,bf_ratio,0.8
hpatches,i_toy,illumination,i_toy_1_to_2,1,2,D:\桌面\IACV\Assigment1\data\hpatches\i_toy\1.ppm,D:\桌面\IACV\Assigment1\data\hpatches\i_toy\2.ppm,684,1176,787,0.66921768707483,3.0,0.2568847238644619,1176,684,666,18,787,0.5816326530612245,0.9736842105263158,0.5663265306122449,0.8462515883100381,0.66921768707483,3.0,0.39048757234252973,0.21865718237931578,True,666,0.9736842105263158,0.38953821041448705,12.211620001471601,0.6643791210404072,1176,1176,1176,602112,128,float32,512,1254,1254,1254,642048,47.53720000007888,1.3930569686007226,40.60233999916818,1.3987638497848294,nan,nan,46.54523999925004,3.6654711291393944,41.766060002555605,1.537259879037914,nan,nan,sift,sift,sift,bf_ratio,0.8
hpatches,i_toy,illumination,i_toy_1_to_3,1,3,D:\桌面\IACV\Assigment1\data\hpatches\i_toy\1.ppm,D:\桌面\IACV\Assigment1\data\hpatches\i_toy\3.ppm,549,1176,755,0.6420068027210885,3.0,0.3086181950008217,1176,549,525,24,755,0.46683673469387754,0.9562841530054644,0.44642857142857145,0.695364238410596,0.6420068027210885,3.0,0.48731422428294996,0.29481811827513366,True,523,0.9526411657559198,0.4689092219423767,12.701560001005419,0.8540625856125645,1176,1176,1176,602112,128,float32,512,1388,1388,1388,710656,47.53720000007888,1.3930569686007226,40.60233999916818,1.3987638497848294,nan,nan,42.46539999876404,1.5468847485709887,48.176799998327624,6.414976287473902,nan,nan,sift,sift,sift,bf_ratio,0.8
hpatches,i_toy,illumination,i_toy_1_to_4,1,4,D:\桌面\IACV\Assigment1\data\hpatches\i_toy\1.ppm,D:\桌面\IACV\Assigment1\data\hpatches\i_toy\4.ppm,344,1176,667,0.5671768707482994,3.0,0.260239040053657,1176,344,321,23,667,0.2925170068027211,0.9331395348837209,0.2729591836734694,0.48125937031484256,0.5671768707482994,3.0,0.5019716319185297,0.3580953423384512,True,321,0.9331395348837209,0.464983705156612,11.892700000316836,0.37103367478017657,1176,1176,1176,602112,128,float32,512,1370,1370,1370,701440,47.53720000007888,1.3930569686007226,40.60233999916818,1.3987638497848294,nan,nan,42.82907999877352,1.5943329765413123,43.67280000151368,0.8185498042787629,nan,nan,sift,sift,sift,bf_ratio,0.8
hpatches,i_toy,illumination,i_toy_1_to_5,1,5,D:\桌面\IACV\Assigment1\data\hpatches\i_toy\1.ppm,D:\桌面\IACV\Assigment1\data\hpatches\i_toy\5.ppm,176,1176,620,0.5272108843537415,3.0,0.5364882233303133,1176,176,160,16,620,0.14965986394557823,0.9090909090909091,0.1360544217687075,0.25806451612903225,0.5272108843537415,3.0,0.6455769387338238,0.5001231671206918,True,160,0.9090909090909091,0.5285449938741303,13.63926000194624,0.6834337733946761,1176,1176,1176,602112,128,float32,512,1431,1431,1431,732672,47.53720000007888,1.3930569686007226,40.60233999916818,1.3987638497848294,nan,nan,43.78415999963181,2.59218840096197,44.593580000218935,2.6654870134180757,nan,nan,sift,sift,sift,bf_ratio,0.8
hpatches,i_toy,illumination,i_toy_1_to_6,1,6,D:\桌面\IACV\Assigment1\data\hpatches\i_toy\1.ppm,D:\桌面\IACV\Assigment1\data\hpatches\i_toy\6.ppm,69,1176,493,0.4192176870748299,3.0,0.8494192184223446,1176,69,58,11,493,0.058673469387755105,0.8405797101449275,0.04931972789115646,0.11764705882352941,0.4192176870748299,3.0,0.8738466779759727,0.7905272735593504,True,58,0.8405797101449275,0.484159864525672,9.773419999692123,0.5104070914124587,1176,1176,1176,602112,128,float32,512,1114,1114,1114,570368,47.53720000007888,1.3930569686007226,40.60233999916818,1.3987638497848294,nan,nan,45.19897999998648,4.6043579664948675,41.97561999899335,2.8797541569694816,nan,nan,sift,sift,sift,bf_ratio,0.8
hpatches,i_troulos,illumination,i_troulos_1_to_2,1,2,D:\桌面\IACV\Assigment1\data\hpatches\i_troulos\1.ppm,D:\桌面\IACV\Assigment1\data\hpatches\i_troulos\2.ppm,129,706,198,0.2804532577903683,3.0,0.8756187058462792,706,129,96,33,198,0.18271954674220964,0.7441860465116279,0.1359773371104816,0.48484848484848486,0.2804532577903683,3.0,0.9170466131512404,0.7855790641164138,True,97,0.751937984496124,0.61061312750542,2.2867400009999983,0.045516310272434544,706,706,706,361472,128,float32,512,357,357,357,182784,51.539600000251085,2.241050906196397,53.393779999169055,2.6525102749446567,nan,nan,52.16966000152752,1.300953346135081,41.123840000364,2.2939217734924098,nan,nan,sift,sift,sift,bf_ratio,0.8
hpatches,i_troulos,illumination,i_troulos_1_to_3,1,3,D:\桌面\IACV\Assigment1\data\hpatches\i_troulos\1.ppm,D:\桌面\IACV\Assigment1\data\hpatches\i_troulos\3.ppm,103,706,162,0.22946175637393768,3.0,4.207132576528547,706,103,6,97,162,0.14589235127478753,0.05825242718446602,0.0084985835694051,0.037037037037037035,0.22946175637393768,3.0,2.69307723029608,2.731258926596725,True,67,0.6504854368932039,0.5853404064967378,2.4708400000235997,0.4219897352455416,706,706,706,361472,128,float32,512,486,486,486,248832,51.539600000251085,2.241050906196397,53.393779999169055,2.6525102749446567,nan,nan,55.864120002661366,3.3156530912453004,49.52444000082323,3.783652172761608,nan,nan,sift,sift,sift,bf_ratio,0.8
hpatches,i_troulos,illumination,i_troulos_1_to_4,1,4,D:\桌面\IACV\Assigment1\data\hpatches\i_troulos\1.ppm,D:\桌面\IACV\Assigment1\data\hpatches\i_troulos\4.ppm,301,706,427,0.6048158640226629,3.0,0.44460054090881745,706,301,266,35,427,0.4263456090651558,0.8837209302325582,0.37677053824362605,0.6229508196721312,0.6048158640226629,3.0,0.6384530580668055,0.5645833152279618,True,267,0.8870431893687708,0.5073359035005393,5.3047399982460774,0.24969589843247525,706,706,706,361472,128,float32,512,946,946,946,484352,51.539600000251085,2.241050906196397,53.393779999169055,2.6525102749446567,nan,nan,49.54816000390565,0.8354362271349836,57.225120000657625,4.93425977683512,nan,nan,sift,sift,sift,bf_ratio,0.8
hpatches,i_troulos,illumination,i_troulos_1_to_5,1,5,D:\桌面\IACV\Assigment1\data\hpatches\i_troulos\1.ppm,D:\桌面\IACV\Assigment1\data\hpatches\i_troulos\5.ppm,109,706,349,0.4943342776203966,3.0,0.9422204946555222,706,109,78,31,349,0.15439093484419264,0.7155963302752294,0.11048158640226628,0.22349570200573066,0.4943342776203966,3.0,1.028372978580519,1.0482764958077464,True,78,0.7155963302752294,0.4748589957759282,9.786640001402702,0.7352919015556095,706,706,706,361472,128,float32,512,1811,1811,1811,927232,51.539600000251085,2.241050906196397,53.393779999169055,2.6525102749446567,nan,nan,54.937119998794515,1.8097142952277827,58.55866000056267,5.000500925352529,nan,nan,sift,sift,sift,bf_ratio,0.8
hpatches,i_troulos,illumination,i_troulos_1_to_6,1,6,D:\桌面\IACV\Assigment1\data\hpatches\i_troulos\1.ppm,D:\桌面\IACV\Assigment1\data\hpatches\i_troulos\6.ppm,185,706,331,0.4688385269121813,3.0,1.8843485691529298,706,185,142,43,331,0.26203966005665724,0.7675675675675676,0.20113314447592068,0.42900302114803623,0.4688385269121813,3.0,1.7978834233621424,1.8318333409726324,True,146,0.7891891891891892,0.5489786405926844,4.703539998445194,0.3760545843170109,706,706,706,361472,128,float32,512,750,750,750,384000,51.539600000251085,2.241050906196397,53.393779999169055,2.6525102749446567,nan,nan,58.169080001243856,1.626872850630385,56.879159998788964,3.170518512505054,nan,nan,sift,sift,sift,bf_ratio,0.8
hpatches,i_veggies,illumination,i_veggies_1_to_2,1,2,D:\桌面\IACV\Assigment1\data\hpatches\i_veggies\1.ppm,D:\桌面\IACV\Assigment1\data\hpatches\i_veggies\2.ppm,1116,2048,1287,0.62841796875,3.0,0.14729082326752008,2048,1116,1076,40,1287,0.544921875,0.96415770609319,0.525390625,0.8360528360528361,0.62841796875,3.0,0.38481081478483153,0.22806442674433264,True,1076,0.96415770609319,0.38606461433955835,32.59641999902669,2.2188846477930917,2483,2048,2048,1048576,128,float32,512,2520,2048,2048,1048576,81.11277999851154,2.2384648309399404,78.98111999966204,5.053814995377135,nan,nan,81.65268000011565,2.8980737041819067,77.94321999972453,2.3808028713614076,nan,nan,sift,sift,sift,bf_ratio,0.8
hpatches,i_veggies,illumination,i_veggies_1_to_3,1,3,D:\桌面\IACV\Assigment1\data\hpatches\i_veggies\1.ppm,D:\桌面\IACV\Assigment1\data\hpatches\i_veggies\3.ppm,504,2048,977,0.47705078125,3.0,0.20505177563319946,2048,504,449,55,977,0.24609375,0.8908730158730159,0.21923828125,0.4595701125895599,0.47705078125,3.0,0.497394081429767,0.32249856824011836,True,448,0.8888888888888888,0.49804994672134034,31.78005999943707,0.9314517908028899,2483,2048,2048,1048576,128,float32,512,2272,2048,2048,1048576,81.11277999851154,2.2384648309399404,78.98111999966204,5.053814995377135,nan,nan,95.79091999912634,3.668901645717328,80.90731999836862,5.241215686814401,nan,nan,sift,sift,sift,bf_ratio,0.8
hpatches,i_veggies,illumination,i_veggies_1_to_4,1,4,D:\桌面\IACV\Assigment1\data\hpatches\i_veggies\1.ppm,D:\桌面\IACV\Assigment1\data\hpatches\i_veggies\4.ppm,521,2048,1049,0.51220703125,3.0,0.2541206792774835,2048,521,461,60,1049,0.25439453125,0.8848368522072937,0.22509765625,0.43946615824594853,0.51220703125,3.0,0.49477493323368493,0.33711078401494315,True,460,0.8829174664107485,0.49567451286605607,33.432759999413975,0.7082092232949425,2483,2048,2048,1048576,128,float32,512,2334,2048,2048,1048576,81.11277999851154,2.2384648309399404,78.98111999966204,5.053814995377135,nan,nan,79.02710000053048,3.464501196447898,75.00411999790231,1.676203303840529,nan,nan,sift,sift,sift,bf_ratio,0.8
hpatches,i_veggies,illumination,i_veggies_1_to_5,1,5,D:\桌面\IACV\Assigment1\data\hpatches\i_veggies\1.ppm,D:\桌面\IACV\Assigment1\data\hpatches\i_veggies\5.ppm,147,2048,767,0.37451171875,3.0,0.6520897433784136,2048,147,75,72,767,0.07177734375,0.5102040816326531,0.03662109375,0.09778357235984354,0.37451171875,3.0,0.6885820190479933,0.442009195446387,True,75,0.5102040816326531,0.697342913813208,32.92742000048747,1.3508889072330117,2483,2048,2048,1048576,128,float32,512,2196,2048,2048,1048576,81.11277999851154,2.2384648309399404,78.98111999966204,5.053814995377135,nan,nan,78.55127999937395,2.6195884243795935,81.98911999788834,3.681372492853194,nan,nan,sift,sift,sift,bf_ratio,0.8
hpatches,i_veggies,illumination,i_veggies_1_to_6,1,6,D:\桌面\IACV\Assigment1\data\hpatches\i_veggies\1.ppm,D:\桌面\IACV\Assigment1\data\hpatches\i_veggies\6.ppm,137,2048,716,0.349609375,3.0,0.6500605661699858,2048,137,60,77,716,0.06689453125,0.43795620437956206,0.029296875,0.08379888268156424,0.349609375,3.0,0.5965411810031847,0.3492747613278455,True,60,0.43795620437956206,0.6068784787273883,32.26743999985047,0.5875680861828497,2483,2048,2048,1048576,128,float32,512,2117,2048,2048,1048576,81.11277999851154,2.2384648309399404,78.98111999966204,5.053814995377135,nan,nan,78.78487999987556,4.234245896637748,77.61574000032851,2.9166271742853604,nan,nan,sift,sift,sift,bf_ratio,0.8
hpatches,i_village,illumination,i_village_1_to_2,1,2,D:\桌面\IACV\Assigment1\data\hpatches\i_village\1.ppm,D:\桌面\IACV\Assigment1\data\hpatches\i_village\2.ppm,104,1707,365,0.21382542472173405,3.0,0.5091611320705918,1707,104,82,22,365,0.06092560046865846,0.7884615384615384,0.04803749267721148,0.22465753424657534,0.21382542472173405,3.0,0.6178106137055879,0.45948974631305656,True,83,0.7980769230769231,0.6469087123912884,14.87776000140002,0.906221278695111,1707,1707,1707,873984,128,float32,512,1055,1055,1055,540160,41.768800001591444,1.3860393030335068,49.2160599984345,1.5459428744034014,nan,nan,41.40659999975469,1.9247133193929475,45.56190000002971,1.066588763271981,nan,nan,sift,sift,sift,bf_ratio,0.8
hpatches,i_village,illumination,i_village_1_to_3,1,3,D:\桌面\IACV\Assigment1\data\hpatches\i_village\1.ppm,D:\桌面\IACV\Assigment1\data\hpatches\i_village\3.ppm,93,1707,465,0.27240773286467485,3.0,0.9402282022727115,1707,93,70,23,465,0.054481546572934976,0.7526881720430108,0.041007615700058585,0.15053763440860216,0.27240773286467485,3.0,0.8150006810678082,0.7004076482645978,True,70,0.7526881720430108,0.816669319872386,22.640279999177437,0.7018902503889121,1707,1707,1707,873984,128,float32,512,1491,1491,1491,763392,41.768800001591444,1.3860393030335068,49.2160599984345,1.5459428744034014,nan,nan,49.409219999506604,2.070688333062993,54.239960000268184,1.338927512191103,nan,nan,sift,sift,sift,bf_ratio,0.8
hpatches,i_village,illumination,i_village_1_to_4,1,4,D:\桌面\IACV\Assigment1\data\hpatches\i_village\1.ppm,D:\桌面\IACV\Assigment1\data\hpatches\i_village\4.ppm,97,1707,414,0.24253075571177504,3.0,0.9550732970851696,1707,97,71,26,414,0.056824838898652606,0.7319587628865979,0.04159343878148799,0.17149758454106281,0.24253075571177504,3.0,0.8023164114090633,0.6502091482864157,True,71,0.7319587628865979,0.7365543347454351,19.669019999855664,1.0582151056156361,1707,1707,1707,873984,128,float32,512,1297,1297,1297,664064,41.768800001591444,1.3860393030335068,49.2160599984345,1.5459428744034014,nan,nan,51.73221999866655,3.8999751654589088,55.96978000103263,2.0286493966733268,nan,nan,sift,sift,sift,bf_ratio,0.8
hpatches,i_village,illumination,i_village_1_to_5,1,5,D:\桌面\IACV\Assigment1\data\hpatches\i_village\1.ppm,D:\桌面\IACV\Assigment1\data\hpatches\i_village\5.ppm,469,1707,706,0.4135910954891623,3.0,0.7810424107222745,1707,469,444,25,706,0.2747510251903925,0.9466950959488273,0.2601054481546573,0.6288951841359773,0.4135910954891623,3.0,0.5500790267062805,0.3876002093335933,True,444,0.9466950959488273,0.5544808246077548,26.489000000583474,1.1926625813711116,1707,1707,1707,873984,128,float32,512,1790,1790,1790,916480,41.768800001591444,1.3860393030335068,49.2160599984345,1.5459428744034014,nan,nan,50.75635999819497,1.9468579324191888,59.79349999979604,3.7340409781676596,nan,nan,sift,sift,sift,bf_ratio,0.8
hpatches,i_village,illumination,i_village_1_to_6,1,6,D:\桌面\IACV\Assigment1\data\hpatches\i_village\1.ppm,D:\桌面\IACV\Assigment1\data\hpatches\i_village\6.ppm,114,1707,445,0.2606912712360867,3.0,1.3737800956714397,1707,114,84,30,445,0.06678383128295255,0.7368421052631579,0.0492091388400703,0.18876404494382024,0.2606912712360867,3.0,0.8258395763640045,0.6687374869231473,True,87,0.7631578947368421,0.9095433287381295,20.454780000727624,0.836499570628793,1707,1707,1707,873984,128,float32,512,1504,1504,1504,770048,41.768800001591444,1.3860393030335068,49.2160599984345,1.5459428744034014,nan,nan,54.183780001767445,6.649018504147043,49.97919999877922,1.911587284148265,nan,nan,sift,sift,sift,bf_ratio,0.8
hpatches,i_whitebuilding,illumination,i_whitebuilding_1_to_2,1,2,D:\桌面\IACV\Assigment1\data\hpatches\i_whitebuilding\1.ppm,D:\桌面\IACV\Assigment1\data\hpatches\i_whitebuilding\2.ppm,967,1750,1062,0.6068571428571429,3.0,0.15842270589506757,1750,967,909,58,1062,0.5525714285714286,0.9400206825232679,0.5194285714285715,0.8559322033898306,0.6068571428571429,3.0,0.3527338218765503,0.260099511933043,True,908,0.9389865563598759,0.3137646340008223,22.97734000167111,0.26184712230283635,1750,1750,1750,896000,128,float32,512,1661,1661,1661,850432,489.6774400011054,13.830851127976674,398.516880000534,24.59721140374936,nan,nan,508.7420599986217,54.17170182705314,403.75874000019394,41.20415291399422,nan,nan,sift,sift,sift,bf_ratio,0.8
hpatches,i_whitebuilding,illumination,i_whitebuilding_1_to_3,1,3,D:\桌面\IACV\Assigment1\data\hpatches\i_whitebuilding\1.ppm,D:\桌面\IACV\Assigment1\data\hpatches\i_whitebuilding\3.ppm,654,1750,776,0.44342857142857145,3.0,0.29349880956180385,1750,654,581,73,776,0.3737142857142857,0.8883792048929664,0.332,0.7487113402061856,0.44342857142857145,3.0,0.5384304535751794,0.4173957649545381,True,580,0.8868501529051988,0.46733766619783834,20.136019999335986,1.1607413142416825,1750,1750,1750,896000,128,float32,512,1504,1504,1504,770048,489.6774400011054,13.830851127976674,398.516880000534,24.59721140374936,nan,nan,495.09432000049856,17.4732169533869,389.7829199981061,29.072640620633734,nan,nan,sift,sift,sift,bf_ratio,0.8
hpatches,i_whitebuilding,illumination,i_whitebuilding_1_to_4,1,4,D:\桌面\IACV\Assigment1\data\hpatches\i_whitebuilding\1.ppm,D:\桌面\IACV\Assigment1\data\hpatches\i_whitebuilding\4.ppm,352,1750,496,0.2834285714285714,3.0,0.34641260126174356,1750,352,272,80,496,0.20114285714285715,0.7727272727272727,0.15542857142857142,0.5483870967741935,0.2834285714285714,3.0,0.6178120965646263,0.38231691468260004,True,270,0.7670454545454546,0.5883573248364213,20.202939998125657,1.357907608901804,1750,1750,1750,896000,128,float32,512,1487,1487,1487,761344,489.6774400011054,13.830851127976674,398.516880000534,24.59721140374936,nan,nan,457.23826000175904,8.773193727780109,405.50724000204355,20.561591989716696,nan,nan,sift,sift,sift,bf_ratio,0.8
hpatches,i_whitebuilding,illumination,i_whitebuilding_1_to_5,1,5,D:\桌面\IACV\Assigment1\data\hpatches\i_whitebuilding\1.ppm,D:\桌面\IACV\Assigment1\data\hpatches\i_whitebuilding\5.ppm,358,1750,543,0.3102857142857143,3.0,0.45908909635183154,1750,358,256,102,543,0.20457142857142857,0.7150837988826816,0.1462857142857143,0.4714548802946593,0.3102857142857143,3.0,0.711981973611437,0.49364799749542243,True,255,0.7122905027932961,0.673532063985325,25.359439999738242,0.37261243947662753,1750,1750,1750,896000,128,float32,512,1705,1705,1705,872960,489.6774400011054,13.830851127976674,398.516880000534,24.59721140374936,nan,nan,488.1520399969304,9.84232463125193,486.7714599997271,42.9292289022621,nan,nan,sift,sift,sift,bf_ratio,0.8
hpatches,i_whitebuilding,illumination,i_whitebuilding_1_to_6,1,6,D:\桌面\IACV\Assigment1\data\hpatches\i_whitebuilding\1.ppm,D:\桌面\IACV\Assigment1\data\hpatches\i_whitebuilding\6.ppm,332,1750,601,0.3434285714285714,3.0,0.5431461083936,1750,332,244,88,601,0.18971428571428572,0.7349397590361446,0.13942857142857143,0.4059900166389351,0.3434285714285714,3.0,0.6673969859512338,0.4941400927834533,True,245,0.7379518072289156,0.6375885907276813,28.097159997560084,1.5456443061916443,1750,1750,1750,896000,128,float32,512,2165,2048,2048,1048576,489.6774400011054,13.830851127976674,398.516880000534,24.59721140374936,nan,nan,503.84612000052584,42.462410884709136,429.8011199993198,22.09280205243447,nan,nan,sift,sift,sift,bf_ratio,0.8
hpatches,i_yellowtent,illumination,i_yellowtent_1_to_2,1,2,D:\桌面\IACV\Assigment1\data\hpatches\i_yellowtent\1.ppm,D:\桌面\IACV\Assigment1\data\hpatches\i_yellowtent\2.ppm,1067,2048,1351,0.65966796875,3.0,0.19290241932490293,2048,1067,986,81,1351,0.52099609375,0.9240862230552952,0.4814453125,0.7298297557364914,0.65966796875,3.0,0.4307952811483497,0.2449967548311099,True,986,0.9240862230552952,0.4413843119453162,34.713019999617245,1.2115904898336334,3238,2048,2048,1048576,128,float32,512,3331,2048,2048,1048576,91.65688000066439,2.431732274548624,94.4154199998593,2.6746215366166584,nan,nan,98.66400000173599,5.856179962544993,94.30801999988034,6.271737342206798,nan,nan,sift,sift,sift,bf_ratio,0.8
hpatches,i_yellowtent,illumination,i_yellowtent_1_to_3,1,3,D:\桌面\IACV\Assigment1\data\hpatches\i_yellowtent\1.ppm,D:\桌面\IACV\Assigment1\data\hpatches\i_yellowtent\3.ppm,494,2048,942,0.4599609375,3.0,0.31930156642842167,2048,494,411,83,942,0.2412109375,0.8319838056680162,0.20068359375,0.43630573248407645,0.4599609375,3.0,0.5727627267951082,0.33208080651206606,True,413,0.8360323886639676,0.621675239024439,31.771060000755824,1.3464303717755388,3238,2048,2048,1048576,128,float32,512,3019,2048,2048,1048576,91.65688000066439,2.431732274548624,94.4154199998593,2.6746215366166584,nan,nan,96.40950000029989,6.730886272416534,79.20759999833535,3.161129307444754,nan,nan,sift,sift,sift,bf_ratio,0.8
hpatches,i_yellowtent,illumination,i_yellowtent_1_to_4,1,4,D:\桌面\IACV\Assigment1\data\hpatches\i_yellowtent\1.ppm,D:\桌面\IACV\Assigment1\data\hpatches\i_yellowtent\4.ppm,200,2048,639,0.31201171875,3.0,0.4169545582638739,2048,200,125,75,639,0.09765625,0.625,0.06103515625,0.19561815336463223,0.31201171875,3.0,0.5776097340768294,0.33056733441275366,True,126,0.63,0.623523229953586,32.72917999711353,0.9912930603639727,3238,2048,2048,1048576,128,float32,512,2296,2048,2048,1048576,91.65688000066439,2.431732274548624,94.4154199998593,2.6746215366166584,nan,nan,80.1017599995248,4.229845488853582,74.2593399976613,1.894099577224478,nan,nan,sift,sift,sift,bf_ratio,0.8
hpatches,i_yellowtent,illumination,i_yellowtent_1_to_5,1,5,D:\桌面\IACV\Assigment1\data\hpatches\i_yellowtent\1.ppm,D:\桌面\IACV\Assigment1\data\hpatches\i_yellowtent\5.ppm,324,2048,920,0.44921875,3.0,0.4156830506554911,2048,324,238,86,920,0.158203125,0.7345679012345679,0.1162109375,0.25869565217391305,0.44921875,3.0,0.6005910753154836,0.38095772269821315,True,238,0.7345679012345679,0.6054992374758831,31.918059999588877,1.40844460754204,3238,2048,2048,1048576,128,float32,512,2965,2048,2048,1048576,91.65688000066439,2.431732274548624,94.4154199998593,2.6746215366166584,nan,nan,81.02327999949921,3.6389894834757546,75.41796000150498,2.5448358699896763,nan,nan,sift,sift,sift,bf_ratio,0.8
hpatches,i_yellowtent,illumination,i_yellowtent_1_to_6,1,6,D:\桌面\IACV\Assigment1\data\hpatches\i_yellowtent\1.ppm,D:\桌面\IACV\Assigment1\data\hpatches\i_yellowtent\6.ppm,180,2048,717,0.35009765625,3.0,0.7715463838587604,2048,180,107,73,717,0.087890625,0.5944444444444444,0.05224609375,0.1492329149232915,0.35009765625,3.0,0.7669475152659264,0.5143359618202518,True,107,0.5944444444444444,0.7426583462385272,30.38337999896612,1.5394058339076389,3238,2048,2048,1048576,128,float32,512,2684,2048,2048,1048576,91.65688000066439,2.431732274548624,94.4154199998593,2.6746215366166584,nan,nan,80.06432000256609,1.8667029240616886,80.21159999916563,6.342354220155952,nan,nan,sift,sift,sift,bf_ratio,0.8
hpatches,i_zion,illumination,i_zion_1_to_2,1,2,D:\桌面\IACV\Assigment1\data\hpatches\i_zion\1.ppm,D:\桌面\IACV\Assigment1\data\hpatches\i_zion\2.ppm,638,2048,963,0.47021484375,3.0,0.4428642881608494,2048,638,622,16,963,0.3115234375,0.9749216300940439,0.3037109375,0.6458982346832814,0.47021484375,3.0,0.6816585915662741,0.5815866759756,True,623,0.9764890282131662,0.5167508949038765,33.74060000060126,1.2124119894991756,3927,2048,2048,1048576,128,float32,512,4998,2048,2048,1048576,144.23961999855237,7.426878692905459,118.90873999946052,12.465351634784234,nan,nan,140.86730000126408,13.670019537414626,134.88262000173563,5.480848642619192,nan,nan,sift,sift,sift,bf_ratio,0.8
hpatches,i_zion,illumination,i_zion_1_to_3,1,3,D:\桌面\IACV\Assigment1\data\hpatches\i_zion\1.ppm,D:\桌面\IACV\Assigment1\data\hpatches\i_zion\3.ppm,197,2048,595,0.29052734375,3.0,1.0006537061261878,2048,197,171,26,595,0.09619140625,0.868020304568528,0.08349609375,0.28739495798319326,0.29052734375,3.0,1.0426464881612703,0.929077872683381,True,171,0.868020304568528,0.669400448190204,31.250379998527933,2.1085478409561706,3927,2048,2048,1048576,128,float32,512,6549,2048,2048,1048576,144.23961999855237,7.426878692905459,118.90873999946052,12.465351634784234,nan,nan,155.85265999689,8.856724369615272,135.68856000056257,9.44196336809207,nan,nan,sift,sift,sift,bf_ratio,0.8
hpatches,i_zion,illumination,i_zion_1_to_4,1,4,D:\桌面\IACV\Assigment1\data\hpatches\i_zion\1.ppm,D:\桌面\IACV\Assigment1\data\hpatches\i_zion\4.ppm,118,2048,561,0.27392578125,3.0,1.3255860661613252,2048,118,91,27,561,0.0576171875,0.7711864406779662,0.04443359375,0.1622103386809269,0.27392578125,3.0,1.114817268208447,1.0870133399180193,True,94,0.7966101694915254,0.7226347651441151,31.15484000009019,0.8188696411466293,3927,2048,2048,1048576,128,float32,512,4603,2048,2048,1048576,144.23961999855237,7.426878692905459,118.90873999946052,12.465351634784234,nan,nan,128.07031999982428,11.2008246486251,106.93060000048717,2.0287290380169454,nan,nan,sift,sift,sift,bf_ratio,0.8
hpatches,i_zion,illumination,i_zion_1_to_5,1,5,D:\桌面\IACV\Assigment1\data\hpatches\i_zion\1.ppm,D:\桌面\IACV\Assigment1\data\hpatches\i_zion\5.ppm,63,2048,435,0.21240234375,3.0,3.24952067569271,2048,63,36,27,435,0.03076171875,0.5714285714285714,0.017578125,0.08275862068965517,0.21240234375,3.0,0.9725463699263863,0.984432048561575,True,38,0.6031746031746031,0.7076760093544503,32.51367999910144,3.2260458775083847,3927,2048,2048,1048576,128,float32,512,3421,2048,2048,1048576,144.23961999855237,7.426878692905459,118.90873999946052,12.465351634784234,nan,nan,116.173819998221,6.572259640587521,107.7545599982841,2.588205617375598,nan,nan,sift,sift,sift,bf_ratio,0.8
hpatches,i_zion,illumination,i_zion_1_to_6,1,6,D:\桌面\IACV\Assigment1\data\hpatches\i_zion\1.ppm,D:\桌面\IACV\Assigment1\data\hpatches\i_zion\6.ppm,36,2048,271,0.13232421875,3.0,13.615117089042407,2048,36,12,24,271,0.017578125,0.3333333333333333,0.005859375,0.04428044280442804,0.13232421875,3.0,1.33878413665832,1.1705017904596056,True,11,0.3055555555555556,0.3135985402061819,19.222660001832992,1.3242729629526553,3927,2048,2048,1048576,128,float32,512,1251,1251,1251,640512,144.23961999855237,7.426878692905459,118.90873999946052,12.465351634784234,nan,nan,119.25682000000961,4.274492439563808,93.20324000000255,2.8832943226303973,nan,nan,sift,sift,sift,bf_ratio,0.8
hpatches,v_abstract,viewpoint,v_abstract_1_to_2,1,2,D:\桌面\IACV\Assigment1\data\hpatches\v_abstract\1.ppm,D:\桌面\IACV\Assigment1\data\hpatches\v_abstract\2.ppm,815,1868,985,0.5273019271948608,3.0,0.7001691652853649,1868,809,708,101,985,0.4330835117773019,0.8751545117428925,0.37901498929336186,0.7187817258883249,0.5273019271948608,3.0,0.8050844424904382,0.663078440527511,True,707,0.8674846625766871,0.762619774625149,35.44223999924725,0.913464910796583,4021,2048,2048,1048576,128,float32,512,3649,2048,2048,1048576,219.5272799974191,11.700795128191022,147.96045999828493,1.2096479070349637,nan,nan,177.57715999905486,2.17296076129992,180.30795999948168,16.475885982836076,nan,nan,sift,sift,sift,bf_ratio,0.8
hpatches,v_abstract,viewpoint,v_abstract_1_to_3,1,3,D:\桌面\IACV\Assigment1\data\hpatches\v_abstract\1.ppm,D:\桌面\IACV\Assigment1\data\hpatches\v_abstract\3.ppm,673,1926,891,0.46261682242990654,3.0,0.8253238230085527,1926,670,559,111,891,0.34787123572170303,0.8343283582089552,0.29023883696780894,0.6273849607182941,0.46261682242990654,3.0,0.9054123123779498,0.7744057626615168,True,556,0.826151560178306,0.8495663612938935,32.40294000133872,2.1363775439386528,4021,2048,2048,1048576,128,float32,512,4145,2048,2048,1048576,219.5272799974191,11.700795128191022,147.96045999828493,1.2096479070349637,nan,nan,229.815800000506,13.449440723011792,178.85830000013812,6.004951777540975,nan,nan,sift,sift,sift,bf_ratio,0.8
hpatches,v_abstract,viewpoint,v_abstract_1_to_4,1,4,D:\桌面\IACV\Assigment1\data\hpatches\v_abstract\1.ppm,D:\桌面\IACV\Assigment1\data\hpatches\v_abstract\4.ppm,303,1840,487,0.26467391304347826,3.0,3.429322351980907,1840,289,171,118,487,0.15706521739130436,0.5916955017301038,0.09293478260869566,0.351129363449692,0.26467391304347826,3.0,1.312123592866337,1.2341004550061065,True,196,0.6468646864686468,1.059051597498192,33.239820002927445,1.3633405678586097,4021,2048,2048,1048576,128,float32,512,4076,2048,2048,1048576,219.5272799974191,11.700795128191022,147.96045999828493,1.2096479070349637,nan,nan,182.0659400007571,6.3688244907465315,155.57255999883637,4.585938278615922,nan,nan,sift,sift,sift,bf_ratio,0.8
hpatches,v_abstract,viewpoint,v_abstract_1_to_5,1,5,D:\桌面\IACV\Assigment1\data\hpatches\v_abstract\1.ppm,D:\桌面\IACV\Assigment1\data\hpatches\v_abstract\5.ppm,563,1799,736,0.4091161756531406,3.0,0.7500830402358815,1799,544,386,158,736,0.3023902167871039,0.7095588235294118,0.21456364647026124,0.5244565217391305,0.4091161756531406,3.0,1.2850917948195628,1.2011260349824218,True,367,0.6518650088809946,1.0525037314619436,32.27271999930963,2.812828930355919,4021,2048,2048,1048576,128,float32,512,3561,2048,2048,1048576,219.5272799974191,11.700795128191022,147.96045999828493,1.2096479070349637,nan,nan,190.85835999867413,5.723342883619425,173.95395999774337,21.65785304098107,nan,nan,sift,sift,sift,bf_ratio,0.8
hpatches,v_abstract,viewpoint,v_abstract_1_to_6,1,6,D:\桌面\IACV\Assigment1\data\hpatches\v_abstract\1.ppm,D:\桌面\IACV\Assigment1\data\hpatches\v_abstract\6.ppm,297,1844,492,0.2668112798264642,3.0,5.239926581543756,1844,289,117,172,492,0.15672451193058567,0.40484429065743943,0.06344902386117136,0.23780487804878048,0.2668112798264642,3.0,1.5180949906972774,1.4880803923031374,True,132,0.4444444444444444,1.3931384662794564,31.542060000356287,0.9613410899507546,4021,2048,2048,1048576,128,float32,512,3246,2048,2048,1048576,219.5272799974191,11.700795128191022,147.96045999828493,1.2096479070349637,nan,nan,177.44341999932658,2.989851188417015,148.24117999960436,5.6363138942807005,nan,nan,sift,sift,sift,bf_ratio,0.8
hpatches,v_adam,viewpoint,v_adam_1_to_2,1,2,D:\桌面\IACV\Assigment1\data\hpatches\v_adam\1.ppm,D:\桌面\IACV\Assigment1\data\hpatches\v_adam\2.ppm,267,642,300,0.4672897196261682,3.0,0.8939262991060297,642,267,258,9,300,0.4158878504672897,0.9662921348314607,0.40186915887850466,0.86,0.4672897196261682,3.0,0.8411017732262916,0.7753361604614959,True,258,0.9662921348314607,0.7108875401416459,2.2165400005178526,0.32300191633872855,642,642,642,328704,128,float32,512,432,432,432,221184,42.53207999863662,3.580502092809983,34.953700001642574,1.6787488978917626,nan,nan,43.20186000113608,2.8298974715534886,34.2015000001993,0.7797467164815252,nan,nan,sift,sift,sift,bf_ratio,0.8
hpatches,v_adam,viewpoint,v_adam_1_to_3,1,3,D:\桌面\IACV\Assigment1\data\hpatches\v_adam\1.ppm,D:\桌面\IACV\Assigment1\data\hpatches\v_adam\3.ppm,196,642,226,0.35202492211838005,3.0,1.3433446335035562,642,196,189,7,226,0.3052959501557632,0.9642857142857143,0.29439252336448596,0.8362831858407079,0.35202492211838005,3.0,1.0130018039628514,0.9483182520557476,True,189,0.9642857142857143,1.030209997033811,1.84667999856174,0.24667133896634408,642,642,642,328704,128,float32,512,318,318,318,162816,42.53207999863662,3.580502092809983,34.953700001642574,1.6787488978917626,nan,nan,44.687239997438155,1.2661786003320619,38.47517999820411,1.210929188474377,nan,nan,sift,sift,sift,bf_ratio,0.8
hpatches,v_adam,viewpoint,v_adam_1_to_4,1,4,D:\桌面\IACV\Assigment1\data\hpatches\v_adam\1.ppm,D:\桌面\IACV\Assigment1\data\hpatches\v_adam\4.ppm,81,642,158,0.24610591900311526,3.0,3.0676483941385895,642,81,63,18,158,0.1261682242990654,0.7777777777777778,0.09813084112149532,0.3987341772151899,0.24610591900311526,3.0,1.4192387233190822,1.5039030711668577,True,62,0.7654320987654321,1.076164276474462,1.6120999993290752,0.24915183330386095,642,642,642,328704,128,float32,512,290,290,290,148480,42.53207999863662,3.580502092809983,34.953700001642574,1.6787488978917626,nan,nan,40.266259998315945,2.092977658006754,37.29128000122728,4.756280703337904,nan,nan,sift,sift,sift,bf_ratio,0.8
hpatches,v_adam,viewpoint,v_adam_1_to_5,1,5,D:\桌面\IACV\Assigment1\data\hpatches\v_adam\1.ppm,D:\桌面\IACV\Assigment1\data\hpatches\v_adam\5.ppm,166,642,224,0.34890965732087226,3.0,1.5373148331206807,642,166,155,11,224,0.2585669781931464,0.9337349397590361,0.24143302180685358,0.6919642857142857,0.34890965732087226,3.0,1.093818421433129,1.03339975102505,True,156,0.9397590361445783,0.9259572712068748,1.8703200010349974,0.27033175386266556,642,642,642,328704,128,float32,512,318,318,318,162816,42.53207999863662,3.580502092809983,34.953700001642574,1.6787488978917626,nan,nan,47.997319998103194,5.433679572098129,42.37373999931151,3.1139307588593326,nan,nan,sift,sift,sift,bf_ratio,0.8
hpatches,v_adam,viewpoint,v_adam_1_to_6,1,6,D:\桌面\IACV\Assigment1\data\hpatches\v_adam\1.ppm,D:\桌面\IACV\Assigment1\data\hpatches\v_adam\6.ppm,142,642,195,0.3037383177570093,3.0,2.476936045523776,642,142,124,18,195,0.22118380062305296,0.8732394366197183,0.19314641744548286,0.6358974358974359,0.3037383177570093,3.0,1.3028196139926504,1.1307245327716218,True,122,0.8591549295774648,1.1627883837867106,1.472339998872485,0.2852466903965683,642,642,642,328704,128,float32,512,291,291,291,148992,42.53207999863662,3.580502092809983,34.953700001642574,1.6787488978917626,nan,nan,45.35843999765348,5.423470458267866,33.47820000053616,1.6532947082750502,nan,nan,sift,sift,sift,bf_ratio,0.8
hpatches,v_apprentices,viewpoint,v_apprentices_1_to_2,1,2,D:\桌面\IACV\Assigment1\data\hpatches\v_apprentices\1.ppm,D:\桌面\IACV\Assigment1\data\hpatches\v_apprentices\2.ppm,1237,2046,1290,0.6304985337243402,3.0,0.6996647182710732,2046,1237,1200,37,1290,0.604594330400782,0.9700889248181084,0.5865102639296188,0.9302325581395349,0.6304985337243402,3.0,0.3606441736992839,0.29593259029983676,True,1200,0.9700889248181084,0.33161251785150203,33.40409999946132,1.3648952961030554,10023,2048,2048,1048576,128,float32,512,9097,2048,2048,1048576,244.5638200006215,7.531958569079928,193.3409399993252,8.945212617342204,nan,nan,222.55538000172237,7.920647260076605,179.21343999914825,9.79786599707535,nan,nan,sift,sift,sift,bf_ratio,0.8
hpatches,v_apprentices,viewpoint,v_apprentices_1_to_3,1,3,D:\桌面\IACV\Assigment1\data\hpatches\v_apprentices\1.ppm,D:\桌面\IACV\Assigment1\data\hpatches\v_apprentices\3.ppm,889,2012,1112,0.5526838966202783,3.0,2.6068555075717073,2012,888,833,55,1112,0.441351888667992,0.9380630630630631,0.4140159045725646,0.7491007194244604,0.5526838966202783,3.0,0.8420012136107901,0.743201576903572,True,828,0.9313835770528683,0.7427297614018458,31.848379998700693,1.1081047613089268,10023,2048,2048,1048576,128,float32,512,9396,2048,2048,1048576,244.5638200006215,7.531958569079928,193.3409399993252,8.945212617342204,nan,nan,248.3265400005621,16.497236728707286,175.72741999902064,4.738204694319458,nan,nan,sift,sift,sift,bf_ratio,0.8
hpatches,v_apprentices,viewpoint,v_apprentices_1_to_4,1,4,D:\桌面\IACV\Assigment1\data\hpatches\v_apprentices\1.ppm,D:\桌面\IACV\Assigment1\data\hpatches\v_apprentices\4.ppm,469,1998,901,0.45095095095095095,3.0,2.546054942745302,1998,469,398,71,901,0.23473473473473475,0.8486140724946695,0.1991991991991992,0.44173140954495005,0.45095095095095095,3.0,0.9939876396693077,0.8576576978330561,True,400,0.8528784648187633,0.8360217237887949,33.4430600021733,1.1894765378569017,10023,2048,2048,1048576,128,float32,512,6596,2048,2048,1048576,244.5638200006215,7.531958569079928,193.3409399993252,8.945212617342204,nan,nan,235.87725999823306,31.27852537771904,172.39126000058604,8.539444324953388,nan,nan,sift,sift,sift,bf_ratio,0.8
hpatches,v_apprentices,viewpoint,v_apprentices_1_to_5,1,5,D:\桌面\IACV\Assigment1\data\hpatches\v_apprentices\1.ppm,D:\桌面\IACV\Assigment1\data\hpatches\v_apprentices\5.ppm,295,1996,845,0.42334669338677355,3.0,3.0454681922198286,1996,292,217,75,845,0.1462925851703407,0.7431506849315068,0.10871743486973948,0.25680473372781065,0.42334669338677355,3.0,1.1359211089209462,0.9240764206421551,True,219,0.7423728813559322,0.9477980172186647,34.37768000148935,1.613680714574525,10023,2048,2048,1048576,128,float32,512,6511,2048,2048,1048576,244.5638200006215,7.531958569079928,193.3409399993252,8.945212617342204,nan,nan,231.9997799990233,11.195965415094289,206.0148200020194,5.906327187635385,nan,nan,sift,sift,sift,bf_ratio,0.8
hpatches,v_apprentices,viewpoint,v_apprentices_1_to_6,1,6,D:\桌面\IACV\Assigment1\data\hpatches\v_apprentices\1.ppm,D:\桌面\IACV\Assigment1\data\hpatches\v_apprentices\6.ppm,326,2040,845,0.41421568627450983,3.0,2.1935062437026565,2040,326,254,72,845,0.15980392156862744,0.7791411042944786,0.12450980392156863,0.3005917159763314,0.41421568627450983,3.0,1.1030988572805722,0.9535144447346249,True,254,0.7791411042944786,0.9427727005657607,30.477940000128,1.3460542798938182,10023,2048,2048,1048576,128,float32,512,5504,2048,2048,1048576,244.5638200006215,7.531958569079928,193.3409399993252,8.945212617342204,nan,nan,213.2300799989025,15.304376274035397,173.80014000227675,10.447224653355462,nan,nan,sift,sift,sift,bf_ratio,0.8
hpatches,v_artisans,viewpoint,v_artisans_1_to_2,1,2,D:\桌面\IACV\Assigment1\data\hpatches\v_artisans\1.ppm,D:\桌面\IACV\Assigment1\data\hpatches\v_artisans\2.ppm,283,2048,475,0.23193359375,3.0,0.6819243939630407,2048,283,259,24,475,0.13818359375,0.9151943462897526,0.12646484375,0.5452631578947369,0.23193359375,3.0,0.5805083940102561,0.46991898531895465,True,260,0.9187279151943463,0.4411210234570634,33.50561999977799,0.9105006062905888,17804,2048,2048,1048576,128,float32,512,5434,2048,2048,1048576,272.27590000111377,14.28891455382443,207.3614200024167,22.83647235695915,nan,nan,120.1746999999159,8.183104821471039,99.90069999912521,2.5430118372167767,nan,nan,sift,sift,sift,bf_ratio,0.8
hpatches,v_artisans,viewpoint,v_artisans_1_to_3,1,3,D:\桌面\IACV\Assigment1\data\hpatches\v_artisans\1.ppm,D:\桌面\IACV\Assigment1\data\hpatches\v_artisans\3.ppm,263,2046,498,0.2434017595307918,3.0,1.6547752105294153,2046,263,234,29,498,0.12854349951124144,0.8897338403041825,0.11436950146627566,0.46987951807228917,0.2434017595307918,3.0,0.7607152719940679,0.6366018539217876,True,236,0.8973384030418251,0.6060491182478144,32.00803999934578,0.8785919329768771,17804,2048,2048,1048576,128,float32,512,6046,2048,2048,1048576,272.27590000111377,14.28891455382443,207.3614200024167,22.83647235695915,nan,nan,127.68614000233356,4.551838523417519,103.32817999878898,4.804190268846617,nan,nan,sift,sift,sift,bf_ratio,0.8
hpatches,v_artisans,viewpoint,v_artisans_1_to_4,1,4,D:\桌面\IACV\Assigment1\data\hpatches\v_artisans\1.ppm,D:\桌面\IACV\Assigment1\data\hpatches\v_artisans\4.ppm,514,1640,646,0.39390243902439026,3.0,4.579487844952817,1640,510,487,23,646,0.31097560975609756,0.9549019607843138,0.2969512195121951,0.7538699690402477,0.39390243902439026,3.0,0.7451388187489274,0.6922663469047073,True,486,0.9455252918287937,0.5959026929014669,35.880960000213236,1.0226014995628556,17804,2048,2048,1048576,128,float32,512,6767,2048,2048,1048576,272.27590000111377,14.28891455382443,207.3614200024167,22.83647235695915,nan,nan,130.4922399998759,4.324222079634076,119.67661999951815,6.066552283288961,nan,nan,sift,sift,sift,bf_ratio,0.8
hpatches,v_artisans,viewpoint,v_artisans_1_to_5,1,5,D:\桌面\IACV\Assigment1\data\hpatches\v_artisans\1.ppm,D:\桌面\IACV\Assigment1\data\hpatches\v_artisans\5.ppm,96,1017,216,0.21238938053097345,3.0,192.77015775586432,1017,77,47,30,216,0.07571288102261553,0.6103896103896104,0.046214355948869225,0.2175925925925926,0.21238938053097345,3.0,1.3030098623900654,1.190579279269152,True,53,0.5520833333333334,0.946227523694174,32.728539998061024,1.1274187534875566,17804,2048,2048,1048576,128,float32,512,4367,2048,2048,1048576,272.27590000111377,14.28891455382443,207.3614200024167,22.83647235695915,nan,nan,134.48296000133269,4.3582889594524294,116.54650000127731,3.435764470284505,nan,nan,sift,sift,sift,bf_ratio,0.8
hpatches,v_artisans,viewpoint,v_artisans_1_to_6,1,6,D:\桌面\IACV\Assigment1\data\hpatches\v_artisans\1.ppm,D:\桌面\IACV\Assigment1\data\hpatches\v_artisans\6.ppm,372,1716,509,0.2966200466200466,3.0,0.2742018658325454,1716,367,352,15,509,0.21386946386946387,0.9591280653950953,0.20512820512820512,0.6915520628683693,0.2966200466200466,3.0,0.31381316244192237,0.2682200257277912,True,352,0.946236559139785,0.2585700550570648,32.56656000157818,2.4807068052397265,17804,2048,2048,1048576,128,float32,512,5469,2048,2048,1048576,272.27590000111377,14.28891455382443,207.3614200024167,22.83647235695915,nan,nan,119.4484800013015,2.912915187419386,100.1860599993961,6.270468024226766,nan,nan,sift,sift,sift,bf_ratio,0.8
hpatches,v_astronautis,viewpoint,v_astronautis_1_to_2,1,2,D:\桌面\IACV\Assigment1\data\hpatches\v_astronautis\1.ppm,D:\桌面\IACV\Assigment1\data\hpatches\v_astronautis\2.ppm,790,1862,1033,0.5547798066595059,3.0,2.3132229131268174,1862,782,729,53,1033,0.41997851772287864,0.9322250639386189,0.39151450053705694,0.7057115198451114,0.5547798066595059,3.0,0.9189417877497513,0.8133560398302292,True,729,0.9227848101265823,0.8568503889382555,33.1373800028814,1.3362051920220432,5634,2048,2048,1048576,128,float32,512,4691,2048,2048,1048576,220.0137600011658,19.778585232589975,155.42660000064643,3.901289632534086,nan,nan,293.6996199990972,4.368779474767205,259.6354399982374,25.37781643784666,nan,nan,sift,sift,sift,bf_ratio,0.8
hpatches,v_astronautis,viewpoint,v_astronautis_1_to_3,1,3,D:\桌面\IACV\Assigment1\data\hpatches\v_astronautis\1.ppm,D:\桌面\IACV\Assigment1\data\hpatches\v_astronautis\3.ppm,206,1783,607,0.340437464946719,3.0,10.581549285087696,1783,197,141,56,607,0.11048794167134043,0.7157360406091371,0.07908020190689849,0.23228995057660626,0.340437464946719,3.0,1.3270292784140452,1.2347467703081583,True,132,0.6407766990291263,1.1676016314267705,34.23108000133652,1.3556695675986208,5634,2048,2048,1048576,128,float32,512,2470,2048,2048,1048576,220.0137600011658,19.778585232589975,155.42660000064643,3.901289632534086,nan,nan,320.8457799977623,15.202095246107683,289.673860000039,15.848557005920567,nan,nan,sift,sift,sift,bf_ratio,0.8
hpatches,v_astronautis,viewpoint,v_astronautis_1_to_4,1,4,D:\桌面\IACV\Assigment1\data\hpatches\v_astronautis\1.ppm,D:\桌面\IACV\Assigment1\data\hpatches\v_astronautis\4.ppm,369,1865,785,0.42091152815013405,3.0,1.5234448177899433,1865,358,314,44,785,0.19195710455764076,0.8770949720670391,0.16836461126005361,0.4,0.42091152815013405,3.0,0.8437411328505687,0.6601009824562722,True,316,0.8563685636856369,0.7871475722190749,34.647420000692364,0.864057063381488,5634,2048,2048,1048576,128,float32,512,5308,2048,2048,1048576,220.0137600011658,19.778585232589975,155.42660000064643,3.901289632534086,nan,nan,329.2245799995726,17.416415856252367,284.90722000133246,19.60900803082318,nan,nan,sift,sift,sift,bf_ratio,0.8
hpatches,v_astronautis,viewpoint,v_astronautis_1_to_5,1,5,D:\桌面\IACV\Assigment1\data\hpatches\v_astronautis\1.ppm,D:\桌面\IACV\Assigment1\data\hpatches\v_astronautis\5.ppm,153,1749,628,0.35906232132647226,3.0,8.480633597020589,1749,137,96,41,628,0.07833047455688966,0.7007299270072993,0.0548885077186964,0.15286624203821655,0.35906232132647226,3.0,1.1737223585279786,1.022992413093367,True,93,0.6078431372549019,1.0734150518824963,31.04287999740336,0.9997310311869425,5634,2048,2048,1048576,128,float32,512,4203,2048,2048,1048576,220.0137600011658,19.778585232589975,155.42660000064643,3.901289632534086,nan,nan,331.9669400007115,7.867560886099467,248.6503400010406,12.062479805715725,nan,nan,sift,sift,sift,bf_ratio,0.8
hpatches,v_astronautis,viewpoint,v_astronautis_1_to_6,1,6,D:\桌面\IACV\Assigment1\data\hpatches\v_astronautis\1.ppm,D:\桌面\IACV\Assigment1\data\hpatches\v_astronautis\6.ppm,276,1972,415,0.21044624746450305,3.0,6.764428263290521,1972,276,196,80,415,0.13995943204868155,0.7101449275362319,0.09939148073022312,0.472289156626506,0.21044624746450305,3.0,1.2323864335612889,1.1672805697666804,True,189,0.6847826086956522,1.1821285869232383,14.747260000149254,1.2241912560071633,5634,2048,2048,1048576,128,float32,512,962,962,962,492544,220.0137600011658,19.778585232589975,155.42660000064643,3.901289632534086,nan,nan,303.84858000034,11.520821416305955,238.60188000107883,30.880258169960488,nan,nan,sift,sift,sift,bf_ratio,0.8
hpatches,v_azzola,viewpoint,v_azzola_1_to_2,1,2,D:\桌面\IACV\Assigment1\data\hpatches\v_azzola\1.ppm,D:\桌面\IACV\Assigment1\data\hpatches\v_azzola\2.ppm,742,1996,931,0.4664328657314629,3.0,5.699220353525907,1996,740,603,137,931,0.37074148296593185,0.8148648648648649,0.30210420841683366,0.6476906552094522,0.4664328657314629,3.0,1.1834808531151255,1.045209950659336,True,609,0.8207547169811321,1.2397279323119939,31.12188000086462,1.3230153644261782,13084,2048,2048,1048576,128,float32,512,12032,2048,2048,1048576,211.16862000053516,20.73142909640352,127.70849999942584,5.0506094807105875,nan,nan,154.13040000130422,12.734958685459588,142.29578000085894,11.346773769249053,nan,nan,sift,sift,sift,bf_ratio,0.8
hpatches,v_azzola,viewpoint,v_azzola_1_to_3,1,3,D:\桌面\IACV\Assigment1\data\hpatches\v_azzola\1.ppm,D:\桌面\IACV\Assigment1\data\hpatches\v_azzola\3.ppm,231,1995,620,0.3107769423558897,3.0,7.031191995740995,1995,230,114,116,620,0.11528822055137844,0.4956521739130435,0.05714285714285714,0.18387096774193548,0.3107769423558897,3.0,1.7285722613238064,1.7365945457813607,True,125,0.5411255411255411,1.387392833644855,32.20705999992788,0.4588019541180415,13084,2048,2048,1048576,128,float32,512,9884,2048,2048,1048576,211.16862000053516,20.73142909640352,127.70849999942584,5.0506094807105875,nan,nan,182.2353600015049,17.231229609291063,133.17320000205655,15.458495749945921,nan,nan,sift,sift,sift,bf_ratio,0.8
hpatches,v_azzola,viewpoint,v_azzola_1_to_4,1,4,D:\桌面\IACV\Assigment1\data\hpatches\v_azzola\1.ppm,D:\桌面\IACV\Assigment1\data\hpatches\v_azzola\4.ppm,1074,2048,1114,0.5439453125,3.0,0.9853693323967416,2048,1074,1009,65,1114,0.5244140625,0.9394785847299814,0.49267578125,0.9057450628366248,0.5439453125,3.0,0.9421590107456556,0.7208737384740029,True,1020,0.9497206703910615,0.9756363119691447,31.910960000823252,1.2301092501142472,13084,2048,2048,1048576,128,float32,512,12189,2048,2048,1048576,211.16862000053516,20.73142909640352,127.70849999942584,5.0506094807105875,nan,nan,184.7174000009545,12.030709705688494,159.45682000310626,9.206834661088498,nan,nan,sift,sift,sift,bf_ratio,0.8
hpatches,v_azzola,viewpoint,v_azzola_1_to_5,1,5,D:\桌面\IACV\Assigment1\data\hpatches\v_azzola\1.ppm,D:\桌面\IACV\Assigment1\data\hpatches\v_azzola\5.ppm,446,2007,705,0.351270553064275,3.0,4.964098533309293,2007,445,283,162,705,0.22172396611858494,0.6359550561797753,0.1410064773293473,0.4014184397163121,0.351270553064275,3.0,1.578428099639576,1.556287865276302,True,281,0.6300448430493274,1.4498637092800493,30.6555400005891,1.2601082128224281,13084,2048,2048,1048576,128,float32,512,10296,2048,2048,1048576,211.16862000053516,20.73142909640352,127.70849999942584,5.0506094807105875,nan,nan,174.73381999880075,7.767636966575941,145.68641999940155,12.08232815700332,nan,nan,sift,sift,sift,bf_ratio,0.8
hpatches,v_azzola,viewpoint,v_azzola_1_to_6,1,6,D:\桌面\IACV\Assigment1\data\hpatches\v_azzola\1.ppm,D:\桌面\IACV\Assigment1\data\hpatches\v_azzola\6.ppm,99,1959,423,0.21592649310872894,3.0,5.22023188976662,1959,97,33,64,423,0.049515058703420115,0.3402061855670103,0.016845329249617153,0.07801418439716312,0.21592649310872894,3.0,1.5731472861063642,1.5203416346248613,True,37,0.37373737373737376,1.5113599232846868,32.30687999748625,2.036288219942869,13084,2048,2048,1048576,128,float32,512,6670,2048,2048,1048576,211.16862000053516,20.73142909640352,127.70849999942584,5.0506094807105875,nan,nan,164.52506000205176,4.896598823108127,135.44734000315657,6.540903104218455,nan,nan,sift,sift,sift,bf_ratio,0.8
hpatches,v_bark,viewpoint,v_bark_1_to_2,1,2,D:\桌面\IACV\Assigment1\data\hpatches\v_bark\1.ppm,D:\桌面\IACV\Assigment1\data\hpatches\v_bark\2.ppm,432,1867,638,0.3417246920192823,3.0,0.3901300761559201,1867,430,413,17,638,0.2303160149973219,0.9604651162790697,0.22121049812533475,0.6473354231974922,0.3417246920192823,3.0,0.6690179228854536,0.5703746371215882,True,413,0.9560185185185185,0.6547893967786224,33.285540000360925,0.9063491870024852,3702,2048,2048,1048576,128,float32,512,3020,2048,2048,1048576,72.70535999996355,3.12274786149344,73.7459999989369,4.083585274415584,nan,nan,67.86001999862492,1.2325862221442008,76.64774000149919,3.899939508940086,nan,nan,sift,sift,sift,bf_ratio,0.8
hpatches,v_bark,viewpoint,v_bark_1_to_3,1,3,D:\桌面\IACV\Assigment1\data\hpatches\v_bark\1.ppm,D:\桌面\IACV\Assigment1\data\hpatches\v_bark\3.ppm,289,1827,412,0.22550629447181172,3.0,0.7055362550416975,1827,285,270,15,412,0.15599343185550082,0.9473684210526315,0.1477832512315271,0.6553398058252428,0.22550629447181172,3.0,0.6572973103877748,0.6413823429465522,True,270,0.9342560553633218,0.43565733117789507,32.80914000206394,1.1388683711369096,3702,2048,2048,1048576,128,float32,512,4047,2048,2048,1048576,72.70535999996355,3.12274786149344,73.7459999989369,4.083585274415584,nan,nan,81.085159999202,1.9302877571662211,75.69114000216359,0.5019837631035364,nan,nan,sift,sift,sift,bf_ratio,0.8
hpatches,v_bark,viewpoint,v_bark_1_to_4,1,4,D:\桌面\IACV\Assigment1\data\hpatches\v_bark\1.ppm,D:\桌面\IACV\Assigment1\data\hpatches\v_bark\4.ppm,287,2048,331,0.16162109375,3.0,0.4756818375261008,2048,287,267,20,331,0.14013671875,0.9303135888501742,0.13037109375,0.8066465256797583,0.16162109375,3.0,0.46419308022255923,0.4593195773932742,True,267,0.9303135888501742,0.12546906735687954,33.904840001196135,1.821938456588878,3702,2048,2048,1048576,128,float32,512,4781,2048,2048,1048576,72.70535999996355,3.12274786149344,73.7459999989369,4.083585274415584,nan,nan,81.24236000003293,1.9718801899842069,74.30502000061097,4.158998578179057,nan,nan,sift,sift,sift,bf_ratio,0.8
hpatches,v_bark,viewpoint,v_bark_1_to_5,1,5,D:\桌面\IACV\Assigment1\data\hpatches\v_bark\1.ppm,D:\桌面\IACV\Assigment1\data\hpatches\v_bark\5.ppm,222,2048,260,0.126953125,3.0,0.2548631300631744,2048,222,198,24,260,0.1083984375,0.8918918918918919,0.0966796875,0.7615384615384615,0.126953125,3.0,0.30751373404762067,0.28441265588560694,True,198,0.8918918918918919,0.1463102469677651,33.68533999891952,1.0563300449878419,3702,2048,2048,1048576,128,float32,512,4443,2048,2048,1048576,72.70535999996355,3.12274786149344,73.7459999989369,4.083585274415584,nan,nan,94.7747000012896,5.0261499870676,84.86904000019422,2.882252054648517,nan,nan,sift,sift,sift,bf_ratio,0.8
hpatches,v_bark,viewpoint,v_bark_1_to_6,1,6,D:\桌面\IACV\Assigment1\data\hpatches\v_bark\1.ppm,D:\桌面\IACV\Assigment1\data\hpatches\v_bark\6.ppm,119,2048,130,0.0634765625,3.0,0.5157494373227451,2048,119,92,27,130,0.05810546875,0.773109243697479,0.044921875,0.7076923076923077,0.0634765625,3.0,0.455696160566697,0.45156425446323856,True,92,0.773109243697479,0.08457124990920574,34.07372000074247,0.343224583151853,3702,2048,2048,1048576,128,float32,512,4626,2048,2048,1048576,72.70535999996355,3.12274786149344,73.7459999989369,4.083585274415584,nan,nan,92.67826000141213,7.469345667807938,85.54885999910766,3.2750371733898467,nan,nan,sift,sift,sift,bf_ratio,0.8
hpatches,v_bees,viewpoint,v_bees_1_to_2,1,2,D:\桌面\IACV\Assigment1\data\hpatches\v_bees\1.ppm,D:\桌面\IACV\Assigment1\data\hpatches\v_bees\2.ppm,1108,1950,1178,0.6041025641025641,3.0,0.6115830410756259,1950,1102,1054,48,1178,0.5651282051282052,0.956442831215971,0.5405128205128205,0.8947368421052632,0.6041025641025641,3.0,0.7681761575631817,0.6718711206017985,True,1047,0.9449458483754513,0.7113939171400203,28.65926000085892,0.6616519339499786,4292,2048,2048,1048576,128,float32,512,4915,2048,2048,1048576,192.4362800011295,69.63601083712436,184.41769999917597,21.076450384350554,nan,nan,156.95727999991504,2.2973218929297032,128.75226000032853,4.595776061316089,nan,nan,sift,sift,sift,bf_ratio,0.8
hpatches,v_bees,viewpoint,v_bees_1_to_3,1,3,D:\桌面\IACV\Assigment1\data\hpatches\v_bees\1.ppm,D:\桌面\IACV\Assigment1\data\hpatches\v_bees\3.ppm,1204,2012,1305,0.6486083499005965,3.0,0.9952838107669271,2012,1203,1169,34,1305,0.5979125248508946,0.971737323358271,0.581013916500994,0.8957854406130268,0.6486083499005965,3.0,0.857185671551163,0.8058728767766224,True,1149,0.9543189368770764,0.7629139053057754,33.15923999907682,1.0661838010107858,4292,2048,2048,1048576,128,float32,512,5084,2048,2048,1048576,192.4362800011295,69.63601083712436,184.41769999917597,21.076450384350554,nan,nan,142.49741999956314,22.186642992577532,173.20479999907548,4.60074975545175,nan,nan,sift,sift,sift,bf_ratio,0.8
hpatches,v_bees,viewpoint,v_bees_1_to_4,1,4,D:\桌面\IACV\Assigment1\data\hpatches\v_bees\1.ppm,D:\桌面\IACV\Assigment1\data\hpatches\v_bees\4.ppm,1095,2026,1195,0.589832181638697,3.0,1.5733315096812195,2026,1095,1060,35,1195,0.5404738400789734,0.9680365296803652,0.5231984205330701,0.8870292887029289,0.589832181638697,3.0,0.847805539579065,0.7602005737359068,True,1045,0.954337899543379,0.7575236925722053,29.895899997791275,1.2307717763346853,4292,2048,2048,1048576,128,float32,512,4867,2048,2048,1048576,192.4362800011295,69.63601083712436,184.41769999917597,21.076450384350554,nan,nan,179.17062000051374,8.852515194899508,145.98883999860846,13.744381884379376,nan,nan,sift,sift,sift,bf_ratio,0.8
hpatches,v_bees,viewpoint,v_bees_1_to_5,1,5,D:\桌面\IACV\Assigment1\data\hpatches\v_bees\1.ppm,D:\桌面\IACV\Assigment1\data\hpatches\v_bees\5.ppm,512,2029,712,0.3509117792015771,3.0,5.139649749372554,2029,512,464,48,712,0.2523410547067521,0.90625,0.22868408082799407,0.651685393258427,0.3509117792015771,3.0,1.1257386395094224,1.0221561450332266,True,460,0.8984375,0.9201164694942923,32.88967999978922,0.29917479422533094,4292,2048,2048,1048576,128,float32,512,2320,2048,2048,1048576,192.4362800011295,69.63601083712436,184.41769999917597,21.076450384350554,nan,nan,152.55982000089716,11.001789871726915,130.3483800002141,4.680242129000449,nan,nan,sift,sift,sift,bf_ratio,0.8
hpatches,v_bees,viewpoint,v_bees_1_to_6,1,6,D:\桌面\IACV\Assigment1\data\hpatches\v_bees\1.ppm,D:\桌面\IACV\Assigment1\data\hpatches\v_bees\6.ppm,636,2010,856,0.42587064676616915,3.0,2.5210438027822653,2010,634,535,99,856,0.3154228855721393,0.8438485804416404,0.26616915422885573,0.625,0.42587064676616915,3.0,1.3045749243893632,1.2315959394979237,True,518,0.8144654088050315,1.0324109807414674,32.92968000023393,0.7872364169656546,4292,2048,2048,1048576,128,float32,512,6478,2048,2048,1048576,192.4362800011295,69.63601083712436,184.41769999917597,21.076450384350554,nan,nan,171.72157999884803,7.223657300874912,144.04128000169294,10.30292746216843,nan,nan,sift,sift,sift,bf_ratio,0.8
hpatches,v_beyus,viewpoint,v_beyus_1_to_2,1,2,D:\桌面\IACV\Assigment1\data\hpatches\v_beyus\1.ppm,D:\桌面\IACV\Assigment1\data\hpatches\v_beyus\2.ppm,282,2048,499,0.24365234375,3.0,2.449416884919798,2048,282,207,75,499,0.1376953125,0.7340425531914894,0.10107421875,0.4148296593186373,0.24365234375,3.0,0.9959492158441813,0.8547516888351401,True,203,0.7198581560283688,0.9544249260645918,19.37208000163082,1.3465051840522027,2634,2048,2048,1048576,128,float32,512,1256,1256,1256,643072,159.00018000247655,2.5057724178309493,141.1167000012938,10.970543807612225,nan,nan,150.77688000164926,5.695102048930324,117.74535999720683,5.5436494768439655,nan,nan,sift,sift,sift,bf_ratio,0.8
hpatches,v_beyus,viewpoint,v_beyus_1_to_3,1,3,D:\桌面\IACV\Assigment1\data\hpatches\v_beyus\1.ppm,D:\桌面\IACV\Assigment1\data\hpatches\v_beyus\3.ppm,71,1989,443,0.2227249874308698,3.0,8.361957224084959,1989,69,14,55,443,0.03469079939668175,0.2028985507246377,0.007038712921065862,0.03160270880361174,0.2227249874308698,3.0,1.2297175584771793,1.1645661771694698,True,15,0.2112676056338028,1.154100475121722,18.304360000183806,0.5643947771172779,2634,2048,2048,1048576,128,float32,512,1187,1187,1187,607744,159.00018000247655,2.5057724178309493,141.1167000012938,10.970543807612225,nan,nan,149.11023999884492,18.949096540261994,140.19032000069274,19.69068448879108,nan,nan,sift,sift,sift,bf_ratio,0.8
hpatches,v_beyus,viewpoint,v_beyus_1_to_4,1,4,D:\桌面\IACV\Assigment1\data\hpatches\v_beyus\1.ppm,D:\桌面\IACV\Assigment1\data\hpatches\v_beyus\4.ppm,562,2048,672,0.328125,3.0,0.3488770259829897,2048,562,513,49,672,0.2744140625,0.9128113879003559,0.25048828125,0.7633928571428571,0.328125,3.0,0.5719242688965499,0.43020615455698263,True,514,0.9145907473309609,0.5554720536243509,23.35536000027787,0.8086182724166133,2634,2048,2048,1048576,128,float32,512,1289,1289,1289,659968,159.00018000247655,2.5057724178309493,141.1167000012938,10.970543807612225,nan,nan,156.10519999754615,6.597889925976865,152.13782000209903,17.54004179925615,nan,nan,sift,sift,sift,bf_ratio,0.8
hpatches,v_beyus,viewpoint,v_beyus_1_to_5,1,5,D:\桌面\IACV\Assigment1\data\hpatches\v_beyus\1.ppm,D:\桌面\IACV\Assigment1\data\hpatches\v_beyus\5.ppm,113,2027,367,0.18105574740996547,3.0,6.015123190831794,2027,112,46,66,367,0.05525407005426739,0.4107142857142857,0.022693635915145536,0.12534059945504086,0.18105574740996547,3.0,1.1668791619371155,1.0578585901156972,True,48,0.4247787610619469,1.3194802676185875,20.53085999796167,1.2463597778702695,2634,2048,2048,1048576,128,float32,512,1312,1312,1312,671744,159.00018000247655,2.5057724178309493,141.1167000012938,10.970543807612225,nan,nan,194.9445399994147,4.091389359920907,144.6802199992817,18.227437859092202,nan,nan,sift,sift,sift,bf_ratio,0.8
hpatches,v_beyus,viewpoint,v_beyus_1_to_6,1,6,D:\桌面\IACV\Assigment1\data\hpatches\v_beyus\1.ppm,D:\桌面\IACV\Assigment1\data\hpatches\v_beyus\6.ppm,211,2039,564,0.2766061794997548,3.0,1.2844267647688854,2039,211,124,87,564,0.10348209906817067,0.5876777251184834,0.06081412457086807,0.2198581560283688,0.2766061794997548,3.0,1.2066350981361653,1.067978990269654,True,123,0.5829383886255924,1.0920798283631017,19.617719999223482,0.846125294383906,2634,2048,2048,1048576,128,float32,512,1140,1140,1140,583680,159.00018000247655,2.5057724178309493,141.1167000012938,10.970543807612225,nan,nan,160.5576000016299,17.720461204774217,163.9201799975126,1.1073253776189544,nan,nan,sift,sift,sift,bf_ratio,0.8
hpatches,v_bip,viewpoint,v_bip_1_to_2,1,2,D:\桌面\IACV\Assigment1\data\hpatches\v_bip\1.ppm,D:\桌面\IACV\Assigment1\data\hpatches\v_bip\2.ppm,831,2048,948,0.462890625,3.0,0.18836831624740788,2048,831,792,39,948,0.40576171875,0.9530685920577617,0.38671875,0.8354430379746836,0.462890625,3.0,0.4142923476108078,0.3580831773254646,True,792,0.9530685920577617,0.39949871085260535,31.495900002482813,1.5901854825155217,3009,2048,2048,1048576,128,float32,512,2908,2048,2048,1048576,90.89769999991404,9.008150744036218,77.06757999985712,3.045978072359128,nan,nan,73.46256000018911,3.7403445413569925,74.29644000076223,9.434445352548789,nan,nan,sift,sift,sift,bf_ratio,0.8
hpatches,v_bip,viewpoint,v_bip_1_to_3,1,3,D:\桌面\IACV\Assigment1\data\hpatches\v_bip\1.ppm,D:\桌面\IACV\Assigment1\data\hpatches\v_bip\3.ppm,740,2048,828,0.404296875,3.0,0.19763321751475627,2048,740,704,36,828,0.361328125,0.9513513513513514,0.34375,0.8502415458937198,0.404296875,3.0,0.43934492352099236,0.3820460696379373,True,704,0.9513513513513514,0.4041715039922921,29.984159999003168,1.6065694321330415,3009,2048,2048,1048576,128,float32,512,2233,2048,2048,1048576,90.89769999991404,9.008150744036218,77.06757999985712,3.045978072359128,nan,nan,83.30991999973776,8.03774547496497,71.80436000053305,2.0691594191570335,nan,nan,sift,sift,sift,bf_ratio,0.8
hpatches,v_bip,viewpoint,v_bip_1_to_4,1,4,D:\桌面\IACV\Assigment1\data\hpatches\v_bip\1.ppm,D:\桌面\IACV\Assigment1\data\hpatches\v_bip\4.ppm,752,2048,922,0.4501953125,3.0,0.2874028372042821,2048,752,703,49,922,0.3671875,0.9348404255319149,0.34326171875,0.762472885032538,0.4501953125,3.0,0.39941146375459474,0.32894900621914497,True,705,0.9375,0.398634083619306,34.79088000021875,1.2131582670705714,3009,2048,2048,1048576,128,float32,512,3580,2048,2048,1048576,90.89769999991404,9.008150744036218,77.06757999985712,3.045978072359128,nan,nan,74.61087999836309,3.8282068306641066,78.0726599987247,3.8930998216326502,nan,nan,sift,sift,sift,bf_ratio,0.8
hpatches,v_bip,viewpoint,v_bip_1_to_5,1,5,D:\桌面\IACV\Assigment1\data\hpatches\v_bip\1.ppm,D:\桌面\IACV\Assigment1\data\hpatches\v_bip\5.ppm,536,2048,648,0.31640625,3.0,0.3141278656086847,2048,536,465,71,648,0.26171875,0.8675373134328358,0.22705078125,0.7175925925925926,0.31640625,3.0,0.4113728706483104,0.3435120965198975,True,465,0.8675373134328358,0.35382134423117334,31.477899999299552,1.2209778104683227,3009,2048,2048,1048576,128,float32,512,2199,2048,2048,1048576,90.89769999991404,9.008150744036218,77.06757999985712,3.045978072359128,nan,nan,81.05247999774292,6.994703002503392,76.31088000052841,4.628011159597829,nan,nan,sift,sift,sift,bf_ratio,0.8
hpatches,v_bip,viewpoint,v_bip_1_to_6,1,6,D:\桌面\IACV\Assigment1\data\hpatches\v_bip\1.ppm,D:\桌面\IACV\Assigment1\data\hpatches\v_bip\6.ppm,391,2048,582,0.2841796875,3.0,0.5216614612870349,2048,391,343,48,582,0.19091796875,0.8772378516624041,0.16748046875,0.5893470790378007,0.2841796875,3.0,0.42597959189283197,0.33255119916139514,True,341,0.8721227621483376,0.3626885816958629,32.03946000139695,1.0330549585427844,3009,2048,2048,1048576,128,float32,512,2363,2048,2048,1048576,90.89769999991404,9.008150744036218,77.06757999985712,3.045978072359128,nan,nan,74.00702000159072,4.381608151578796,69.09013999975286,4.463984932640702,nan,nan,sift,sift,sift,bf_ratio,0.8
hpatches,v_bird,viewpoint,v_bird_1_to_2,1,2,D:\桌面\IACV\Assigment1\data\hpatches\v_bird\1.ppm,D:\桌面\IACV\Assigment1\data\hpatches\v_bird\2.ppm,828,2048,975,0.47607421875,3.0,0.47465558714219686,2048,828,771,57,975,0.404296875,0.9311594202898551,0.37646484375,0.7907692307692308,0.47607421875,3.0,0.6109976583077845,0.5032191603851491,True,771,0.9311594202898551,0.5650222196965728,34.71282000100473,0.5191606596742119,3361,2048,2048,1048576,128,float32,512,3200,2048,2048,1048576,179.7915000017383,8.69522078477446,162.4947999996948,5.987146898109655,nan,nan,120.87352000089595,4.680502954507081,110.14644000097178,8.41397103675051,nan,nan,sift,sift,sift,bf_ratio,0.8
hpatches,v_bird,viewpoint,v_bird_1_to_3,1,3,D:\桌面\IACV\Assigment1\data\hpatches\v_bird\1.ppm,D:\桌面\IACV\Assigment1\data\hpatches\v_bird\3.ppm,560,2032,904,0.4448818897637795,3.0,4.348334433259852,2032,558,486,72,904,0.27460629921259844,0.8709677419354839,0.23917322834645668,0.5376106194690266,0.4448818897637795,3.0,1.1285631149256177,1.0194776547970643,True,474,0.8464285714285714,0.856065156981704,32.90460000280291,1.247324508522056,3361,2048,2048,1048576,128,float32,512,2703,2048,2048,1048576,179.7915000017383,8.69522078477446,162.4947999996948,5.987146898109655,nan,nan,116.14570000092499,3.3110264469293846,113.88243999826955,2.346109502019086,nan,nan,sift,sift,sift,bf_ratio,0.8
hpatches,v_bird,viewpoint,v_bird_1_to_4,1,4,D:\桌面\IACV\Assigment1\data\hpatches\v_bird\1.ppm,D:\桌面\IACV\Assigment1\data\hpatches\v_bird\4.ppm,521,2008,797,0.39691235059760954,3.0,6.4874061860379,2008,520,425,95,797,0.2589641434262948,0.8173076923076923,0.21165338645418327,0.533249686323714,0.39691235059760954,3.0,1.2515605934977065,1.072063854967821,True,408,0.783109404990403,1.0963314643753141,35.26612000132445,0.9640304047013294,3361,2048,2048,1048576,128,float32,512,3708,2048,2048,1048576,179.7915000017383,8.69522078477446,162.4947999996948,5.987146898109655,nan,nan,114.18091999948956,4.83581204522962,108.59242000005906,12.017915963039725,nan,nan,sift,sift,sift,bf_ratio,0.8
hpatches,v_bird,viewpoint,v_bird_1_to_5,1,5,D:\桌面\IACV\Assigment1\data\hpatches\v_bird\1.ppm,D:\桌面\IACV\Assigment1\data\hpatches\v_bird\5.ppm,337,1864,717,0.384656652360515,3.0,17.117443885354106,1864,327,196,131,717,0.17542918454935622,0.599388379204893,0.10515021459227468,0.2733612273361227,0.384656652360515,3.0,1.5570954412175286,1.5364416505587366,True,215,0.6379821958456974,1.2959928860811434,30.936420000216458,1.8951602077932583,3361,2048,2048,1048576,128,float32,512,4277,2048,2048,1048576,179.7915000017383,8.69522078477446,162.4947999996948,5.987146898109655,nan,nan,170.67778000055114,8.67413267149377,135.46682000014698,6.787025919029476,nan,nan,sift,sift,sift,bf_ratio,0.8
hpatches,v_bird,viewpoint,v_bird_1_to_6,1,6,D:\桌面\IACV\Assigment1\data\hpatches\v_bird\1.ppm,D:\桌面\IACV\Assigment1\data\hpatches\v_bird\6.ppm,87,1739,401,0.23059229442208165,3.0,42.734894557813455,1739,76,14,62,401,0.04370327774583094,0.18421052631578946,0.008050603795284647,0.034912718204488775,0.23059229442208165,3.0,1.5430603558890077,1.8297606952672374,True,21,0.2413793103448276,1.3008793966817975,32.058040000265464,0.4017759005354988,3361,2048,2048,1048576,128,float32,512,2344,2048,2048,1048576,179.7915000017383,8.69522078477446,162.4947999996948,5.987146898109655,nan,nan,96.1713000011514,2.6431628443346846,100.66390000138199,9.847553909785747,nan,nan,sift,sift,sift,bf_ratio,0.8
hpatches,v_birdwoman,viewpoint,v_birdwoman_1_to_2,1,2,D:\桌面\IACV\Assigment1\data\hpatches\v_birdwoman\1.ppm,D:\桌面\IACV\Assigment1\data\hpatches\v_birdwoman\2.ppm,51,2048,113,0.05517578125,3.0,0.9219338367177985,2048,51,30,21,113,0.02490234375,0.5882352941176471,0.0146484375,0.26548672566371684,0.05517578125,3.0,0.3782238707740774,0.36358886584205363,True,30,0.5882352941176471,0.24001903533530058,31.590820000565145,0.8590471599631728,12257,2048,2048,1048576,128,float32,512,4482,2048,2048,1048576,176.02672000066377,13.686430225721471,120.80191999848466,3.6297893282750535,nan,nan,113.9627600001404,4.475623527879264,95.03650000115158,1.0432798666985361,nan,nan,sift,sift,sift,bf_ratio,0.8
hpatches,v_birdwoman,viewpoint,v_birdwoman_1_to_3,1,3,D:\桌面\IACV\Assigment1\data\hpatches\v_birdwoman\1.ppm,D:\桌面\IACV\Assigment1\data\hpatches\v_birdwoman\3.ppm,77,2031,266,0.1309699655342196,3.0,12.711616776789182,2031,76,36,40,266,0.03741999015263417,0.47368421052631576,0.01772525849335303,0.13533834586466165,0.1309699655342196,3.0,0.9597529350280164,0.7294848425593343,True,38,0.4935064935064935,0.9044893981409814,32.30075999890687,3.088780998684037,12257,2048,2048,1048576,128,float32,512,5443,2048,2048,1048576,176.02672000066377,13.686430225721471,120.80191999848466,3.6297893282750535,nan,nan,119.20737999898847,11.145385123282576,123.91803999780677,0.8041601511931035,nan,nan,sift,sift,sift,bf_ratio,0.8
hpatches,v_birdwoman,viewpoint,v_birdwoman_1_to_4,1,4,D:\桌面\IACV\Assigment1\data\hpatches\v_birdwoman\1.ppm,D:\桌面\IACV\Assigment1\data\hpatches\v_birdwoman\4.ppm,206,2034,424,0.20845624385447395,3.0,0.8631216022232246,2034,205,168,37,424,0.1007866273352999,0.8195121951219512,0.08259587020648967,0.39622641509433965,0.20845624385447395,3.0,0.6786124847871091,0.6231069505107394,True,168,0.8155339805825242,0.6051064358595314,34.14760000014212,1.031433597676255,12257,2048,2048,1048576,128,float32,512,6871,2048,2048,1048576,176.02672000066377,13.686430225721471,120.80191999848466,3.6297893282750535,nan,nan,120.12486000021454,2.6034349029877943,101.1521200009156,4.387674046074622,nan,nan,sift,sift,sift,bf_ratio,0.8
hpatches,v_birdwoman,viewpoint,v_birdwoman_1_to_5,1,5,D:\桌面\IACV\Assigment1\data\hpatches\v_birdwoman\1.ppm,D:\桌面\IACV\Assigment1\data\hpatches\v_birdwoman\5.ppm,580,1958,703,0.35903983656792643,3.0,0.3157084132115102,1958,580,510,70,703,0.296220633299285,0.8793103448275862,0.2604698672114402,0.7254623044096729,0.35903983656792643,3.0,0.3350769819504685,0.2829316619604726,True,510,0.8793103448275862,0.3140480109253359,35.55166000005556,1.4927213447542111,12257,2048,2048,1048576,128,float32,512,7705,2048,2048,1048576,176.02672000066377,13.686430225721471,120.80191999848466,3.6297893282750535,nan,nan,122.56188000028487,3.735071923076249,116.71295999985887,1.482331189875691,nan,nan,sift,sift,sift,bf_ratio,0.8
hpatches,v_birdwoman,viewpoint,v_birdwoman_1_to_6,1,6,D:\桌面\IACV\Assigment1\data\hpatches\v_birdwoman\1.ppm,D:\桌面\IACV\Assigment1\data\hpatches\v_birdwoman\6.ppm,189,2048,329,0.16064453125,3.0,1.1615855815543206,2048,189,162,27,329,0.09228515625,0.8571428571428571,0.0791015625,0.49240121580547114,0.16064453125,3.0,0.5346928402948182,0.4240164588032689,True,162,0.8571428571428571,0.42834428048787077,33.05973999958951,1.1389454939818908,12257,2048,2048,1048576,128,float32,512,5207,2048,2048,1048576,176.02672000066377,13.686430225721471,120.80191999848466,3.6297893282750535,nan,nan,136.852099999669,3.0857861693612594,96.1663000009139,4.320233687035279,nan,nan,sift,sift,sift,bf_ratio,0.8
hpatches,v_blueprint,viewpoint,v_blueprint_1_to_2,1,2,D:\桌面\IACV\Assigment1\data\hpatches\v_blueprint\1.ppm,D:\桌面\IACV\Assigment1\data\hpatches\v_blueprint\2.ppm,756,2037,898,0.4408443789887089,3.0,0.5556112429058772,2037,756,739,17,898,0.3711340206185567,0.9775132275132276,0.3627884143348061,0.8229398663697105,0.4408443789887089,3.0,0.9904056636684522,0.8349256223516539,True,736,0.9735449735449735,0.9872147527824844,33.02754000033019,0.842917965690481,13974,2048,2048,1048576,128,float32,512,12245,2048,2048,1048576,211.8222600023728,2.491837949460243,172.10310000082245,7.570505992643651,nan,nan,212.90035999991233,13.994436892014251,167.7053999999771,3.151467281463982,nan,nan,sift,sift,sift,bf_ratio,0.8
hpatches,v_blueprint,viewpoint,v_blueprint_1_to_3,1,3,D:\桌面\IACV\Assigment1\data\hpatches\v_blueprint\1.ppm,D:\桌面\IACV\Assigment1\data\hpatches\v_blueprint\3.ppm,483,2021,654,0.3236021771400297,3.0,5.629616441879756,2021,482,373,109,654,0.23849579416130628,0.7738589211618258,0.18456209797130133,0.5703363914373089,0.3236021771400297,3.0,1.3957575422197566,1.3157950489444459,True,383,0.7929606625258799,1.3489042341704525,33.61891999957152,0.9278462578502681,13974,2048,2048,1048576,128,float32,512,8980,2048,2048,1048576,211.8222600023728,2.491837949460243,172.10310000082245,7.570505992643651,nan,nan,177.64210000168532,10.581246401491878,133.06853999965824,1.9354544406803758,nan,nan,sift,sift,sift,bf_ratio,0.8
hpatches,v_blueprint,viewpoint,v_blueprint_1_to_4,1,4,D:\桌面\IACV\Assigment1\data\hpatches\v_blueprint\1.ppm,D:\桌面\IACV\Assigment1\data\hpatches\v_blueprint\4.ppm,596,2030,759,0.37389162561576356,3.0,0.8870267904611662,2030,595,570,25,759,0.29310344827586204,0.957983193277311,0.28078817733990147,0.7509881422924901,0.37389162561576356,3.0,0.7686911744245798,0.6465283974636236,True,572,0.959731543624161,0.700257667387011,31.418800000392366,1.0207151033708013,13974,2048,2048,1048576,128,float32,512,11216,2048,2048,1048576,211.8222600023728,2.491837949460243,172.10310000082245,7.570505992643651,nan,nan,198.1655600000522,14.214535737878421,133.17537999828346,3.329966983905099,nan,nan,sift,sift,sift,bf_ratio,0.8
hpatches,v_blueprint,viewpoint,v_blueprint_1_to_5,1,5,D:\桌面\IACV\Assigment1\data\hpatches\v_blueprint\1.ppm,D:\桌面\IACV\Assigment1\data\hpatches\v_blueprint\5.ppm,176,1932,462,0.2391304347826087,3.0,2.450787471746913,1932,175,148,27,462,0.09057971014492754,0.8457142857142858,0.07660455486542443,0.3203463203463203,0.2391304347826087,3.0,0.9293810118173584,0.7863917455560882,True,147,0.8352272727272727,0.9083831195763155,33.22189999889815,1.12643723892413,13974,2048,2048,1048576,128,float32,512,7959,2048,2048,1048576,211.8222600023728,2.491837949460243,172.10310000082245,7.570505992643651,nan,nan,170.9309200014104,8.149773874626153,153.59486000234028,6.362563887223737,nan,nan,sift,sift,sift,bf_ratio,0.8
hpatches,v_blueprint,viewpoint,v_blueprint_1_to_6,1,6,D:\桌面\IACV\Assigment1\data\hpatches\v_blueprint\1.ppm,D:\桌面\IACV\Assigment1\data\hpatches\v_blueprint\6.ppm,53,1896,325,0.17141350210970463,3.0,1.7173803595424144,1896,52,33,19,325,0.027426160337552744,0.6346153846153846,0.01740506329113924,0.10153846153846154,0.17141350210970463,3.0,1.3535327396385854,1.0982172276073205,True,32,0.6037735849056604,1.252773503343187,33.962980001524556,2.2355937187519728,13974,2048,2048,1048576,128,float32,512,5427,2048,2048,1048576,211.8222600023728,2.491837949460243,172.10310000082245,7.570505992643651,nan,nan,184.3810200007283,7.23426626155167,153.1747799977893,5.496736337407455,nan,nan,sift,sift,sift,bf_ratio,0.8
hpatches,v_boat,viewpoint,v_boat_1_to_2,1,2,D:\桌面\IACV\Assigment1\data\hpatches\v_boat\1.ppm,D:\桌面\IACV\Assigment1\data\hpatches\v_boat\2.ppm,842,2046,1081,0.5283479960899315,3.0,0.7843547451759417,2046,842,802,40,1081,0.4115347018572825,0.9524940617577197,0.3919843597262952,0.7419056429232193,0.5283479960899315,3.0,0.6148959870958554,0.5248955156316377,True,804,0.9548693586698337,0.5926319353560652,33.113579999189824,1.459364869242091,8849,2048,2048,1048576,128,float32,512,8545,2048,2048,1048576,129.13881999993464,9.582650467789893,90.11667999875499,2.272020753552524,nan,nan,108.45028000185266,3.4224361694547376,92.39079999970272,3.5035713253945158,nan,nan,sift,sift,sift,bf_ratio,0.8
hpatches,v_boat,viewpoint,v_boat_1_to_3,1,3,D:\桌面\IACV\Assigment1\data\hpatches\v_boat\1.ppm,D:\桌面\IACV\Assigment1\data\hpatches\v_boat\3.ppm,712,2048,968,0.47265625,3.0,0.23784173897625635,2048,712,688,24,968,0.34765625,0.9662921348314607,0.3359375,0.7107438016528925,0.47265625,3.0,0.5025048300099367,0.40477904074123555,True,688,0.9662921348314607,0.4652418239435821,31.025280003086664,0.8385333716482443,8849,2048,2048,1048576,128,float32,512,6558,2048,2048,1048576,129.13881999993464,9.582650467789893,90.11667999875499,2.272020753552524,nan,nan,107.2256399987964,3.0375544592638213,106.10713999922154,8.617459679852697,nan,nan,sift,sift,sift,bf_ratio,0.8
hpatches,v_boat,viewpoint,v_boat_1_to_4,1,4,D:\桌面\IACV\Assigment1\data\hpatches\v_boat\1.ppm,D:\桌面\IACV\Assigment1\data\hpatches\v_boat\4.ppm,461,2048,848,0.4140625,3.0,2.1689791043550724,2048,461,416,45,848,0.22509765625,0.9023861171366594,0.203125,0.49056603773584906,0.4140625,3.0,0.6901908104060374,0.590269687375184,True,416,0.9023861171366594,0.6022031107857283,33.011640001495834,1.6409970455008018,8849,2048,2048,1048576,128,float32,512,6888,2048,2048,1048576,129.13881999993464,9.582650467789893,90.11667999875499,2.272020753552524,nan,nan,103.22167999984231,4.818755429792171,90.23210000159452,11.475846824996621,nan,nan,sift,sift,sift,bf_ratio,0.8
hpatches,v_boat,viewpoint,v_boat_1_to_5,1,5,D:\桌面\IACV\Assigment1\data\hpatches\v_boat\1.ppm,D:\桌面\IACV\Assigment1\data\hpatches\v_boat\5.ppm,344,2048,752,0.3671875,3.0,1.448648974157329,2048,344,295,49,752,0.16796875,0.8575581395348837,0.14404296875,0.39228723404255317,0.3671875,3.0,0.8027449688319279,0.7154898211867824,True,297,0.8633720930232558,0.6936250751921362,32.125459999952,0.9486459015974741,8849,2048,2048,1048576,128,float32,512,5269,2048,2048,1048576,129.13881999993464,9.582650467789893,90.11667999875499,2.272020753552524,nan,nan,100.35596000088844,2.3444457231285343,89.09253999881912,4.199544899917393,nan,nan,sift,sift,sift,bf_ratio,0.8
hpatches,v_boat,viewpoint,v_boat_1_to_6,1,6,D:\桌面\IACV\Assigment1\data\hpatches\v_boat\1.ppm,D:\桌面\IACV\Assigment1\data\hpatches\v_boat\6.ppm,267,2048,714,0.3486328125,3.0,1.781410087523746,2048,267,208,59,714,0.13037109375,0.7790262172284644,0.1015625,0.2913165266106443,0.3486328125,3.0,0.865887691658683,0.7947641288707074,True,210,0.7865168539325843,0.795527939053625,30.762339998909738,0.9636527734238383,8849,2048,2048,1048576,128,float32,512,4932,2048,2048,1048576,129.13881999993464,9.582650467789893,90.11667999875499,2.272020753552524,nan,nan,103.88266000081785,10.766244775553194,87.34801999671618,2.6116973419054816,nan,nan,sift,sift,sift,bf_ratio,0.8
hpatches,v_bricks,viewpoint,v_bricks_1_to_2,1,2,D:\桌面\IACV\Assigment1\data\hpatches\v_bricks\1.ppm,D:\桌面\IACV\Assigment1\data\hpatches\v_bricks\2.ppm,1055,2011,1183,0.5882645450024864,3.0,0.13514777004871956,2011,1054,1052,2,1183,0.5241173545499751,0.9981024667931688,0.5231228244654401,0.8892645815722738,0.5882645450024864,3.0,0.305476382953081,0.262769470037718,True,1052,0.9971563981042654,0.30264321182113857,32.43508000014117,0.49517180628473934,10356,2048,2048,1048576,128,float32,512,11127,2048,2048,1048576,141.7088199988939,14.278915588100128,132.2602599975653,7.239056350449445,nan,nan,122.00193999888143,2.5801483942412813,95.59590000135358,4.850059155078031,nan,nan,sift,sift,sift,bf_ratio,0.8
hpatches,v_bricks,viewpoint,v_bricks_1_to_3,1,3,D:\桌面\IACV\Assigment1\data\hpatches\v_bricks\1.ppm,D:\桌面\IACV\Assigment1\data\hpatches\v_bricks\3.ppm,877,2015,1091,0.541439205955335,3.0,0.35476825571255416,2015,877,865,12,1091,0.43523573200992555,0.9863169897377423,0.4292803970223325,0.7928505957836847,0.541439205955335,3.0,0.4458883522539419,0.3844983788302998,True,865,0.9863169897377423,0.4362824322693694,31.36796000035247,1.469651926824213,10356,2048,2048,1048576,128,float32,512,11076,2048,2048,1048576,141.7088199988939,14.278915588100128,132.2602599975653,7.239056350449445,nan,nan,118.70092000026489,2.2905305884505642,89.59671999909915,2.2822809180805184,nan,nan,sift,sift,sift,bf_ratio,0.8
hpatches,v_bricks,viewpoint,v_bricks_1_to_4,1,4,D:\桌面\IACV\Assigment1\data\hpatches\v_bricks\1.ppm,D:\桌面\IACV\Assigment1\data\hpatches\v_bricks\4.ppm,505,1941,845,0.4353426069036579,3.0,0.5082066428832195,1941,501,488,13,845,0.2581143740340031,0.9740518962075848,0.2514167954662545,0.5775147928994083,0.4353426069036579,3.0,0.564215485764809,0.492213548063243,True,488,0.9663366336633663,0.5548260961463848,31.26771999959601,1.1226297462839263,10356,2048,2048,1048576,128,float32,512,10633,2048,2048,1048576,141.7088199988939,14.278915588100128,132.2602599975653,7.239056350449445,nan,nan,119.21063999907346,2.6872542483027524,85.34539999964181,3.0336959196985878,nan,nan,sift,sift,sift,bf_ratio,0.8
hpatches,v_bricks,viewpoint,v_bricks_1_to_5,1,5,D:\桌面\IACV\Assigment1\data\hpatches\v_bricks\1.ppm,D:\桌面\IACV\Assigment1\data\hpatches\v_bricks\5.ppm,128,1931,692,0.35836354220611083,3.0,1.1353883854026174,1931,124,113,11,692,0.06421543241843604,0.9112903225806451,0.0585189021232522,0.16329479768786126,0.35836354220611083,3.0,0.718600006533092,0.6451096163368469,True,113,0.8828125,0.6876150649481167,31.573659999412484,1.369798994775694,10356,2048,2048,1048576,128,float32,512,11047,2048,2048,1048576,141.7088199988939,14.278915588100128,132.2602599975653,7.239056350449445,nan,nan,115.14134000171907,2.59071690475849,84.05692000087583,0.7301125053886688,nan,nan,sift,sift,sift,bf_ratio,0.8
hpatches,v_bricks,viewpoint,v_bricks_1_to_6,1,6,D:\桌面\IACV\Assigment1\data\hpatches\v_bricks\1.ppm,D:\桌面\IACV\Assigment1\data\hpatches\v_bricks\6.ppm,24,1873,484,0.2584089695675387,3.0,4.844195444137918,1873,24,9,15,484,0.012813667912439935,0.375,0.004805125467164976,0.01859504132231405,0.2584089695675387,3.0,0.9997513556956523,0.43520064884262355,True,9,0.375,0.9762948029332921,35.49007999972673,0.8541462384621068,10356,2048,2048,1048576,128,float32,512,10835,2048,2048,1048576,141.7088199988939,14.278915588100128,132.2602599975653,7.239056350449445,nan,nan,140.35196000040742,7.431772860272348,115.74296000035247,1.8939971214731968,nan,nan,sift,sift,sift,bf_ratio,0.8
hpatches,v_busstop,viewpoint,v_busstop_1_to_2,1,2,D:\桌面\IACV\Assigment1\data\hpatches\v_busstop\1.ppm,D:\桌面\IACV\Assigment1\data\hpatches\v_busstop\2.ppm,1012,2025,1137,0.5614814814814815,3.0,5.379185748568107,2025,1012,986,26,1137,0.4997530864197531,0.974308300395257,0.48691358024691356,0.8671943711521548,0.5614814814814815,3.0,1.0060248837280734,0.9294802414773238,True,976,0.9644268774703557,0.9395797307938919,35.33736000099452,1.999442785765123,17688,2048,2048,1048576,128,float32,512,17783,2048,2048,1048576,299.38464000006206,22.20308725912378,168.29317999945488,11.246247786008771,nan,nan,241.91504000045825,2.5351628049157378,175.99103999964427,19.86191045502377,nan,nan,sift,sift,sift,bf_ratio,0.8
hpatches,v_busstop,viewpoint,v_busstop_1_to_3,1,3,D:\桌面\IACV\Assigment1\data\hpatches\v_busstop\1.ppm,D:\桌面\IACV\Assigment1\data\hpatches\v_busstop\3.ppm,584,1916,901,0.4702505219206681,3.0,6.4064629975515075,1916,582,534,48,901,0.3037578288100209,0.9175257731958762,0.278705636743215,0.5926748057713651,0.4702505219206681,3.0,1.2533754839521034,1.151172604739025,True,519,0.8886986301369864,1.0607728097843612,31.935259998135734,1.033180846054068,17688,2048,2048,1048576,128,float32,512,18825,2048,2048,1048576,299.38464000006206,22.20308725912378,168.29317999945488,11.246247786008771,nan,nan,260.44678000034764,10.860002817778883,172.34908000100404,11.266899463087382,nan,nan,sift,sift,sift,bf_ratio,0.8
hpatches,v_busstop,viewpoint,v_busstop_1_to_4,1,4,D:\桌面\IACV\Assigment1\data\hpatches\v_busstop\1.ppm,D:\桌面\IACV\Assigment1\data\hpatches\v_busstop\4.ppm,632,1996,950,0.4759519038076152,3.0,6.312089515141608,1996,631,596,35,950,0.3161322645290581,0.9445324881141046,0.2985971943887776,0.6273684210526316,0.4759519038076152,3.0,1.2372137238791434,1.102449226157098,True,572,0.9050632911392406,0.9608032284227185,33.22371999965981,0.7469155093749333,17688,2048,2048,1048576,128,float32,512,17735,2048,2048,1048576,299.38464000006206,22.20308725912378,168.29317999945488,11.246247786008771,nan,nan,262.52130000066245,6.4733656516874385,206.5907199983485,14.524803851074667,nan,nan,sift,sift,sift,bf_ratio,0.8
hpatches,v_busstop,viewpoint,v_busstop_1_to_5,1,5,D:\桌面\IACV\Assigment1\data\hpatches\v_busstop\1.ppm,D:\桌面\IACV\Assigment1\data\hpatches\v_busstop\5.ppm,759,2048,963,0.47021484375,3.0,2.2663489770909666,2048,759,740,19,963,0.37060546875,0.9749670619235836,0.361328125,0.7684319833852544,0.47021484375,3.0,0.8139057449727473,0.7359921768357988,True,701,0.9235836627140975,0.7236433531994252,31.320880001294427,0.7000984061085814,17688,2048,2048,1048576,128,float32,512,16074,2048,2048,1048576,299.38464000006206,22.20308725912378,168.29317999945488,11.246247786008771,nan,nan,230.76404000166804,2.809523666320882,155.287839997618,5.962679775330187,nan,nan,sift,sift,sift,bf_ratio,0.8
hpatches,v_busstop,viewpoint,v_busstop_1_to_6,1,6,D:\桌面\IACV\Assigment1\data\hpatches\v_busstop\1.ppm,D:\桌面\IACV\Assigment1\data\hpatches\v_busstop\6.ppm,1022,2048,1103,0.53857421875,3.0,1.66812192070231,2048,1022,1006,16,1103,0.4990234375,0.9843444227005871,0.4912109375,0.9120580235720761,0.53857421875,3.0,0.6796418836504652,0.590666016509863,True,1005,0.9833659491193738,0.5782295968864091,30.985039999359287,1.2755533729394064,17688,2048,2048,1048576,128,float32,512,17507,2048,2048,1048576,299.38464000006206,22.20308725912378,168.29317999945488,11.246247786008771,nan,nan,233.91796000069007,14.326374450007,157.14799999987008,4.539085285993904,nan,nan,sift,sift,sift,bf_ratio,0.8
hpatches,v_calder,viewpoint,v_calder_1_to_2,1,2,D:\桌面\IACV\Assigment1\data\hpatches\v_calder\1.ppm,D:\桌面\IACV\Assigment1\data\hpatches\v_calder\2.ppm,646,2048,939,0.45849609375,3.0,0.36031835445191496,2048,646,562,84,939,0.3154296875,0.8699690402476781,0.2744140625,0.5985090521831736,0.45849609375,3.0,0.6971213118203189,0.5420807908791923,True,560,0.8668730650154799,0.6813205549886093,32.27496000181418,0.8602320748286495,4482,2048,2048,1048576,128,float32,512,3731,2048,2048,1048576,128.75225999887334,7.358846915276258,104.04532000102336,5.167530024647347,nan,nan,122.69516000087606,3.823345850851817,109.5171399996616,2.0135940709359588,nan,nan,sift,sift,sift,bf_ratio,0.8
hpatches,v_calder,viewpoint,v_calder_1_to_3,1,3,D:\桌面\IACV\Assigment1\data\hpatches\v_calder\1.ppm,D:\桌面\IACV\Assigment1\data\hpatches\v_calder\3.ppm,1063,1954,1181,0.6044012282497441,3.0,0.42748606940593475,1954,1062,1030,32,1181,0.5435005117707267,0.9698681732580038,0.5271238485158649,0.8721422523285352,0.6044012282497441,3.0,0.8190414766047074,0.7745592991011099,True,1030,0.9689557855126999,0.7688971669445478,32.967659999849275,1.8215037986592542,4482,2048,2048,1048576,128,float32,512,4789,2048,2048,1048576,128.75225999887334,7.358846915276258,104.04532000102336,5.167530024647347,nan,nan,152.25879999925382,18.757390191100132,126.67851999867707,17.67822624297626,nan,nan,sift,sift,sift,bf_ratio,0.8
hpatches,v_calder,viewpoint,v_calder_1_to_4,1,4,D:\桌面\IACV\Assigment1\data\hpatches\v_calder\1.ppm,D:\桌面\IACV\Assigment1\data\hpatches\v_calder\4.ppm,186,2048,683,0.33349609375,3.0,1.1258933315092976,2048,186,98,88,683,0.0908203125,0.5268817204301075,0.0478515625,0.14348462664714495,0.33349609375,3.0,0.8976093403927284,0.7591954387113604,True,99,0.532258064516129,0.8701718786633934,30.946879999828525,1.0220977266162796,4482,2048,2048,1048576,128,float32,512,2739,2048,2048,1048576,128.75225999887334,7.358846915276258,104.04532000102336,5.167530024647347,nan,nan,117.78811999975005,3.6176469538220246,112.01337999809766,2.442569261723944,nan,nan,sift,sift,sift,bf_ratio,0.8
hpatches,v_calder,viewpoint,v_calder_1_to_5,1,5,D:\桌面\IACV\Assigment1\data\hpatches\v_calder\1.ppm,D:\桌面\IACV\Assigment1\data\hpatches\v_calder\5.ppm,286,2048,776,0.37890625,3.0,1.1419971678332335,2048,286,212,74,776,0.1396484375,0.7412587412587412,0.103515625,0.27319587628865977,0.37890625,3.0,1.019789646202938,0.8514555750622274,True,211,0.7377622377622378,0.9249529484799572,29.75383999873884,0.3660382370550209,4482,2048,2048,1048576,128,float32,512,3823,2048,2048,1048576,128.75225999887334,7.358846915276258,104.04532000102336,5.167530024647347,nan,nan,121.67907999973977,2.1800751502079767,101.59361999831162,4.227674731574842,nan,nan,sift,sift,sift,bf_ratio,0.8
hpatches,v_calder,viewpoint,v_calder_1_to_6,1,6,D:\桌面\IACV\Assigment1\data\hpatches\v_calder\1.ppm,D:\桌面\IACV\Assigment1\data\hpatches\v_calder\6.ppm,106,2040,560,0.27450980392156865,3.0,5.847984189501104,2040,105,24,81,560,0.051470588235294115,0.22857142857142856,0.011764705882352941,0.04285714285714286,0.27450980392156865,3.0,1.412600454233991,1.3661484118490979,True,23,0.2169811320754717,1.0190641561322864,33.119040000019595,0.7131531701706066,4482,2048,2048,1048576,128,float32,512,2476,2048,2048,1048576,128.75225999887334,7.358846915276258,104.04532000102336,5.167530024647347,nan,nan,116.08675999887055,5.734640455053949,115.48970000003465,6.007763689537309,nan,nan,sift,sift,sift,bf_ratio,0.8
hpatches,v_cartooncity,viewpoint,v_cartooncity_1_to_2,1,2,D:\桌面\IACV\Assigment1\data\hpatches\v_cartooncity\1.ppm,D:\桌面\IACV\Assigment1\data\hpatches\v_cartooncity\2.ppm,813,2048,863,0.42138671875,3.0,0.3219964037166964,2048,813,765,48,863,0.39697265625,0.940959409594096,0.37353515625,0.8864426419466975,0.42138671875,3.0,0.3753175710433849,0.34431989712997124,True,765,0.940959409594096,0.3378891096324299,34.482380001281854,0.6376668475856891,11196,2048,2048,1048576,128,float32,512,7249,2048,2048,1048576,184.8381799994968,3.4439639801770032,147.76328000152716,11.382355645574748,nan,nan,120.25667999841971,1.8004671113260557,102.41117999976268,7.959300731984085,nan,nan,sift,sift,sift,bf_ratio,0.8
hpatches,v_cartooncity,viewpoint,v_cartooncity_1_to_3,1,3,D:\桌面\IACV\Assigment1\data\hpatches\v_cartooncity\1.ppm,D:\桌面\IACV\Assigment1\data\hpatches\v_cartooncity\3.ppm,238,1933,534,0.2762545266425246,3.0,3.6165154622843234,1933,232,166,66,534,0.12002069322296947,0.7155172413793104,0.0858768753233316,0.31086142322097376,0.2762545266425246,3.0,1.0157388930264124,0.9963241844567838,True,179,0.7521008403361344,0.73381051370325,32.143100003304426,0.8595315356728903,11196,2048,2048,1048576,128,float32,512,6304,2048,2048,1048576,184.8381799994968,3.4439639801770032,147.76328000152716,11.382355645574748,nan,nan,133.17640000022948,13.348600398370513,96.49294000118971,3.3353377424563737,nan,nan,sift,sift,sift,bf_ratio,0.8
hpatches,v_cartooncity,viewpoint,v_cartooncity_1_to_4,1,4,D:\桌面\IACV\Assigment1\data\hpatches\v_cartooncity\1.ppm,D:\桌面\IACV\Assigment1\data\hpatches\v_cartooncity\4.ppm,825,1663,910,0.5472038484666266,3.0,0.4583578306356844,1663,812,788,24,910,0.4882742032471437,0.9704433497536946,0.47384245339747444,0.865934065934066,0.5472038484666266,3.0,0.450754955619953,0.35362094097234464,True,788,0.9551515151515152,0.42303788975793005,32.2959399985848,0.9327282088751222,11196,2048,2048,1048576,128,float32,512,6476,2048,2048,1048576,184.8381799994968,3.4439639801770032,147.76328000152716,11.382355645574748,nan,nan,124.75071999942884,8.079216598883407,100.95552000129828,4.694232106054938,nan,nan,sift,sift,sift,bf_ratio,0.8
hpatches,v_cartooncity,viewpoint,v_cartooncity_1_to_5,1,5,D:\桌面\IACV\Assigment1\data\hpatches\v_cartooncity\1.ppm,D:\桌面\IACV\Assigment1\data\hpatches\v_cartooncity\5.ppm,166,1918,507,0.2643378519290928,3.0,5.649511459519726,1918,164,90,74,507,0.08550573514077164,0.5487804878048781,0.04692387904066736,0.17751479289940827,0.2643378519290928,3.0,1.4748796777298048,1.477247544979373,True,105,0.6325301204819277,0.9541470536207163,31.018859999312554,1.5513378525241897,11196,2048,2048,1048576,128,float32,512,5614,2048,2048,1048576,184.8381799994968,3.4439639801770032,147.76328000152716,11.382355645574748,nan,nan,116.20982000167714,3.7483967282685224,99.84318000060739,3.325494261885781,nan,nan,sift,sift,sift,bf_ratio,0.8
hpatches,v_cartooncity,viewpoint,v_cartooncity_1_to_6,1,6,D:\桌面\IACV\Assigment1\data\hpatches\v_cartooncity\1.ppm,D:\桌面\IACV\Assigment1\data\hpatches\v_cartooncity\6.ppm,241,1953,519,0.26574500768049153,3.0,5.000902793118328,1953,233,150,83,519,0.11930363543266768,0.6437768240343348,0.07680491551459294,0.28901734104046245,0.26574500768049153,3.0,1.0494170915122867,0.9680528730499693,True,169,0.7012448132780082,0.6480753605883486,32.03485999838449,1.3418590882664636,11196,2048,2048,1048576,128,float32,512,6069,2048,2048,1048576,184.8381799994968,3.4439639801770032,147.76328000152716,11.382355645574748,nan,nan,116.87586000189185,3.9718202850485036,98.66587999713374,2.4573229127747425,nan,nan,sift,sift,sift,bf_ratio,0.8
hpatches,v_charing,viewpoint,v_charing_1_to_2,1,2,D:\桌面\IACV\Assigment1\data\hpatches\v_charing\1.ppm,D:\桌面\IACV\Assigment1\data\hpatches\v_charing\2.ppm,271,1277,598,0.4682850430696946,3.0,8.68062307312248,1277,181,120,61,598,0.1417384494909945,0.6629834254143646,0.09397024275646046,0.20066889632107024,0.4682850430696946,3.0,0.7885162274927825,0.6536392117648926,True,120,0.44280442804428044,0.6614885342156941,33.95874000125332,0.7763487041416948,3184,2048,2048,1048576,128,float32,512,4521,2048,2048,1048576,232.66920000023674,19.054829145073306,185.38377999939257,19.99498824111105,nan,nan,259.42919999797596,13.265008606862414,219.89126000116812,27.74325433279254,nan,nan,sift,sift,sift,bf_ratio,0.8
hpatches,v_charing,viewpoint,v_charing_1_to_3,1,3,D:\桌面\IACV\Assigment1\data\hpatches\v_charing\1.ppm,D:\桌面\IACV\Assigment1\data\hpatches\v_charing\3.ppm,90,719,383,0.5326842837273992,3.0,58.07449695962898,719,37,23,14,383,0.05146036161335188,0.6216216216216216,0.031988873435326845,0.06005221932114883,0.5326842837273992,3.0,1.2385638366989835,1.0808875253346903,True,26,0.28888888888888886,1.255987575081487,31.841680001525674,0.9931812193128814,3184,2048,2048,1048576,128,float32,512,4133,2048,2048,1048576,232.66920000023674,19.054829145073306,185.38377999939257,19.99498824111105,nan,nan,208.9884799977881,2.4714179851405236,179.06976000085706,3.0297163143245096,nan,nan,sift,sift,sift,bf_ratio,0.8
hpatches,v_charing,viewpoint,v_charing_1_to_4,1,4,D:\桌面\IACV\Assigment1\data\hpatches\v_charing\1.ppm,D:\桌面\IACV\Assigment1\data\hpatches\v_charing\4.ppm,383,727,445,0.6121045392022009,3.0,3.383777398855026,727,308,288,20,445,0.4236588720770289,0.935064935064935,0.39614855570839064,0.647191011235955,0.6121045392022009,3.0,0.8316205267978017,0.7464481538271306,True,288,0.7519582245430809,0.7669437559087456,31.577300000935793,1.301775940876054,3184,2048,2048,1048576,128,float32,512,3384,2048,2048,1048576,232.66920000023674,19.054829145073306,185.38377999939257,19.99498824111105,nan,nan,229.71380000089994,17.262927091458533,177.7492399982293,2.495889750476989,nan,nan,sift,sift,sift,bf_ratio,0.8
hpatches,v_charing,viewpoint,v_charing_1_to_5,1,5,D:\桌面\IACV\Assigment1\data\hpatches\v_charing\1.ppm,D:\桌面\IACV\Assigment1\data\hpatches\v_charing\5.ppm,128,493,330,0.6693711967545639,3.0,150.428692642286,493,117,107,10,330,0.23732251521298176,0.9145299145299145,0.21703853955375255,0.3242424242424242,0.6693711967545639,3.0,1.344055936228537,1.2247487525740886,True,111,0.8671875,0.8058791345072901,33.28385999921011,1.907701704894088,3184,2048,2048,1048576,128,float32,512,2859,2048,2048,1048576,232.66920000023674,19.054829145073306,185.38377999939257,19.99498824111105,nan,nan,217.3318199987989,9.325066439068763,228.52055999828735,11.637862975171483,nan,nan,sift,sift,sift,bf_ratio,0.8
hpatches,v_charing,viewpoint,v_charing_1_to_6,1,6,D:\桌面\IACV\Assigment1\data\hpatches\v_charing\1.ppm,D:\桌面\IACV\Assigment1\data\hpatches\v_charing\6.ppm,70,505,291,0.5762376237623762,3.0,669.0557885933913,505,61,47,14,291,0.12079207920792079,0.7704918032786885,0.09306930693069307,0.16151202749140894,0.5762376237623762,3.0,1.349994953746766,1.0267498747461572,True,49,0.7,1.030021933567434,32.60052000259748,1.6080821052016385,3184,2048,2048,1048576,128,float32,512,2697,2048,2048,1048576,232.66920000023674,19.054829145073306,185.38377999939257,19.99498824111105,nan,nan,226.68791999894893,9.584924882471082,185.17833999794675,5.961554106230597,nan,nan,sift,sift,sift,bf_ratio,0.8
hpatches,v_churchill,viewpoint,v_churchill_1_to_2,1,2,D:\桌面\IACV\Assigment1\data\hpatches\v_churchill\1.ppm,D:\桌面\IACV\Assigment1\data\hpatches\v_churchill\2.ppm,854,1696,1044,0.6155660377358491,3.0,6.477093588438961,1696,852,806,46,1044,0.5023584905660378,0.9460093896713615,0.47523584905660377,0.7720306513409961,0.6155660377358491,3.0,0.8182995205923795,0.6967394143723159,True,790,0.9250585480093677,0.8218944633203152,33.124060001864564,0.7286586931990764,3452,2048,2048,1048576,128,float32,512,2999,2048,2048,1048576,134.45615999953588,11.81823517983289,141.3014200006728,4.1035768508892385,nan,nan,165.85224000009475,5.629381292999293,133.94025999732548,5.452723726941698,nan,nan,sift,sift,sift,bf_ratio,0.8
hpatches,v_churchill,viewpoint,v_churchill_1_to_3,1,3,D:\桌面\IACV\Assigment1\data\hpatches\v_churchill\1.ppm,D:\桌面\IACV\Assigment1\data\hpatches\v_churchill\3.ppm,501,1697,851,0.501473187978786,3.0,5.352786299801378,1697,491,418,73,851,0.2893341190335887,0.8513238289205702,0.24631703005303476,0.491186839012926,0.501473187978786,3.0,0.9519893969278892,0.8668296084634659,True,417,0.8323353293413174,0.8885016819729026,33.68181999830995,0.8168328678905012,3452,2048,2048,1048576,128,float32,512,2816,2048,2048,1048576,134.45615999953588,11.81823517983289,141.3014200006728,4.1035768508892385,nan,nan,140.04432000219822,6.126326085366698,126.93662000237964,3.591148405595092,nan,nan,sift,sift,sift,bf_ratio,0.8
hpatches,v_churchill,viewpoint,v_churchill_1_to_4,1,4,D:\桌面\IACV\Assigment1\data\hpatches\v_churchill\1.ppm,D:\桌面\IACV\Assigment1\data\hpatches\v_churchill\4.ppm,306,1963,873,0.4447274579724911,3.0,4.892258212724384,1963,306,236,70,873,0.15588385124808965,0.7712418300653595,0.12022414671421294,0.27033218785796104,0.4447274579724911,3.0,1.1209909649542527,0.9704605006427395,True,248,0.8104575163398693,0.8599886075433638,32.895779999671504,2.274389251859384,3452,2048,2048,1048576,128,float32,512,2596,2048,2048,1048576,134.45615999953588,11.81823517983289,141.3014200006728,4.1035768508892385,nan,nan,150.2983200000017,7.496966300353759,123.09540000424022,3.6811113486651075,nan,nan,sift,sift,sift,bf_ratio,0.8
hpatches,v_churchill,viewpoint,v_churchill_1_to_5,1,5,D:\桌面\IACV\Assigment1\data\hpatches\v_churchill\1.ppm,D:\桌面\IACV\Assigment1\data\hpatches\v_churchill\5.ppm,1265,2048,1323,0.64599609375,3.0,0.1824846255315184,2048,1265,1237,28,1323,0.61767578125,0.9778656126482214,0.60400390625,0.9349962207105065,0.64599609375,3.0,0.47891074702766345,0.39478629070730836,True,1237,0.9778656126482214,0.47234863571335667,32.525960000930354,0.9849126863674595,3452,2048,2048,1048576,128,float32,512,3159,2048,2048,1048576,134.45615999953588,11.81823517983289,141.3014200006728,4.1035768508892385,nan,nan,141.95221999980276,16.530889485028172,111.96389999968233,2.662945434124025,nan,nan,sift,sift,sift,bf_ratio,0.8
hpatches,v_churchill,viewpoint,v_churchill_1_to_6,1,6,D:\桌面\IACV\Assigment1\data\hpatches\v_churchill\1.ppm,D:\桌面\IACV\Assigment1\data\hpatches\v_churchill\6.ppm,138,1988,661,0.33249496981891347,3.0,3.476152725990202,1988,138,62,76,661,0.06941649899396378,0.4492753623188406,0.03118712273641851,0.09379727685325265,0.33249496981891347,3.0,1.264341261702266,1.206146312415921,True,67,0.4855072463768116,1.1313338523271355,31.589879999228287,1.416451226104053,3452,2048,2048,1048576,128,float32,512,2110,2048,2048,1048576,134.45615999953588,11.81823517983289,141.3014200006728,4.1035768508892385,nan,nan,128.9048599996022,6.07038638697014,117.30125999893062,4.103121572382638,nan,nan,sift,sift,sift,bf_ratio,0.8
hpatches,v_circus,viewpoint,v_circus_1_to_2,1,2,D:\桌面\IACV\Assigment1\data\hpatches\v_circus\1.ppm,D:\桌面\IACV\Assigment1\data\hpatches\v_circus\2.ppm,964,2048,1062,0.5185546875,3.0,0.3403040739691933,2048,964,903,61,1062,0.470703125,0.9367219917012448,0.44091796875,0.8502824858757062,0.5185546875,3.0,0.4750838612812428,0.35415378281105153,True,905,0.9387966804979253,0.4641635774933321,35.956520002218895,1.0934007965816344,4503,2048,2048,1048576,128,float32,512,3675,2048,2048,1048576,228.91687999945134,7.608473743089866,189.2342400024063,12.505210644449285,nan,nan,216.26822000107495,14.814164437518974,225.79696000175318,18.97067663007992,nan,nan,sift,sift,sift,bf_ratio,0.8
hpatches,v_circus,viewpoint,v_circus_1_to_3,1,3,D:\桌面\IACV\Assigment1\data\hpatches\v_circus\1.ppm,D:\桌面\IACV\Assigment1\data\hpatches\v_circus\3.ppm,530,1917,749,0.3907146583202921,3.0,2.5265323472528185,1917,525,391,134,749,0.27386541471048514,0.7447619047619047,0.2039645279081899,0.5220293724966623,0.3907146583202921,3.0,1.4632066818416911,1.4839543228088612,True,381,0.7188679245283018,1.2644746421684452,30.304339999565855,1.5318211214120907,4503,2048,2048,1048576,128,float32,512,3611,2048,2048,1048576,228.91687999945134,7.608473743089866,189.2342400024063,12.505210644449285,nan,nan,224.45819999848027,8.619805296699656,189.69168000039645,12.622878714670938,nan,nan,sift,sift,sift,bf_ratio,0.8
hpatches,v_circus,viewpoint,v_circus_1_to_4,1,4,D:\桌面\IACV\Assigment1\data\hpatches\v_circus\1.ppm,D:\桌面\IACV\Assigment1\data\hpatches\v_circus\4.ppm,227,1839,589,0.32028276237085374,3.0,13.875450338168585,1839,220,124,96,589,0.11963023382272975,0.5636363636363636,0.0674279499728113,0.21052631578947367,0.32028276237085374,3.0,1.727004447318776,1.7642750288129745,True,122,0.5374449339207048,1.2550891742325856,30.69309999991674,0.8980995380252287,4503,2048,2048,1048576,128,float32,512,3282,2048,2048,1048576,228.91687999945134,7.608473743089866,189.2342400024063,12.505210644449285,nan,nan,198.20253999932902,9.269106220714352,172.32568000035826,11.706881969526233,nan,nan,sift,sift,sift,bf_ratio,0.8
hpatches,v_circus,viewpoint,v_circus_1_to_5,1,5,D:\桌面\IACV\Assigment1\data\hpatches\v_circus\1.ppm,D:\桌面\IACV\Assigment1\data\hpatches\v_circus\5.ppm,744,2009,882,0.43902439024390244,3.0,2.1104580532191397,2009,743,604,139,882,0.36983573917371826,0.8129205921938089,0.3006470881035341,0.6848072562358276,0.43902439024390244,3.0,1.3338631863217105,1.2839766895262228,True,582,0.782258064516129,1.1296872714109065,40.42352000105893,3.4045399428777277,4503,2048,2048,1048576,128,float32,512,3895,2048,2048,1048576,228.91687999945134,7.608473743089866,189.2342400024063,12.505210644449285,nan,nan,167.51461999811,19.26753680338245,211.30282000085572,18.3547966051203,nan,nan,sift,sift,sift,bf_ratio,0.8
hpatches,v_circus,viewpoint,v_circus_1_to_6,1,6,D:\桌面\IACV\Assigment1\data\hpatches\v_circus\1.ppm,D:\桌面\IACV\Assigment1\data\hpatches\v_circus\6.ppm,386,2040,656,0.3215686274509804,3.0,2.347393052333565,2040,386,259,127,656,0.1892156862745098,0.6709844559585493,0.12696078431372548,0.3948170731707317,0.3215686274509804,3.0,1.2778041580005932,1.160609563661788,True,264,0.6839378238341969,1.2178911875891532,23.227760002191644,2.737748631805967,4503,2048,2048,1048576,128,float32,512,3271,2048,2048,1048576,228.91687999945134,7.608473743089866,189.2342400024063,12.505210644449285,nan,nan,208.29129999910947,41.81319633991026,147.27473999810172,9.612138067693,nan,nan,sift,sift,sift,bf_ratio,0.8
hpatches,v_coffeehouse,viewpoint,v_coffeehouse_1_to_2,1,2,D:\桌面\IACV\Assigment1\data\hpatches\v_coffeehouse\1.ppm,D:\桌面\IACV\Assigment1\data\hpatches\v_coffeehouse\2.ppm,512,2038,587,0.28802747791952893,3.0,1.5709888186477232,2038,512,433,79,587,0.2512266928361138,0.845703125,0.21246319921491658,0.737649063032368,0.28802747791952893,3.0,1.1732124507508381,1.064700601571051,True,423,0.826171875,1.14623254207694,19.88837999961106,1.1533996316829158,2935,2048,2048,1048576,128,float32,512,6303,2048,2048,1048576,215.3717000008328,27.03886255974792,143.60797999834176,5.55662575148898,nan,nan,182.35697999916738,19.84031659154711,127.89795999997295,4.128464171213942,nan,nan,sift,sift,sift,bf_ratio,0.8
hpatches,v_coffeehouse,viewpoint,v_coffeehouse_1_to_3,1,3,D:\桌面\IACV\Assigment1\data\hpatches\v_coffeehouse\1.ppm,D:\桌面\IACV\Assigment1\data\hpatches\v_coffeehouse\3.ppm,669,2048,742,0.3623046875,3.0,2.324188747388968,2048,669,598,71,742,0.32666015625,0.8938714499252616,0.2919921875,0.8059299191374663,0.3623046875,3.0,1.1246990553913367,1.094520515109446,True,598,0.8938714499252616,1.1620573742780071,21.72430000064196,2.6654089753471153,2935,2048,2048,1048576,128,float32,512,6285,2048,2048,1048576,215.3717000008328,27.03886255974792,143.60797999834176,5.55662575148898,nan,nan,161.4928199982387,2.1254793836862658,124.61952000157908,2.3466311941934754,nan,nan,sift,sift,sift,bf_ratio,0.8
hpatches,v_coffeehouse,viewpoint,v_coffeehouse_1_to_4,1,4,D:\桌面\IACV\Assigment1\data\hpatches\v_coffeehouse\1.ppm,D:\桌面\IACV\Assigment1\data\hpatches\v_coffeehouse\4.ppm,689,1838,648,0.352557127312296,3.0,3.702583410790757,1838,683,452,231,648,0.3715995647442873,0.6617862371888726,0.24591947769314473,0.6975308641975309,0.352557127312296,3.0,1.6288008716657545,1.5491956147604427,True,423,0.613933236574746,1.3401976228367163,18.318100001488347,1.3397919744019786,2935,2048,2048,1048576,128,float32,512,3619,2048,2048,1048576,215.3717000008328,27.03886255974792,143.60797999834176,5.55662575148898,nan,nan,158.61488000227837,4.822737307863081,123.704859999998,2.7382495041513364,nan,nan,sift,sift,sift,bf_ratio,0.8
hpatches,v_coffeehouse,viewpoint,v_coffeehouse_1_to_5,1,5,D:\桌面\IACV\Assigment1\data\hpatches\v_coffeehouse\1.ppm,D:\桌面\IACV\Assigment1\data\hpatches\v_coffeehouse\5.ppm,456,2048,513,0.25048828125,3.0,1.6798361301272124,2048,456,397,59,513,0.22265625,0.8706140350877193,0.19384765625,0.7738791423001949,0.25048828125,3.0,1.158406593525335,1.0485739864667674,True,396,0.868421052631579,1.1233628393572068,20.873380001285113,0.9670818770748997,2935,2048,2048,1048576,128,float32,512,7113,2048,2048,1048576,215.3717000008328,27.03886255974792,143.60797999834176,5.55662575148898,nan,nan,177.54001999855973,9.13604514676066,145.80178000032902,22.03779536103339,nan,nan,sift,sift,sift,bf_ratio,0.8
hpatches,v_coffeehouse,viewpoint,v_coffeehouse_1_to_6,1,6,D:\桌面\IACV\Assigment1\data\hpatches\v_coffeehouse\1.ppm,D:\桌面\IACV\Assigment1\data\hpatches\v_coffeehouse\6.ppm,336,1867,419,0.2244242099625067,3.0,11.77907013867241,1867,332,190,142,419,0.17782538832351366,0.572289156626506,0.10176754151044456,0.45346062052505964,0.2244242099625067,3.0,1.635723979296022,1.7002729440414046,True,187,0.5565476190476191,1.0457349392908541,19.88988000084646,2.1187350486228467,2935,2048,2048,1048576,128,float32,512,5111,2048,2048,1048576,215.3717000008328,27.03886255974792,143.60797999834176,5.55662575148898,nan,nan,164.44360000168672,6.987533290247672,130.6373999992502,6.380901643997993,nan,nan,sift,sift,sift,bf_ratio,0.8
hpatches,v_colors,viewpoint,v_colors_1_to_2,1,2,D:\桌面\IACV\Assigment1\data\hpatches\v_colors\1.ppm,D:\桌面\IACV\Assigment1\data\hpatches\v_colors\2.ppm,111,354,144,0.4067796610169492,3.0,0.25304452696027674,354,107,55,52,144,0.3022598870056497,0.514018691588785,0.1553672316384181,0.3819444444444444,0.4067796610169492,3.0,0.872621399870129,0.42380234474895867,True,55,0.4954954954954955,0.8927112131732373,1.010539998242166,0.19214003969042398,391,391,391,200192,128,float32,512,439,439,439,224768,167.6400399999693,3.7634357897567434,143.26074000127846,11.373410896431533,nan,nan,166.9694599986542,4.089774921958972,125.42535999818938,6.3268100081595025,nan,nan,sift,sift,sift,bf_ratio,0.8
hpatches,v_colors,viewpoint,v_colors_1_to_3,1,3,D:\桌面\IACV\Assigment1\data\hpatches\v_colors\1.ppm,D:\桌面\IACV\Assigment1\data\hpatches\v_colors\3.ppm,92,330,122,0.3696969696969697,3.0,1.862060401472392,330,84,35,49,122,0.2545454545454545,0.4166666666666667,0.10606060606060606,0.28688524590163933,0.3696969696969697,3.0,1.0473288579994358,0.6665854658904401,True,35,0.3804347826086957,0.8311793789727188,0.9666400001151487,0.08432199235575755,391,391,391,200192,128,float32,512,399,399,399,204288,167.6400399999693,3.7634357897567434,143.26074000127846,11.373410896431533,nan,nan,166.64547999826027,7.90848724798082,131.77162000065437,20.545578493173082,nan,nan,sift,sift,sift,bf_ratio,0.8
hpatches,v_colors,viewpoint,v_colors_1_to_4,1,4,D:\桌面\IACV\Assigment1\data\hpatches\v_colors\1.ppm,D:\桌面\IACV\Assigment1\data\hpatches\v_colors\4.ppm,40,301,52,0.17275747508305647,3.0,983.7561879467439,301,34,3,31,52,0.11295681063122924,0.08823529411764706,0.009966777408637873,0.057692307692307696,0.17275747508305647,3.0,0.9794326751535553,0.887954847136855,True,7,0.175,1.0290597255104736,1.2715000018943101,0.21186239700794915,391,391,391,200192,128,float32,512,636,636,636,325632,167.6400399999693,3.7634357897567434,143.26074000127846,11.373410896431533,nan,nan,189.1055200001574,23.51832181057547,159.25766000000294,23.26802296380578,nan,nan,sift,sift,sift,bf_ratio,0.8
hpatches,v_colors,viewpoint,v_colors_1_to_5,1,5,D:\桌面\IACV\Assigment1\data\hpatches\v_colors\1.ppm,D:\桌面\IACV\Assigment1\data\hpatches\v_colors\5.ppm,35,295,56,0.18983050847457628,3.0,13995.903873782465,295,30,2,28,56,0.1016949152542373,0.06666666666666667,0.006779661016949152,0.03571428571428571,0.18983050847457628,3.0,1.9576710968939313,1.9576710968939313,True,7,0.2,8.836635545014039e-11,0.8833399973809719,0.05373749538034072,391,391,391,200192,128,float32,512,557,557,557,285184,167.6400399999693,3.7634357897567434,143.26074000127846,11.373410896431533,nan,nan,171.73231999913696,5.6654538424059355,122.70235999894794,2.0282885585378327,nan,nan,sift,sift,sift,bf_ratio,0.8
hpatches,v_colors,viewpoint,v_colors_1_to_6,1,6,D:\桌面\IACV\Assigment1\data\hpatches\v_colors\1.ppm,D:\桌面\IACV\Assigment1\data\hpatches\v_colors\6.ppm,32,295,32,0.10847457627118644,3.0,1518.9198331115529,295,27,2,25,32,0.09152542372881356,0.07407407407407407,0.006779661016949152,0.0625,0.10847457627118644,3.0,1.0095072056519854,1.0095072056519854,True,5,0.15625,0.3737905107518666,2.8521000014734454,0.12927284359141325,391,391,391,200192,128,float32,512,1439,1439,1439,736768,167.6400399999693,3.7634357897567434,143.26074000127846,11.373410896431533,nan,nan,167.5413799996022,8.708905435108315,133.08869999891613,4.288388110622639,nan,nan,sift,sift,sift,bf_ratio,0.8
hpatches,v_courses,viewpoint,v_courses_1_to_2,1,2,D:\桌面\IACV\Assigment1\data\hpatches\v_courses\1.ppm,D:\桌面\IACV\Assigment1\data\hpatches\v_courses\2.ppm,1146,2016,1302,0.6458333333333334,3.0,1.7632389343650652,2016,1143,1076,67,1302,0.5669642857142857,0.9413823272090989,0.5337301587301587,0.82642089093702,0.6458333333333334,3.0,0.8716000070757187,0.7822293979507007,True,1073,0.9363001745200699,0.8210239994152962,17.372840001189616,1.8849707228341055,3645,2048,2048,1048576,128,float32,512,3573,2048,2048,1048576,151.34689999977127,23.130168672931244,183.1785000002128,5.495486103598913,nan,nan,141.0273799992865,18.008135361603934,89.25938000174938,0.7533553930439929,nan,nan,sift,sift,sift,bf_ratio,0.8
hpatches,v_courses,viewpoint,v_courses_1_to_3,1,3,D:\桌面\IACV\Assigment1\data\hpatches\v_courses\1.ppm,D:\桌面\IACV\Assigment1\data\hpatches\v_courses\3.ppm,737,2044,971,0.47504892367906065,3.0,9.093315686935636,2044,737,539,198,971,0.36056751467710374,0.7313432835820896,0.2636986301369863,0.5550978372811535,0.47504892367906065,3.0,1.5152211391380526,1.422460538727558,True,535,0.7259158751696065,1.4426118100197216,16.602860001148656,0.49465092888747136,3645,2048,2048,1048576,128,float32,512,3243,2048,2048,1048576,151.34689999977127,23.130168672931244,183.1785000002128,5.495486103598913,nan,nan,120.48175999661908,5.142930194698541,90.57479999901261,2.370196664717592,nan,nan,sift,sift,sift,bf_ratio,0.8
hpatches,v_courses,viewpoint,v_courses_1_to_4,1,4,D:\桌面\IACV\Assigment1\data\hpatches\v_courses\1.ppm,D:\桌面\IACV\Assigment1\data\hpatches\v_courses\4.ppm,831,2047,1074,0.5246702491450904,3.0,6.830780274418108,2047,831,688,143,1074,0.4059599413776258,0.8279181708784596,0.33610161211529066,0.6405959031657356,0.5246702491450904,3.0,1.4138071948670232,1.3502726069177649,True,642,0.7725631768953068,1.1493852543368925,14.862080001330469,0.316370398569416,3645,2048,2048,1048576,128,float32,512,3475,2048,2048,1048576,151.34689999977127,23.130168672931244,183.1785000002128,5.495486103598913,nan,nan,109.03218000021297,1.3630590750298603,91.29835999920033,2.1880763627324797,nan,nan,sift,sift,sift,bf_ratio,0.8
hpatches,v_courses,viewpoint,v_courses_1_to_5,1,5,D:\桌面\IACV\Assigment1\data\hpatches\v_courses\1.ppm,D:\桌面\IACV\Assigment1\data\hpatches\v_courses\5.ppm,442,2004,668,0.3333333333333333,3.0,19.071071547656956,2004,442,219,223,668,0.22055888223552894,0.49547511312217196,0.1092814371257485,0.3278443113772455,0.3333333333333333,3.0,1.9384111337294243,1.9784740805217025,True,251,0.5678733031674208,1.5032703159047547,15.101580000191461,0.5894745719109293,3645,2048,2048,1048576,128,float32,512,3496,2048,2048,1048576,151.34689999977127,23.130168672931244,183.1785000002128,5.495486103598913,nan,nan,109.76291999832029,1.3573517454766504,86.33959999860963,1.0286982803971032,nan,nan,sift,sift,sift,bf_ratio,0.8
hpatches,v_courses,viewpoint,v_courses_1_to_6,1,6,D:\桌面\IACV\Assigment1\data\hpatches\v_courses\1.ppm,D:\桌面\IACV\Assigment1\data\hpatches\v_courses\6.ppm,329,1977,511,0.25847243297926153,3.0,40.06128256345971,1977,329,100,229,511,0.16641375821952453,0.303951367781155,0.05058168942842691,0.19569471624266144,0.25847243297926153,3.0,2.008553533248851,2.0564524069353367,True,155,0.47112462006079026,1.5876720407667801,14.694120001513511,0.22840665719016476,3645,2048,2048,1048576,128,float32,512,3179,2048,2048,1048576,151.34689999977127,23.130168672931244,183.1785000002128,5.495486103598913,nan,nan,108.88010000053328,1.739559233230966,91.23299999773735,2.041857420657807,nan,nan,sift,sift,sift,bf_ratio,0.8
hpatches,v_dirtywall,viewpoint,v_dirtywall_1_to_2,1,2,D:\桌面\IACV\Assigment1\data\hpatches\v_dirtywall\1.ppm,D:\桌面\IACV\Assigment1\data\hpatches\v_dirtywall\2.ppm,981,2048,1081,0.52783203125,3.0,0.6378469129582531,2048,981,967,14,1081,0.47900390625,0.9857288481141692,0.47216796875,0.8945420906567992,0.52783203125,3.0,0.5895526967976983,0.5323957645293803,True,968,0.9867482161060143,0.5388916480215022,16.703419999976177,0.4384139211647446,14050,2048,2048,1048576,128,float32,512,13057,2048,2048,1048576,114.34810000209836,2.2772163921765265,79.78776000090875,2.6970360030255423,nan,nan,123.07500000024447,2.9750939715631306,85.12324000039371,2.6945950417473754,nan,nan,sift,sift,sift,bf_ratio,0.8
hpatches,v_dirtywall,viewpoint,v_dirtywall_1_to_3,1,3,D:\桌面\IACV\Assigment1\data\hpatches\v_dirtywall\1.ppm,D:\桌面\IACV\Assigment1\data\hpatches\v_dirtywall\3.ppm,529,2047,765,0.37371763556424037,3.0,0.7896089456911223,2047,529,491,38,765,0.25842696629213485,0.9281663516068053,0.23986321446018563,0.6418300653594772,0.37371763556424037,3.0,0.6375418010729774,0.5239456239702409,True,490,0.9262759924385633,0.620563723049226,14.962399999785703,0.27036729626674433,14050,2048,2048,1048576,128,float32,512,9595,2048,2048,1048576,114.34810000209836,2.2772163921765265,79.78776000090875,2.6970360030255423,nan,nan,113.48708000150509,4.265209152255829,82.20739999815123,1.2936635742305596,nan,nan,sift,sift,sift,bf_ratio,0.8
hpatches,v_dirtywall,viewpoint,v_dirtywall_1_to_4,1,4,D:\桌面\IACV\Assigment1\data\hpatches\v_dirtywall\1.ppm,D:\桌面\IACV\Assigment1\data\hpatches\v_dirtywall\4.ppm,229,2043,616,0.30151737640724424,3.0,3.7462015664170822,2043,229,197,32,616,0.11209006363191386,0.8602620087336245,0.09642682329907,0.3198051948051948,0.30151737640724424,3.0,1.0338004355291013,0.9084299087885096,True,197,0.8602620087336245,0.9743463296369514,15.40985999890836,0.28998266501246284,14050,2048,2048,1048576,128,float32,512,9357,2048,2048,1048576,114.34810000209836,2.2772163921765265,79.78776000090875,2.6970360030255423,nan,nan,109.37436000094749,3.0023215124289493,82.59630000102334,2.811585355786762,nan,nan,sift,sift,sift,bf_ratio,0.8
hpatches,v_dirtywall,viewpoint,v_dirtywall_1_to_5,1,5,D:\桌面\IACV\Assigment1\data\hpatches\v_dirtywall\1.ppm,D:\桌面\IACV\Assigment1\data\hpatches\v_dirtywall\5.ppm,521,2038,859,0.42149165848871445,3.0,1.5468861669938838,2038,521,500,21,859,0.25564278704612364,0.9596928982725528,0.24533856722276742,0.5820721769499418,0.42149165848871445,3.0,0.7925702326395966,0.6791222961727195,True,503,0.9654510556621881,0.755262231361215,15.422459998808336,0.40634636590579665,14050,2048,2048,1048576,128,float32,512,12713,2048,2048,1048576,114.34810000209836,2.2772163921765265,79.78776000090875,2.6970360030255423,nan,nan,114.49174000154017,0.48076796830847496,81.31174000009196,2.334830538593292,nan,nan,sift,sift,sift,bf_ratio,0.8
hpatches,v_dirtywall,viewpoint,v_dirtywall_1_to_6,1,6,D:\桌面\IACV\Assigment1\data\hpatches\v_dirtywall\1.ppm,D:\桌面\IACV\Assigment1\data\hpatches\v_dirtywall\6.ppm,130,2048,393,0.19189453125,3.0,2.4646634961496656,2048,130,99,31,393,0.0634765625,0.7615384615384615,0.04833984375,0.25190839694656486,0.19189453125,3.0,0.8772673263573213,0.7147610736623479,True,99,0.7615384615384615,0.8376932645370689,15.345440001692623,0.4475564832788474,14050,2048,2048,1048576,128,float32,512,9840,2048,2048,1048576,114.34810000209836,2.2772163921765265,79.78776000090875,2.6970360030255423,nan,nan,111.88448000029894,3.1511176046523457,80.40400000027148,1.6731643956157036,nan,nan,sift,sift,sift,bf_ratio,0.8
hpatches,v_dogman,viewpoint,v_dogman_1_to_2,1,2,D:\桌面\IACV\Assigment1\data\hpatches\v_dogman\1.ppm,D:\桌面\IACV\Assigment1\data\hpatches\v_dogman\2.ppm,528,1186,610,0.5143338954468802,3.0,1.8481855379767569,1186,521,474,47,610,0.43929173693086004,0.9097888675623801,0.3996627318718381,0.7770491803278688,0.5143338954468802,3.0,0.802168947591225,0.6284145952116391,True,473,0.8958333333333334,0.6676473372082449,6.822440000541974,0.15094765572727306,1398,1398,1398,715776,128,float32,512,1382,1382,1382,707584,40.861640000366606,1.1173363259116493,36.65833999984898,1.0166688971891091,nan,nan,42.106179997790605,1.664589914615935,39.41864000080386,0.5069787831620236,nan,nan,sift,sift,sift,bf_ratio,0.8
hpatches,v_dogman,viewpoint,v_dogman_1_to_3,1,3,D:\桌面\IACV\Assigment1\data\hpatches\v_dogman\1.ppm,D:\桌面\IACV\Assigment1\data\hpatches\v_dogman\3.ppm,699,1390,736,0.5294964028776978,3.0,0.5012478142713973,1390,699,625,74,736,0.5028776978417266,0.894134477825465,0.44964028776978415,0.8491847826086957,0.5294964028776978,3.0,0.5298064378946178,0.39097268520002,True,623,0.8912732474964234,0.5265482365649984,16.015840000181925,0.8481290185113046,1398,1398,1398,715776,128,float32,512,1605,1605,1605,821760,40.861640000366606,1.1173363259116493,36.65833999984898,1.0166688971891091,nan,nan,69.62903999956325,7.330270994021068,75.08420000085607,4.447422749097666,nan,nan,sift,sift,sift,bf_ratio,0.8
hpatches,v_dogman,viewpoint,v_dogman_1_to_4,1,4,D:\桌面\IACV\Assigment1\data\hpatches\v_dogman\1.ppm,D:\桌面\IACV\Assigment1\data\hpatches\v_dogman\4.ppm,106,1225,344,0.2808163265306122,3.0,14.374132312813082,1225,101,42,59,344,0.08244897959183674,0.4158415841584158,0.03428571428571429,0.12209302325581395,0.2808163265306122,3.0,1.686866565964687,1.70324039471065,True,58,0.5471698113207547,1.168346935454652,14.66742000047816,0.5557037956280831,1398,1398,1398,715776,128,float32,512,1587,1587,1587,812544,40.861640000366606,1.1173363259116493,36.65833999984898,1.0166688971891091,nan,nan,74.0613799993298,1.872186482430761,71.74379999923985,1.1480436453150167,nan,nan,sift,sift,sift,bf_ratio,0.8
hpatches,v_dogman,viewpoint,v_dogman_1_to_5,1,5,D:\桌面\IACV\Assigment1\data\hpatches\v_dogman\1.ppm,D:\桌面\IACV\Assigment1\data\hpatches\v_dogman\5.ppm,349,1182,523,0.44247038917089676,3.0,2.351779057310154,1182,345,297,48,523,0.2918781725888325,0.8608695652173913,0.2512690355329949,0.5678776290630975,0.44247038917089676,3.0,1.0299708696813277,0.8265822912945533,True,300,0.8595988538681948,1.023669292680111,12.652319998596795,0.5488384797508166,1398,1398,1398,715776,128,float32,512,1347,1347,1347,689664,40.861640000366606,1.1173363259116493,36.65833999984898,1.0166688971891091,nan,nan,73.47032000252511,4.168067764574636,65.58190000068862,3.5361120323029565,nan,nan,sift,sift,sift,bf_ratio,0.8
hpatches,v_dogman,viewpoint,v_dogman_1_to_6,1,6,D:\桌面\IACV\Assigment1\data\hpatches\v_dogman\1.ppm,D:\桌面\IACV\Assigment1\data\hpatches\v_dogman\6.ppm,73,1054,236,0.2239089184060721,3.0,115.6366732407283,1054,69,13,56,236,0.06546489563567362,0.18840579710144928,0.012333965844402278,0.05508474576271186,0.2239089184060721,3.0,1.8379125707920179,1.7402887685667048,True,23,0.3150684931506849,1.1078302036051897,12.290259999281261,0.36106044523149894,1398,1398,1398,715776,128,float32,512,1285,1285,1285,657920,40.861640000366606,1.1173363259116493,36.65833999984898,1.0166688971891091,nan,nan,68.6652399977902,3.8425103286980766,68.7751000004937,1.7672585819864548,nan,nan,sift,sift,sift,bf_ratio,0.8
hpatches,v_eastsouth,viewpoint,v_eastsouth_1_to_2,1,2,D:\桌面\IACV\Assigment1\data\hpatches\v_eastsouth\1.ppm,D:\桌面\IACV\Assigment1\data\hpatches\v_eastsouth\2.ppm,813,2048,967,0.47216796875,3.0,0.4148944980214695,2048,813,797,16,967,0.39697265625,0.980319803198032,0.38916015625,0.8241985522233712,0.47216796875,3.0,0.4264291105329281,0.369472566706517,True,797,0.980319803198032,0.3876102740922295,28.834859999187756,1.3614895028433136,10261,2048,2048,1048576,128,float32,512,8811,2048,2048,1048576,113.64797999995062,11.195317781562593,94.75166000192985,5.171236496830967,nan,nan,109.34785999852465,15.564467655709931,99.88332000066293,5.778083923883469,nan,nan,sift,sift,sift,bf_ratio,0.8
hpatches,v_eastsouth,viewpoint,v_eastsouth_1_to_3,1,3,D:\桌面\IACV\Assigment1\data\hpatches\v_eastsouth\1.ppm,D:\桌面\IACV\Assigment1\data\hpatches\v_eastsouth\3.ppm,578,2048,776,0.37890625,3.0,0.4080365002059521,2048,578,557,21,776,0.2822265625,0.9636678200692042,0.27197265625,0.7177835051546392,0.37890625,3.0,0.41218269854178197,0.3569452282374624,True,557,0.9636678200692042,0.36912442158723824,27.179419998719823,0.9877583781313974,10261,2048,2048,1048576,128,float32,512,7881,2048,2048,1048576,113.64797999995062,11.195317781562593,94.75166000192985,5.171236496830967,nan,nan,106.42160000134027,11.993056574139127,98.97294000111287,3.4645239158910295,nan,nan,sift,sift,sift,bf_ratio,0.8
hpatches,v_eastsouth,viewpoint,v_eastsouth_1_to_4,1,4,D:\桌面\IACV\Assigment1\data\hpatches\v_eastsouth\1.ppm,D:\桌面\IACV\Assigment1\data\hpatches\v_eastsouth\4.ppm,378,2043,649,0.3176700930004895,3.0,0.7794906468841116,2043,378,350,28,649,0.18502202643171806,0.9259259259259259,0.17131669114047968,0.539291217257319,0.3176700930004895,3.0,0.6973561849622799,0.6605538243807489,True,350,0.9259259259259259,0.5798268062590451,28.177179998601787,1.9570526115580342,10261,2048,2048,1048576,128,float32,512,7417,2048,2048,1048576,113.64797999995062,11.195317781562593,94.75166000192985,5.171236496830967,nan,nan,108.74474000011105,7.430576794484062,94.65014000161318,1.7184763575699336,nan,nan,sift,sift,sift,bf_ratio,0.8
hpatches,v_eastsouth,viewpoint,v_eastsouth_1_to_5,1,5,D:\桌面\IACV\Assigment1\data\hpatches\v_eastsouth\1.ppm,D:\桌面\IACV\Assigment1\data\hpatches\v_eastsouth\5.ppm,297,2048,468,0.228515625,3.0,0.4851044147651718,2048,297,256,41,468,0.14501953125,0.8619528619528619,0.125,0.5470085470085471,0.228515625,3.0,0.46342681571462974,0.42312797432697336,True,256,0.8619528619528619,0.4018686231427995,26.6522799996892,1.6943743793685424,10261,2048,2048,1048576,128,float32,512,7040,2048,2048,1048576,113.64797999995062,11.195317781562593,94.75166000192985,5.171236496830967,nan,nan,112.12751999992179,1.1323413157274882,92.38137999927858,9.769605036802101,nan,nan,sift,sift,sift,bf_ratio,0.8
hpatches,v_eastsouth,viewpoint,v_eastsouth_1_to_6,1,6,D:\桌面\IACV\Assigment1\data\hpatches\v_eastsouth\1.ppm,D:\桌面\IACV\Assigment1\data\hpatches\v_eastsouth\6.ppm,183,2048,421,0.20556640625,3.0,0.38361213963364943,2048,183,150,33,421,0.08935546875,0.819672131147541,0.0732421875,0.35629453681710216,0.20556640625,3.0,0.38925613216243937,0.32822369543929064,True,150,0.819672131147541,0.33383756001214404,26.67824000091059,1.1442136903529476,10261,2048,2048,1048576,128,float32,512,5189,2048,2048,1048576,113.64797999995062,11.195317781562593,94.75166000192985,5.171236496830967,nan,nan,108.26236000139033,0.7318244035806984,94.99822000216227,2.942104893310449,nan,nan,sift,sift,sift,bf_ratio,0.8
hpatches,v_feast,viewpoint,v_feast_1_to_2,1,2,D:\桌面\IACV\Assigment1\data\hpatches\v_feast\1.ppm,D:\桌面\IACV\Assigment1\data\hpatches\v_feast\2.ppm,725,2048,836,0.408203125,3.0,0.32162412146341074,2048,725,702,23,836,0.35400390625,0.9682758620689655,0.3427734375,0.8397129186602871,0.408203125,3.0,0.42620838930218125,0.3904367733454671,True,702,0.9682758620689655,0.403838997998188,26.564900002267677,0.4935197073991875,18279,2048,2048,1048576,128,float32,512,12115,2048,2048,1048576,258.6838599992916,21.52856840278617,179.76049999997485,28.005078004420234,nan,nan,250.36582000175258,3.3152442110015445,195.56467999645974,5.524674968131817,nan,nan,sift,sift,sift,bf_ratio,0.8
hpatches,v_feast,viewpoint,v_feast_1_to_3,1,3,D:\桌面\IACV\Assigment1\data\hpatches\v_feast\1.ppm,D:\桌面\IACV\Assigment1\data\hpatches\v_feast\3.ppm,682,2048,879,0.42919921875,3.0,2.3672968512501744,2048,682,655,27,879,0.3330078125,0.9604105571847508,0.31982421875,0.745164960182025,0.42919921875,3.0,0.9956092061159043,0.9344887436866035,True,653,0.9574780058651027,0.7868881751904021,26.80231999984244,0.8275995957438705,18279,2048,2048,1048576,128,float32,512,16564,2048,2048,1048576,258.6838599992916,21.52856840278617,179.76049999997485,28.005078004420234,nan,nan,243.83012000034796,23.611437881737018,191.39129999821307,0.5737513987031674,nan,nan,sift,sift,sift,bf_ratio,0.8
hpatches,v_feast,viewpoint,v_feast_1_to_4,1,4,D:\桌面\IACV\Assigment1\data\hpatches\v_feast\1.ppm,D:\桌面\IACV\Assigment1\data\hpatches\v_feast\4.ppm,298,2048,615,0.30029296875,3.0,1.6418063366452345,2048,298,259,39,615,0.1455078125,0.8691275167785235,0.12646484375,0.4211382113821138,0.30029296875,3.0,0.9850642857403635,0.8808170674411591,True,262,0.8791946308724832,0.8784845909001607,26.016080001136288,0.4457258935377757,18279,2048,2048,1048576,128,float32,512,11047,2048,2048,1048576,258.6838599992916,21.52856840278617,179.76049999997485,28.005078004420234,nan,nan,235.68639999866718,7.627889955808936,190.47048000065843,4.609964509758842,nan,nan,sift,sift,sift,bf_ratio,0.8
hpatches,v_feast,viewpoint,v_feast_1_to_5,1,5,D:\桌面\IACV\Assigment1\data\hpatches\v_feast\1.ppm,D:\桌面\IACV\Assigment1\data\hpatches\v_feast\5.ppm,662,2048,848,0.4140625,3.0,5.369111516899659,2048,662,608,54,848,0.3232421875,0.918429003021148,0.296875,0.7169811320754716,0.4140625,3.0,1.1157476998725209,1.030826000648581,True,596,0.9003021148036254,0.8783406566936256,27.493639999011066,0.44628215582857833,18279,2048,2048,1048576,128,float32,512,15409,2048,2048,1048576,258.6838599992916,21.52856840278617,179.76049999997485,28.005078004420234,nan,nan,261.7322199992486,11.567770038461784,193.5596600000281,1.317620429299971,nan,nan,sift,sift,sift,bf_ratio,0.8
hpatches,v_feast,viewpoint,v_feast_1_to_6,1,6,D:\桌面\IACV\Assigment1\data\hpatches\v_feast\1.ppm,D:\桌面\IACV\Assigment1\data\hpatches\v_feast\6.ppm,375,2048,668,0.326171875,3.0,5.477612560711334,2048,375,316,59,668,0.18310546875,0.8426666666666667,0.154296875,0.47305389221556887,0.326171875,3.0,1.3202929297975556,1.275158517633499,True,316,0.8426666666666667,0.9763059136752468,26.889039999514353,0.9759738940350507,18279,2048,2048,1048576,128,float32,512,13425,2048,2048,1048576,258.6838599992916,21.52856840278617,179.76049999997485,28.005078004420234,nan,nan,245.51678000134416,4.995612638857317,191.10628000053111,2.3941801273432928,nan,nan,sift,sift,sift,bf_ratio,0.8
hpatches,v_fest,viewpoint,v_fest_1_to_2,1,2,D:\桌面\IACV\Assigment1\data\hpatches\v_fest\1.ppm,D:\桌面\IACV\Assigment1\data\hpatches\v_fest\2.ppm,889,1765,1042,0.5903682719546742,3.0,0.9697931113790058,1765,886,859,27,1042,0.5019830028328612,0.9695259593679458,0.486685552407932,0.8243761996161229,0.5903682719546742,3.0,0.7754864746364966,0.7174716202336215,True,859,0.9662542182227222,0.7376300731775706,26.523840001027565,1.0523710895011806,9402,2048,2048,1048576,128,float32,512,9991,2048,2048,1048576,181.05387999821687,2.7258710395408605,147.45659999898635,1.5633416314109045,nan,nan,186.62553999893134,3.3626505908402136,150.91825999843422,2.3237519600734546,nan,nan,sift,sift,sift,bf_ratio,0.8
hpatches,v_fest,viewpoint,v_fest_1_to_3,1,3,D:\桌面\IACV\Assigment1\data\hpatches\v_fest\1.ppm,D:\桌面\IACV\Assigment1\data\hpatches\v_fest\3.ppm,323,1826,670,0.3669222343921139,3.0,7.876321670520646,1826,317,238,79,670,0.17360350492880613,0.750788643533123,0.1303395399780942,0.35522388059701493,0.3669222343921139,3.0,1.4390441308420172,1.4419686793270765,True,233,0.7213622291021672,1.2287656262207118,27.128159999847412,1.3452193942072421,9402,2048,2048,1048576,128,float32,512,8961,2048,2048,1048576,181.05387999821687,2.7258710395408605,147.45659999898635,1.5633416314109045,nan,nan,183.14463999995496,4.623323779120909,136.050820001401,21.40923983705109,nan,nan,sift,sift,sift,bf_ratio,0.8
hpatches,v_fest,viewpoint,v_fest_1_to_4,1,4,D:\桌面\IACV\Assigment1\data\hpatches\v_fest\1.ppm,D:\桌面\IACV\Assigment1\data\hpatches\v_fest\4.ppm,795,1675,886,0.528955223880597,3.0,1.0518243726063783,1675,782,746,36,886,0.46686567164179105,0.9539641943734015,0.44537313432835823,0.8419864559819413,0.528955223880597,3.0,1.053422954039409,0.9145873426524143,True,743,0.9345911949685535,0.9853035372856862,26.705260000017006,0.6711645231343085,9402,2048,2048,1048576,128,float32,512,9528,2048,2048,1048576,181.05387999821687,2.7258710395408605,147.45659999898635,1.5633416314109045,nan,nan,168.90862000000197,21.552382800023846,147.75376000179676,0.8674833797912527,nan,nan,sift,sift,sift,bf_ratio,0.8
hpatches,v_fest,viewpoint,v_fest_1_to_5,1,5,D:\桌面\IACV\Assigment1\data\hpatches\v_fest\1.ppm,D:\桌面\IACV\Assigment1\data\hpatches\v_fest\5.ppm,474,1893,765,0.4041204437400951,3.0,2.2888395307400966,1893,474,411,63,765,0.25039619651347067,0.8670886075949367,0.21711568938193343,0.5372549019607843,0.4041204437400951,3.0,1.268744322290628,1.16241682311006,True,414,0.8734177215189873,1.0753465761037415,27.145280000695493,1.2806065783270821,9402,2048,2048,1048576,128,float32,512,8857,2048,2048,1048576,181.05387999821687,2.7258710395408605,147.45659999898635,1.5633416314109045,nan,nan,178.54570000054082,0.7848636550057501,147.5025200008531,1.685444609786927,nan,nan,sift,sift,sift,bf_ratio,0.8
hpatches,v_fest,viewpoint,v_fest_1_to_6,1,6,D:\桌面\IACV\Assigment1\data\hpatches\v_fest\1.ppm,D:\桌面\IACV\Assigment1\data\hpatches\v_fest\6.ppm,272,1782,622,0.3490460157126824,3.0,3.207260861632731,1782,269,194,75,622,0.15095398428731763,0.7211895910780669,0.10886644219977554,0.31189710610932475,0.3490460157126824,3.0,1.5153412439822243,1.5537723605473652,True,197,0.7242647058823529,1.2209902304158522,26.952900001197122,0.8830819194701116,9402,2048,2048,1048576,128,float32,512,8178,2048,2048,1048576,181.05387999821687,2.7258710395408605,147.45659999898635,1.5633416314109045,nan,nan,176.92589999933261,1.2127327587073051,145.61531999788713,10.920117434693514,nan,nan,sift,sift,sift,bf_ratio,0.8
hpatches,v_gardens,viewpoint,v_gardens_1_to_2,1,2,D:\桌面\IACV\Assigment1\data\hpatches\v_gardens\1.ppm,D:\桌面\IACV\Assigment1\data\hpatches\v_gardens\2.ppm,606,1977,877,0.443601416287304,3.0,2.7064090906474676,1977,602,540,62,877,0.30450177035913,0.8970099667774086,0.2731411229135053,0.6157354618015963,0.443601416287304,3.0,0.78897396434604,0.6795497794468652,True,537,0.8861386138613861,0.6633132788339525,27.468280000903178,0.49773029412862857,6072,2048,2048,1048576,128,float32,512,6797,2048,2048,1048576,171.59316000033868,1.415154508197876,147.90800000046147,0.6746504980333078,nan,nan,175.33348000142723,1.1124820154317352,146.10895999794593,4.736577905388129,nan,nan,sift,sift,sift,bf_ratio,0.8
hpatches,v_gardens,viewpoint,v_gardens_1_to_3,1,3,D:\桌面\IACV\Assigment1\data\hpatches\v_gardens\1.ppm,D:\桌面\IACV\Assigment1\data\hpatches\v_gardens\3.ppm,149,1905,538,0.2824146981627297,3.0,7.443098245295065,1905,144,60,84,538,0.07559055118110236,0.4166666666666667,0.031496062992125984,0.11152416356877323,0.2824146981627297,3.0,1.80468326600051,1.7886386742087044,True,86,0.5771812080536913,1.2069757949904378,27.389800001401454,1.040737444769954,6072,2048,2048,1048576,128,float32,512,6428,2048,2048,1048576,171.59316000033868,1.415154508197876,147.90800000046147,0.6746504980333078,nan,nan,170.83368000166956,1.483832415359992,148.2490200025495,1.134820426121886,nan,nan,sift,sift,sift,bf_ratio,0.8
hpatches,v_gardens,viewpoint,v_gardens_1_to_4,1,4,D:\桌面\IACV\Assigment1\data\hpatches\v_gardens\1.ppm,D:\桌面\IACV\Assigment1\data\hpatches\v_gardens\4.ppm,842,2030,1034,0.50935960591133,3.0,0.42737525084186334,2030,842,798,44,1034,0.4147783251231527,0.9477434679334917,0.3931034482758621,0.7717601547388782,0.50935960591133,3.0,0.5290811107837166,0.40641504309414433,True,798,0.9477434679334917,0.5137501829283901,27.890920000209007,0.6793046339881895,6072,2048,2048,1048576,128,float32,512,7702,2048,2048,1048576,171.59316000033868,1.415154508197876,147.90800000046147,0.6746504980333078,nan,nan,173.65181999775814,1.97356097496152,149.47622000036063,2.6425614088522833,nan,nan,sift,sift,sift,bf_ratio,0.8
hpatches,v_gardens,viewpoint,v_gardens_1_to_5,1,5,D:\桌面\IACV\Assigment1\data\hpatches\v_gardens\1.ppm,D:\桌面\IACV\Assigment1\data\hpatches\v_gardens\5.ppm,190,1974,647,0.32776089159067884,3.0,8.506726924383017,1974,187,133,54,647,0.09473150962512665,0.7112299465240641,0.0673758865248227,0.20556414219474498,0.32776089159067884,3.0,1.5784049379665275,1.5946105141476623,True,131,0.6894736842105263,0.953703031668228,27.1919999999227,0.8992957076269272,6072,2048,2048,1048576,128,float32,512,7782,2048,2048,1048576,171.59316000033868,1.415154508197876,147.90800000046147,0.6746504980333078,nan,nan,179.49169999919832,3.333886515317522,148.7085200002184,1.5523915210793209,nan,nan,sift,sift,sift,bf_ratio,0.8
hpatches,v_gardens,viewpoint,v_gardens_1_to_6,1,6,D:\桌面\IACV\Assigment1\data\hpatches\v_gardens\1.ppm,D:\桌面\IACV\Assigment1\data\hpatches\v_gardens\6.ppm,917,1994,1095,0.549147442326981,3.0,0.845140642099115,1994,914,889,25,1095,0.4583751253761284,0.9726477024070022,0.44583751253761283,0.8118721461187215,0.549147442326981,3.0,0.5762074198033981,0.46684755652354604,True,888,0.9683751363140676,0.5519285143226345,27.421839999442454,0.8132788868263452,6072,2048,2048,1048576,128,float32,512,5612,2048,2048,1048576,171.59316000033868,1.415154508197876,147.90800000046147,0.6746504980333078,nan,nan,161.81301999895368,19.756708438898233,148.94163999997545,0.9188860636646469,nan,nan,sift,sift,sift,bf_ratio,0.8
hpatches,v_grace,viewpoint,v_grace_1_to_2,1,2,D:\桌面\IACV\Assigment1\data\hpatches\v_grace\1.ppm,D:\桌面\IACV\Assigment1\data\hpatches\v_grace\2.ppm,1018,1996,1275,0.6387775551102205,3.0,0.8279487787608023,1996,1013,927,86,1275,0.5075150300601202,0.9151036525172754,0.46442885771543085,0.7270588235294118,0.6387775551102205,3.0,0.44988979941317153,0.354862101064395,True,927,0.9106090373280943,0.4383255291898452,27.595260000089183,0.7891013186528328,4226,2048,2048,1048576,128,float32,512,4546,2048,2048,1048576,268.7407200006419,2.452355611949728,213.22588000039104,25.42069008029474,nan,nan,274.8617399993236,3.177682321588198,239.28460000170162,3.4527917490369116,nan,nan,sift,sift,sift,bf_ratio,0.8
hpatches,v_grace,viewpoint,v_grace_1_to_3,1,3,D:\桌面\IACV\Assigment1\data\hpatches\v_grace\1.ppm,D:\桌面\IACV\Assigment1\data\hpatches\v_grace\3.ppm,726,2011,1130,0.5619094977623074,3.0,1.1326231852247657,2011,719,605,114,1130,0.3575335653903531,0.8414464534075105,0.3008453505718548,0.5353982300884956,0.5619094977623074,3.0,0.6380403645340043,0.5053757156222408,True,605,0.8333333333333334,0.6005475327413061,27.592300000833347,1.0502507568032666,4226,2048,2048,1048576,128,float32,512,4606,2048,2048,1048576,268.7407200006419,2.452355611949728,213.22588000039104,25.42069008029474,nan,nan,270.0914000015473,2.178481930629399,234.95593999832636,0.9033469550427023,nan,nan,sift,sift,sift,bf_ratio,0.8
hpatches,v_grace,viewpoint,v_grace_1_to_4,1,4,D:\桌面\IACV\Assigment1\data\hpatches\v_grace\1.ppm,D:\桌面\IACV\Assigment1\data\hpatches\v_grace\4.ppm,489,2018,917,0.454410307234886,3.0,1.3524068681098471,2018,485,312,173,917,0.24033696729435083,0.643298969072165,0.15460852329038652,0.34023991275899673,0.454410307234886,3.0,0.8555561536632184,0.7093595924542975,True,312,0.6380368098159509,0.818545088385555,26.513440000417177,0.7241647620070908,4226,2048,2048,1048576,128,float32,512,4909,2048,2048,1048576,268.7407200006419,2.452355611949728,213.22588000039104,25.42069008029474,nan,nan,269.98200000380166,1.693384670695854,237.44796000100905,2.208511018528236,nan,nan,sift,sift,sift,bf_ratio,0.8
hpatches,v_grace,viewpoint,v_grace_1_to_5,1,5,D:\桌面\IACV\Assigment1\data\hpatches\v_grace\1.ppm,D:\桌面\IACV\Assigment1\data\hpatches\v_grace\5.ppm,260,2020,727,0.3599009900990099,3.0,4.616223672546676,2020,257,89,168,727,0.12722772277227723,0.3463035019455253,0.04405940594059406,0.12242090784044017,0.3599009900990099,3.0,1.069405160269985,0.997062705522685,True,91,0.35,1.101949860829727,25.995560000592377,0.7674906108726984,4226,2048,2048,1048576,128,float32,512,4863,2048,2048,1048576,268.7407200006419,2.452355611949728,213.22588000039104,25.42069008029474,nan,nan,262.32443999906536,31.30604786304314,235.688300000038,3.404733869092534,nan,nan,sift,sift,sift,bf_ratio,0.8
hpatches,v_grace,viewpoint,v_grace_1_to_6,1,6,D:\桌面\IACV\Assigment1\data\hpatches\v_grace\1.ppm,D:\桌面\IACV\Assigment1\data\hpatches\v_grace\6.ppm,125,1974,464,0.23505572441742653,3.0,922.2132144156784,1974,119,6,113,464,0.06028368794326241,0.05042016806722689,0.00303951367781155,0.01293103448275862,0.23505572441742653,3.0,0.7150098273436097,0.627617939786582,True,8,0.064,1.4653998993235782e-12,27.70232000038959,0.664881806273256,4226,2048,2048,1048576,128,float32,512,4834,2048,2048,1048576,268.7407200006419,2.452355611949728,213.22588000039104,25.42069008029474,nan,nan,274.62175999826286,2.33656875245388,215.25368000002345,26.98612133036521,nan,nan,sift,sift,sift,bf_ratio,0.8
hpatches,v_graffiti,viewpoint,v_graffiti_1_to_2,1,2,D:\桌面\IACV\Assigment1\data\hpatches\v_graffiti\1.ppm,D:\桌面\IACV\Assigment1\data\hpatches\v_graffiti\2.ppm,835,1878,907,0.48296059637912675,3.0,0.833598813384957,1878,826,782,44,907,0.4398296059637913,0.9467312348668281,0.4164004259850905,0.8621830209481808,0.48296059637912675,3.0,0.8086493918357175,0.6680852563006838,True,779,0.932934131736527,0.8153491131231064,26.29610000003595,0.9695617776232001,2674,2048,2048,1048576,128,float32,512,3062,2048,2048,1048576,91.19301999890013,1.828464668147646,84.98376000061398,7.373755133635113,nan,nan,93.08808000059798,3.0648293493154206,87.30961999972351,1.4902409545703266,nan,nan,sift,sift,sift,bf_ratio,0.8
hpatches,v_graffiti,viewpoint,v_graffiti_1_to_3,1,3,D:\桌面\IACV\Assigment1\data\hpatches\v_graffiti\1.ppm,D:\桌面\IACV\Assigment1\data\hpatches\v_graffiti\3.ppm,472,2041,724,0.3547280744732974,3.0,1.0864627085546972,2041,472,344,128,724,0.23125918667319942,0.7288135593220338,0.16854483096521314,0.47513812154696133,0.3547280744732974,3.0,1.5018766963212784,1.4273813941077766,True,337,0.7139830508474576,1.371629645040797,26.89078000112204,0.9473325779873919,2674,2048,2048,1048576,128,float32,512,3506,2048,2048,1048576,91.19301999890013,1.828464668147646,84.98376000061398,7.373755133635113,nan,nan,92.35740000003716,1.312440735255112,87.55152000085218,0.43313412076132274,nan,nan,sift,sift,sift,bf_ratio,0.8
hpatches,v_graffiti,viewpoint,v_graffiti_1_to_4,1,4,D:\桌面\IACV\Assigment1\data\hpatches\v_graffiti\1.ppm,D:\桌面\IACV\Assigment1\data\hpatches\v_graffiti\4.ppm,146,1894,498,0.26293558606124606,3.0,2.480657752407223,1894,140,67,73,498,0.07391763463569166,0.4785714285714286,0.03537486800422387,0.13453815261044177,0.26293558606124606,3.0,1.2081125445178709,1.0103276350357444,True,66,0.4520547945205479,1.0849261107763264,26.414379999914672,0.7097100082595313,2674,2048,2048,1048576,128,float32,512,3668,2048,2048,1048576,91.19301999890013,1.828464668147646,84.98376000061398,7.373755133635113,nan,nan,94.18048000225099,0.8977964607022106,88.70526000100654,0.2536554703998048,nan,nan,sift,sift,sift,bf_ratio,0.8
hpatches,v_graffiti,viewpoint,v_graffiti_1_to_5,1,5,D:\桌面\IACV\Assigment1\data\hpatches\v_graffiti\1.ppm,D:\桌面\IACV\Assigment1\data\hpatches\v_graffiti\5.ppm,102,1764,331,0.18764172335600907,3.0,642.1255276912202,1764,91,6,85,331,0.051587301587301584,0.06593406593406594,0.003401360544217687,0.01812688821752266,0.18764172335600907,3.0,1.180492302857856,0.9801785607653629,True,7,0.06862745098039216,3.974741392325013e-13,26.298539999697823,0.6065273233918687,2674,2048,2048,1048576,128,float32,512,3923,2048,2048,1048576,91.19301999890013,1.828464668147646,84.98376000061398,7.373755133635113,nan,nan,93.16998000140302,1.3974287559039673,86.63413999893237,0.9810101762081506,nan,nan,sift,sift,sift,bf_ratio,0.8
hpatches,v_graffiti,viewpoint,v_graffiti_1_to_6,1,6,D:\桌面\IACV\Assigment1\data\hpatches\v_graffiti\1.ppm,D:\桌面\IACV\Assigment1\data\hpatches\v_graffiti\6.ppm,55,1929,260,0.13478486262312078,3.0,425.05942424280465,1929,53,0,53,260,0.027475375842405392,0.0,0.0,0.0,0.13478486262312078,3.0,nan,nan,True,5,0.09090909090909091,0.5496257087595746,25.91723999939859,0.9716445349935211,2674,2048,2048,1048576,128,float32,512,4792,2048,2048,1048576,91.19301999890013,1.828464668147646,84.98376000061398,7.373755133635113,nan,nan,94.9488799989922,3.5676175648016786,86.36099999857834,0.3546590409396988,nan,nan,sift,sift,sift,bf_ratio,0.8
hpatches,v_home,viewpoint,v_home_1_to_2,1,2,D:\桌面\IACV\Assigment1\data\hpatches\v_home\1.ppm,D:\桌面\IACV\Assigment1\data\hpatches\v_home\2.ppm,477,2030,946,0.4660098522167488,3.0,1.6685157740863898,2030,476,440,36,946,0.23448275862068965,0.9243697478991597,0.21674876847290642,0.46511627906976744,0.4660098522167488,3.0,0.8494920655816992,0.7366814617447515,True,439,0.9203354297693921,0.7780274306400119,25.60002000100212,1.1498414942225894,7019,2048,2048,1048576,128,float32,512,6717,2048,2048,1048576,171.71137999976054,8.94363400402441,148.42377999739256,0.49135207985740537,nan,nan,174.41402000113158,2.5728700304027297,148.65042000164976,0.3641234431970109,nan,nan,sift,sift,sift,bf_ratio,0.8
hpatches,v_home,viewpoint,v_home_1_to_3,1,3,D:\桌面\IACV\Assigment1\data\hpatches\v_home\1.ppm,D:\桌面\IACV\Assigment1\data\hpatches\v_home\3.ppm,169,1485,642,0.43232323232323233,3.0,5.413761560419518,1485,166,101,65,642,0.11178451178451178,0.608433734939759,0.06801346801346801,0.1573208722741433,0.43232323232323233,3.0,1.533019992974405,1.633443783517734,True,106,0.6272189349112426,1.0812527578574362,26.756120000209194,0.48637826839867243,7019,2048,2048,1048576,128,float32,512,5067,2048,2048,1048576,171.71137999976054,8.94363400402441,148.42377999739256,0.49135207985740537,nan,nan,171.12981999962358,3.0566408864376804,135.41283999948064,17.818551507672712,nan,nan,sift,sift,sift,bf_ratio,0.8
hpatches,v_home,viewpoint,v_home_1_to_4,1,4,D:\桌面\IACV\Assigment1\data\hpatches\v_home\1.ppm,D:\桌面\IACV\Assigment1\data\hpatches\v_home\4.ppm,521,2048,935,0.45654296875,3.0,3.2558566235743753,2048,521,462,59,935,0.25439453125,0.8867562380038387,0.2255859375,0.49411764705882355,0.45654296875,3.0,0.8290474759600026,0.760531172729725,True,453,0.8694817658349329,0.6659267167161259,26.1309399997117,0.4968045133672316,7019,2048,2048,1048576,128,float32,512,5705,2048,2048,1048576,171.71137999976054,8.94363400402441,148.42377999739256,0.49135207985740537,nan,nan,170.662060000177,1.1836920623729095,148.5843999980716,0.7662932341825301,nan,nan,sift,sift,sift,bf_ratio,0.8
hpatches,v_home,viewpoint,v_home_1_to_5,1,5,D:\桌面\IACV\Assigment1\data\hpatches\v_home\1.ppm,D:\桌面\IACV\Assigment1\data\hpatches\v_home\5.ppm,103,1657,539,0.32528666264333134,3.0,20.587537693497296,1657,95,36,59,539,0.057332528666264336,0.37894736842105264,0.02172601086300543,0.06679035250463822,0.32528666264333134,3.0,1.7653195560996222,1.8015179755815358,True,43,0.4174757281553398,1.0735863155061947,25.983540000743233,0.5581091573817818,7019,2048,2048,1048576,128,float32,512,3996,2048,2048,1048576,171.71137999976054,8.94363400402441,148.42377999739256,0.49135207985740537,nan,nan,165.53599999897415,1.1854193231379364,146.62700000189943,3.802637142072123,nan,nan,sift,sift,sift,bf_ratio,0.8
hpatches,v_home,viewpoint,v_home_1_to_6,1,6,D:\桌面\IACV\Assigment1\data\hpatches\v_home\1.ppm,D:\桌面\IACV\Assigment1\data\hpatches\v_home\6.ppm,942,2042,1066,0.5220372184133203,3.0,0.6613150824783757,2042,942,918,24,1066,0.46131243878550443,0.9745222929936306,0.4495592556317336,0.8611632270168855,0.5220372184133203,3.0,0.4581005929856509,0.43671286477502835,True,918,0.9745222929936306,0.3327747484261732,26.247220003278926,0.18235853951953013,7019,2048,2048,1048576,128,float32,512,6283,2048,2048,1048576,171.71137999976054,8.94363400402441,148.42377999739256,0.49135207985740537,nan,nan,171.51214000332402,5.045228333232274,148.768900000141,1.4306423529260717,nan,nan,sift,sift,sift,bf_ratio,0.8
hpatches,v_laptop,viewpoint,v_laptop_1_to_2,1,2,D:\桌面\IACV\Assigment1\data\hpatches\v_laptop\1.ppm,D:\桌面\IACV\Assigment1\data\hpatches\v_laptop\2.ppm,1065,1890,1125,0.5952380952380952,3.0,0.0751997721716469,1890,1065,1054,11,1125,0.5634920634920635,0.9896713615023475,0.5576719576719577,0.9368888888888889,0.5952380952380952,3.0,0.18905739423949944,0.13795004002423875,True,1054,0.9896713615023475,0.1690664658518027,16.783020000730176,0.8801458734899007,1892,1892,1892,968704,128,float32,512,1437,1437,1437,735744,80.92548000131501,4.015200056664901,76.83501999999862,0.8954691074942234,nan,nan,77.35484000004362,0.8868171097390056,73.14449999976205,1.185203376800042,nan,nan,sift,sift,sift,bf_ratio,0.8
hpatches,v_laptop,viewpoint,v_laptop_1_to_3,1,3,D:\桌面\IACV\Assigment1\data\hpatches\v_laptop\1.ppm,D:\桌面\IACV\Assigment1\data\hpatches\v_laptop\3.ppm,695,1891,756,0.39978847170809095,3.0,0.1656582703564063,1891,695,673,22,756,0.36753040719196195,0.9683453237410072,0.35589635113696455,0.8902116402116402,0.39978847170809095,3.0,0.2860775440947245,0.2374488072030189,True,673,0.9683453237410072,0.21849575752894568,13.109879997500684,0.4890342218834217,1892,1892,1892,968704,128,float32,512,1041,1041,1041,532992,80.92548000131501,4.015200056664901,76.83501999999862,0.8954691074942234,nan,nan,75.68590000155382,0.5845696617761776,72.77286000025924,1.0387587138791714,nan,nan,sift,sift,sift,bf_ratio,0.8
hpatches,v_laptop,viewpoint,v_laptop_1_to_4,1,4,D:\桌面\IACV\Assigment1\data\hpatches\v_laptop\1.ppm,D:\桌面\IACV\Assigment1\data\hpatches\v_laptop\4.ppm,558,1888,624,0.3305084745762712,3.0,0.2838282506201016,1888,558,537,21,624,0.2955508474576271,0.9623655913978495,0.2844279661016949,0.8605769230769231,0.3305084745762712,3.0,0.351940736668058,0.322105015887547,True,537,0.9623655913978495,0.21124483838762756,11.825200001476333,0.39278917903943283,1892,1892,1892,968704,128,float32,512,930,930,930,476160,80.92548000131501,4.015200056664901,76.83501999999862,0.8954691074942234,nan,nan,76.32667999860132,1.4351354068403017,69.61039999878267,1.132670477286594,nan,nan,sift,sift,sift,bf_ratio,0.8
hpatches,v_laptop,viewpoint,v_laptop_1_to_5,1,5,D:\桌面\IACV\Assigment1\data\hpatches\v_laptop\1.ppm,D:\桌面\IACV\Assigment1\data\hpatches\v_laptop\5.ppm,573,1887,654,0.3465818759936407,3.0,0.2669145840828438,1887,573,555,18,654,0.3036565977742448,0.9685863874345549,0.29411764705882354,0.8486238532110092,0.3465818759936407,3.0,0.41997516458104756,0.38097797449994286,True,555,0.9685863874345549,0.23555694574825448,12.762180001300294,0.6642511654881824,1892,1892,1892,968704,128,float32,512,992,992,992,507904,80.92548000131501,4.015200056664901,76.83501999999862,0.8954691074942234,nan,nan,75.46991999988677,1.5478598305678521,69.32188000064343,0.7731449722686469,nan,nan,sift,sift,sift,bf_ratio,0.8
hpatches,v_laptop,viewpoint,v_laptop_1_to_6,1,6,D:\桌面\IACV\Assigment1\data\hpatches\v_laptop\1.ppm,D:\桌面\IACV\Assigment1\data\hpatches\v_laptop\6.ppm,708,1888,836,0.4427966101694915,3.0,0.29430972021961677,1888,708,688,20,836,0.375,0.9717514124293786,0.3644067796610169,0.8229665071770335,0.4427966101694915,3.0,0.44465827610751857,0.39138612465484907,True,688,0.9717514124293786,0.25866158198805267,14.925340002810117,0.44827803291265317,1892,1892,1892,968704,128,float32,512,1214,1214,1214,621568,80.92548000131501,4.015200056664901,76.83501999999862,0.8954691074942234,nan,nan,75.76256000029389,1.1667725726364266,71.64840000041295,0.7539702030143994,nan,nan,sift,sift,sift,bf_ratio,0.8
hpatches,v_london,viewpoint,v_london_1_to_2,1,2,D:\桌面\IACV\Assigment1\data\hpatches\v_london\1.ppm,D:\桌面\IACV\Assigment1\data\hpatches\v_london\2.ppm,803,1591,932,0.5857950974230044,3.0,0.22782228460314924,1591,795,780,15,932,0.4996857322438718,0.9811320754716981,0.49025769956002513,0.8369098712446352,0.5857950974230044,3.0,0.32989449766109435,0.2760352391680083,True,780,0.9713574097135741,0.32018374410976563,26.322819998313207,0.8786297524442611,19456,2048,2048,1048576,128,float32,512,19997,2048,2048,1048576,250.49179999914486,1.1321005781967883,187.00952000071993,1.3139144280631359,nan,nan,252.3023399990052,2.017223114950432,183.1477400031872,0.9875272085155216,nan,nan,sift,sift,sift,bf_ratio,0.8
hpatches,v_london,viewpoint,v_london_1_to_3,1,3,D:\桌面\IACV\Assigment1\data\hpatches\v_london\1.ppm,D:\桌面\IACV\Assigment1\data\hpatches\v_london\3.ppm,650,1775,904,0.5092957746478873,3.0,0.2775120576932537,1775,648,633,15,904,0.36507042253521127,0.9768518518518519,0.35661971830985917,0.7002212389380531,0.5092957746478873,3.0,0.4378908012526552,0.3730945192914448,True,633,0.9738461538461538,0.42698874151895505,25.770939997164533,0.855036534013724,19456,2048,2048,1048576,128,float32,512,17411,2048,2048,1048576,250.49179999914486,1.1321005781967883,187.00952000071993,1.3139144280631359,nan,nan,253.14257999998517,5.115915708053568,187.03627999930177,1.9421755012621902,nan,nan,sift,sift,sift,bf_ratio,0.8
hpatches,v_london,viewpoint,v_london_1_to_4,1,4,D:\桌面\IACV\Assigment1\data\hpatches\v_london\1.ppm,D:\桌面\IACV\Assigment1\data\hpatches\v_london\4.ppm,530,1952,838,0.4293032786885246,3.0,1.8253161852792221,1952,530,504,26,838,0.27151639344262296,0.9509433962264151,0.2581967213114754,0.6014319809069213,0.4293032786885246,3.0,0.6460614158248267,0.5266516390648541,True,504,0.9509433962264151,0.5785144508452558,26.730500000121538,1.3441788129257897,19456,2048,2048,1048576,128,float32,512,16389,2048,2048,1048576,250.49179999914486,1.1321005781967883,187.00952000071993,1.3139144280631359,nan,nan,235.30683999852045,20.145751701829504,171.86405999818817,27.153768472082593,nan,nan,sift,sift,sift,bf_ratio,0.8
hpatches,v_london,viewpoint,v_london_1_to_5,1,5,D:\桌面\IACV\Assigment1\data\hpatches\v_london\1.ppm,D:\桌面\IACV\Assigment1\data\hpatches\v_london\5.ppm,574,1907,876,0.4593602517042475,3.0,0.4579330577976226,1907,574,557,17,876,0.30099632931305714,0.9703832752613241,0.29208180388044047,0.6358447488584474,0.4593602517042475,3.0,0.4494224378351921,0.3504906227339258,True,557,0.9703832752613241,0.43467395765782013,25.751759999548085,0.3243562577265576,19456,2048,2048,1048576,128,float32,512,12581,2048,2048,1048576,250.49179999914486,1.1321005781967883,187.00952000071993,1.3139144280631359,nan,nan,236.90191999921808,3.0763673322136755,188.01368000131333,1.481077018183858,nan,nan,sift,sift,sift,bf_ratio,0.8
hpatches,v_london,viewpoint,v_london_1_to_6,1,6,D:\桌面\IACV\Assigment1\data\hpatches\v_london\1.ppm,D:\桌面\IACV\Assigment1\data\hpatches\v_london\6.ppm,537,1801,793,0.44031093836757357,3.0,0.549252361250509,1801,535,519,16,793,0.29705719044975015,0.9700934579439252,0.2881732370905053,0.6544766708701135,0.44031093836757357,3.0,0.485609352743328,0.3906212507985937,True,519,0.9664804469273743,0.4840435355226642,25.924559999839403,1.1851093513690705,19456,2048,2048,1048576,128,float32,512,10427,2048,2048,1048576,250.49179999914486,1.1321005781967883,187.00952000071993,1.3139144280631359,nan,nan,233.22484000236727,1.118040487825315,188.4250199975213,2.0208621932271975,nan,nan,sift,sift,sift,bf_ratio,0.8
hpatches,v_machines,viewpoint,v_machines_1_to_2,1,2,D:\桌面\IACV\Assigment1\data\hpatches\v_machines\1.ppm,D:\桌面\IACV\Assigment1\data\hpatches\v_machines\2.ppm,811,1876,927,0.494136460554371,3.0,4.279153499655161,1876,802,633,169,927,0.4275053304904051,0.7892768079800498,0.3374200426439232,0.6828478964401294,0.494136460554371,3.0,1.6270227627915759,1.651295874765583,True,566,0.6979038224414303,1.0749057895130956,26.44673999893712,1.425809103631859,5800,2048,2048,1048576,128,float32,512,4782,2048,2048,1048576,166.029119999439,1.002508505551847,144.6583000011742,1.0304611434112934,nan,nan,165.79778000013903,5.419232744168998,148.40497999830404,2.7189855362625024,nan,nan,sift,sift,sift,bf_ratio,0.8
hpatches,v_machines,viewpoint,v_machines_1_to_3,1,3,D:\桌面\IACV\Assigment1\data\hpatches\v_machines\1.ppm,D:\桌面\IACV\Assigment1\data\hpatches\v_machines\3.ppm,235,1873,564,0.3011211959423385,3.0,11.135401799835163,1873,222,90,132,564,0.11852642819006941,0.40540540540540543,0.04805125467164976,0.1595744680851064,0.3011211959423385,3.0,1.958136793934087,1.9808645593166936,True,104,0.4425531914893617,1.4394490557515267,25.300919997971505,0.5409488590514634,5800,2048,2048,1048576,128,float32,512,3759,2048,2048,1048576,166.029119999439,1.002508505551847,144.6583000011742,1.0304611434112934,nan,nan,153.7073600004078,11.20237219867494,143.60003999900073,1.0478277764914796,nan,nan,sift,sift,sift,bf_ratio,0.8
hpatches,v_machines,viewpoint,v_machines_1_to_4,1,4,D:\桌面\IACV\Assigment1\data\hpatches\v_machines\1.ppm,D:\桌面\IACV\Assigment1\data\hpatches\v_machines\4.ppm,771,2048,941,0.45947265625,3.0,2.138422278644298,2048,771,667,104,941,0.37646484375,0.8651102464332037,0.32568359375,0.7088204038257173,0.45947265625,3.0,1.4845494153327217,1.4078022488870054,True,567,0.7354085603112841,1.2748607567066634,27.762920001987368,1.4450085026072075,5800,2048,2048,1048576,128,float32,512,3606,2048,2048,1048576,166.029119999439,1.002508505551847,144.6583000011742,1.0304611434112934,nan,nan,161.92181999940658,2.5329254292543664,138.63960000307998,17.07181423449577,nan,nan,sift,sift,sift,bf_ratio,0.8
hpatches,v_machines,viewpoint,v_machines_1_to_5,1,5,D:\桌面\IACV\Assigment1\data\hpatches\v_machines\1.ppm,D:\桌面\IACV\Assigment1\data\hpatches\v_machines\5.ppm,216,2004,646,0.3223552894211577,3.0,5.516890226196043,2004,216,115,101,646,0.10778443113772455,0.5324074074074074,0.05738522954091816,0.1780185758513932,0.3223552894211577,3.0,1.7999941028042084,1.8117228201683482,True,111,0.5138888888888888,1.322450035487525,25.407439999980852,0.6087673415170431,5800,2048,2048,1048576,128,float32,512,2984,2048,2048,1048576,166.029119999439,1.002508505551847,144.6583000011742,1.0304611434112934,nan,nan,161.06443999888143,2.6565926470076957,144.68361999606714,1.3564216045628061,nan,nan,sift,sift,sift,bf_ratio,0.8
hpatches,v_machines,viewpoint,v_machines_1_to_6,1,6,D:\桌面\IACV\Assigment1\data\hpatches\v_machines\1.ppm,D:\桌面\IACV\Assigment1\data\hpatches\v_machines\6.ppm,896,2048,1057,0.51611328125,3.0,0.3098007118666737,2048,896,830,66,1057,0.4375,0.9263392857142857,0.4052734375,0.7852412488174078,0.51611328125,3.0,0.641847137553647,0.5602348425442335,True,830,0.9263392857142857,0.6291957086723272,26.49774000310572,1.2490103428481487,5800,2048,2048,1048576,128,float32,512,3711,2048,2048,1048576,166.029119999439,1.002508505551847,144.6583000011742,1.0304611434112934,nan,nan,160.70698000112316,1.1874110349621323,140.07620000193128,18.699784584680042,nan,nan,sift,sift,sift,bf_ratio,0.8
hpatches,v_man,viewpoint,v_man_1_to_2,1,2,D:\桌面\IACV\Assigment1\data\hpatches\v_man\1.ppm,D:\桌面\IACV\Assigment1\data\hpatches\v_man\2.ppm,696,1835,823,0.4485013623978202,3.0,4.741515483813083,1835,685,558,127,823,0.37329700272479566,0.8145985401459854,0.30408719346049046,0.6780072904009721,0.4485013623978202,3.0,1.2858622906716572,1.161899504517796,True,524,0.7528735632183908,1.0137506696705216,28.345880001143087,1.1106091863887664,2699,2048,2048,1048576,128,float32,512,2512,2048,2048,1048576,200.73327999853063,14.055719432653168,181.96626000135439,12.060703688195375,nan,nan,211.3279600001988,2.651052847015525,189.49109999957727,2.830192298337074,nan,nan,sift,sift,sift,bf_ratio,0.8
hpatches,v_man,viewpoint,v_man_1_to_3,1,3,D:\桌面\IACV\Assigment1\data\hpatches\v_man\1.ppm,D:\桌面\IACV\Assigment1\data\hpatches\v_man\3.ppm,279,2007,512,0.255107125062282,3.0,15.155161898071055,2007,278,134,144,512,0.13851519681116092,0.48201438848920863,0.06676631788739412,0.26171875,0.255107125062282,3.0,1.7165866381821395,1.7580572737529212,True,183,0.6559139784946236,1.1062291673366467,29.435099998954684,1.9602499506363464,2699,2048,2048,1048576,128,float32,512,2021,2021,2021,1034752,200.73327999853063,14.055719432653168,181.96626000135439,12.060703688195375,nan,nan,197.1501600026386,22.689523799481723,193.17860000155633,4.949101496047626,nan,nan,sift,sift,sift,bf_ratio,0.8
hpatches,v_man,viewpoint,v_man_1_to_4,1,4,D:\桌面\IACV\Assigment1\data\hpatches\v_man\1.ppm,D:\桌面\IACV\Assigment1\data\hpatches\v_man\4.ppm,141,1773,591,0.3333333333333333,3.0,9.282794545180657,1773,129,49,80,591,0.0727580372250423,0.3798449612403101,0.02763677382966723,0.0829103214890017,0.3333333333333333,3.0,1.3369856572961152,1.2549222545566368,True,50,0.3546099290780142,1.3108824179586889,28.66274000116391,0.8261804480351983,2699,2048,2048,1048576,128,float32,512,2095,2048,2048,1048576,200.73327999853063,14.055719432653168,181.96626000135439,12.060703688195375,nan,nan,209.92742000235012,1.6684266949187472,184.61536000104388,5.331874166351091,nan,nan,sift,sift,sift,bf_ratio,0.8
hpatches,v_man,viewpoint,v_man_1_to_5,1,5,D:\桌面\IACV\Assigment1\data\hpatches\v_man\1.ppm,D:\桌面\IACV\Assigment1\data\hpatches\v_man\5.ppm,541,1759,584,0.3320068220579875,3.0,5.528507237197524,1759,530,373,157,584,0.3013075611142695,0.7037735849056603,0.21205230244457077,0.6386986301369864,0.3320068220579875,3.0,1.8233037915324062,1.9001173205446429,True,379,0.7005545286506469,0.9453419588045536,23.399439999775495,0.5093253761362829,2699,2048,2048,1048576,128,float32,512,1804,1804,1804,923648,200.73327999853063,14.055719432653168,181.96626000135439,12.060703688195375,nan,nan,208.21125999791548,2.0938827609484756,187.5372200011043,2.1443026346315612,nan,nan,sift,sift,sift,bf_ratio,0.8
hpatches,v_man,viewpoint,v_man_1_to_6,1,6,D:\桌面\IACV\Assigment1\data\hpatches\v_man\1.ppm,D:\桌面\IACV\Assigment1\data\hpatches\v_man\6.ppm,588,1911,737,0.38566195709052853,3.0,5.333731958173572,1911,584,442,142,737,0.30559916274201987,0.7568493150684932,0.23129251700680273,0.5997286295793759,0.38566195709052853,3.0,1.3688144914586589,1.1750734084972978,True,458,0.7789115646258503,1.3676448123808127,17.81705999892438,1.1498122869905516,2699,2048,2048,1048576,128,float32,512,2408,2048,2048,1048576,200.73327999853063,14.055719432653168,181.96626000135439,12.060703688195375,nan,nan,219.27472000243142,15.419737382920749,120.09166000061668,8.398271923860962,nan,nan,sift,sift,sift,bf_ratio,0.8
hpatches,v_maskedman,viewpoint,v_maskedman_1_to_2,1,2,D:\桌面\IACV\Assigment1\data\hpatches\v_maskedman\1.ppm,D:\桌面\IACV\Assigment1\data\hpatches\v_maskedman\2.ppm,461,2003,604,0.3015476784822766,3.0,2.338643993991245,2003,460,433,27,604,0.22965551672491263,0.941304347826087,0.21617573639540688,0.7168874172185431,0.3015476784822766,3.0,0.9678597126228045,0.8901516531080131,True,428,0.928416485900217,0.660806604847517,11.101680000138003,0.4286329216719776,2137,2048,2048,1048576,128,float32,512,1513,1513,1513,774656,85.29490000073565,5.959185313774168,58.281900001748,1.714927912796313,nan,nan,67.4499199987622,1.770613430966908,56.35735999821918,2.320769065987527,nan,nan,sift,sift,sift,bf_ratio,0.8
hpatches,v_maskedman,viewpoint,v_maskedman_1_to_3,1,3,D:\桌面\IACV\Assigment1\data\hpatches\v_maskedman\1.ppm,D:\桌面\IACV\Assigment1\data\hpatches\v_maskedman\3.ppm,425,2011,574,0.2854301342615614,3.0,5.647829147458286,2011,423,383,40,574,0.2103431128791646,0.9054373522458629,0.19045251118846346,0.6672473867595818,0.2854301342615614,3.0,0.8212972338728506,0.7509207379350715,True,363,0.8541176470588235,0.6332659937802873,10.877760002040304,0.43464982572492983,2137,2048,2048,1048576,128,float32,512,1483,1483,1483,759296,85.29490000073565,5.959185313774168,58.281900001748,1.714927912796313,nan,nan,63.21466000081273,2.2176316920166292,53.101219997915905,1.949912203399262,nan,nan,sift,sift,sift,bf_ratio,0.8
hpatches,v_maskedman,viewpoint,v_maskedman_1_to_4,1,4,D:\桌面\IACV\Assigment1\data\hpatches\v_maskedman\1.ppm,D:\桌面\IACV\Assigment1\data\hpatches\v_maskedman\4.ppm,546,1990,809,0.4065326633165829,3.0,5.152072543440021,1990,543,495,48,809,0.2728643216080402,0.9116022099447514,0.24874371859296482,0.6118665018541409,0.4065326633165829,3.0,1.2022222394176696,1.1130031382532855,True,503,0.9212454212454212,0.8096692807883629,14.996239998436067,0.4895430687387866,2137,2048,2048,1048576,128,float32,512,2284,2048,2048,1048576,85.29490000073565,5.959185313774168,58.281900001748,1.714927912796313,nan,nan,64.84313999972073,1.3226380162038112,58.94669999979669,1.7977455113304022,nan,nan,sift,sift,sift,bf_ratio,0.8
hpatches,v_maskedman,viewpoint,v_maskedman_1_to_5,1,5,D:\桌面\IACV\Assigment1\data\hpatches\v_maskedman\1.ppm,D:\桌面\IACV\Assigment1\data\hpatches\v_maskedman\5.ppm,651,2016,853,0.42311507936507936,3.0,3.597619902185079,2016,650,602,48,853,0.32242063492063494,0.9261538461538461,0.2986111111111111,0.7057444314185228,0.42311507936507936,3.0,1.1861905243469304,1.068826398714398,True,601,0.9231950844854071,0.6656925053770737,14.812160002475139,0.30431602264620733,2137,2048,2048,1048576,128,float32,512,2267,2048,2048,1048576,85.29490000073565,5.959185313774168,58.281900001748,1.714927912796313,nan,nan,69.13586000009673,2.0169547843864106,56.09502000006614,1.4418204093572136,nan,nan,sift,sift,sift,bf_ratio,0.8
hpatches,v_maskedman,viewpoint,v_maskedman_1_to_6,1,6,D:\桌面\IACV\Assigment1\data\hpatches\v_maskedman\1.ppm,D:\桌面\IACV\Assigment1\data\hpatches\v_maskedman\6.ppm,79,1817,140,0.07705008255365987,3.0,7.914993027813874,1817,77,35,42,140,0.04237754540451293,0.45454545454545453,0.01926252063841497,0.25,0.07705008255365987,3.0,1.2286135599501116,1.1406319692398095,True,40,0.5063291139240507,0.731676637247153,14.355239998258185,0.22162022066916384,2137,2048,2048,1048576,128,float32,512,2619,2048,2048,1048576,85.29490000073565,5.959185313774168,58.281900001748,1.714927912796313,nan,nan,63.72780000092462,0.31138099404590625,54.83781999791972,0.4038873398791947,nan,nan,sift,sift,sift,bf_ratio,0.8
hpatches,v_pomegranate,viewpoint,v_pomegranate_1_to_2,1,2,D:\桌面\IACV\Assigment1\data\hpatches\v_pomegranate\1.ppm,D:\桌面\IACV\Assigment1\data\hpatches\v_pomegranate\2.ppm,683,2022,839,0.4149357072205737,3.0,4.388273773991454,2022,682,590,92,839,0.33728981206726016,0.8651026392961877,0.29179030662710187,0.7032181168057211,0.4149357072205737,3.0,1.627093962544209,1.6245186014345037,True,505,0.739385065885798,1.1796599713774159,15.752879998763092,0.4213120961893211,9564,2048,2048,1048576,128,float32,512,8313,2048,2048,1048576,128.09701999940444,0.6771532568892619,100.32464000105392,2.8202398010455805,nan,nan,132.30622000264702,3.483073089303702,102.6836800025194,1.8390711660093018,nan,nan,sift,sift,sift,bf_ratio,0.8
hpatches,v_pomegranate,viewpoint,v_pomegranate_1_to_3,1,3,D:\桌面\IACV\Assigment1\data\hpatches\v_pomegranate\1.ppm,D:\桌面\IACV\Assigment1\data\hpatches\v_pomegranate\3.ppm,736,2036,822,0.4037328094302554,3.0,3.3262203140357394,2036,735,563,172,822,0.3610019646365422,0.7659863945578231,0.27652259332023577,0.6849148418491484,0.4037328094302554,3.0,1.4903618559756906,1.4260365427836499,True,493,0.6698369565217391,1.1430434918092045,16.261240000312682,0.327947946379536,9564,2048,2048,1048576,128,float32,512,7760,2048,2048,1048576,128.09701999940444,0.6771532568892619,100.32464000105392,2.8202398010455805,nan,nan,128.6804999996093,2.769902310323348,95.97888000134844,1.965277419034662,nan,nan,sift,sift,sift,bf_ratio,0.8
hpatches,v_pomegranate,viewpoint,v_pomegranate_1_to_4,1,4,D:\桌面\IACV\Assigment1\data\hpatches\v_pomegranate\1.ppm,D:\桌面\IACV\Assigment1\data\hpatches\v_pomegranate\4.ppm,706,2048,902,0.4404296875,3.0,1.9253986037057722,2048,706,658,48,902,0.3447265625,0.9320113314447592,0.3212890625,0.729490022172949,0.4404296875,3.0,1.0791668687484188,0.9530035617751673,True,640,0.9065155807365439,1.0489301602768835,15.335159997630399,0.20326085128568996,9564,2048,2048,1048576,128,float32,512,6906,2048,2048,1048576,128.09701999940444,0.6771532568892619,100.32464000105392,2.8202398010455805,nan,nan,131.9279799994547,8.381119331957269,99.14062000170816,1.9102689450324317,nan,nan,sift,sift,sift,bf_ratio,0.8
hpatches,v_pomegranate,viewpoint,v_pomegranate_1_to_5,1,5,D:\桌面\IACV\Assigment1\data\hpatches\v_pomegranate\1.ppm,D:\桌面\IACV\Assigment1\data\hpatches\v_pomegranate\5.ppm,706,2036,767,0.37671905697445973,3.0,1.6572855955405708,2036,705,606,99,767,0.3462671905697446,0.8595744680851064,0.29764243614931235,0.7900912646675359,0.37671905697445973,3.0,1.5066362944789615,1.479008528634471,True,616,0.8725212464589235,1.3666816579339227,15.480099999695085,0.4312688323582886,9564,2048,2048,1048576,128,float32,512,3964,2048,2048,1048576,128.09701999940444,0.6771532568892619,100.32464000105392,2.8202398010455805,nan,nan,125.2911799994763,1.9287806146265252,103.00032000086503,2.851563153302419,nan,nan,sift,sift,sift,bf_ratio,0.8
hpatches,v_pomegranate,viewpoint,v_pomegranate_1_to_6,1,6,D:\桌面\IACV\Assigment1\data\hpatches\v_pomegranate\1.ppm,D:\桌面\IACV\Assigment1\data\hpatches\v_pomegranate\6.ppm,620,2035,707,0.34742014742014743,3.0,2.160397975377885,2035,620,561,59,707,0.3046683046683047,0.9048387096774193,0.2756756756756757,0.7934936350777935,0.34742014742014743,3.0,1.5376039334104108,1.5431926681670927,True,512,0.8258064516129032,1.1959779363932528,15.171619999455288,0.3814458056870636,9564,2048,2048,1048576,128,float32,512,3796,2048,2048,1048576,128.09701999940444,0.6771532568892619,100.32464000105392,2.8202398010455805,nan,nan,126.12068000016734,2.6721566319913674,98.4251999980188,2.9016660470141438,nan,nan,sift,sift,sift,bf_ratio,0.8
hpatches,v_posters,viewpoint,v_posters_1_to_2,1,2,D:\桌面\IACV\Assigment1\data\hpatches\v_posters\1.ppm,D:\桌面\IACV\Assigment1\data\hpatches\v_posters\2.ppm,423,2048,608,0.296875,3.0,1.0703837728215735,2048,423,369,54,608,0.20654296875,0.8723404255319149,0.18017578125,0.6069078947368421,0.296875,3.0,0.5434686825466771,0.4150311763550921,True,369,0.8723404255319149,0.4604031758488838,15.335559999221005,0.41035768442654685,18199,2048,2048,1048576,128,float32,512,9780,2048,2048,1048576,208.5187999997288,3.7232427012377554,143.73239999986254,4.791739640047619,nan,nan,107.94909999967786,3.972027804484341,73.76519999816082,0.9623250104248974,nan,nan,sift,sift,sift,bf_ratio,0.8
hpatches,v_posters,viewpoint,v_posters_1_to_3,1,3,D:\桌面\IACV\Assigment1\data\hpatches\v_posters\1.ppm,D:\桌面\IACV\Assigment1\data\hpatches\v_posters\3.ppm,540,2048,706,0.3447265625,3.0,2.523971414627222,2048,540,486,54,706,0.263671875,0.9,0.2373046875,0.6883852691218131,0.3447265625,3.0,0.6620084183729982,0.47784152379456657,True,486,0.9,0.5919145823867115,26.6289000006509,0.36301379282306157,18199,2048,2048,1048576,128,float32,512,10493,2048,2048,1048576,208.5187999997288,3.7232427012377554,143.73239999986254,4.791739640047619,nan,nan,180.14254000154324,2.4103798247444588,136.43101999914506,4.644203505270004,nan,nan,sift,sift,sift,bf_ratio,0.8
hpatches,v_posters,viewpoint,v_posters_1_to_4,1,4,D:\桌面\IACV\Assigment1\data\hpatches\v_posters\1.ppm,D:\桌面\IACV\Assigment1\data\hpatches\v_posters\4.ppm,527,2048,651,0.31787109375,3.0,1.3405684818768488,2048,527,480,47,651,0.25732421875,0.9108159392789373,0.234375,0.7373271889400922,0.31787109375,3.0,0.45758225625856946,0.34594685215785514,True,480,0.9108159392789373,0.42335973971482,26.04587999958312,0.5572267467472545,18199,2048,2048,1048576,128,float32,512,11140,2048,2048,1048576,208.5187999997288,3.7232427012377554,143.73239999986254,4.791739640047619,nan,nan,178.2865600005607,4.689762443809007,136.8717799996375,13.813705064688936,nan,nan,sift,sift,sift,bf_ratio,0.8
hpatches,v_posters,viewpoint,v_posters_1_to_5,1,5,D:\桌面\IACV\Assigment1\data\hpatches\v_posters\1.ppm,D:\桌面\IACV\Assigment1\data\hpatches\v_posters\5.ppm,232,1996,518,0.2595190380761523,3.0,1.53070480230107,1996,227,162,65,518,0.11372745490981964,0.7136563876651982,0.0811623246492986,0.3127413127413127,0.2595190380761523,3.0,0.9604629956157736,0.8240421123848356,True,166,0.7155172413793104,0.8665211366633158,26.58042000111891,0.4705943384359716,18199,2048,2048,1048576,128,float32,512,11164,2048,2048,1048576,208.5187999997288,3.7232427012377554,143.73239999986254,4.791739640047619,nan,nan,179.63218000077177,2.3444337529271495,139.76047999749426,0.8511133308236465,nan,nan,sift,sift,sift,bf_ratio,0.8
hpatches,v_posters,viewpoint,v_posters_1_to_6,1,6,D:\桌面\IACV\Assigment1\data\hpatches\v_posters\1.ppm,D:\桌面\IACV\Assigment1\data\hpatches\v_posters\6.ppm,220,2008,533,0.2654382470119522,3.0,4.928179864821965,2008,217,126,91,533,0.10806772908366534,0.5806451612903226,0.06274900398406374,0.23639774859287055,0.2654382470119522,3.0,0.6911398648505818,0.49763455802135037,True,137,0.6227272727272727,0.900203525786045,25.920200001564808,0.8452732511640791,18199,2048,2048,1048576,128,float32,512,10152,2048,2048,1048576,208.5187999997288,3.7232427012377554,143.73239999986254,4.791739640047619,nan,nan,175.1687399999355,4.670631187237569,133.30230000137817,15.836294874291879,nan,nan,sift,sift,sift,bf_ratio,0.8
hpatches,v_samples,viewpoint,v_samples_1_to_2,1,2,D:\桌面\IACV\Assigment1\data\hpatches\v_samples\1.ppm,D:\桌面\IACV\Assigment1\data\hpatches\v_samples\2.ppm,945,2048,1047,0.51123046875,3.0,0.18104335478018901,2048,945,893,52,1047,0.46142578125,0.944973544973545,0.43603515625,0.8529130850047756,0.51123046875,3.0,0.6797532843140902,0.6026857150866564,True,893,0.944973544973545,0.6605323470752233,28.600199999345932,1.223847987962995,7702,2048,2048,1048576,128,float32,512,4471,2048,2048,1048576,309.84338000271237,8.700829831103245,258.44061999960104,6.511217906902489,nan,nan,207.18707999913022,26.330579062365132,174.46411999990232,11.116452712392443,nan,nan,sift,sift,sift,bf_ratio,0.8
hpatches,v_samples,viewpoint,v_samples_1_to_3,1,3,D:\桌面\IACV\Assigment1\data\hpatches\v_samples\1.ppm,D:\桌面\IACV\Assigment1\data\hpatches\v_samples\3.ppm,913,2040,1081,0.5299019607843137,3.0,0.3297213540181134,2040,913,863,50,1081,0.44754901960784316,0.9452354874041621,0.4230392156862745,0.7983348751156337,0.5299019607843137,3.0,0.7782984593089455,0.7236445286947901,True,864,0.9463307776560789,0.7531866249668042,26.86241999908816,0.2846325405853494,7702,2048,2048,1048576,128,float32,512,5054,2048,2048,1048576,309.84338000271237,8.700829831103245,258.44061999960104,6.511217906902489,nan,nan,215.09430000005523,1.617638241464144,181.26090000005206,1.752311590448859,nan,nan,sift,sift,sift,bf_ratio,0.8
hpatches,v_samples,viewpoint,v_samples_1_to_4,1,4,D:\桌面\IACV\Assigment1\data\hpatches\v_samples\1.ppm,D:\桌面\IACV\Assigment1\data\hpatches\v_samples\4.ppm,671,2042,951,0.4657198824681685,3.0,0.6858065474735033,2042,670,597,73,951,0.3281096963761019,0.891044776119403,0.292360430950049,0.6277602523659306,0.4657198824681685,3.0,0.8640812811490581,0.7423965920531268,True,596,0.8882265275707899,0.7848501679006945,28.818860001047142,2.162525077241909,7702,2048,2048,1048576,128,float32,512,5092,2048,2048,1048576,309.84338000271237,8.700829831103245,258.44061999960104,6.511217906902489,nan,nan,217.61729999707313,1.2832259948148073,187.84281999978703,2.6360682513371185,nan,nan,sift,sift,sift,bf_ratio,0.8
hpatches,v_samples,viewpoint,v_samples_1_to_5,1,5,D:\桌面\IACV\Assigment1\data\hpatches\v_samples\1.ppm,D:\桌面\IACV\Assigment1\data\hpatches\v_samples\5.ppm,783,2004,996,0.49700598802395207,3.0,0.6882446709773083,2004,783,731,52,996,0.3907185628742515,0.933588761174968,0.3647704590818363,0.7339357429718876,0.49700598802395207,3.0,0.8122777791842475,0.7061097373087597,True,729,0.9310344827586207,0.8095734239278184,26.049680000869557,0.29847800909103667,7702,2048,2048,1048576,128,float32,512,4664,2048,2048,1048576,309.84338000271237,8.700829831103245,258.44061999960104,6.511217906902489,nan,nan,202.5679600003059,12.791318025979098,175.1079199995729,13.278452148764355,nan,nan,sift,sift,sift,bf_ratio,0.8
hpatches,v_samples,viewpoint,v_samples_1_to_6,1,6,D:\桌面\IACV\Assigment1\data\hpatches\v_samples\1.ppm,D:\桌面\IACV\Assigment1\data\hpatches\v_samples\6.ppm,533,2019,865,0.4284299157999009,3.0,0.918025446781933,2019,531,450,81,865,0.26300148588410105,0.847457627118644,0.22288261515601784,0.5202312138728323,0.4284299157999009,3.0,0.9058769358983608,0.7675157750662269,True,449,0.8424015009380863,0.8240166407106692,26.11112000013236,0.5910679766521992,7702,2048,2048,1048576,128,float32,512,4630,2048,2048,1048576,309.84338000271237,8.700829831103245,258.44061999960104,6.511217906902489,nan,nan,204.115579999052,18.675216117434065,180.23202000040328,1.6757549347806202,nan,nan,sift,sift,sift,bf_ratio,0.8
hpatches,v_soldiers,viewpoint,v_soldiers_1_to_2,1,2,D:\桌面\IACV\Assigment1\data\hpatches\v_soldiers\1.ppm,D:\桌面\IACV\Assigment1\data\hpatches\v_soldiers\2.ppm,195,516,222,0.43023255813953487,3.0,1.3859149569143978,516,194,180,14,222,0.375968992248062,0.9278350515463918,0.3488372093023256,0.8108108108108109,0.43023255813953487,3.0,0.9866105568749974,0.8221524782589383,True,179,0.9179487179487179,1.0143272497580025,2.151019999291748,0.05646465825704421,618,618,618,316416,128,float32,512,451,451,451,230912,198.03782000381034,1.1853206454561436,171.95966000144836,5.517700386471118,nan,nan,204.2156999988947,3.92864854639727,164.74699999962468,6.4196041349623725,nan,nan,sift,sift,sift,bf_ratio,0.8
hpatches,v_soldiers,viewpoint,v_soldiers_1_to_3,1,3,D:\桌面\IACV\Assigment1\data\hpatches\v_soldiers\1.ppm,D:\桌面\IACV\Assigment1\data\hpatches\v_soldiers\3.ppm,161,549,175,0.31876138433515483,3.0,8.436787947558837,549,160,141,19,175,0.29143897996357016,0.88125,0.2568306010928962,0.8057142857142857,0.31876138433515483,3.0,1.144083266576159,0.9637198515527853,True,124,0.7701863354037267,1.0331073537169968,2.4704800016479567,0.14759266380296676,618,618,618,316416,128,float32,512,550,550,550,281600,198.03782000381034,1.1853206454561436,171.95966000144836,5.517700386471118,nan,nan,201.38895999989472,2.801614842174524,171.10418000083882,1.2313204057402902,nan,nan,sift,sift,sift,bf_ratio,0.8
hpatches,v_soldiers,viewpoint,v_soldiers_1_to_4,1,4,D:\桌面\IACV\Assigment1\data\hpatches\v_soldiers\1.ppm,D:\桌面\IACV\Assigment1\data\hpatches\v_soldiers\4.ppm,126,524,173,0.3301526717557252,3.0,2.2071328381501307,524,125,111,14,173,0.2385496183206107,0.888,0.21183206106870228,0.6416184971098265,0.3301526717557252,3.0,1.0904999795982435,0.9609994436976667,True,111,0.8809523809523809,1.0384547785957332,3.550559999712277,0.24980500986177182,618,618,618,316416,128,float32,512,779,779,779,398848,198.03782000381034,1.1853206454561436,171.95966000144836,5.517700386471118,nan,nan,200.36699999764096,2.6036996652546995,172.23918000090634,3.3247044083837665,nan,nan,sift,sift,sift,bf_ratio,0.8
hpatches,v_soldiers,viewpoint,v_soldiers_1_to_5,1,5,D:\桌面\IACV\Assigment1\data\hpatches\v_soldiers\1.ppm,D:\桌面\IACV\Assigment1\data\hpatches\v_soldiers\5.ppm,90,382,152,0.39790575916230364,3.0,17.17973218939502,382,85,68,17,152,0.22251308900523561,0.8,0.17801047120418848,0.4473684210526316,0.39790575916230364,3.0,1.3178044295693112,1.2112705197951865,True,71,0.7888888888888889,1.3001200446104784,4.87239999929443,0.16812696429897356,618,618,618,316416,128,float32,512,1165,1165,1165,596480,198.03782000381034,1.1853206454561436,171.95966000144836,5.517700386471118,nan,nan,196.6316200006986,20.773181600993414,178.17029999860097,3.3941421320509906,nan,nan,sift,sift,sift,bf_ratio,0.8
hpatches,v_soldiers,viewpoint,v_soldiers_1_to_6,1,6,D:\桌面\IACV\Assigment1\data\hpatches\v_soldiers\1.ppm,D:\桌面\IACV\Assigment1\data\hpatches\v_soldiers\6.ppm,206,597,317,0.5309882747068677,3.0,2.14147749477443,597,206,183,23,317,0.34505862646566166,0.8883495145631068,0.3065326633165829,0.5772870662460567,0.5309882747068677,3.0,0.9495542778393381,0.825494346137917,True,186,0.9029126213592233,0.9266660125967661,8.0316399995354,0.1355927827312053,618,618,618,316416,128,float32,512,1942,1942,1942,994304,198.03782000381034,1.1853206454561436,171.95966000144836,5.517700386471118,nan,nan,189.6208399994066,24.376603268186642,182.23649999708869,5.4487106428320535,nan,nan,sift,sift,sift,bf_ratio,0.8
hpatches,v_strand,viewpoint,v_strand_1_to_2,1,2,D:\桌面\IACV\Assigment1\data\hpatches\v_strand\1.ppm,D:\桌面\IACV\Assigment1\data\hpatches\v_strand\2.ppm,1296,2009,1376,0.6849178695868592,3.0,0.38215909917038804,2009,1295,1262,33,1376,0.6445993031358885,0.9745173745173745,0.6281732205077153,0.9171511627906976,0.6849178695868592,3.0,0.3951103454418042,0.3245050651478453,True,1262,0.9737654320987654,0.38178713967107253,27.90252000268083,0.16488859995201025,5112,2048,2048,1048576,128,float32,512,7125,2048,2048,1048576,210.02126000239514,1.0738817395658935,186.01629999902798,0.8577571155480129,nan,nan,214.33827999862842,2.8711629704945394,182.25017999939155,2.354591242544883,nan,nan,sift,sift,sift,bf_ratio,0.8
hpatches,v_strand,viewpoint,v_strand_1_to_3,1,3,D:\桌面\IACV\Assigment1\data\hpatches\v_strand\1.ppm,D:\桌面\IACV\Assigment1\data\hpatches\v_strand\3.ppm,1008,1946,1036,0.5323741007194245,3.0,8.444716644901685,1946,1001,743,258,1036,0.5143884892086331,0.7422577422577422,0.381808838643371,0.7171814671814671,0.5323741007194245,3.0,1.555923241350286,1.552673556543216,True,739,0.7331349206349206,0.9546997363522159,27.213020002818666,0.8418174005598095,5112,2048,2048,1048576,128,float32,512,3892,2048,2048,1048576,210.02126000239514,1.0738817395658935,186.01629999902798,0.8577571155480129,nan,nan,203.90064000093844,7.858487095159227,183.53184000152396,2.235434611980685,nan,nan,sift,sift,sift,bf_ratio,0.8
hpatches,v_strand,viewpoint,v_strand_1_to_4,1,4,D:\桌面\IACV\Assigment1\data\hpatches\v_strand\1.ppm,D:\桌面\IACV\Assigment1\data\hpatches\v_strand\4.ppm,763,1979,920,0.4648812531581607,3.0,5.187688706351656,1979,762,613,149,920,0.38504295098534613,0.8044619422572179,0.3097524002021223,0.6663043478260869,0.4648812531581607,3.0,1.6856216210557988,1.6420695642974825,True,592,0.7758846657929227,1.2894229714552037,26.50357999955304,0.7694191897174553,5112,2048,2048,1048576,128,float32,512,3357,2048,2048,1048576,210.02126000239514,1.0738817395658935,186.01629999902798,0.8577571155480129,nan,nan,206.50697999808472,1.2292142630145033,185.73011999978917,3.335228518508362,nan,nan,sift,sift,sift,bf_ratio,0.8
hpatches,v_strand,viewpoint,v_strand_1_to_5,1,5,D:\桌面\IACV\Assigment1\data\hpatches\v_strand\1.ppm,D:\桌面\IACV\Assigment1\data\hpatches\v_strand\5.ppm,759,2012,857,0.4259443339960239,3.0,8.090538217992904,2012,756,562,194,857,0.3757455268389662,0.7433862433862434,0.279324055666004,0.6557759626604434,0.4259443339960239,3.0,1.5944381023359682,1.5709425981744118,True,574,0.7562582345191041,1.0580443608501688,26.332180001190864,0.4998643723747708,5112,2048,2048,1048576,128,float32,512,2975,2048,2048,1048576,210.02126000239514,1.0738817395658935,186.01629999902798,0.8577571155480129,nan,nan,207.19393999752356,2.482654147936933,183.22755999979563,1.4936840071151847,nan,nan,sift,sift,sift,bf_ratio,0.8
hpatches,v_strand,viewpoint,v_strand_1_to_6,1,6,D:\桌面\IACV\Assigment1\data\hpatches\v_strand\1.ppm,D:\桌面\IACV\Assigment1\data\hpatches\v_strand\6.ppm,507,2007,755,0.3761833582461385,3.0,15.646107958817574,2007,503,318,185,755,0.25062282012954656,0.6322067594433399,0.15844544095665172,0.42119205298013246,0.3761833582461385,3.0,1.6920065556725508,1.681428741220535,True,292,0.5759368836291914,1.182447834906511,26.300360000459477,0.8948436214770604,5112,2048,2048,1048576,128,float32,512,3094,2048,2048,1048576,210.02126000239514,1.0738817395658935,186.01629999902798,0.8577571155480129,nan,nan,203.76872000051662,0.26436352697139903,184.43526000046404,3.1779688231063346,nan,nan,sift,sift,sift,bf_ratio,0.8
hpatches,v_sunseason,viewpoint,v_sunseason_1_to_2,1,2,D:\桌面\IACV\Assigment1\data\hpatches\v_sunseason\1.ppm,D:\桌面\IACV\Assigment1\data\hpatches\v_sunseason\2.ppm,1065,2034,1289,0.6337266470009832,3.0,0.2295095439159399,2034,1065,922,143,1289,0.523598820058997,0.8657276995305164,0.4532940019665683,0.7152831652443755,0.6337266470009832,3.0,0.2270711588754047,0.18480472572818563,True,922,0.8657276995305164,0.22032496439412158,27.069260001007933,0.9934624554398257,15694,2048,2048,1048576,128,float32,512,15644,2048,2048,1048576,299.7505800012732,2.218365324261052,234.6947799975169,0.6510228256108694,nan,nan,300.768579999567,1.9285249778894253,235.3436999997939,3.012182300032629,nan,nan,sift,sift,sift,bf_ratio,0.8
hpatches,v_sunseason,viewpoint,v_sunseason_1_to_3,1,3,D:\桌面\IACV\Assigment1\data\hpatches\v_sunseason\1.ppm,D:\桌面\IACV\Assigment1\data\hpatches\v_sunseason\3.ppm,694,2013,1054,0.5235966219572777,3.0,0.33497582155762157,2013,694,530,164,1054,0.34475906607054146,0.7636887608069164,0.26328862394436164,0.5028462998102466,0.5235966219572777,3.0,0.439080033788451,0.38824967768360297,True,530,0.7636887608069164,0.4058335557435855,26.71256000030553,0.4542993682485903,15694,2048,2048,1048576,128,float32,512,15524,2048,2048,1048576,299.7505800012732,2.218365324261052,234.6947799975169,0.6510228256108694,nan,nan,302.276740000525,6.376245176979196,224.99371999729192,22.659629182825718,nan,nan,sift,sift,sift,bf_ratio,0.8
hpatches,v_sunseason,viewpoint,v_sunseason_1_to_4,1,4,D:\桌面\IACV\Assigment1\data\hpatches\v_sunseason\1.ppm,D:\桌面\IACV\Assigment1\data\hpatches\v_sunseason\4.ppm,467,2012,702,0.3489065606361829,3.0,2.191927088592815,2012,465,223,242,702,0.23111332007952287,0.47956989247311826,0.11083499005964215,0.3176638176638177,0.3489065606361829,3.0,0.8770723270238896,0.7339468189485354,True,220,0.47109207708779444,0.7709935464767795,26.6116199985845,0.513481296972566,15694,2048,2048,1048576,128,float32,512,17667,2048,2048,1048576,299.7505800012732,2.218365324261052,234.6947799975169,0.6510228256108694,nan,nan,311.4352000004146,12.350572856792201,220.46247999824118,25.45033833240028,nan,nan,sift,sift,sift,bf_ratio,0.8
hpatches,v_sunseason,viewpoint,v_sunseason_1_to_5,1,5,D:\桌面\IACV\Assigment1\data\hpatches\v_sunseason\1.ppm,D:\桌面\IACV\Assigment1\data\hpatches\v_sunseason\5.ppm,296,1930,601,0.31139896373056997,3.0,2.904368583644716,1930,276,111,165,601,0.14300518134715026,0.40217391304347827,0.057512953367875645,0.18469217970049917,0.31139896373056997,3.0,1.2342462921004038,1.0701174455933053,True,109,0.36824324324324326,1.0782423763589513,27.1318600003724,0.7636408123141225,15694,2048,2048,1048576,128,float32,512,16264,2048,2048,1048576,299.7505800012732,2.218365324261052,234.6947799975169,0.6510228256108694,nan,nan,295.70676000003004,15.759919151801236,237.24742000194965,3.7314376895697796,nan,nan,sift,sift,sift,bf_ratio,0.8
hpatches,v_sunseason,viewpoint,v_sunseason_1_to_6,1,6,D:\桌面\IACV\Assigment1\data\hpatches\v_sunseason\1.ppm,D:\桌面\IACV\Assigment1\data\hpatches\v_sunseason\6.ppm,165,1908,477,0.25,3.0,4.602591318888849,1908,151,40,111,477,0.07914046121593292,0.26490066225165565,0.020964360587002098,0.08385744234800839,0.25,3.0,1.370136443958271,1.247717220928429,True,42,0.2545454545454545,1.0543506005913048,25.99677999969572,0.8347833194311932,15694,2048,2048,1048576,128,float32,512,15941,2048,2048,1048576,299.7505800012732,2.218365324261052,234.6947799975169,0.6510228256108694,nan,nan,334.0026799996849,54.21142780335104,232.9102799994871,1.389136981527472,nan,nan,sift,sift,sift,bf_ratio,0.8
hpatches,v_tabletop,viewpoint,v_tabletop_1_to_2,1,2,D:\桌面\IACV\Assigment1\data\hpatches\v_tabletop\1.ppm,D:\桌面\IACV\Assigment1\data\hpatches\v_tabletop\2.ppm,754,1706,955,0.55978898007034,3.0,4.7433967792356695,1706,728,675,53,955,0.42672919109026963,0.9271978021978022,0.39566236811254396,0.7068062827225131,0.55978898007034,3.0,1.2496056729021445,1.2309510230656717,True,651,0.863395225464191,0.8418786580103602,26.79457999911392,0.3986188295579174,10088,2048,2048,1048576,128,float32,512,9085,2048,2048,1048576,171.14918000006583,19.399204451303813,149.12676000094507,0.8923711910691066,nan,nan,177.89148000010755,1.7193079833804294,148.11719999997877,1.2813746078284827,nan,nan,sift,sift,sift,bf_ratio,0.8
hpatches,v_tabletop,viewpoint,v_tabletop_1_to_3,1,3,D:\桌面\IACV\Assigment1\data\hpatches\v_tabletop\1.ppm,D:\桌面\IACV\Assigment1\data\hpatches\v_tabletop\3.ppm,137,1976,758,0.38360323886639675,3.0,1.3313520440481184,1976,136,48,88,758,0.06882591093117409,0.35294117647058826,0.024291497975708502,0.0633245382585752,0.38360323886639675,3.0,1.3844060330727193,1.2841993126390423,True,48,0.35036496350364965,1.235275341337004,28.51121999992756,1.2561207688140021,10088,2048,2048,1048576,128,float32,512,10048,2048,2048,1048576,171.14918000006583,19.399204451303813,149.12676000094507,0.8923711910691066,nan,nan,180.2512199996272,1.9517320512830139,143.4497599984752,20.049092799497547,nan,nan,sift,sift,sift,bf_ratio,0.8
hpatches,v_tabletop,viewpoint,v_tabletop_1_to_4,1,4,D:\桌面\IACV\Assigment1\data\hpatches\v_tabletop\1.ppm,D:\桌面\IACV\Assigment1\data\hpatches\v_tabletop\4.ppm,112,1888,621,0.3289194915254237,3.0,1.6246161249158697,1888,106,26,80,621,0.05614406779661017,0.24528301886792453,0.013771186440677966,0.04186795491143317,0.3289194915254237,3.0,1.2995358490489026,1.5316772136743482,True,27,0.24107142857142858,1.1039850579102528,26.353900000685826,1.4861928845999683,10088,2048,2048,1048576,128,float32,512,9037,2048,2048,1048576,171.14918000006583,19.399204451303813,149.12676000094507,0.8923711910691066,nan,nan,160.44203999917954,20.379952309359343,146.18034000013722,9.115036267470272,nan,nan,sift,sift,sift,bf_ratio,0.8
hpatches,v_tabletop,viewpoint,v_tabletop_1_to_5,1,5,D:\桌面\IACV\Assigment1\data\hpatches\v_tabletop\1.ppm,D:\桌面\IACV\Assigment1\data\hpatches\v_tabletop\5.ppm,124,1974,639,0.32370820668693007,3.0,1034.7900973736305,1974,121,23,98,639,0.061296859169199594,0.19008264462809918,0.01165146909827761,0.03599374021909233,0.32370820668693007,3.0,1.2586452406578186,1.0786782122601613,True,25,0.20161290322580644,1.058949605489097,27.93043999990914,0.8399780722064719,10088,2048,2048,1048576,128,float32,512,8345,2048,2048,1048576,171.14918000006583,19.399204451303813,149.12676000094507,0.8923711910691066,nan,nan,179.61587999889161,1.7345672152840121,151.39971999888076,1.260588926509105,nan,nan,sift,sift,sift,bf_ratio,0.8
hpatches,v_tabletop,viewpoint,v_tabletop_1_to_6,1,6,D:\桌面\IACV\Assigment1\data\hpatches\v_tabletop\1.ppm,D:\桌面\IACV\Assigment1\data\hpatches\v_tabletop\6.ppm,128,1937,661,0.3412493546721735,3.0,3.4747025284863824,1937,120,34,86,661,0.061951471347444505,0.2833333333333333,0.017552916881775942,0.05143721633888049,0.3412493546721735,3.0,1.2792739661862755,1.1879213253371013,True,32,0.25,1.097283390894686,28.376499998557847,1.1712372646865683,10088,2048,2048,1048576,128,float32,512,9485,2048,2048,1048576,171.14918000006583,19.399204451303813,149.12676000094507,0.8923711910691066,nan,nan,177.67346000036923,3.6789463040896164,149.18349999788916,1.7496537052635655,nan,nan,sift,sift,sift,bf_ratio,0.8
hpatches,v_talent,viewpoint,v_talent_1_to_2,1,2,D:\桌面\IACV\Assigment1\data\hpatches\v_talent\1.ppm,D:\桌面\IACV\Assigment1\data\hpatches\v_talent\2.ppm,503,2048,682,0.3330078125,3.0,1.1427114350847276,2048,503,392,111,682,0.24560546875,0.7793240556660039,0.19140625,0.5747800586510264,0.3330078125,3.0,0.9103345016440061,0.8909926042201102,True,390,0.7753479125248509,0.6173967323274315,28.16873999981908,0.66579389987905,8232,2048,2048,1048576,128,float32,512,5716,2048,2048,1048576,365.76445999962743,6.830699410182018,297.83233999914955,0.8583642055766897,nan,nan,164.7363400014001,17.663521413138515,152.32734000019263,2.5835854343968845,nan,nan,sift,sift,sift,bf_ratio,0.8
hpatches,v_talent,viewpoint,v_talent_1_to_3,1,3,D:\桌面\IACV\Assigment1\data\hpatches\v_talent\1.ppm,D:\桌面\IACV\Assigment1\data\hpatches\v_talent\3.ppm,503,2048,708,0.345703125,3.0,1.6620812670937661,2048,503,345,158,708,0.24560546875,0.6858846918489065,0.16845703125,0.4872881355932203,0.345703125,3.0,0.8519485410622205,0.7654510531535618,True,344,0.68389662027833,0.441292753915775,16.94569999963278,2.347870120610081,8232,2048,2048,1048576,128,float32,512,6092,2048,2048,1048576,365.76445999962743,6.830699410182018,297.83233999914955,0.8583642055766897,nan,nan,180.68354000279214,6.66600124701928,112.58153999951901,24.31856133025732,nan,nan,sift,sift,sift,bf_ratio,0.8
hpatches,v_talent,viewpoint,v_talent_1_to_4,1,4,D:\桌面\IACV\Assigment1\data\hpatches\v_talent\1.ppm,D:\桌面\IACV\Assigment1\data\hpatches\v_talent\4.ppm,252,2048,454,0.2216796875,3.0,1.8602143009928598,2048,252,148,104,454,0.123046875,0.5873015873015873,0.072265625,0.32599118942731276,0.2216796875,3.0,1.1252813842459322,1.1140053071484215,True,147,0.5833333333333334,0.8645866332802207,15.975539998908062,0.7444586745897293,8232,2048,2048,1048576,128,float32,512,6785,2048,2048,1048576,365.76445999962743,6.830699410182018,297.83233999914955,0.8583642055766897,nan,nan,121.58539999945788,10.233610139898687,85.44756000192137,1.6087733025301998,nan,nan,sift,sift,sift,bf_ratio,0.8
hpatches,v_talent,viewpoint,v_talent_1_to_5,1,5,D:\桌面\IACV\Assigment1\data\hpatches\v_talent\1.ppm,D:\桌面\IACV\Assigment1\data\hpatches\v_talent\5.ppm,122,2042,283,0.1385896180215475,3.0,4.520555530284821,2042,122,32,90,283,0.059745347698334964,0.26229508196721313,0.015670910871694418,0.11307420494699646,0.1385896180215475,3.0,1.7058817915612288,1.5585386444014213,True,32,0.26229508196721313,1.31983811586213,14.569660001143347,0.1500584226369101,8232,2048,2048,1048576,128,float32,512,5147,2048,2048,1048576,365.76445999962743,6.830699410182018,297.83233999914955,0.8583642055766897,nan,nan,109.15874000056647,2.48464743648121,85.29376000078628,3.3319680315304288,nan,nan,sift,sift,sift,bf_ratio,0.8
hpatches,v_talent,viewpoint,v_talent_1_to_6,1,6,D:\桌面\IACV\Assigment1\data\hpatches\v_talent\1.ppm,D:\桌面\IACV\Assigment1\data\hpatches\v_talent\6.ppm,376,2020,713,0.35297029702970295,3.0,1.3768540459671526,2020,376,216,160,713,0.18613861386138614,0.574468085106383,0.10693069306930693,0.302945301542777,0.35297029702970295,3.0,0.8145242491221528,0.7173428319232712,True,217,0.5771276595744681,0.5546376399952025,14.057539998611901,0.24513102268706685,8232,2048,2048,1048576,128,float32,512,5811,2048,2048,1048576,365.76445999962743,6.830699410182018,297.83233999914955,0.8583642055766897,nan,nan,102.2986400013906,2.4322386830006035,81.76209999946877,1.6976885770537629,nan,nan,sift,sift,sift,bf_ratio,0.8
hpatches,v_tempera,viewpoint,v_tempera_1_to_2,1,2,D:\桌面\IACV\Assigment1\data\hpatches\v_tempera\1.ppm,D:\桌面\IACV\Assigment1\data\hpatches\v_tempera\2.ppm,722,2048,815,0.39794921875,3.0,0.1346555863555339,2048,722,686,36,815,0.3525390625,0.9501385041551247,0.3349609375,0.841717791411043,0.39794921875,3.0,0.39016449507488676,0.30306707526944865,True,687,0.9515235457063712,0.3655747981234157,11.919599998509511,0.30160472349916445,2454,2048,2048,1048576,128,float32,512,1601,1601,1601,819712,91.12423999758903,1.999690857384774,77.57502000022214,2.314349523769891,nan,nan,90.3478999985964,1.9164192928335988,77.57900000142399,3.0143721317637695,nan,nan,sift,sift,sift,bf_ratio,0.8
hpatches,v_tempera,viewpoint,v_tempera_1_to_3,1,3,D:\桌面\IACV\Assigment1\data\hpatches\v_tempera\1.ppm,D:\桌面\IACV\Assigment1\data\hpatches\v_tempera\3.ppm,564,2038,775,0.3802747791952895,3.0,0.6435756475188754,2038,563,497,66,775,0.27625122669283614,0.8827708703374778,0.24386653581943082,0.6412903225806451,0.3802747791952895,3.0,0.6704081121444043,0.5703403760542255,True,498,0.8829787234042553,0.6484382418099901,11.019579999265261,0.2336450075248297,2454,2048,2048,1048576,128,float32,512,1615,1615,1615,826880,91.12423999758903,1.999690857384774,77.57502000022214,2.314349523769891,nan,nan,92.58884000155376,2.6007129615412548,80.93282000045292,5.537663319235268,nan,nan,sift,sift,sift,bf_ratio,0.8
hpatches,v_tempera,viewpoint,v_tempera_1_to_4,1,4,D:\桌面\IACV\Assigment1\data\hpatches\v_tempera\1.ppm,D:\桌面\IACV\Assigment1\data\hpatches\v_tempera\4.ppm,619,2048,767,0.37451171875,3.0,0.5991879956763938,2048,619,555,64,767,0.30224609375,0.8966074313408724,0.27099609375,0.7235984354628422,0.37451171875,3.0,0.5621100993209307,0.4455749752885936,True,555,0.8966074313408724,0.5210809694974835,11.328199999115895,0.25181784756974906,2454,2048,2048,1048576,128,float32,512,1666,1666,1666,852992,91.12423999758903,1.999690857384774,77.57502000022214,2.314349523769891,nan,nan,91.09253999922657,1.8381289322935628,73.61290000117151,0.40177898441636756,nan,nan,sift,sift,sift,bf_ratio,0.8
hpatches,v_tempera,viewpoint,v_tempera_1_to_5,1,5,D:\桌面\IACV\Assigment1\data\hpatches\v_tempera\1.ppm,D:\桌面\IACV\Assigment1\data\hpatches\v_tempera\5.ppm,394,2009,727,0.36187157789945246,3.0,0.9724995582124819,2009,392,339,53,727,0.1951219512195122,0.8647959183673469,0.16874066699850673,0.46629986244841815,0.36187157789945246,3.0,0.7580655662511788,0.6423511721446068,True,336,0.8527918781725888,0.7014949537225801,12.320659999386407,0.2728261836295893,2454,2048,2048,1048576,128,float32,512,1819,1819,1819,931328,91.12423999758903,1.999690857384774,77.57502000022214,2.314349523769891,nan,nan,88.17668000119738,1.3686920881500335,73.66111999872373,1.2733548299072375,nan,nan,sift,sift,sift,bf_ratio,0.8
hpatches,v_tempera,viewpoint,v_tempera_1_to_6,1,6,D:\桌面\IACV\Assigment1\data\hpatches\v_tempera\1.ppm,D:\桌面\IACV\Assigment1\data\hpatches\v_tempera\6.ppm,78,1949,373,0.1913801949717804,3.0,7.649364865316461,1949,75,29,46,373,0.038481272447408926,0.38666666666666666,0.014879425346331451,0.0777479892761394,0.1913801949717804,3.0,1.2504092023641586,1.115553544893056,True,29,0.3717948717948718,0.9076012080198813,7.059200001822319,0.11921786985715724,2454,2048,2048,1048576,128,float32,512,1040,1040,1040,532480,91.12423999758903,1.999690857384774,77.57502000022214,2.314349523769891,nan,nan,87.42459999921266,1.4482542389572062,68.65580000012415,0.7121349290589479,nan,nan,sift,sift,sift,bf_ratio,0.8
hpatches,v_there,viewpoint,v_there_1_to_2,1,2,D:\桌面\IACV\Assigment1\data\hpatches\v_there\1.ppm,D:\桌面\IACV\Assigment1\data\hpatches\v_there\2.ppm,230,636,249,0.3915094339622642,3.0,0.4300875585066356,636,230,171,59,249,0.36163522012578614,0.7434782608695653,0.2688679245283019,0.6867469879518072,0.3915094339622642,3.0,0.8880379034178815,0.7779247189129265,True,172,0.7478260869565218,0.8874744398869181,1.6672599973389879,0.09016871981955142,636,636,636,325632,128,float32,512,620,620,620,317440,148.25345999997808,3.7319987565654094,105.13667999912286,1.299279912985274,nan,nan,147.07440000056522,1.8484084155526421,109.528340001998,1.0227660443168645,nan,nan,sift,sift,sift,bf_ratio,0.8
hpatches,v_there,viewpoint,v_there_1_to_3,1,3,D:\桌面\IACV\Assigment1\data\hpatches\v_there\1.ppm,D:\桌面\IACV\Assigment1\data\hpatches\v_there\3.ppm,47,636,111,0.17452830188679244,3.0,8.526827511166587,636,47,6,41,111,0.07389937106918239,0.1276595744680851,0.009433962264150943,0.05405405405405406,0.17452830188679244,3.0,1.5126099740201233,1.277685614143623,True,9,0.19148936170212766,1.2385900329925679,4.757160000735894,0.19189773919271536,636,636,636,325632,128,float32,512,2230,2048,2048,1048576,148.25345999997808,3.7319987565654094,105.13667999912286,1.299279912985274,nan,nan,151.24736000143457,8.808649956159007,122.62097999919206,2.955827120945684,nan,nan,sift,sift,sift,bf_ratio,0.8
hpatches,v_there,viewpoint,v_there_1_to_4,1,4,D:\桌面\IACV\Assigment1\data\hpatches\v_there\1.ppm,D:\桌面\IACV\Assigment1\data\hpatches\v_there\4.ppm,47,636,79,0.12421383647798742,3.0,720.3678787895553,636,47,1,46,79,0.07389937106918239,0.02127659574468085,0.0015723270440251573,0.012658227848101266,0.12421383647798742,3.0,0.6509266534840185,0.6509266534840185,True,8,0.1702127659574468,0.24829261325825677,4.406060000474099,0.2128363274010975,636,636,636,325632,128,float32,512,2660,2048,2048,1048576,148.25345999997808,3.7319987565654094,105.13667999912286,1.299279912985274,nan,nan,148.25070000224514,2.3181074935696535,118.64737999858335,0.9125482376028327,nan,nan,sift,sift,sift,bf_ratio,0.8
hpatches,v_there,viewpoint,v_there_1_to_5,1,5,D:\桌面\IACV\Assigment1\data\hpatches\v_there\1.ppm,D:\桌面\IACV\Assigment1\data\hpatches\v_there\5.ppm,30,636,59,0.09276729559748427,3.0,527.3568983679231,636,30,2,28,59,0.04716981132075472,0.06666666666666667,0.0031446540880503146,0.03389830508474576,0.09276729559748427,3.0,0.5539264638462644,0.5539264638462644,True,6,0.2,2.2238058387870103e-11,4.388359998119995,0.040414878492968424,636,636,636,325632,128,float32,512,2804,2048,2048,1048576,148.25345999997808,3.7319987565654094,105.13667999912286,1.299279912985274,nan,nan,147.6808000006713,1.7584064139583226,116.85926000063773,0.9008488509833182,nan,nan,sift,sift,sift,bf_ratio,0.8
hpatches,v_there,viewpoint,v_there_1_to_6,1,6,D:\桌面\IACV\Assigment1\data\hpatches\v_there\1.ppm,D:\桌面\IACV\Assigment1\data\hpatches\v_there\6.ppm,22,636,42,0.0660377358490566,3.0,4206.854090530973,636,22,0,22,42,0.03459119496855346,0.0,0.0,0.0,0.0660377358490566,3.0,nan,nan,True,4,0.18181818181818182,5.66505649477915e-13,4.745980000006966,0.1396816296827558,636,636,636,325632,128,float32,512,2875,2048,2048,1048576,148.25345999997808,3.7319987565654094,105.13667999912286,1.299279912985274,nan,nan,155.45344000129262,2.9065023306465876,116.49722000292968,2.8969158023452573,nan,nan,sift,sift,sift,bf_ratio,0.8
hpatches,v_underground,viewpoint,v_underground_1_to_2,1,2,D:\桌面\IACV\Assigment1\data\hpatches\v_underground\1.ppm,D:\桌面\IACV\Assigment1\data\hpatches\v_underground\2.ppm,972,1883,1281,0.6802973977695167,3.0,0.20358727522845183,1883,970,916,54,1281,0.5151354221986192,0.9443298969072165,0.48645778013807756,0.7150663544106167,0.6802973977695167,3.0,0.4708353995941202,0.3564642149627151,True,918,0.9444444444444444,0.46634190594209063,14.80714000063017,0.1043939602489442,3887,2048,2048,1048576,128,float32,512,3742,2048,2048,1048576,152.29397999937646,2.390444781980911,115.0986600026954,1.4588274272781478,nan,nan,150.32400000054622,1.8546743688427014,119.09121999924537,3.1704056491544077,nan,nan,sift,sift,sift,bf_ratio,0.8
hpatches,v_underground,viewpoint,v_underground_1_to_3,1,3,D:\桌面\IACV\Assigment1\data\hpatches\v_underground\1.ppm,D:\桌面\IACV\Assigment1\data\hpatches\v_underground\3.ppm,469,1794,916,0.5105908584169454,3.0,0.7459921706849035,1794,464,382,82,916,0.25863991081382387,0.8232758620689655,0.2129319955406912,0.4170305676855895,0.5105908584169454,3.0,0.8853810553196847,0.6830620448800525,True,381,0.8123667377398721,0.869127053335931,14.655960000527557,0.26925652163731917,3887,2048,2048,1048576,128,float32,512,2673,2048,2048,1048576,152.29397999937646,2.390444781980911,115.0986600026954,1.4588274272781478,nan,nan,146.93740000075195,1.5160199101575456,114.57299999892712,0.8656755878858582,nan,nan,sift,sift,sift,bf_ratio,0.8
hpatches,v_underground,viewpoint,v_underground_1_to_4,1,4,D:\桌面\IACV\Assigment1\data\hpatches\v_underground\1.ppm,D:\桌面\IACV\Assigment1\data\hpatches\v_underground\4.ppm,243,1475,562,0.38101694915254236,3.0,4.397297334961622,1475,227,162,65,562,0.15389830508474575,0.7136563876651982,0.10983050847457627,0.28825622775800713,0.38101694915254236,3.0,1.0116544062177761,0.8313351197520098,True,160,0.6584362139917695,1.1868632536721369,14.916620001895353,0.14407613955550108,3887,2048,2048,1048576,128,float32,512,2058,2048,2048,1048576,152.29397999937646,2.390444781980911,115.0986600026954,1.4588274272781478,nan,nan,148.55053999926895,1.6285979332034788,116.33483999758027,1.6447167088874994,nan,nan,sift,sift,sift,bf_ratio,0.8
hpatches,v_underground,viewpoint,v_underground_1_to_5,1,5,D:\桌面\IACV\Assigment1\data\hpatches\v_underground\1.ppm,D:\桌面\IACV\Assigment1\data\hpatches\v_underground\5.ppm,141,1451,352,0.24259131633356307,3.0,1.948301917642911,1451,122,60,62,352,0.08407994486560992,0.4918032786885246,0.04135079255685734,0.17045454545454544,0.24259131633356307,3.0,1.1224818850585931,0.8254809063102005,True,59,0.41843971631205673,1.111883045594399,12.242119997972623,0.1930005316177162,3887,2048,2048,1048576,128,float32,512,1775,1775,1775,908800,152.29397999937646,2.390444781980911,115.0986600026954,1.4588274272781478,nan,nan,151.5806800016435,3.651092883505523,114.57425999979023,1.0043984784350695,nan,nan,sift,sift,sift,bf_ratio,0.8
hpatches,v_underground,viewpoint,v_underground_1_to_6,1,6,D:\桌面\IACV\Assigment1\data\hpatches\v_underground\1.ppm,D:\桌面\IACV\Assigment1\data\hpatches\v_underground\6.ppm,69,1525,241,0.1580327868852459,3.0,14.400965462513792,1525,52,15,37,241,0.03409836065573771,0.28846153846153844,0.009836065573770493,0.06224066390041494,0.1580327868852459,3.0,1.5696276314325612,1.711639449668657,True,13,0.18840579710144928,0.8545217104725086,10.073560000455473,0.46277008084881266,3887,2048,2048,1048576,128,float32,512,1373,1373,1373,702976,152.29397999937646,2.390444781980911,115.0986600026954,1.4588274272781478,nan,nan,149.2247000001953,2.330033075360499,113.28485999983968,1.227627476548039,nan,nan,sift,sift,sift,bf_ratio,0.8
hpatches,v_vitro,viewpoint,v_vitro_1_to_2,1,2,D:\桌面\IACV\Assigment1\data\hpatches\v_vitro\1.ppm,D:\桌面\IACV\Assigment1\data\hpatches\v_vitro\2.ppm,838,2046,1188,0.5806451612903226,3.0,0.23342978551626473,2046,838,714,124,1188,0.4095796676441838,0.8520286396181385,0.3489736070381232,0.601010101010101,0.5806451612903226,3.0,0.6155193990854784,0.5537609291335064,True,714,0.8520286396181385,0.6008511752495109,14.384740000241436,0.18876254489220737,7268,2048,2048,1048576,128,float32,512,6930,2048,2048,1048576,99.33125999959884,0.7097034751135866,74.43678000126965,1.1980757157144735,nan,nan,99.56395999906817,2.5200788903708893,76.7126399980043,1.1271805252716276,nan,nan,sift,sift,sift,bf_ratio,0.8
hpatches,v_vitro,viewpoint,v_vitro_1_to_3,1,3,D:\桌面\IACV\Assigment1\data\hpatches\v_vitro\1.ppm,D:\桌面\IACV\Assigment1\data\hpatches\v_vitro\3.ppm,549,1983,935,0.47150781643973777,3.0,0.8945519466118865,1983,545,427,118,935,0.2748361069087242,0.7834862385321101,0.21533030761472516,0.4566844919786096,0.47150781643973777,3.0,0.8643101874490137,0.7683883388826865,True,423,0.7704918032786885,0.7983123523771828,14.375779998954386,0.3058804238577173,7268,2048,2048,1048576,128,float32,512,6562,2048,2048,1048576,99.33125999959884,0.7097034751135866,74.43678000126965,1.1980757157144735,nan,nan,96.89752000122098,1.2350005338499517,76.32768000039505,1.2233234685559147,nan,nan,sift,sift,sift,bf_ratio,0.8
hpatches,v_vitro,viewpoint,v_vitro_1_to_4,1,4,D:\桌面\IACV\Assigment1\data\hpatches\v_vitro\1.ppm,D:\桌面\IACV\Assigment1\data\hpatches\v_vitro\4.ppm,272,1937,693,0.357769747031492,3.0,1.7555023156935163,1937,268,164,104,693,0.13835828600929273,0.6119402985074627,0.08466701084150749,0.23665223665223664,0.357769747031492,3.0,1.0707171087707819,0.933377269915484,True,163,0.5992647058823529,1.0274855312954156,15.113799998653121,0.2224246587821039,7268,2048,2048,1048576,128,float32,512,5542,2048,2048,1048576,99.33125999959884,0.7097034751135866,74.43678000126965,1.1980757157144735,nan,nan,94.57049999764422,1.750448792412018,75.2409800013993,1.465339405614946,nan,nan,sift,sift,sift,bf_ratio,0.8
hpatches,v_vitro,viewpoint,v_vitro_1_to_5,1,5,D:\桌面\IACV\Assigment1\data\hpatches\v_vitro\1.ppm,D:\桌面\IACV\Assigment1\data\hpatches\v_vitro\5.ppm,758,1840,1015,0.5516304347826086,3.0,1.2321407694525754,1840,739,620,119,1015,0.4016304347826087,0.8389715832205683,0.33695652173913043,0.6108374384236454,0.5516304347826086,3.0,0.8140409750205377,0.6685477748672304,True,621,0.8192612137203166,0.7593537956974903,14.601399999810383,0.533956686879632,7268,2048,2048,1048576,128,float32,512,7113,2048,2048,1048576,99.33125999959884,0.7097034751135866,74.43678000126965,1.1980757157144735,nan,nan,100.15329999878304,2.7215453497701736,76.25376000069082,1.3553355109018734,nan,nan,sift,sift,sift,bf_ratio,0.8
hpatches,v_vitro,viewpoint,v_vitro_1_to_6,1,6,D:\桌面\IACV\Assigment1\data\hpatches\v_vitro\1.ppm,D:\桌面\IACV\Assigment1\data\hpatches\v_vitro\6.ppm,403,1830,795,0.4344262295081967,3.0,0.9639020243508858,1830,394,286,108,795,0.21530054644808744,0.7258883248730964,0.15628415300546447,0.35974842767295595,0.4344262295081967,3.0,1.1014120312837792,1.0104023779297608,True,286,0.7096774193548387,1.068070697767892,14.916799998900387,0.5774996038857597,7268,2048,2048,1048576,128,float32,512,6309,2048,2048,1048576,99.33125999959884,0.7097034751135866,74.43678000126965,1.1980757157144735,nan,nan,102.47496000083629,1.1686580998180107,75.75596000242513,1.064405143900915,nan,nan,sift,sift,sift,bf_ratio,0.8
hpatches,v_wall,viewpoint,v_wall_1_to_2,1,2,D:\桌面\IACV\Assigment1\data\hpatches\v_wall\1.ppm,D:\桌面\IACV\Assigment1\data\hpatches\v_wall\2.ppm,621,1653,705,0.426497277676951,3.0,1.917852902839565,1653,621,603,18,705,0.37568058076225047,0.9710144927536232,0.3647912885662432,0.8553191489361702,0.426497277676951,3.0,0.9648502108467036,0.8384146258940105,True,598,0.9629629629629629,0.92640593140749,7.42428000230575,0.1538065458264771,1689,1689,1689,864768,128,float32,512,1248,1248,1248,638976,64.033759997983,0.9469976310023543,52.8005200001644,1.1426685257699398,nan,nan,61.02307999972254,1.8779965610468867,48.750519999885,0.9304335602987894,nan,nan,sift,sift,sift,bf_ratio,0.8
hpatches,v_wall,viewpoint,v_wall_1_to_3,1,3,D:\桌面\IACV\Assigment1\data\hpatches\v_wall\1.ppm,D:\桌面\IACV\Assigment1\data\hpatches\v_wall\3.ppm,512,1616,543,0.33601485148514854,3.0,4.360716479036899,1616,509,425,84,543,0.3149752475247525,0.8349705304518664,0.2629950495049505,0.7826887661141805,0.33601485148514854,3.0,1.3327037158369957,1.2557863444289283,True,384,0.75,0.700366736677513,8.517600002232939,0.13965690726159263,1689,1689,1689,864768,128,float32,512,1398,1398,1398,715776,64.033759997983,0.9469976310023543,52.8005200001644,1.1426685257699398,nan,nan,62.10960000171326,1.3020612351732013,52.62890000012703,1.0168095168506266,nan,nan,sift,sift,sift,bf_ratio,0.8
hpatches,v_wall,viewpoint,v_wall_1_to_4,1,4,D:\桌面\IACV\Assigment1\data\hpatches\v_wall\1.ppm,D:\桌面\IACV\Assigment1\data\hpatches\v_wall\4.ppm,866,1680,928,0.5523809523809524,3.0,0.35603387992791347,1680,866,850,16,928,0.5154761904761904,0.9815242494226328,0.5059523809523809,0.915948275862069,0.5523809523809524,3.0,0.6160597648526656,0.4887831926037419,True,846,0.976905311778291,0.5884908529700278,9.524280000186991,0.3249839808255075,1689,1689,1689,864768,128,float32,512,1543,1543,1543,790016,64.033759997983,0.9469976310023543,52.8005200001644,1.1426685257699398,nan,nan,62.0760199992219,1.8384795761497223,51.44683999824338,0.8761178800431855,nan,nan,sift,sift,sift,bf_ratio,0.8
hpatches,v_wall,viewpoint,v_wall_1_to_5,1,5,D:\桌面\IACV\Assigment1\data\hpatches\v_wall\1.ppm,D:\桌面\IACV\Assigment1\data\hpatches\v_wall\5.ppm,440,1580,664,0.42025316455696204,3.0,2.1772105441117535,1580,440,368,72,664,0.27848101265822783,0.8363636363636363,0.23291139240506328,0.5542168674698795,0.42025316455696204,3.0,1.0085808652439152,0.9026885436897919,True,361,0.8204545454545454,0.6398867911809794,10.092659998917952,0.2936313309649116,1689,1689,1689,864768,128,float32,512,1740,1740,1740,890880,64.033759997983,0.9469976310023543,52.8005200001644,1.1426685257699398,nan,nan,66.00331999798073,1.267306122958835,55.563859999529086,1.2358712380527765,nan,nan,sift,sift,sift,bf_ratio,0.8
hpatches,v_wall,viewpoint,v_wall_1_to_6,1,6,D:\桌面\IACV\Assigment1\data\hpatches\v_wall\1.ppm,D:\桌面\IACV\Assigment1\data\hpatches\v_wall\6.ppm,416,1580,427,0.270253164556962,3.0,10.501491515443682,1580,413,297,116,427,0.26139240506329114,0.7191283292978208,0.1879746835443038,0.6955503512880562,0.270253164556962,3.0,1.1562250625882269,1.0306391762806881,True,306,0.7355769230769231,0.6922712722696733,8.760439997422509,0.1537519507127349,1689,1689,1689,864768,128,float32,512,1548,1548,1548,792576,64.033759997983,0.9469976310023543,52.8005200001644,1.1426685257699398,nan,nan,60.32788000011351,0.6618342629946738,53.17500000091968,1.1463262196850506,nan,nan,sift,sift,sift,bf_ratio,0.8
hpatches,v_wapping,viewpoint,v_wapping_1_to_2,1,2,D:\桌面\IACV\Assigment1\data\hpatches\v_wapping\1.ppm,D:\桌面\IACV\Assigment1\data\hpatches\v_wapping\2.ppm,104,1972,574,0.29107505070993916,3.0,0.8865252866633018,1972,103,74,29,574,0.052231237322515216,0.7184466019417476,0.037525354969574036,0.1289198606271777,0.29107505070993916,3.0,0.6869369631619165,0.6445569189617795,True,74,0.7115384615384616,0.5871701248504099,13.760219998948742,0.3894991218977845,8918,2048,2048,1048576,128,float32,512,8716,2048,2048,1048576,123.73072000045795,0.6569757433555435,90.64592000213452,1.506030315867203,nan,nan,128.60129999899073,1.6020735789776472,91.58773999806726,1.1303101234436426,nan,nan,sift,sift,sift,bf_ratio,0.8
hpatches,v_wapping,viewpoint,v_wapping_1_to_3,1,3,D:\桌面\IACV\Assigment1\data\hpatches\v_wapping\1.ppm,D:\桌面\IACV\Assigment1\data\hpatches\v_wapping\3.ppm,91,2031,172,0.08468734613490891,3.0,7.643584602599963,2031,88,64,24,172,0.043328409650418516,0.7272727272727273,0.03151157065484983,0.37209302325581395,0.08468734613490891,3.0,0.9178755831813745,0.6002731030043498,True,64,0.7032967032967034,0.2742298271186634,14.408099999127444,0.41739909370896033,8918,2048,2048,1048576,128,float32,512,15056,2048,2048,1048576,123.73072000045795,0.6569757433555435,90.64592000213452,1.506030315867203,nan,nan,135.45009999797912,2.643793616937268,83.86980000068434,0.2050419764419051,nan,nan,sift,sift,sift,bf_ratio,0.8
hpatches,v_wapping,viewpoint,v_wapping_1_to_4,1,4,D:\桌面\IACV\Assigment1\data\hpatches\v_wapping\1.ppm,D:\桌面\IACV\Assigment1\data\hpatches\v_wapping\4.ppm,188,1842,422,0.2290988056460369,3.0,5.807772207401861,1842,179,150,29,422,0.09717698154180239,0.8379888268156425,0.08143322475570032,0.35545023696682465,0.2290988056460369,3.0,1.069511545796674,0.987159744303577,True,149,0.7925531914893617,0.4504449270627482,14.265480001631659,0.2387018338341564,8918,2048,2048,1048576,128,float32,512,15375,2048,2048,1048576,123.73072000045795,0.6569757433555435,90.64592000213452,1.506030315867203,nan,nan,131.79236000141827,0.5231189271650756,88.69679999916116,0.9391623887721704,nan,nan,sift,sift,sift,bf_ratio,0.8
hpatches,v_wapping,viewpoint,v_wapping_1_to_5,1,5,D:\桌面\IACV\Assigment1\data\hpatches\v_wapping\1.ppm,D:\桌面\IACV\Assigment1\data\hpatches\v_wapping\5.ppm,62,2039,76,0.03727317312408043,3.0,8.243103579700092,2039,60,25,35,76,0.029426189308484552,0.4166666666666667,0.012260912211868563,0.32894736842105265,0.03727317312408043,3.0,1.246603850504199,1.0432282153089056,True,25,0.4032258064516129,0.33539706019916365,14.63031999883242,0.22464187653637688,8918,2048,2048,1048576,128,float32,512,11486,2048,2048,1048576,123.73072000045795,0.6569757433555435,90.64592000213452,1.506030315867203,nan,nan,126.49944000004325,0.904597627792811,87.64803999947617,1.0017029442772805,nan,nan,sift,sift,sift,bf_ratio,0.8
hpatches,v_wapping,viewpoint,v_wapping_1_to_6,1,6,D:\桌面\IACV\Assigment1\data\hpatches\v_wapping\1.ppm,D:\桌面\IACV\Assigment1\data\hpatches\v_wapping\6.ppm,27,2047,72,0.03517342452369321,3.0,405.32692979775004,2047,27,6,21,72,0.013190034196384953,0.2222222222222222,0.0029311187103077674,0.08333333333333333,0.03517342452369321,3.0,0.9836998625082375,0.7557584428505896,True,7,0.25925925925925924,0.36602099469916366,15.091739999479614,0.19599970051564314,8918,2048,2048,1048576,128,float32,512,6866,2048,2048,1048576,123.73072000045795,0.6569757433555435,90.64592000213452,1.506030315867203,nan,nan,126.50099999736995,0.7777996820244868,90.25667999812867,0.8090077303541653,nan,nan,sift,sift,sift,bf_ratio,0.8
hpatches,v_war,viewpoint,v_war_1_to_2,1,2,D:\桌面\IACV\Assigment1\data\hpatches\v_war\1.ppm,D:\桌面\IACV\Assigment1\data\hpatches\v_war\2.ppm,461,1997,692,0.34651977966950426,3.0,5.634254071396981,1997,456,255,201,692,0.22834251377065598,0.5592105263157895,0.12769153730595895,0.3684971098265896,0.34651977966950426,3.0,1.645989951602515,1.6175344526957534,True,258,0.559652928416486,1.1073206866062,14.505620001000352,0.1659265792862606,5321,2048,2048,1048576,128,float32,512,4654,2048,2048,1048576,99.24817999999505,1.5160343825069036,77.73958000034327,2.3937698038177713,nan,nan,95.9679599996889,2.57554547689321,77.13159999839263,2.5518208362181842,nan,nan,sift,sift,sift,bf_ratio,0.8
hpatches,v_war,viewpoint,v_war_1_to_3,1,3,D:\桌面\IACV\Assigment1\data\hpatches\v_war\1.ppm,D:\桌面\IACV\Assigment1\data\hpatches\v_war\3.ppm,221,1974,584,0.29584599797365757,3.0,4.364234231620284,1974,220,87,133,584,0.11144883485309018,0.39545454545454545,0.044072948328267476,0.14897260273972604,0.29584599797365757,3.0,1.5981256841082705,1.5965002431232096,True,86,0.3891402714932127,1.075246760452158,14.673320000292733,0.28166309892259866,5321,2048,2048,1048576,128,float32,512,3572,2048,2048,1048576,99.24817999999505,1.5160343825069036,77.73958000034327,2.3937698038177713,nan,nan,92.12680000200635,0.5497503439233608,76.49662000039825,1.6342876594322095,nan,nan,sift,sift,sift,bf_ratio,0.8
hpatches,v_war,viewpoint,v_war_1_to_4,1,4,D:\桌面\IACV\Assigment1\data\hpatches\v_war\1.ppm,D:\桌面\IACV\Assigment1\data\hpatches\v_war\4.ppm,1080,2048,1160,0.56640625,3.0,0.7019182965518005,2048,1080,1005,75,1160,0.52734375,0.9305555555555556,0.49072265625,0.8663793103448276,0.56640625,3.0,0.9886836305426209,0.8926614052009292,True,1001,0.9268518518518518,0.9269309135582344,14.364039999782108,0.2426105713438841,5321,2048,2048,1048576,128,float32,512,4569,2048,2048,1048576,99.24817999999505,1.5160343825069036,77.73958000034327,2.3937698038177713,nan,nan,97.72847999993246,1.451953567255885,75.55585999944014,2.0567610296168217,nan,nan,sift,sift,sift,bf_ratio,0.8
hpatches,v_war,viewpoint,v_war_1_to_5,1,5,D:\桌面\IACV\Assigment1\data\hpatches\v_war\1.ppm,D:\桌面\IACV\Assigment1\data\hpatches\v_war\5.ppm,719,2036,965,0.47396856581532415,3.0,4.314056224137174,2036,717,600,117,965,0.35216110019646363,0.8368200836820083,0.29469548133595286,0.6217616580310881,0.47396856581532415,3.0,1.5822966569683736,1.529409058839063,True,557,0.7746870653685675,1.0579460646916472,14.868440003192518,0.2120204772581883,5321,2048,2048,1048576,128,float32,512,4043,2048,2048,1048576,99.24817999999505,1.5160343825069036,77.73958000034327,2.3937698038177713,nan,nan,94.48378000088269,1.6948418812329038,75.50778000295395,0.828134256374177,nan,nan,sift,sift,sift,bf_ratio,0.8
hpatches,v_war,viewpoint,v_war_1_to_6,1,6,D:\桌面\IACV\Assigment1\data\hpatches\v_war\1.ppm,D:\桌面\IACV\Assigment1\data\hpatches\v_war\6.ppm,153,1960,509,0.2596938775510204,3.0,21.840463168700406,1960,150,22,128,509,0.07653061224489796,0.14666666666666667,0.011224489795918367,0.043222003929273084,0.2596938775510204,3.0,1.8377974413771883,1.938849042079906,True,54,0.35294117647058826,1.0796756179549956,15.030720000504516,0.3537941620880058,5321,2048,2048,1048576,128,float32,512,2754,2048,2048,1048576,99.24817999999505,1.5160343825069036,77.73958000034327,2.3937698038177713,nan,nan,90.46343999943929,1.091684079281928,75.9916200011503,1.9669003934909148,nan,nan,sift,sift,sift,bf_ratio,0.8
hpatches,v_weapons,viewpoint,v_weapons_1_to_2,1,2,D:\桌面\IACV\Assigment1\data\hpatches\v_weapons\1.ppm,D:\桌面\IACV\Assigment1\data\hpatches\v_weapons\2.ppm,1081,1836,1153,0.6279956427015251,3.0,0.9205997510676582,1836,1063,1035,28,1153,0.5789760348583878,0.973659454374412,0.5637254901960784,0.8976582827406765,0.6279956427015251,3.0,0.6316005284722362,0.5267386118623126,True,1034,0.9565217391304348,0.5788782887863569,14.735360001213849,0.28103269905287237,4356,2048,2048,1048576,128,float32,512,4116,2048,2048,1048576,120.88114000071073,1.8890538581808316,98.33093999914126,2.630823892590284,nan,nan,118.96385999862105,1.4792601177083355,94.39337999938289,1.4233835253970837,nan,nan,sift,sift,sift,bf_ratio,0.8
hpatches,v_weapons,viewpoint,v_weapons_1_to_3,1,3,D:\桌面\IACV\Assigment1\data\hpatches\v_weapons\1.ppm,D:\桌面\IACV\Assigment1\data\hpatches\v_weapons\3.ppm,545,1762,962,0.5459704880817253,3.0,0.7512502094702304,1762,534,477,57,962,0.3030646992054484,0.8932584269662921,0.2707150964812713,0.49584199584199584,0.5459704880817253,3.0,0.7192970982886161,0.5738307717800644,True,480,0.8807339449541285,0.6937663153679386,16.232360000140034,0.4046685612014628,4356,2048,2048,1048576,128,float32,512,3781,2048,2048,1048576,120.88114000071073,1.8890538581808316,98.33093999914126,2.630823892590284,nan,nan,118.68932000070345,2.089290980345583,104.42849999963073,7.218979583037708,nan,nan,sift,sift,sift,bf_ratio,0.8
hpatches,v_weapons,viewpoint,v_weapons_1_to_4,1,4,D:\桌面\IACV\Assigment1\data\hpatches\v_weapons\1.ppm,D:\桌面\IACV\Assigment1\data\hpatches\v_weapons\4.ppm,911,1423,958,0.6732255797610681,3.0,1.884832003322592,1423,893,863,30,958,0.6275474349964862,0.9664053751399776,0.60646521433591,0.9008350730688935,0.6732255797610681,3.0,0.6298009585478669,0.5067600981076936,True,863,0.9473106476399561,0.6573206236289082,16.738640000403393,1.3354943764363587,4356,2048,2048,1048576,128,float32,512,4281,2048,2048,1048576,120.88114000071073,1.8890538581808316,98.33093999914126,2.630823892590284,nan,nan,124.99535999813816,1.0072098156061562,98.832720000064,2.0637443511762497,nan,nan,sift,sift,sift,bf_ratio,0.8
hpatches,v_weapons,viewpoint,v_weapons_1_to_5,1,5,D:\桌面\IACV\Assigment1\data\hpatches\v_weapons\1.ppm,D:\桌面\IACV\Assigment1\data\hpatches\v_weapons\5.ppm,773,2012,1096,0.5447316103379721,3.0,2.4025867193316293,2012,771,716,55,1096,0.3832007952286282,0.9286640726329443,0.3558648111332008,0.6532846715328468,0.5447316103379721,3.0,0.6758951204936777,0.5390395229906537,True,714,0.9236739974126779,0.6514559676547796,15.090580000833143,0.82080660064518,4356,2048,2048,1048576,128,float32,512,3884,2048,2048,1048576,120.88114000071073,1.8890538581808316,98.33093999914126,2.630823892590284,nan,nan,118.02509999834001,1.2284887119342005,93.8767799991183,1.2018374371039995,nan,nan,sift,sift,sift,bf_ratio,0.8
hpatches,v_weapons,viewpoint,v_weapons_1_to_6,1,6,D:\桌面\IACV\Assigment1\data\hpatches\v_weapons\1.ppm,D:\桌面\IACV\Assigment1\data\hpatches\v_weapons\6.ppm,589,2029,1017,0.5012321340561853,3.0,3.4729386467531356,2029,589,529,60,1017,0.29029078363725974,0.8981324278438031,0.2607195662888122,0.52015732546706,0.5012321340561853,3.0,0.7159811911262012,0.5786968098105636,True,531,0.9015280135823429,0.6808654279324929,15.093380000325851,0.6434634778640992,4356,2048,2048,1048576,128,float32,512,3498,2048,2048,1048576,120.88114000071073,1.8890538581808316,98.33093999914126,2.630823892590284,nan,nan,118.29040000011446,1.4953661227831168,97.89936000015587,4.098038026400826,nan,nan,sift,sift,sift,bf_ratio,0.8
hpatches,v_woman,viewpoint,v_woman_1_to_2,1,2,D:\桌面\IACV\Assigment1\data\hpatches\v_woman\1.ppm,D:\桌面\IACV\Assigment1\data\hpatches\v_woman\2.ppm,301,1855,368,0.19838274932614555,3.0,0.342261846141863,1855,301,264,37,368,0.16226415094339622,0.8770764119601329,0.14231805929919136,0.717391304347826,0.19838274932614555,3.0,0.4865460167483673,0.3310406977482042,True,265,0.8803986710963455,0.48678616415289977,12.5746399993659,0.3497917468335625,1855,1855,1855,949760,128,float32,512,7756,2048,2048,1048576,78.51509999891277,2.764095328174573,76.65415999945253,9.815248744782277,nan,nan,107.09681999869645,1.4121659831954663,78.81128000008175,1.1271735904761488,nan,nan,sift,sift,sift,bf_ratio,0.8
hpatches,v_woman,viewpoint,v_woman_1_to_3,1,3,D:\桌面\IACV\Assigment1\data\hpatches\v_woman\1.ppm,D:\桌面\IACV\Assigment1\data\hpatches\v_woman\3.ppm,279,1471,286,0.19442556084296397,3.0,6.197622390456413,1471,272,241,31,286,0.1849082256968049,0.8860294117647058,0.16383412644459552,0.8426573426573427,0.19442556084296397,3.0,0.8778080681083776,0.7760218589157359,True,240,0.8602150537634409,0.6904736820487147,13.666600002034102,0.3496301027108289,1855,1855,1855,949760,128,float32,512,4959,2048,2048,1048576,78.51509999891277,2.764095328174573,76.65415999945253,9.815248744782277,nan,nan,112.26079999905778,2.7250760693350076,81.03162000043085,1.6891171809674062,nan,nan,sift,sift,sift,bf_ratio,0.8
hpatches,v_woman,viewpoint,v_woman_1_to_4,1,4,D:\桌面\IACV\Assigment1\data\hpatches\v_woman\1.ppm,D:\桌面\IACV\Assigment1\data\hpatches\v_woman\4.ppm,224,1404,297,0.21153846153846154,3.0,12.81674043061315,1404,212,174,38,297,0.150997150997151,0.8207547169811321,0.12393162393162394,0.5858585858585859,0.21153846153846154,3.0,1.0809895077556892,0.9483287250717517,True,173,0.7723214285714286,0.7573390084505938,13.296540000010282,0.1639891774170737,1855,1855,1855,949760,128,float32,512,4872,2048,2048,1048576,78.51509999891277,2.764095328174573,76.65415999945253,9.815248744782277,nan,nan,103.90411999978824,4.2733020499346095,79.38902000169037,0.7945524764211611,nan,nan,sift,sift,sift,bf_ratio,0.8
hpatches,v_woman,viewpoint,v_woman_1_to_5,1,5,D:\桌面\IACV\Assigment1\data\hpatches\v_woman\1.ppm,D:\桌面\IACV\Assigment1\data\hpatches\v_woman\5.ppm,178,1634,228,0.13953488372093023,3.0,5.189846137752495,1634,176,133,43,228,0.10771113831089352,0.7556818181818182,0.08139534883720931,0.5833333333333334,0.13953488372093023,3.0,0.748518305096793,0.6465431440959054,True,135,0.7584269662921348,0.6470492851202471,13.740060001146048,0.4054861346040477,1855,1855,1855,949760,128,float32,512,7970,2048,2048,1048576,78.51509999891277,2.764095328174573,76.65415999945253,9.815248744782277,nan,nan,106.02528000017628,1.7361549772719336,80.77250000060303,1.0789483947770828,nan,nan,sift,sift,sift,bf_ratio,0.8
hpatches,v_woman,viewpoint,v_woman_1_to_6,1,6,D:\桌面\IACV\Assigment1\data\hpatches\v_woman\1.ppm,D:\桌面\IACV\Assigment1\data\hpatches\v_woman\6.ppm,149,1774,362,0.2040586245772266,3.0,6.095759243582547,1774,145,89,56,362,0.08173618940248027,0.6137931034482759,0.050169109357384445,0.24585635359116023,0.2040586245772266,3.0,1.0609851517793967,0.9562478703450492,True,90,0.6040268456375839,1.0454567058848745,12.733719999960158,0.5054795902033153,1855,1855,1855,949760,128,float32,512,3000,2048,2048,1048576,78.51509999891277,2.764095328174573,76.65415999945253,9.815248744782277,nan,nan,96.34666000056313,2.146217539280587,79.79494000173872,1.1669074492559068,nan,nan,sift,sift,sift,bf_ratio,0.8
hpatches,v_wormhole,viewpoint,v_wormhole_1_to_2,1,2,D:\桌面\IACV\Assigment1\data\hpatches\v_wormhole\1.ppm,D:\桌面\IACV\Assigment1\data\hpatches\v_wormhole\2.ppm,538,2020,822,0.4069306930693069,3.0,2.239517467535498,2020,537,484,53,822,0.26584158415841586,0.9013035381750466,0.2396039603960396,0.5888077858880778,0.4069306930693069,3.0,1.1407836292585483,1.0275822152325758,True,494,0.9182156133828996,1.1237592424861162,14.639300001726951,0.26090532268293426,4856,2048,2048,1048576,128,float32,512,5279,2048,2048,1048576,65.53482000163058,0.7637168778270419,54.439059998549055,0.7726834665492204,nan,nan,66.17162000038661,0.950087858483933,53.643799999554176,0.5995579294737018,nan,nan,sift,sift,sift,bf_ratio,0.8
hpatches,v_wormhole,viewpoint,v_wormhole_1_to_3,1,3,D:\桌面\IACV\Assigment1\data\hpatches\v_wormhole\1.ppm,D:\桌面\IACV\Assigment1\data\hpatches\v_wormhole\3.ppm,759,1860,988,0.5311827956989247,3.0,2.715326537630323,1860,757,680,77,988,0.40698924731182795,0.8982826948480845,0.3655913978494624,0.6882591093117408,0.5311827956989247,3.0,1.3094515982018988,1.2677762036050297,True,674,0.8880105401844532,1.2223636627429637,14.744800001790281,0.24137154045474965,4856,2048,2048,1048576,128,float32,512,4689,2048,2048,1048576,65.53482000163058,0.7637168778270419,54.439059998549055,0.7726834665492204,nan,nan,64.61699999636039,0.4644098672929791,54.131680000864435,0.6766324938429708,nan,nan,sift,sift,sift,bf_ratio,0.8
hpatches,v_wormhole,viewpoint,v_wormhole_1_to_4,1,4,D:\桌面\IACV\Assigment1\data\hpatches\v_wormhole\1.ppm,D:\桌面\IACV\Assigment1\data\hpatches\v_wormhole\4.ppm,965,1923,1099,0.5715028601144045,3.0,1.9936383869166994,1923,963,917,46,1099,0.500780031201248,0.952232606438214,0.47685907436297453,0.8343949044585988,0.5715028601144045,3.0,1.0123559767757222,0.9446436200833636,True,901,0.933678756476684,0.8840364037997626,15.500340001017321,0.5217847369069625,4856,2048,2048,1048576,128,float32,512,5340,2048,2048,1048576,65.53482000163058,0.7637168778270419,54.439059998549055,0.7726834665492204,nan,nan,68.73673999944003,0.5855079608010079,57.22957999969367,1.390394272104993,nan,nan,sift,sift,sift,bf_ratio,0.8
hpatches,v_wormhole,viewpoint,v_wormhole_1_to_5,1,5,D:\桌面\IACV\Assigment1\data\hpatches\v_wormhole\1.ppm,D:\桌面\IACV\Assigment1\data\hpatches\v_wormhole\5.ppm,415,1581,698,0.4414927261227071,3.0,6.40757056008051,1581,406,331,75,698,0.2567994939911448,0.8152709359605911,0.20936116382036685,0.47421203438395415,0.4414927261227071,3.0,1.3941139493933032,1.2993705871618313,True,315,0.7590361445783133,1.0838806901899272,14.988180001091678,0.40571657884393236,4856,2048,2048,1048576,128,float32,512,4399,2048,2048,1048576,65.53482000163058,0.7637168778270419,54.439059998549055,0.7726834665492204,nan,nan,64.6424400008982,0.8455799261976011,54.37711999984458,0.25946065980495664,nan,nan,sift,sift,sift,bf_ratio,0.8
hpatches,v_wormhole,viewpoint,v_wormhole_1_to_6,1,6,D:\桌面\IACV\Assigment1\data\hpatches\v_wormhole\1.ppm,D:\桌面\IACV\Assigment1\data\hpatches\v_wormhole\6.ppm,137,1620,483,0.29814814814814816,3.0,21.294549482021324,1620,126,50,76,483,0.07777777777777778,0.3968253968253968,0.030864197530864196,0.10351966873706005,0.29814814814814816,3.0,2.056507650315206,2.3039616676236383,True,66,0.48175182481751827,1.1817341971770678,14.488420000998303,0.33592256075568183,4856,2048,2048,1048576,128,float32,512,3599,2048,2048,1048576,65.53482000163058,0.7637168778270419,54.439059998549055,0.7726834665492204,nan,nan,63.98868000251241,0.8468649661843587,53.0949200008763,0.2823608656220691,nan,nan,sift,sift,sift,bf_ratio,0.8
hpatches,v_wounded,viewpoint,v_wounded_1_to_2,1,2,D:\桌面\IACV\Assigment1\data\hpatches\v_wounded\1.ppm,D:\桌面\IACV\Assigment1\data\hpatches\v_wounded\2.ppm,610,2048,635,0.31005859375,3.0,0.4292455288474407,2048,610,584,26,635,0.2978515625,0.9573770491803278,0.28515625,0.9196850393700787,0.31005859375,3.0,0.4249730786355958,0.35001136015193646,True,584,0.9573770491803278,0.3853064913734944,15.003319998504594,0.2504316862010601,4280,2048,2048,1048576,128,float32,512,4687,2048,2048,1048576,114.4570799995563,1.484560396526179,93.24131999892415,1.6347114430081968,nan,nan,118.59801999962656,2.032532801357368,95.10234000044875,1.2023837890828726,nan,nan,sift,sift,sift,bf_ratio,0.8
hpatches,v_wounded,viewpoint,v_wounded_1_to_3,1,3,D:\桌面\IACV\Assigment1\data\hpatches\v_wounded\1.ppm,D:\桌面\IACV\Assigment1\data\hpatches\v_wounded\3.ppm,255,1137,627,0.5514511873350924,3.0,5.724955325130877,1137,242,217,25,627,0.21284080914687775,0.8966942148760331,0.19085312225153914,0.34609250398724084,0.5514511873350924,3.0,0.800910052776938,0.6577887902628633,True,216,0.8470588235294118,0.750495258624169,14.570960000855848,0.33199406907943013,4280,2048,2048,1048576,128,float32,512,3610,2048,2048,1048576,114.4570799995563,1.484560396526179,93.24131999892415,1.6347114430081968,nan,nan,115.52271999971708,0.7293803119403367,94.04490000015358,1.610452166668595,nan,nan,sift,sift,sift,bf_ratio,0.8
hpatches,v_wounded,viewpoint,v_wounded_1_to_4,1,4,D:\桌面\IACV\Assigment1\data\hpatches\v_wounded\1.ppm,D:\桌面\IACV\Assigment1\data\hpatches\v_wounded\4.ppm,44,969,174,0.17956656346749225,3.0,1545.8982277488708,969,39,2,37,174,0.04024767801857585,0.05128205128205128,0.0020639834881320948,0.011494252873563218,0.17956656346749225,3.0,1.699197218375915,1.699197218375915,True,7,0.1590909090909091,5.579651698610012e-13,4.429119999986142,0.09476527689421278,4280,2048,2048,1048576,128,float32,512,566,566,566,289792,114.4570799995563,1.484560396526179,93.24131999892415,1.6347114430081968,nan,nan,109.11806000221986,1.4588799107013435,86.51838000077987,1.4082279670558338,nan,nan,sift,sift,sift,bf_ratio,0.8
hpatches,v_wounded,viewpoint,v_wounded_1_to_5,1,5,D:\桌面\IACV\Assigment1\data\hpatches\v_wounded\1.ppm,D:\桌面\IACV\Assigment1\data\hpatches\v_wounded\5.ppm,128,1305,515,0.3946360153256705,3.0,5.876458996707386,1305,113,82,31,515,0.08659003831417625,0.7256637168141593,0.06283524904214559,0.15922330097087378,0.3946360153256705,3.0,1.2157800812811725,1.0785412782955575,True,83,0.6484375,1.2212498641101153,13.53928000171436,0.25335288639648446,4280,2048,2048,1048576,128,float32,512,1859,1859,1859,951808,114.4570799995563,1.484560396526179,93.24131999892415,1.6347114430081968,nan,nan,116.48276000196347,0.7012851779760247,99.63772000046447,2.193785562521668,nan,nan,sift,sift,sift,bf_ratio,0.8
hpatches,v_wounded,viewpoint,v_wounded_1_to_6,1,6,D:\桌面\IACV\Assigment1\data\hpatches\v_wounded\1.ppm,D:\桌面\IACV\Assigment1\data\hpatches\v_wounded\6.ppm,52,992,239,0.24092741935483872,3.0,1191.8028803095872,992,41,4,37,239,0.04133064516129032,0.0975609756097561,0.004032258064516129,0.016736401673640166,0.24092741935483872,3.0,1.3337540375337076,1.150998405008645,True,7,0.1346153846153846,0.613915298925877,7.180620000872295,0.21026517734616432,4280,2048,2048,1048576,128,float32,512,987,987,987,505344,114.4570799995563,1.484560396526179,93.24131999892415,1.6347114430081968,nan,nan,114.86274000053527,0.7491530945350287,90.45384000055492,0.962083400893611,nan,nan,sift,sift,sift,bf_ratio,0.8
hpatches,v_yard,viewpoint,v_yard_1_to_2,1,2,D:\桌面\IACV\Assigment1\data\hpatches\v_yard\1.ppm,D:\桌面\IACV\Assigment1\data\hpatches\v_yard\2.ppm,585,1750,675,0.38571428571428573,3.0,1.0828689488272598,1750,581,543,38,675,0.332,0.9345955249569707,0.3102857142857143,0.8044444444444444,0.38571428571428573,3.0,0.9316632929430784,0.8487633203188527,True,548,0.9367521367521368,0.9210426701579095,14.194739998492878,0.5085992014148182,9499,2048,2048,1048576,128,float32,512,11692,2048,2048,1048576,106.06817999941995,0.6817890887250299,78.2184600000619,1.780499519524795,nan,nan,109.70397999917623,1.1474369096469843,76.92362000088906,1.6707340497640113,nan,nan,sift,sift,sift,bf_ratio,0.8
hpatches,v_yard,viewpoint,v_yard_1_to_3,1,3,D:\桌面\IACV\Assigment1\data\hpatches\v_yard\1.ppm,D:\桌面\IACV\Assigment1\data\hpatches\v_yard\3.ppm,372,724,391,0.5400552486187845,3.0,4.310818037864952,724,357,299,58,391,0.4930939226519337,0.8375350140056023,0.4129834254143646,0.7647058823529411,0.5400552486187845,3.0,1.4542132296480645,1.3925320868439048,True,285,0.7661290322580645,1.2441179777384115,14.665999998396728,0.07092409942833536,9499,2048,2048,1048576,128,float32,512,10819,2048,2048,1048576,106.06817999941995,0.6817890887250299,78.2184600000619,1.780499519524795,nan,nan,109.17413999850396,1.6266189091107168,77.22363999928348,1.5225667546004085,nan,nan,sift,sift,sift,bf_ratio,0.8
hpatches,v_yard,viewpoint,v_yard_1_to_4,1,4,D:\桌面\IACV\Assigment1\data\hpatches\v_yard\1.ppm,D:\桌面\IACV\Assigment1\data\hpatches\v_yard\4.ppm,462,1741,626,0.3595634692705342,3.0,0.5691241290512504,1741,454,404,50,626,0.2607696726019529,0.8898678414096917,0.23205054566341182,0.645367412140575,0.3595634692705342,3.0,0.9465957995505767,0.8140002333906029,True,402,0.8701298701298701,0.9576239827548865,14.748919999692589,0.17404150571157953,9499,2048,2048,1048576,128,float32,512,10693,2048,2048,1048576,106.06817999941995,0.6817890887250299,78.2184600000619,1.780499519524795,nan,nan,106.15776000049664,1.5206527869869484,73.49336000042967,1.374822653027253,nan,nan,sift,sift,sift,bf_ratio,0.8
hpatches,v_yard,viewpoint,v_yard_1_to_5,1,5,D:\桌面\IACV\Assigment1\data\hpatches\v_yard\1.ppm,D:\桌面\IACV\Assigment1\data\hpatches\v_yard\5.ppm,217,1524,487,0.3195538057742782,3.0,2.3791140840240144,1524,199,125,74,487,0.13057742782152232,0.628140703517588,0.08202099737532809,0.25667351129363447,0.3195538057742782,3.0,1.4559257570824955,1.409054681619037,True,130,0.5990783410138248,1.4954824346789757,14.793640001153108,0.4010937178830844,9499,2048,2048,1048576,128,float32,512,10033,2048,2048,1048576,106.06817999941995,0.6817890887250299,78.2184600000619,1.780499519524795,nan,nan,102.71048000140581,0.5297053893230161,74.82506000233116,1.8646499848795226,nan,nan,sift,sift,sift,bf_ratio,0.8
hpatches,v_yard,viewpoint,v_yard_1_to_6,1,6,D:\桌面\IACV\Assigment1\data\hpatches\v_yard\1.ppm,D:\桌面\IACV\Assigment1\data\hpatches\v_yard\6.ppm,94,1550,377,0.2432258064516129,3.0,15.622386799912995,1550,80,31,49,377,0.05161290322580645,0.3875,0.02,0.08222811671087533,0.2432258064516129,3.0,1.9026976116091345,2.026638191367113,True,30,0.3191489361702128,1.3616149513669131,14.988979998452123,0.10188111312003983,9499,2048,2048,1048576,128,float32,512,7269,2048,2048,1048576,106.06817999941995,0.6817890887250299,78.2184600000619,1.780499519524795,nan,nan,99.81121999880997,2.415641718099021,77.08453999948688,1.4968511835966556,nan,nan,sift,sift,sift,bf_ratio,0.8
hpatches,v_yuri,viewpoint,v_yuri_1_to_2,1,2,D:\桌面\IACV\Assigment1\data\hpatches\v_yuri\1.ppm,D:\桌面\IACV\Assigment1\data\hpatches\v_yuri\2.ppm,306,1126,457,0.4058614564831261,3.0,1.6541178487585957,1126,306,263,43,457,0.27175843694493784,0.8594771241830066,0.23357015985790408,0.5754923413566739,0.4058614564831261,3.0,0.6897172227240905,0.5672970823014815,True,263,0.8594771241830066,0.6061272214363741,8.420959998329636,0.21975266836745982,1126,1126,1126,576512,128,float32,512,2137,2048,2048,1048576,135.01333999884082,3.8499745471745097,106.83958000008715,2.6744229178434806,nan,nan,135.21684000006644,1.0011467551135456,110.27238000096986,0.8257974374076555,nan,nan,sift,sift,sift,bf_ratio,0.8
hpatches,v_yuri,viewpoint,v_yuri_1_to_3,1,3,D:\桌面\IACV\Assigment1\data\hpatches\v_yuri\1.ppm,D:\桌面\IACV\Assigment1\data\hpatches\v_yuri\3.ppm,323,769,376,0.4889466840052016,3.0,5.070953074834282,769,317,262,55,376,0.41222366710013003,0.8264984227129337,0.34070221066319895,0.6968085106382979,0.4889466840052016,3.0,1.2118703413844052,1.1617861544987447,True,256,0.7925696594427245,1.0656942733752284,3.563100003520958,0.1362004240164847,1126,1126,1126,576512,128,float32,512,820,820,820,419840,135.01333999884082,3.8499745471745097,106.83958000008715,2.6744229178434806,nan,nan,135.94964000221808,1.3604605786933257,107.51025999779813,1.49653703035339,nan,nan,sift,sift,sift,bf_ratio,0.8
hpatches,v_yuri,viewpoint,v_yuri_1_to_4,1,4,D:\桌面\IACV\Assigment1\data\hpatches\v_yuri\1.ppm,D:\桌面\IACV\Assigment1\data\hpatches\v_yuri\4.ppm,132,947,270,0.28511087645195354,3.0,297.579313383421,947,126,48,78,270,0.133051742344245,0.38095238095238093,0.050686378035902854,0.17777777777777778,0.28511087645195354,3.0,1.6706953313968598,1.6117482380167159,True,59,0.44696969696969696,1.4427533700354775,3.547399997478351,0.10376082229366448,1126,1126,1126,576512,128,float32,512,857,857,857,438784,135.01333999884082,3.8499745471745097,106.83958000008715,2.6744229178434806,nan,nan,136.36999999871477,1.4322044528662512,104.57860000024084,1.1551542608651957,nan,nan,sift,sift,sift,bf_ratio,0.8
hpatches,v_yuri,viewpoint,v_yuri_1_to_5,1,5,D:\桌面\IACV\Assigment1\data\hpatches\v_yuri\1.ppm,D:\桌面\IACV\Assigment1\data\hpatches\v_yuri\5.ppm,236,926,244,0.2634989200863931,3.0,7.057352593618355,926,231,185,46,244,0.24946004319654427,0.8008658008658008,0.19978401727861772,0.7581967213114754,0.2634989200863931,3.0,1.1283368241000635,0.96571511852876,True,184,0.7796610169491526,1.0773995785442543,1.975279999896884,0.09208312306852424,1126,1126,1126,576512,128,float32,512,427,427,427,218624,135.01333999884082,3.8499745471745097,106.83958000008715,2.6744229178434806,nan,nan,135.54190000140807,1.935991670904673,100.50571999890963,0.7646889116069214,nan,nan,sift,sift,sift,bf_ratio,0.8
hpatches,v_yuri,viewpoint,v_yuri_1_to_6,1,6,D:\桌面\IACV\Assigment1\data\hpatches\v_yuri\1.ppm,D:\桌面\IACV\Assigment1\data\hpatches\v_yuri\6.ppm,167,943,165,0.17497348886532343,3.0,14.679291140455783,943,163,79,84,165,0.1728525980911983,0.48466257668711654,0.08377518557794274,0.47878787878787876,0.17497348886532343,3.0,1.6839844434037108,1.727943634495486,True,117,0.7005988023952096,1.1954214780195043,1.9017600017832592,0.0602798346220996,1126,1126,1126,576512,128,float32,512,413,413,413,211456,135.01333999884082,3.8499745471745097,106.83958000008715,2.6744229178434806,nan,nan,135.31835999892792,1.9942123364091624,106.83092000108445,3.1760362294874422,nan,nan,sift,sift,sift,bf_ratio,0.8
hpatches,i_ajuntament,illumination,i_ajuntament_1_to_2,1,2,D:\桌面\IACV\Assigment1\data\hpatches\i_ajuntament\1.ppm,D:\桌面\IACV\Assigment1\data\hpatches\i_ajuntament\2.ppm,858,1975,1598,0.8091139240506329,3.0,0.24473342430664496,1975,858,786,72,1598,0.43443037974683546,0.916083916083916,0.3979746835443038,0.4918648310387985,0.8091139240506329,3.0,0.4695799820671238,0.0,True,783,0.9125874125874126,0.5518709490893264,9.76008000143338,0.2506278786703623,1975,1975,1975,63200,32,uint8,32,1978,1978,1978,63296,2.6783799985423684,0.053597887308407616,2.99061999830883,0.09013772519854353,nan,nan,2.6100399991264567,0.012046343475405669,3.0103600016445853,0.1067939441572883,nan,nan,orb,orb,orb,bf_ratio,0.8
hpatches,i_ajuntament,illumination,i_ajuntament_1_to_3,1,3,D:\桌面\IACV\Assigment1\data\hpatches\i_ajuntament\1.ppm,D:\桌面\IACV\Assigment1\data\hpatches\i_ajuntament\3.ppm,102,1975,725,0.3670886075949367,3.0,2.0491327543688316,1975,102,45,57,725,0.051645569620253164,0.4411764705882353,0.02278481012658228,0.06206896551724138,0.3670886075949367,3.0,0.9885395055294407,1.0,True,46,0.45098039215686275,1.1110251297330163,6.821880003553815,0.16700986156264264,1975,1975,1975,63200,32,uint8,32,1364,1364,1364,43648,2.6783799985423684,0.053597887308407616,2.99061999830883,0.09013772519854353,nan,nan,2.428220002911985,0.18816006408843447,2.5632200005929917,0.03568027001643254,nan,nan,orb,orb,orb,bf_ratio,0.8
hpatches,i_ajuntament,illumination,i_ajuntament_1_to_4,1,4,D:\桌面\IACV\Assigment1\data\hpatches\i_ajuntament\1.ppm,D:\桌面\IACV\Assigment1\data\hpatches\i_ajuntament\4.ppm,48,1975,455,0.23037974683544304,3.0,72.99499539960448,1975,48,5,43,455,0.02430379746835443,0.10416666666666667,0.002531645569620253,0.01098901098901099,0.23037974683544304,3.0,1.7869300265119001,1.837797172675769,True,8,0.16666666666666666,0.8478007936354977,6.75922000373248,0.11485915540287318,1975,1975,1975,63200,32,uint8,32,1357,1357,1357,43424,2.6783799985423684,0.053597887308407616,2.99061999830883,0.09013772519854353,nan,nan,2.220480001415126,0.09049431759359047,2.5188400002662092,0.11127953466932265,nan,nan,orb,orb,orb,bf_ratio,0.8
hpatches,i_ajuntament,illumination,i_ajuntament_1_to_5,1,5,D:\桌面\IACV\Assigment1\data\hpatches\i_ajuntament\1.ppm,D:\桌面\IACV\Assigment1\data\hpatches\i_ajuntament\5.ppm,47,1975,408,0.20658227848101265,3.0,174.50915693809262,1975,47,7,40,408,0.02379746835443038,0.14893617021276595,0.0035443037974683543,0.01715686274509804,0.20658227848101265,3.0,1.1083640975835503,1.0,True,9,0.19148936170212766,0.9242046818497806,6.230340001638979,0.10646155474149818,1975,1975,1975,63200,32,uint8,32,1253,1253,1253,40096,2.6783799985423684,0.053597887308407616,2.99061999830883,0.09013772519854353,nan,nan,2.0123599999351427,0.028367628101496963,2.342319999297615,0.02974487454101523,nan,nan,orb,orb,orb,bf_ratio,0.8
hpatches,i_ajuntament,illumination,i_ajuntament_1_to_6,1,6,D:\桌面\IACV\Assigment1\data\hpatches\i_ajuntament\1.ppm,D:\桌面\IACV\Assigment1\data\hpatches\i_ajuntament\6.ppm,42,1975,453,0.22936708860759494,3.0,3702.5858575111156,1975,42,8,34,453,0.021265822784810127,0.19047619047619047,0.004050632911392405,0.017660044150110375,0.22936708860759494,3.0,1.0371042747882446,1.1006466486085023,True,9,0.21428571428571427,1.0136457515583759,6.859619998431299,0.12334489004773214,1975,1975,1975,63200,32,uint8,32,1376,1376,1376,44032,2.6783799985423684,0.053597887308407616,2.99061999830883,0.09013772519854353,nan,nan,2.3007800002233125,0.17553868410788434,2.4914800000260584,0.05702404478025608,nan,nan,orb,orb,orb,bf_ratio,0.8
hpatches,i_autannes,illumination,i_autannes_1_to_2,1,2,D:\桌面\IACV\Assigment1\data\hpatches\i_autannes\1.ppm,D:\桌面\IACV\Assigment1\data\hpatches\i_autannes\2.ppm,100,2032,133,0.0654527559055118,3.0,0.3095135630076552,2032,100,89,11,133,0.04921259842519685,0.89,0.043799212598425195,0.6691729323308271,0.0654527559055118,3.0,0.1848747975091147,0.0,True,89,0.89,0.25433654736168954,10.12371999968309,0.29881129493945147,2032,2032,2032,65024,32,uint8,32,2048,2048,2048,65536,6.204700001399033,0.13928880928284404,5.49987999984296,0.16053821051169923,nan,nan,6.1627400005818345,0.08909118113793774,5.50187999906484,0.1698983275177231,nan,nan,orb,orb,orb,bf_ratio,0.8
hpatches,i_autannes,illumination,i_autannes_1_to_3,1,3,D:\桌面\IACV\Assigment1\data\hpatches\i_autannes\1.ppm,D:\桌面\IACV\Assigment1\data\hpatches\i_autannes\3.ppm,55,2032,98,0.04822834645669291,3.0,4.198207707067555,2032,55,25,30,98,0.027066929133858268,0.45454545454545453,0.012303149606299213,0.25510204081632654,0.04822834645669291,3.0,0.34095571492208776,0.0,True,27,0.4909090909090909,0.45413503637054714,10.473359999014065,0.07816803834557982,2032,2032,2032,65024,32,uint8,32,2048,2048,2048,65536,6.204700001399033,0.13928880928284404,5.49987999984296,0.16053821051169923,nan,nan,6.732439999177586,0.11597167927620443,5.6622399992193095,0.250926891842818,nan,nan,orb,orb,orb,bf_ratio,0.8
hpatches,i_autannes,illumination,i_autannes_1_to_4,1,4,D:\桌面\IACV\Assigment1\data\hpatches\i_autannes\1.ppm,D:\桌面\IACV\Assigment1\data\hpatches\i_autannes\4.ppm,57,2032,403,0.19832677165354332,3.0,26.448994860198926,2032,57,37,20,403,0.028051181102362203,0.6491228070175439,0.018208661417322834,0.09181141439205956,0.19832677165354332,3.0,1.4300554506186056,1.727996826171875,True,34,0.5964912280701754,0.9610091061854241,10.541000000375789,0.17826358127666692,2032,2032,2032,65024,32,uint8,32,2048,2048,2048,65536,6.204700001399033,0.13928880928284404,5.49987999984296,0.16053821051169923,nan,nan,11.345299999811687,0.21620201507711742,5.495220002194401,0.19405209764006534,nan,nan,orb,orb,orb,bf_ratio,0.8
hpatches,i_autannes,illumination,i_autannes_1_to_5,1,5,D:\桌面\IACV\Assigment1\data\hpatches\i_autannes\1.ppm,D:\桌面\IACV\Assigment1\data\hpatches\i_autannes\5.ppm,45,2032,496,0.2440944881889764,3.0,11.541321299750372,2032,45,17,28,496,0.02214566929133858,0.37777777777777777,0.008366141732283465,0.034274193548387094,0.2440944881889764,3.0,0.7027245566800449,0.9272912764225257,True,17,0.37777777777777777,0.6631788513214675,10.187020001467317,0.3118016392283232,2032,2032,2032,65024,32,uint8,32,2048,2048,2048,65536,6.204700001399033,0.13928880928284404,5.49987999984296,0.16053821051169923,nan,nan,10.818059998564422,0.18943936824405722,5.552420001185965,0.26282840241935634,nan,nan,orb,orb,orb,bf_ratio,0.8
hpatches,i_autannes,illumination,i_autannes_1_to_6,1,6,D:\桌面\IACV\Assigment1\data\hpatches\i_autannes\1.ppm,D:\桌面\IACV\Assigment1\data\hpatches\i_autannes\6.ppm,285,2032,1433,0.7052165354330708,3.0,4.611376826206083,2032,285,253,32,1433,0.14025590551181102,0.887719298245614,0.12450787401574803,0.1765526866713189,0.7052165354330708,3.0,1.073134565253016,1.2000732421875,True,252,0.8842105263157894,0.8556364826623173,10.261760001594666,0.21839402462472177,2032,2032,2032,65024,32,uint8,32,2004,2004,2004,64128,6.204700001399033,0.13928880928284404,5.49987999984296,0.16053821051169923,nan,nan,6.306919999769889,0.23091677473441008,5.657579998660367,0.1425851663977235,nan,nan,orb,orb,orb,bf_ratio,0.8
hpatches,i_bologna,illumination,i_bologna_1_to_2,1,2,D:\桌面\IACV\Assigment1\data\hpatches\i_bologna\1.ppm,D:\桌面\IACV\Assigment1\data\hpatches\i_bologna\2.ppm,231,1042,721,0.6919385796545106,3.0,1.4197532773908768,1042,231,211,20,721,0.22168905950095968,0.9134199134199135,0.20249520153550865,0.2926490984743412,0.6919385796545106,3.0,0.5851897365130374,0.0,True,209,0.9047619047619048,0.716916368683779,4.62176000000909,0.15581290895978295,1042,1042,1042,33344,32,uint8,32,1752,1752,1752,56064,1.6302399992127903,0.0509571427905253,2.0867599989287555,0.08503318293925234,nan,nan,2.2085999997216277,0.025018874966673564,2.614539999922272,0.08872608774565456,nan,nan,orb,orb,orb,bf_ratio,0.8
hpatches,i_bologna,illumination,i_bologna_1_to_3,1,3,D:\桌面\IACV\Assigment1\data\hpatches\i_bologna\1.ppm,D:\桌面\IACV\Assigment1\data\hpatches\i_bologna\3.ppm,133,1042,687,0.6593090211132437,3.0,2.787879213182326,1042,133,116,17,687,0.1276391554702495,0.8721804511278195,0.11132437619961612,0.16885007278020378,0.6593090211132437,3.0,0.597293235833308,0.0,True,116,0.8721804511278195,0.7310330109435689,5.0725000008242205,0.1577765520910159,1042,1042,1042,33344,32,uint8,32,1908,1908,1908,61056,1.6302399992127903,0.0509571427905253,2.0867599989287555,0.08503318293925234,nan,nan,2.553380001336336,0.08957761711286444,2.69960000005085,0.06877857324238779,nan,nan,orb,orb,orb,bf_ratio,0.8
hpatches,i_bologna,illumination,i_bologna_1_to_4,1,4,D:\桌面\IACV\Assigment1\data\hpatches\i_bologna\1.ppm,D:\桌面\IACV\Assigment1\data\hpatches\i_bologna\4.ppm,145,1042,686,0.6583493282149712,3.0,2.1663769116560903,1042,145,125,20,686,0.13915547024952016,0.8620689655172413,0.1199616122840691,0.18221574344023322,0.6583493282149712,3.0,0.6677406217401026,0.0,True,124,0.8551724137931035,0.7490630431252322,5.0649399985559285,0.30436893800991044,1042,1042,1042,33344,32,uint8,32,1948,1948,1948,62336,1.6302399992127903,0.0509571427905253,2.0867599989287555,0.08503318293925234,nan,nan,2.7625600021565333,0.051074165821928696,2.6760399996419437,0.034164927264705366,nan,nan,orb,orb,orb,bf_ratio,0.8
hpatches,i_bologna,illumination,i_bologna_1_to_5,1,5,D:\桌面\IACV\Assigment1\data\hpatches\i_bologna\1.ppm,D:\桌面\IACV\Assigment1\data\hpatches\i_bologna\5.ppm,123,1042,667,0.6401151631477927,3.0,3.2694483060052293,1042,123,106,17,667,0.118042226487524,0.8617886178861789,0.1017274472168906,0.15892053973013492,0.6401151631477927,3.0,0.7373949508738115,0.17279052738585854,True,106,0.8617886178861789,0.8320796129521077,5.294119998870883,0.26312366571461177,1042,1042,1042,33344,32,uint8,32,1976,1976,1976,63232,1.6302399992127903,0.0509571427905253,2.0867599989287555,0.08503318293925234,nan,nan,3.0116800000541843,0.1427824957374089,2.7580200010561384,0.0351113317092968,nan,nan,orb,orb,orb,bf_ratio,0.8
hpatches,i_bologna,illumination,i_bologna_1_to_6,1,6,D:\桌面\IACV\Assigment1\data\hpatches\i_bologna\1.ppm,D:\桌面\IACV\Assigment1\data\hpatches\i_bologna\6.ppm,127,1042,653,0.6266794625719769,3.0,3.0485740345987864,1042,127,113,14,653,0.1218809980806142,0.889763779527559,0.10844529750479846,0.17304747320061256,0.6266794625719769,3.0,0.7332326736754626,0.5366617739238252,True,113,0.889763779527559,0.8161862812873326,5.2172399999108166,0.08380202146283774,1042,1042,1042,33344,32,uint8,32,1964,1964,1964,62848,1.6302399992127903,0.0509571427905253,2.0867599989287555,0.08503318293925234,nan,nan,3.2769199984613806,0.16392487894415234,2.762480001547374,0.1292923080172845,nan,nan,orb,orb,orb,bf_ratio,0.8
hpatches,i_books,illumination,i_books_1_to_2,1,2,D:\桌面\IACV\Assigment1\data\hpatches\i_books\1.ppm,D:\桌面\IACV\Assigment1\data\hpatches\i_books\2.ppm,980,2003,1421,0.709435846230654,3.0,0.4043609296387027,2003,980,945,35,1421,0.4892661008487269,0.9642857142857143,0.47179231153270096,0.6650246305418719,0.709435846230654,3.0,0.16111663214210334,0.0,True,945,0.9642857142857143,0.19263676229661433,9.553539998887572,0.13089226954287825,2003,2003,2003,64096,32,uint8,32,1876,1876,1876,60032,3.3012400002917275,0.05847435676704939,3.535079999710433,0.13680121990409752,nan,nan,2.7111000003060326,0.06124576523485753,3.3672799996566027,0.03785828400815854,nan,nan,orb,orb,orb,bf_ratio,0.8
hpatches,i_books,illumination,i_books_1_to_3,1,3,D:\桌面\IACV\Assigment1\data\hpatches\i_books\1.ppm,D:\桌面\IACV\Assigment1\data\hpatches\i_books\3.ppm,516,2003,1051,0.5247129306040939,3.0,0.30110776648878645,2003,516,467,49,1051,0.25761357963055415,0.9050387596899225,0.23315027458811782,0.44433872502378685,0.5247129306040939,3.0,0.14210285503317605,0.0,True,466,0.9031007751937985,0.17221302198397562,10.097340002539568,0.04882173997622786,2003,2003,2003,64096,32,uint8,32,2048,2048,2048,65536,3.3012400002917275,0.05847435676704939,3.535079999710433,0.13680121990409752,nan,nan,4.27971999743022,0.034185517752247846,3.502299998945091,0.04463738323094361,nan,nan,orb,orb,orb,bf_ratio,0.8
hpatches,i_books,illumination,i_books_1_to_4,1,4,D:\桌面\IACV\Assigment1\data\hpatches\i_books\1.ppm,D:\桌面\IACV\Assigment1\data\hpatches\i_books\4.ppm,698,2003,1238,0.618072890664004,3.0,0.2940289186900728,2003,698,649,49,1238,0.34847728407388917,0.9297994269340975,0.32401397903145285,0.524232633279483,0.618072890664004,3.0,0.13007006655444636,0.0,True,649,0.9297994269340975,0.16945792613216337,10.383180000644643,0.07800634097832064,2003,2003,2003,64096,32,uint8,32,2048,2048,2048,65536,3.3012400002917275,0.05847435676704939,3.535079999710433,0.13680121990409752,nan,nan,4.307519999565557,0.33793848929490167,3.6404400001629256,0.18780000494710267,nan,nan,orb,orb,orb,bf_ratio,0.8
hpatches,i_books,illumination,i_books_1_to_5,1,5,D:\桌面\IACV\Assigment1\data\hpatches\i_books\1.ppm,D:\桌面\IACV\Assigment1\data\hpatches\i_books\5.ppm,883,2003,1431,0.7144283574638043,3.0,0.1734718047180775,2003,883,847,36,1431,0.44083874188716926,0.9592298980747452,0.42286570144782826,0.5918937805730259,0.7144283574638043,3.0,0.1241124344561617,0.0,True,847,0.9592298980747452,0.15701676965377248,10.45721999835223,0.05508300642615142,2003,2003,2003,64096,32,uint8,32,2044,2044,2044,65408,3.3012400002917275,0.05847435676704939,3.535079999710433,0.13680121990409752,nan,nan,3.853740000340622,0.14036913533167128,3.726740002457518,0.21197094698745705,nan,nan,orb,orb,orb,bf_ratio,0.8
hpatches,i_books,illumination,i_books_1_to_6,1,6,D:\桌面\IACV\Assigment1\data\hpatches\i_books\1.ppm,D:\桌面\IACV\Assigment1\data\hpatches\i_books\6.ppm,1171,2003,1630,0.8137793310034948,3.0,0.10750610009207061,2003,1171,1154,17,1630,0.5846230654018971,0.9854824935952178,0.5761357963055417,0.7079754601226994,0.8137793310034948,3.0,0.06524015853243031,0.0,True,1154,0.9854824935952178,0.08785819575205307,10.0471000012476,0.10880637803109922,2003,2003,2003,64096,32,uint8,32,1965,1965,1965,62880,3.3012400002917275,0.05847435676704939,3.535079999710433,0.13680121990409752,nan,nan,3.1883399991784245,0.04525693776988146,3.503800001635682,0.0633457807424329,nan,nan,orb,orb,orb,bf_ratio,0.8
hpatches,i_boutique,illumination,i_boutique_1_to_2,1,2,D:\桌面\IACV\Assigment1\data\hpatches\i_boutique\1.ppm,D:\桌面\IACV\Assigment1\data\hpatches\i_boutique\2.ppm,636,2048,1317,0.64306640625,3.0,0.3084866723946413,2048,636,559,77,1317,0.310546875,0.8789308176100629,0.27294921875,0.42444950645406226,0.64306640625,3.0,0.41650728880787663,0.0,True,558,0.8773584905660378,0.5332952841766966,10.478759999386966,0.1682369469391849,2048,2048,2048,65536,32,uint8,32,2048,2048,2048,65536,5.64513999997871,0.22386047943236176,3.5034400003496557,0.017351036715932883,nan,nan,5.272939999122173,0.04756450710665892,3.534639999270439,0.10586288482302317,nan,nan,orb,orb,orb,bf_ratio,0.8
hpatches,i_boutique,illumination,i_boutique_1_to_3,1,3,D:\桌面\IACV\Assigment1\data\hpatches\i_boutique\1.ppm,D:\桌面\IACV\Assigment1\data\hpatches\i_boutique\3.ppm,213,2048,1173,0.57275390625,3.0,1.371311513330061,2048,213,147,66,1173,0.10400390625,0.6901408450704225,0.07177734375,0.12531969309462915,0.57275390625,3.0,0.790171402015215,0.0,True,147,0.6901408450704225,0.8846166903453198,10.353740000573453,0.6751293363423213,2048,2048,2048,65536,32,uint8,32,2048,2048,2048,65536,5.64513999997871,0.22386047943236176,3.5034400003496557,0.017351036715932883,nan,nan,6.062159997236449,0.14513335342261766,3.797580000536982,0.1174144191231934,nan,nan,orb,orb,orb,bf_ratio,0.8
hpatches,i_boutique,illumination,i_boutique_1_to_4,1,4,D:\桌面\IACV\Assigment1\data\hpatches\i_boutique\1.ppm,D:\桌面\IACV\Assigment1\data\hpatches\i_boutique\4.ppm,234,2048,1070,0.5224609375,3.0,0.5855469342808834,2048,234,164,70,1070,0.1142578125,0.7008547008547008,0.080078125,0.15327102803738318,0.5224609375,3.0,0.7347578321732197,0.0,True,163,0.6965811965811965,0.8200563041401386,10.234379999747034,0.20707246568208532,2048,2048,2048,65536,32,uint8,32,2048,2048,2048,65536,5.64513999997871,0.22386047943236176,3.5034400003496557,0.017351036715932883,nan,nan,6.007419999514241,0.09308497869402584,4.054380000161473,0.041467357675969437,nan,nan,orb,orb,orb,bf_ratio,0.8
hpatches,i_boutique,illumination,i_boutique_1_to_5,1,5,D:\桌面\IACV\Assigment1\data\hpatches\i_boutique\1.ppm,D:\桌面\IACV\Assigment1\data\hpatches\i_boutique\5.ppm,43,2048,639,0.31201171875,3.0,3.8898842199172394,2048,43,8,35,639,0.02099609375,0.18604651162790697,0.00390625,0.012519561815336464,0.31201171875,3.0,1.0828323364830614,1.3199920656237158,True,8,0.18604651162790697,0.5976510700589865,10.352080002485309,0.11392852862627005,2048,2048,2048,65536,32,uint8,32,2048,2048,2048,65536,5.64513999997871,0.22386047943236176,3.5034400003496557,0.017351036715932883,nan,nan,6.110340000304859,0.0715256487434427,3.827939998882357,0.12717385939560033,nan,nan,orb,orb,orb,bf_ratio,0.8
hpatches,i_boutique,illumination,i_boutique_1_to_6,1,6,D:\桌面\IACV\Assigment1\data\hpatches\i_boutique\1.ppm,D:\桌面\IACV\Assigment1\data\hpatches\i_boutique\6.ppm,68,2048,611,0.29833984375,3.0,8.442203183770843,2048,68,10,58,611,0.033203125,0.14705882352941177,0.0048828125,0.016366612111292964,0.29833984375,3.0,1.4235162548053286,1.3199920656237158,True,10,0.14705882352941177,1.0126492784848489,10.123539999767672,0.542089443187454,2048,2048,2048,65536,32,uint8,32,2048,2048,2048,65536,5.64513999997871,0.22386047943236176,3.5034400003496557,0.017351036715932883,nan,nan,6.0302000012598,0.10887846489136785,3.854900000442285,0.21399399008105502,nan,nan,orb,orb,orb,bf_ratio,0.8
hpatches,i_bridger,illumination,i_bridger_1_to_2,1,2,D:\桌面\IACV\Assigment1\data\hpatches\i_bridger\1.ppm,D:\桌面\IACV\Assigment1\data\hpatches\i_bridger\2.ppm,534,2048,1275,0.62255859375,3.0,1.3064052162979243,2048,534,484,50,1275,0.2607421875,0.9063670411985019,0.236328125,0.3796078431372549,0.62255859375,3.0,0.7413996365890855,0.0,True,484,0.9063670411985019,0.9059447117269764,10.239220003131777,0.38594486299785374,2048,2048,2048,65536,32,uint8,32,2048,2048,2048,65536,11.122860001341905,0.20339148974191204,4.838120001659263,0.22227982562297804,nan,nan,11.714740001480095,0.29769569441002264,5.015379999531433,0.1390036752678187,nan,nan,orb,orb,orb,bf_ratio,0.8
hpatches,i_bridger,illumination,i_bridger_1_to_3,1,3,D:\桌面\IACV\Assigment1\data\hpatches\i_bridger\1.ppm,D:\桌面\IACV\Assigment1\data\hpatches\i_bridger\3.ppm,570,2048,1288,0.62890625,3.0,0.644409708421668,2048,570,538,32,1288,0.2783203125,0.9438596491228071,0.2626953125,0.41770186335403725,0.62890625,3.0,0.508080983197739,0.0,True,536,0.9403508771929825,0.6249448373015081,10.439440001209732,0.07206884609154197,2048,2048,2048,65536,32,uint8,32,2048,2048,2048,65536,11.122860001341905,0.20339148974191204,4.838120001659263,0.22227982562297804,nan,nan,10.149600000295322,0.2123892269980266,5.067260000214446,0.1071623568682639,nan,nan,orb,orb,orb,bf_ratio,0.8
hpatches,i_bridger,illumination,i_bridger_1_to_4,1,4,D:\桌面\IACV\Assigment1\data\hpatches\i_bridger\1.ppm,D:\桌面\IACV\Assigment1\data\hpatches\i_bridger\4.ppm,353,2048,1073,0.52392578125,3.0,0.38739580289374825,2048,353,320,33,1073,0.17236328125,0.9065155807365439,0.15625,0.2982292637465051,0.52392578125,3.0,0.7083815306966182,0.0,True,311,0.8810198300283286,0.7394034314846188,10.37106000003405,0.1786958239091924,2048,2048,2048,65536,32,uint8,32,2048,2048,2048,65536,11.122860001341905,0.20339148974191204,4.838120001659263,0.22227982562297804,nan,nan,6.852200000139419,0.06071925610163694,4.861459997482598,0.22653327955197725,nan,nan,orb,orb,orb,bf_ratio,0.8
hpatches,i_bridger,illumination,i_bridger_1_to_5,1,5,D:\桌面\IACV\Assigment1\data\hpatches\i_bridger\1.ppm,D:\桌面\IACV\Assigment1\data\hpatches\i_bridger\5.ppm,207,2048,860,0.419921875,3.0,1.0457768836619508,2048,207,173,34,860,0.10107421875,0.8357487922705314,0.08447265625,0.20116279069767443,0.419921875,3.0,0.7800736809161323,0.0,True,170,0.821256038647343,0.8157678243972865,10.270479996688664,0.12166661618399878,2048,2048,2048,65536,32,uint8,32,2048,2048,2048,65536,11.122860001341905,0.20339148974191204,4.838120001659263,0.22227982562297804,nan,nan,4.888599997502752,0.11465501410572522,4.9772200000006706,0.09538665426730775,nan,nan,orb,orb,orb,bf_ratio,0.8
hpatches,i_bridger,illumination,i_bridger_1_to_6,1,6,D:\桌面\IACV\Assigment1\data\hpatches\i_bridger\1.ppm,D:\桌面\IACV\Assigment1\data\hpatches\i_bridger\6.ppm,27,2048,95,0.04638671875,3.0,829.2787579521641,2048,27,5,22,95,0.01318359375,0.18518518518518517,0.00244140625,0.05263157894736842,0.04638671875,3.0,1.7959170698121447,2.036470982487087,True,6,0.2222222222222222,0.3924266092978752,3.0481599998893216,0.03853380928407476,2048,2048,2048,65536,32,uint8,32,510,510,510,16320,11.122860001341905,0.20339148974191204,4.838120001659263,0.22227982562297804,nan,nan,2.7705599975888617,0.04449317370358478,3.823000000556931,0.02339128041732258,nan,nan,orb,orb,orb,bf_ratio,0.8
hpatches,i_brooklyn,illumination,i_brooklyn_1_to_2,1,2,D:\桌面\IACV\Assigment1\data\hpatches\i_brooklyn\1.ppm,D:\桌面\IACV\Assigment1\data\hpatches\i_brooklyn\2.ppm,459,2048,1220,0.595703125,3.0,1.3347646474922459,2048,459,378,81,1220,0.22412109375,0.8235294117647058,0.1845703125,0.30983606557377047,0.595703125,3.0,0.6985912504178992,0.0,True,379,0.8257080610021786,0.8372896117351362,10.478799999691546,0.12303353808794679,2048,2048,2048,65536,32,uint8,32,2048,2048,2048,65536,8.768760001112241,0.053384252323344664,5.2891800020006485,0.16676833561601537,nan,nan,11.119540000800043,0.0804003622545431,5.312519999279175,0.06832871867150021,nan,nan,orb,orb,orb,bf_ratio,0.8
hpatches,i_brooklyn,illumination,i_brooklyn_1_to_3,1,3,D:\桌面\IACV\Assigment1\data\hpatches\i_brooklyn\1.ppm,D:\桌面\IACV\Assigment1\data\hpatches\i_brooklyn\3.ppm,900,2048,984,0.48046875,3.0,3.5112984361667956,2048,900,293,607,984,0.439453125,0.32555555555555554,0.14306640625,0.29776422764227645,0.48046875,3.0,2.7159293043385095,2.8800048828125,True,838,0.9311111111111111,0.7580648369520117,10.489980000420474,0.08677747166217002,2048,2048,2048,65536,32,uint8,32,2048,2048,2048,65536,8.768760001112241,0.053384252323344664,5.2891800020006485,0.16676833561601537,nan,nan,7.628200000908691,0.10619047154464692,5.245559998729732,0.3397410105236155,nan,nan,orb,orb,orb,bf_ratio,0.8
hpatches,i_brooklyn,illumination,i_brooklyn_1_to_4,1,4,D:\桌面\IACV\Assigment1\data\hpatches\i_brooklyn\1.ppm,D:\桌面\IACV\Assigment1\data\hpatches\i_brooklyn\4.ppm,73,2048,341,0.16650390625,3.0,2.6694751415398192,2048,73,26,47,341,0.03564453125,0.3561643835616438,0.0126953125,0.07624633431085044,0.16650390625,3.0,2.399954759741004,2.399995803833008,True,39,0.5342465753424658,1.1211648110683963,10.189139997237362,0.5542162618037622,2048,2048,2048,65536,32,uint8,32,2048,2048,2048,65536,8.768760001112241,0.053384252323344664,5.2891800020006485,0.16676833561601537,nan,nan,9.24234000267461,0.34495479438236404,5.265979999967385,0.3184923948679549,nan,nan,orb,orb,orb,bf_ratio,0.8
hpatches,i_brooklyn,illumination,i_brooklyn_1_to_5,1,5,D:\桌面\IACV\Assigment1\data\hpatches\i_brooklyn\1.ppm,D:\桌面\IACV\Assigment1\data\hpatches\i_brooklyn\5.ppm,801,2048,745,0.36376953125,3.0,3.623194022659502,2048,801,96,705,745,0.39111328125,0.1198501872659176,0.046875,0.12885906040268458,0.36376953125,3.0,2.739473305710821,2.9592435170917826,True,720,0.898876404494382,0.9242836217617664,10.338220000267029,0.46965415303460073,2048,2048,2048,65536,32,uint8,32,2048,2048,2048,65536,8.768760001112241,0.053384252323344664,5.2891800020006485,0.16676833561601537,nan,nan,8.191740000620484,0.07085485437727562,5.594120000023395,0.2507618323071045,nan,nan,orb,orb,orb,bf_ratio,0.8
hpatches,i_brooklyn,illumination,i_brooklyn_1_to_6,1,6,D:\桌面\IACV\Assigment1\data\hpatches\i_brooklyn\1.ppm,D:\桌面\IACV\Assigment1\data\hpatches\i_brooklyn\6.ppm,423,2048,732,0.357421875,3.0,4.138411076043775,2048,423,69,354,732,0.20654296875,0.16312056737588654,0.03369140625,0.0942622950819672,0.357421875,3.0,2.734886283418029,2.8800048828125,True,355,0.8392434988179669,1.0399665759669978,10.827019999851473,0.3912210681527242,2048,2048,2048,65536,32,uint8,32,2048,2048,2048,65536,8.768760001112241,0.053384252323344664,5.2891800020006485,0.16676833561601537,nan,nan,10.169620001397561,0.34385710243521694,5.585359998804051,0.17753493838398982,nan,nan,orb,orb,orb,bf_ratio,0.8
hpatches,i_castle,illumination,i_castle_1_to_2,1,2,D:\桌面\IACV\Assigment1\data\hpatches\i_castle\1.ppm,D:\桌面\IACV\Assigment1\data\hpatches\i_castle\2.ppm,56,2048,628,0.306640625,3.0,12.018465288663126,2048,56,30,26,628,0.02734375,0.5357142857142857,0.0146484375,0.04777070063694268,0.306640625,3.0,1.1182969329977455,1.3199958801269531,True,28,0.5,1.2137859486576037,10.58834000286879,0.35842557772428363,2048,2048,2048,65536,32,uint8,32,2048,2048,2048,65536,4.817520001961384,0.053925888028526915,2.9748400003882125,0.07932138559954326,nan,nan,4.853859997820109,0.06429527648637996,2.92139999801293,0.04213687341730803,nan,nan,orb,orb,orb,bf_ratio,0.8
hpatches,i_castle,illumination,i_castle_1_to_3,1,3,D:\桌面\IACV\Assigment1\data\hpatches\i_castle\1.ppm,D:\桌面\IACV\Assigment1\data\hpatches\i_castle\3.ppm,82,2048,815,0.39794921875,3.0,1.3902013938511641,2048,82,61,21,815,0.0400390625,0.7439024390243902,0.02978515625,0.07484662576687116,0.39794921875,3.0,0.7868554690694465,0.0,True,62,0.7560975609756098,0.94407689816842,10.425340000074357,0.10362834790606297,2048,2048,2048,65536,32,uint8,32,2029,2029,2029,64928,4.817520001961384,0.053925888028526915,2.9748400003882125,0.07932138559954326,nan,nan,3.957720003381837,0.034762817240019596,3.1422600004589185,0.09250088830860766,nan,nan,orb,orb,orb,bf_ratio,0.8
hpatches,i_castle,illumination,i_castle_1_to_4,1,4,D:\桌面\IACV\Assigment1\data\hpatches\i_castle\1.ppm,D:\桌面\IACV\Assigment1\data\hpatches\i_castle\4.ppm,103,2048,821,0.40087890625,3.0,1.3560623858617404,2048,103,68,35,821,0.05029296875,0.6601941747572816,0.033203125,0.0828258221680877,0.40087890625,3.0,1.0159724312664824,1.0999984741210938,True,68,0.6601941747572816,1.0787106481563837,9.342340000148397,0.08398484734354252,2048,2048,2048,65536,32,uint8,32,1801,1801,1801,57632,4.817520001961384,0.053925888028526915,2.9748400003882125,0.07932138559954326,nan,nan,3.1784399994648993,0.036663040286586214,3.028279999853112,0.1005266995154904,nan,nan,orb,orb,orb,bf_ratio,0.8
hpatches,i_castle,illumination,i_castle_1_to_5,1,5,D:\桌面\IACV\Assigment1\data\hpatches\i_castle\1.ppm,D:\桌面\IACV\Assigment1\data\hpatches\i_castle\5.ppm,28,2048,525,0.25634765625,3.0,24.701548408298972,2048,28,5,23,525,0.013671875,0.17857142857142858,0.00244140625,0.009523809523809525,0.25634765625,3.0,0.8067785525494819,0.0,True,7,0.25,0.4890170238153229,10.388680001778994,0.17489438458161552,2048,2048,2048,65536,32,uint8,32,1984,1984,1984,63488,4.817520001961384,0.053925888028526915,2.9748400003882125,0.07932138559954326,nan,nan,3.1111399992369115,0.029385818428068224,3.0458999986876734,0.09525895225695154,nan,nan,orb,orb,orb,bf_ratio,0.8
hpatches,i_castle,illumination,i_castle_1_to_6,1,6,D:\桌面\IACV\Assigment1\data\hpatches\i_castle\1.ppm,D:\桌面\IACV\Assigment1\data\hpatches\i_castle\6.ppm,41,2048,652,0.318359375,3.0,5.383208354172833,2048,41,12,29,652,0.02001953125,0.2926829268292683,0.005859375,0.018404907975460124,0.318359375,3.0,0.9071422296900664,0.5,True,12,0.2926829268292683,0.7617442692425511,10.420539999904577,0.36123682511999244,2048,2048,2048,65536,32,uint8,32,2048,2048,2048,65536,4.817520001961384,0.053925888028526915,2.9748400003882125,0.07932138559954326,nan,nan,4.104480000387412,0.11744168747439121,3.1167800014372915,0.0873732295391684,nan,nan,orb,orb,orb,bf_ratio,0.8
hpatches,i_chestnuts,illumination,i_chestnuts_1_to_2,1,2,D:\桌面\IACV\Assigment1\data\hpatches\i_chestnuts\1.ppm,D:\桌面\IACV\Assigment1\data\hpatches\i_chestnuts\2.ppm,167,2048,986,0.4814453125,3.0,1.3434309676236191,2048,167,137,30,986,0.08154296875,0.8203592814371258,0.06689453125,0.1389452332657201,0.4814453125,3.0,0.34535795235616207,0.0,True,136,0.8143712574850299,0.42450419192980343,10.564539999177214,0.17325154843625815,2048,2048,2048,65536,32,uint8,32,2048,2048,2048,65536,5.111500000930391,0.07695673994883573,3.8379599995096214,0.11345473955578585,nan,nan,5.751699999382254,0.12928575948143406,3.7244799998006783,0.2176681478322704,nan,nan,orb,orb,orb,bf_ratio,0.8
hpatches,i_chestnuts,illumination,i_chestnuts_1_to_3,1,3,D:\桌面\IACV\Assigment1\data\hpatches\i_chestnuts\1.ppm,D:\桌面\IACV\Assigment1\data\hpatches\i_chestnuts\3.ppm,166,2048,1020,0.498046875,3.0,1.3501996595313628,2048,166,136,30,1020,0.0810546875,0.8192771084337349,0.06640625,0.13333333333333333,0.498046875,3.0,0.5224403853912176,0.0,True,136,0.8192771084337349,0.6089879993743043,10.205000000132713,0.297687138090832,2048,2048,2048,65536,32,uint8,32,2048,2048,2048,65536,5.111500000930391,0.07695673994883573,3.8379599995096214,0.11345473955578585,nan,nan,5.62948000151664,0.11512230750397939,3.7451600001077168,0.21987745445143886,nan,nan,orb,orb,orb,bf_ratio,0.8
hpatches,i_chestnuts,illumination,i_chestnuts_1_to_4,1,4,D:\桌面\IACV\Assigment1\data\hpatches\i_chestnuts\1.ppm,D:\桌面\IACV\Assigment1\data\hpatches\i_chestnuts\4.ppm,204,2048,1109,0.54150390625,3.0,2.1996497411932996,2048,204,177,27,1109,0.099609375,0.8676470588235294,0.08642578125,0.15960324616771868,0.54150390625,3.0,0.47694009583634867,0.0,True,183,0.8970588235294118,0.720789274786153,10.278820000530686,0.18893561455483543,2048,2048,2048,65536,32,uint8,32,2048,2048,2048,65536,5.111500000930391,0.07695673994883573,3.8379599995096214,0.11345473955578585,nan,nan,5.464839999331161,0.06860246631353172,3.5726400004932657,0.08628468195833076,nan,nan,orb,orb,orb,bf_ratio,0.8
hpatches,i_chestnuts,illumination,i_chestnuts_1_to_5,1,5,D:\桌面\IACV\Assigment1\data\hpatches\i_chestnuts\1.ppm,D:\桌面\IACV\Assigment1\data\hpatches\i_chestnuts\5.ppm,147,2048,1173,0.57275390625,3.0,0.9213469612768168,2048,147,126,21,1173,0.07177734375,0.8571428571428571,0.0615234375,0.10741687979539642,0.57275390625,3.0,0.583971133293987,0.0,True,124,0.8435374149659864,0.5867629387619652,10.367120000591967,0.06271485888032513,2048,2048,2048,65536,32,uint8,32,2048,2048,2048,65536,5.111500000930391,0.07695673994883573,3.8379599995096214,0.11345473955578585,nan,nan,4.8864800002775155,0.20244868586888892,3.733220000867732,0.07440517111327745,nan,nan,orb,orb,orb,bf_ratio,0.8
hpatches,i_chestnuts,illumination,i_chestnuts_1_to_6,1,6,D:\桌面\IACV\Assigment1\data\hpatches\i_chestnuts\1.ppm,D:\桌面\IACV\Assigment1\data\hpatches\i_chestnuts\6.ppm,74,2048,1018,0.4970703125,3.0,4.415102683733933,2048,74,49,25,1018,0.0361328125,0.6621621621621622,0.02392578125,0.0481335952848723,0.4970703125,3.0,0.38326076155607935,0.0,True,49,0.6621621621621622,0.43610162372716504,10.54650000151014,0.08104729388751314,2048,2048,2048,65536,32,uint8,32,2048,2048,2048,65536,5.111500000930391,0.07695673994883573,3.8379599995096214,0.11345473955578585,nan,nan,4.502180001873057,0.030987830135871624,3.56822000030661,0.03618211745595224,nan,nan,orb,orb,orb,bf_ratio,0.8
hpatches,i_contruction,illumination,i_contruction_1_to_2,1,2,D:\桌面\IACV\Assigment1\data\hpatches\i_contruction\1.ppm,D:\桌面\IACV\Assigment1\data\hpatches\i_contruction\2.ppm,1477,2048,1798,0.8779296875,3.0,0.10984513743718695,2048,1477,1463,14,1798,0.72119140625,0.990521327014218,0.71435546875,0.8136818687430478,0.8779296875,3.0,0.1580314283805077,0.0,True,1463,0.990521327014218,0.17463005926189165,10.856180000700988,0.2394468842676949,2048,2048,2048,65536,32,uint8,32,2048,2048,2048,65536,13.792379999358673,0.3639831272032323,11.943919998884667,0.15570341453391118,nan,nan,12.95082000142429,0.42605657766369487,11.418960000446532,0.12355611476516613,nan,nan,orb,orb,orb,bf_ratio,0.8
hpatches,i_contruction,illumination,i_contruction_1_to_3,1,3,D:\桌面\IACV\Assigment1\data\hpatches\i_contruction\1.ppm,D:\桌面\IACV\Assigment1\data\hpatches\i_contruction\3.ppm,1432,2048,1783,0.87060546875,3.0,0.08947648188282128,2048,1432,1422,10,1783,0.69921875,0.9930167597765364,0.6943359375,0.7975322490185082,0.87060546875,3.0,0.16601733937222285,0.0,True,1420,0.9916201117318436,0.18105987991373573,10.807099999510683,0.15812763155725423,2048,2048,2048,65536,32,uint8,32,2048,2048,2048,65536,13.792379999358673,0.3639831272032323,11.943919998884667,0.15570341453391118,nan,nan,13.046079999185167,0.1716577346662292,11.1430000004475,0.10997621692395361,nan,nan,orb,orb,orb,bf_ratio,0.8
hpatches,i_contruction,illumination,i_contruction_1_to_4,1,4,D:\桌面\IACV\Assigment1\data\hpatches\i_contruction\1.ppm,D:\桌面\IACV\Assigment1\data\hpatches\i_contruction\4.ppm,746,2048,1477,0.72119140625,3.0,0.4077764729591402,2048,746,719,27,1477,0.3642578125,0.9638069705093834,0.35107421875,0.4867975626269465,0.72119140625,3.0,0.334672048556103,0.0,True,717,0.9611260053619303,0.36745553526206065,10.723340000549797,0.2441100109140432,2048,2048,2048,65536,32,uint8,32,2048,2048,2048,65536,13.792379999358673,0.3639831272032323,11.943919998884667,0.15570341453391118,nan,nan,13.263579999329522,0.20288433615001303,11.781380001048092,0.4591701978404584,nan,nan,orb,orb,orb,bf_ratio,0.8
hpatches,i_contruction,illumination,i_contruction_1_to_5,1,5,D:\桌面\IACV\Assigment1\data\hpatches\i_contruction\1.ppm,D:\桌面\IACV\Assigment1\data\hpatches\i_contruction\5.ppm,148,2048,642,0.3134765625,3.0,1.968590617849661,2048,148,111,37,642,0.072265625,0.75,0.05419921875,0.17289719626168223,0.3134765625,3.0,0.8010122035875221,0.0,True,112,0.7567567567567568,0.9257847110114419,10.149640002055094,0.4515501781313999,2048,2048,2048,65536,32,uint8,32,2048,2048,2048,65536,13.792379999358673,0.3639831272032323,11.943919998884667,0.15570341453391118,nan,nan,17.866680001316126,0.5158704305922437,12.154259998351336,0.16595120367416416,nan,nan,orb,orb,orb,bf_ratio,0.8
hpatches,i_contruction,illumination,i_contruction_1_to_6,1,6,D:\桌面\IACV\Assigment1\data\hpatches\i_contruction\1.ppm,D:\桌面\IACV\Assigment1\data\hpatches\i_contruction\6.ppm,85,2048,425,0.20751953125,3.0,7.919391136671756,2048,85,34,51,425,0.04150390625,0.4,0.0166015625,0.08,0.20751953125,3.0,1.089197527189881,1.0,True,43,0.5058823529411764,1.5647850082462826,10.291380001581274,0.2753081125468078,2048,2048,2048,65536,32,uint8,32,2048,2048,2048,65536,13.792379999358673,0.3639831272032323,11.943919998884667,0.15570341453391118,nan,nan,16.364439998869784,0.1691323921849248,12.481399999524001,0.40540028081412327,nan,nan,orb,orb,orb,bf_ratio,0.8
hpatches,i_crownday,illumination,i_crownday_1_to_2,1,2,D:\桌面\IACV\Assigment1\data\hpatches\i_crownday\1.ppm,D:\桌面\IACV\Assigment1\data\hpatches\i_crownday\2.ppm,83,2048,696,0.33984375,3.0,3.6504485653489835,2048,83,48,35,696,0.04052734375,0.5783132530120482,0.0234375,0.06896551724137931,0.33984375,3.0,0.4793992586388766,0.0,True,49,0.5903614457831325,0.6930115497729693,10.38676000025589,0.1335543418042737,2048,2048,2048,65536,32,uint8,32,2048,2048,2048,65536,7.818280000356026,0.23124292548053926,6.86396000237437,0.10280308548209374,nan,nan,8.006879998720251,0.06540652361356496,6.560019998869393,0.07452643718942492,nan,nan,orb,orb,orb,bf_ratio,0.8
hpatches,i_crownday,illumination,i_crownday_1_to_3,1,3,D:\桌面\IACV\Assigment1\data\hpatches\i_crownday\1.ppm,D:\桌面\IACV\Assigment1\data\hpatches\i_crownday\3.ppm,155,2048,928,0.453125,3.0,1.02075367693739,2048,155,114,41,928,0.07568359375,0.7354838709677419,0.0556640625,0.12284482758620689,0.453125,3.0,0.44107311478522643,0.0,True,115,0.7419354838709677,0.6203595639310103,10.42083999782335,0.12729368490408932,2048,2048,2048,65536,32,uint8,32,2048,2048,2048,65536,7.818280000356026,0.23124292548053926,6.86396000237437,0.10280308548209374,nan,nan,7.5144199989154,0.13136872420242113,7.023240000125952,0.06613681385379469,nan,nan,orb,orb,orb,bf_ratio,0.8
hpatches,i_crownday,illumination,i_crownday_1_to_4,1,4,D:\桌面\IACV\Assigment1\data\hpatches\i_crownday\1.ppm,D:\桌面\IACV\Assigment1\data\hpatches\i_crownday\4.ppm,340,2048,1129,0.55126953125,3.0,0.5508942406323416,2048,340,294,46,1129,0.166015625,0.8647058823529412,0.1435546875,0.2604074402125775,0.55126953125,3.0,0.5339144990856641,0.0,True,293,0.861764705882353,0.6187013431302547,10.44011999911163,0.40605654611033815,2048,2048,2048,65536,32,uint8,32,2048,2048,2048,65536,7.818280000356026,0.23124292548053926,6.86396000237437,0.10280308548209374,nan,nan,8.660160000727046,0.6005789291474339,6.822280000778846,0.17892552216504384,nan,nan,orb,orb,orb,bf_ratio,0.8
hpatches,i_crownday,illumination,i_crownday_1_to_5,1,5,D:\桌面\IACV\Assigment1\data\hpatches\i_crownday\1.ppm,D:\桌面\IACV\Assigment1\data\hpatches\i_crownday\5.ppm,615,2048,1432,0.69921875,3.0,0.6527257235063653,2048,615,573,42,1432,0.30029296875,0.9317073170731708,0.27978515625,0.4001396648044693,0.69921875,3.0,0.6548277783301276,0.0,True,578,0.9398373983739837,0.7351662643107144,10.597660001076292,0.1453548028644382,2048,2048,2048,65536,32,uint8,32,2048,2048,2048,65536,7.818280000356026,0.23124292548053926,6.86396000237437,0.10280308548209374,nan,nan,8.079360002011526,0.9335715052315087,8.229440003924537,0.425732072606746,nan,nan,orb,orb,orb,bf_ratio,0.8
hpatches,i_crownday,illumination,i_crownday_1_to_6,1,6,D:\桌面\IACV\Assigment1\data\hpatches\i_crownday\1.ppm,D:\桌面\IACV\Assigment1\data\hpatches\i_crownday\6.ppm,86,2048,694,0.3388671875,3.0,2.041091847390993,2048,86,47,39,694,0.0419921875,0.5465116279069767,0.02294921875,0.06772334293948126,0.3388671875,3.0,0.46639719648573535,0.0,True,47,0.5465116279069767,0.5177475125107978,10.442699999839533,0.18230158673979663,2048,2048,2048,65536,32,uint8,32,2048,2048,2048,65536,7.818280000356026,0.23124292548053926,6.86396000237437,0.10280308548209374,nan,nan,7.603579998249188,0.11134809213756397,6.35826000070665,0.25736451051713316,nan,nan,orb,orb,orb,bf_ratio,0.8
hpatches,i_crownnight,illumination,i_crownnight_1_to_2,1,2,D:\桌面\IACV\Assigment1\data\hpatches\i_crownnight\1.ppm,D:\桌面\IACV\Assigment1\data\hpatches\i_crownnight\2.ppm,232,2048,879,0.42919921875,3.0,0.6114131694657502,2048,232,199,33,879,0.11328125,0.8577586206896551,0.09716796875,0.22639362912400454,0.42919921875,3.0,0.5991600711326814,0.0,True,197,0.8491379310344828,0.672694643501945,10.174059997370932,0.3262501167599732,2048,2048,2048,65536,32,uint8,32,2048,2048,2048,65536,12.436560001515318,0.5603367368311787,8.725440001580864,0.34235941784317386,nan,nan,11.117179998836946,0.3183844876454884,7.9868799992254935,0.18034896468424874,nan,nan,orb,orb,orb,bf_ratio,0.8
hpatches,i_crownnight,illumination,i_crownnight_1_to_3,1,3,D:\桌面\IACV\Assigment1\data\hpatches\i_crownnight\1.ppm,D:\桌面\IACV\Assigment1\data\hpatches\i_crownnight\3.ppm,194,2048,815,0.39794921875,3.0,1.1996029374465147,2048,194,152,42,815,0.0947265625,0.7835051546391752,0.07421875,0.18650306748466258,0.39794921875,3.0,0.6229202887711325,0.0,True,156,0.8041237113402062,0.8444948329741777,10.572580000734888,0.2628503100543515,2048,2048,2048,65536,32,uint8,32,2048,2048,2048,65536,12.436560001515318,0.5603367368311787,8.725440001580864,0.34235941784317386,nan,nan,10.579220001818612,0.06860062707858482,8.024600001226645,0.38736685470585325,nan,nan,orb,orb,orb,bf_ratio,0.8
hpatches,i_crownnight,illumination,i_crownnight_1_to_4,1,4,D:\桌面\IACV\Assigment1\data\hpatches\i_crownnight\1.ppm,D:\桌面\IACV\Assigment1\data\hpatches\i_crownnight\4.ppm,166,2048,776,0.37890625,3.0,1.2464010906612102,2048,166,130,36,776,0.0810546875,0.7831325301204819,0.0634765625,0.16752577319587628,0.37890625,3.0,0.6877510583301544,0.0,True,130,0.7831325301204819,0.7847515157942815,10.646140000608284,0.19994189822829142,2048,2048,2048,65536,32,uint8,32,2048,2048,2048,65536,12.436560001515318,0.5603367368311787,8.725440001580864,0.34235941784317386,nan,nan,10.469520000333432,0.08223166080778595,8.849339999142103,0.23151164659884285,nan,nan,orb,orb,orb,bf_ratio,0.8
hpatches,i_crownnight,illumination,i_crownnight_1_to_5,1,5,D:\桌面\IACV\Assigment1\data\hpatches\i_crownnight\1.ppm,D:\桌面\IACV\Assigment1\data\hpatches\i_crownnight\5.ppm,101,2048,616,0.30078125,3.0,3.044461097058649,2048,101,71,30,616,0.04931640625,0.7029702970297029,0.03466796875,0.11525974025974026,0.30078125,3.0,0.9023279502626279,0.5865222937248528,True,71,0.7029702970297029,0.8934418016775557,10.34296000143513,0.2536592884223976,2048,2048,2048,65536,32,uint8,32,2048,2048,2048,65536,12.436560001515318,0.5603367368311787,8.725440001580864,0.34235941784317386,nan,nan,9.965819999342784,0.289900006318777,8.887259998300578,0.437933678760013,nan,nan,orb,orb,orb,bf_ratio,0.8
hpatches,i_crownnight,illumination,i_crownnight_1_to_6,1,6,D:\桌面\IACV\Assigment1\data\hpatches\i_crownnight\1.ppm,D:\桌面\IACV\Assigment1\data\hpatches\i_crownnight\6.ppm,28,2048,37,0.01806640625,3.0,1075.3681968110693,2048,28,0,28,37,0.013671875,0.0,0.0,0.0,0.01806640625,3.0,nan,nan,True,6,0.21428571428571427,0.7394436982514438,9.746140001516324,0.13394372965625823,2048,2048,2048,65536,32,uint8,32,1940,1940,1940,62080,12.436560001515318,0.5603367368311787,8.725440001580864,0.34235941784317386,nan,nan,6.529199999931734,0.11206244780326503,8.427979999396484,0.30212565410584846,nan,nan,orb,orb,orb,bf_ratio,0.8
hpatches,i_dc,illumination,i_dc_1_to_2,1,2,D:\桌面\IACV\Assigment1\data\hpatches\i_dc\1.ppm,D:\桌面\IACV\Assigment1\data\hpatches\i_dc\2.ppm,128,2048,445,0.21728515625,3.0,0.8052869996077732,2048,128,96,32,445,0.0625,0.75,0.046875,0.2157303370786517,0.21728515625,3.0,0.8038341088539722,0.24008418051528155,True,96,0.75,0.8895385847942533,10.31070000026375,0.08374602253820629,2048,2048,2048,65536,32,uint8,32,2048,2048,2048,65536,25.095359999977518,0.6331740637153431,21.395340000162832,0.22023017578755963,nan,nan,23.43609999952605,0.46033164225762174,20.983520001755096,0.4457070815024223,nan,nan,orb,orb,orb,bf_ratio,0.8
hpatches,i_dc,illumination,i_dc_1_to_3,1,3,D:\桌面\IACV\Assigment1\data\hpatches\i_dc\1.ppm,D:\桌面\IACV\Assigment1\data\hpatches\i_dc\3.ppm,69,2048,229,0.11181640625,3.0,5.46428528706747,2048,69,28,41,229,0.03369140625,0.4057971014492754,0.013671875,0.1222707423580786,0.11181640625,3.0,1.311514081483601,1.2676296719927351,True,32,0.463768115942029,1.2814188954829104,10.109579998243134,0.10713399924068778,2048,2048,2048,65536,32,uint8,32,2048,2048,2048,65536,25.095359999977518,0.6331740637153431,21.395340000162832,0.22023017578755963,nan,nan,29.19761999801267,0.515166727584191,21.504680001817178,0.254727411641014,nan,nan,orb,orb,orb,bf_ratio,0.8
hpatches,i_dc,illumination,i_dc_1_to_4,1,4,D:\桌面\IACV\Assigment1\data\hpatches\i_dc\1.ppm,D:\桌面\IACV\Assigment1\data\hpatches\i_dc\4.ppm,101,2048,345,0.16845703125,3.0,2.311624422212889,2048,101,55,46,345,0.04931640625,0.5445544554455446,0.02685546875,0.15942028985507245,0.16845703125,3.0,1.618738017966386,2.0,True,58,0.5742574257425742,1.0616182031954515,10.12635999941267,0.2089322995929582,2048,2048,2048,65536,32,uint8,32,2048,2048,2048,65536,25.095359999977518,0.6331740637153431,21.395340000162832,0.22023017578755963,nan,nan,37.78288000030443,0.6844393712441058,21.474120000493713,0.29300156666539545,nan,nan,orb,orb,orb,bf_ratio,0.8
hpatches,i_dc,illumination,i_dc_1_to_5,1,5,D:\桌面\IACV\Assigment1\data\hpatches\i_dc\1.ppm,D:\桌面\IACV\Assigment1\data\hpatches\i_dc\5.ppm,93,2048,340,0.166015625,3.0,11.669664654969997,2048,93,38,55,340,0.04541015625,0.40860215053763443,0.0185546875,0.11176470588235295,0.166015625,3.0,1.8307516353768687,2.154838187968645,True,46,0.4946236559139785,1.2490640093928866,10.368439999001566,0.19369876467079922,2048,2048,2048,65536,32,uint8,32,2048,2048,2048,65536,25.095359999977518,0.6331740637153431,21.395340000162832,0.22023017578755963,nan,nan,38.84757999912836,0.38494733123481417,21.902579999004956,0.32345448157621287,nan,nan,orb,orb,orb,bf_ratio,0.8
hpatches,i_dc,illumination,i_dc_1_to_6,1,6,D:\桌面\IACV\Assigment1\data\hpatches\i_dc\1.ppm,D:\桌面\IACV\Assigment1\data\hpatches\i_dc\6.ppm,97,2048,352,0.171875,3.0,4.960094487097235,2048,97,50,47,352,0.04736328125,0.5154639175257731,0.0244140625,0.14204545454545456,0.171875,3.0,2.119584904414091,2.443788916137223,True,57,0.5876288659793815,1.1126714354436718,10.384199999680277,0.16450940323496174,2048,2048,2048,65536,32,uint8,32,2048,2048,2048,65536,25.095359999977518,0.6331740637153431,21.395340000162832,0.22023017578755963,nan,nan,39.22935999871697,0.5342828873649786,21.57502000045497,0.1661857662326755,nan,nan,orb,orb,orb,bf_ratio,0.8
hpatches,i_dome,illumination,i_dome_1_to_2,1,2,D:\桌面\IACV\Assigment1\data\hpatches\i_dome\1.ppm,D:\桌面\IACV\Assigment1\data\hpatches\i_dome\2.ppm,450,2048,1089,0.53173828125,3.0,0.2191533753771012,2048,450,407,43,1089,0.2197265625,0.9044444444444445,0.19873046875,0.37373737373737376,0.53173828125,3.0,0.24173034954683792,0.0,True,407,0.9044444444444445,0.29494789637000957,10.269240000343416,0.5172210437633775,2048,2048,2048,65536,32,uint8,32,2048,2048,2048,65536,8.371340000303462,0.20991795189147763,6.003539996163454,0.18816431581352105,nan,nan,7.260939996922389,0.08998590205980692,5.611299999873154,0.2649122320269045,nan,nan,orb,orb,orb,bf_ratio,0.8
hpatches,i_dome,illumination,i_dome_1_to_3,1,3,D:\桌面\IACV\Assigment1\data\hpatches\i_dome\1.ppm,D:\桌面\IACV\Assigment1\data\hpatches\i_dome\3.ppm,64,2048,827,0.40380859375,3.0,5.791578107743567,2048,64,21,43,827,0.03125,0.328125,0.01025390625,0.02539298669891173,0.40380859375,3.0,1.103778133097676,1.4684530779833613,True,22,0.34375,1.0519860652552246,10.497419998864643,0.23482370769429445,2048,2048,2048,65536,32,uint8,32,2048,2048,2048,65536,8.371340000303462,0.20991795189147763,6.003539996163454,0.18816431581352105,nan,nan,9.97907999844756,0.1556577182917302,5.6032799984677695,0.10597215369813737,nan,nan,orb,orb,orb,bf_ratio,0.8
hpatches,i_dome,illumination,i_dome_1_to_4,1,4,D:\桌面\IACV\Assigment1\data\hpatches\i_dome\1.ppm,D:\桌面\IACV\Assigment1\data\hpatches\i_dome\4.ppm,54,2048,807,0.39404296875,3.0,3.4254533695675264,2048,54,20,34,807,0.0263671875,0.37037037037037035,0.009765625,0.024783147459727387,0.39404296875,3.0,0.9208860720586737,0.0,True,20,0.37037037037037035,0.9955703307104704,10.524840001016855,0.1460014758148952,2048,2048,2048,65536,32,uint8,32,2048,2048,2048,65536,8.371340000303462,0.20991795189147763,6.003539996163454,0.18816431581352105,nan,nan,10.182639998674858,0.19957870319545426,5.544759999611415,0.12411242709852396,nan,nan,orb,orb,orb,bf_ratio,0.8
hpatches,i_dome,illumination,i_dome_1_to_5,1,5,D:\桌面\IACV\Assigment1\data\hpatches\i_dome\1.ppm,D:\桌面\IACV\Assigment1\data\hpatches\i_dome\5.ppm,67,2048,804,0.392578125,3.0,3.387368683032282,2048,67,24,43,804,0.03271484375,0.3582089552238806,0.01171875,0.029850746268656716,0.392578125,3.0,0.9384650678530967,1.0,True,24,0.3582089552238806,1.0881460042046114,10.185819998150691,0.19340555840598875,2048,2048,2048,65536,32,uint8,32,2048,2048,2048,65536,8.371340000303462,0.20991795189147763,6.003539996163454,0.18816431581352105,nan,nan,10.123259999090806,0.2883802113897648,5.944139999337494,0.13390492918478275,nan,nan,orb,orb,orb,bf_ratio,0.8
hpatches,i_dome,illumination,i_dome_1_to_6,1,6,D:\桌面\IACV\Assigment1\data\hpatches\i_dome\1.ppm,D:\桌面\IACV\Assigment1\data\hpatches\i_dome\6.ppm,101,2048,985,0.48095703125,3.0,1.5227880448857034,2048,101,66,35,985,0.04931640625,0.6534653465346535,0.0322265625,0.06700507614213198,0.48095703125,3.0,0.7726805469956837,3.411968959808029e-05,True,66,0.6534653465346535,0.8468381055985976,10.514680002233945,0.19210055025311012,2048,2048,2048,65536,32,uint8,32,2048,2048,2048,65536,8.371340000303462,0.20991795189147763,6.003539996163454,0.18816431581352105,nan,nan,10.68877999932738,0.08605117937333252,6.122200004756451,0.23940102677117858,nan,nan,orb,orb,orb,bf_ratio,0.8
hpatches,i_duda,illumination,i_duda_1_to_2,1,2,D:\桌面\IACV\Assigment1\data\hpatches\i_duda\1.ppm,D:\桌面\IACV\Assigment1\data\hpatches\i_duda\2.ppm,1185,2048,1692,0.826171875,3.0,0.8130972966603964,2048,1185,1147,38,1692,0.57861328125,0.9679324894514768,0.56005859375,0.6778959810874704,0.826171875,3.0,0.4406245943031851,0.0,True,1147,0.9679324894514768,0.6067063654256591,10.474199999589473,0.48408904992622465,2048,2048,2048,65536,32,uint8,32,2048,2048,2048,65536,4.66397999698529,0.06611636449979438,4.476960001920816,0.09929833043530494,nan,nan,4.8184000013861805,0.10702476310245496,4.674119999981485,0.06952790594518708,nan,nan,orb,orb,orb,bf_ratio,0.8
hpatches,i_duda,illumination,i_duda_1_to_3,1,3,D:\桌面\IACV\Assigment1\data\hpatches\i_duda\1.ppm,D:\桌面\IACV\Assigment1\data\hpatches\i_duda\3.ppm,765,2048,1447,0.70654296875,3.0,0.4004741203276938,2048,765,720,45,1447,0.37353515625,0.9411764705882353,0.3515625,0.497581202487906,0.70654296875,3.0,0.6357838020325123,0.0,True,720,0.9411764705882353,0.7539028801446354,10.300919998553582,0.4635034224936629,2048,2048,2048,65536,32,uint8,32,2034,2034,2034,65088,4.66397999698529,0.06611636449979438,4.476960001920816,0.09929833043530494,nan,nan,4.531699999643024,0.10111150571447898,4.5958600006997585,0.04145352091526845,nan,nan,orb,orb,orb,bf_ratio,0.8
hpatches,i_duda,illumination,i_duda_1_to_4,1,4,D:\桌面\IACV\Assigment1\data\hpatches\i_duda\1.ppm,D:\桌面\IACV\Assigment1\data\hpatches\i_duda\4.ppm,535,2048,1279,0.62451171875,3.0,0.5614427714042951,2048,535,489,46,1279,0.26123046875,0.914018691588785,0.23876953125,0.382329945269742,0.62451171875,3.0,0.5685304404969901,0.0,True,486,0.908411214953271,0.6722388437700386,10.368699998070952,0.14603739347829095,2048,2048,2048,65536,32,uint8,32,1995,1995,1995,63840,4.66397999698529,0.06611636449979438,4.476960001920816,0.09929833043530494,nan,nan,4.204039997421205,0.06139135329976999,4.607039999973495,0.1290394622847186,nan,nan,orb,orb,orb,bf_ratio,0.8
hpatches,i_duda,illumination,i_duda_1_to_5,1,5,D:\桌面\IACV\Assigment1\data\hpatches\i_duda\1.ppm,D:\桌面\IACV\Assigment1\data\hpatches\i_duda\5.ppm,350,2048,1100,0.537109375,3.0,0.7148598881916504,2048,350,303,47,1100,0.1708984375,0.8657142857142858,0.14794921875,0.27545454545454545,0.537109375,3.0,0.8445369397525069,1.0,True,301,0.86,0.841325959703248,10.147799999685958,0.2829597013618065,2048,2048,2048,65536,32,uint8,32,1957,1957,1957,62624,4.66397999698529,0.06611636449979438,4.476960001920816,0.09929833043530494,nan,nan,4.074879999097902,0.06919293026102502,4.611239999940153,0.1684310737747947,nan,nan,orb,orb,orb,bf_ratio,0.8
hpatches,i_duda,illumination,i_duda_1_to_6,1,6,D:\桌面\IACV\Assigment1\data\hpatches\i_duda\1.ppm,D:\桌面\IACV\Assigment1\data\hpatches\i_duda\6.ppm,145,2048,766,0.3740234375,3.0,0.2434526577370139,2048,145,115,30,766,0.07080078125,0.7931034482758621,0.05615234375,0.15013054830287206,0.3740234375,3.0,0.3462170473616167,0.0,True,115,0.7931034482758621,0.44862721917424364,9.69407999800751,0.15229003184000595,2048,2048,2048,65536,32,uint8,32,1832,1832,1832,58624,4.66397999698529,0.06611636449979438,4.476960001920816,0.09929833043530494,nan,nan,3.295120000257157,0.06595320724498648,4.258139999001287,0.04856169760111505,nan,nan,orb,orb,orb,bf_ratio,0.8
hpatches,i_fenis,illumination,i_fenis_1_to_2,1,2,D:\桌面\IACV\Assigment1\data\hpatches\i_fenis\1.ppm,D:\桌面\IACV\Assigment1\data\hpatches\i_fenis\2.ppm,622,2009,1511,0.7521154803384769,3.0,0.7886007635491987,2009,622,588,34,1511,0.3096067695370831,0.9453376205787781,0.2926829268292683,0.38914626075446723,0.7521154803384769,3.0,0.5165319343123471,0.0,True,585,0.9405144694533762,0.5826570008518631,10.42862000031164,0.21619078922883564,2009,2009,2009,64288,32,uint8,32,2015,2015,2015,64480,4.1672999985166825,0.05708989421074027,3.0668400024296716,0.06393583214581194,nan,nan,4.393299999355804,0.07417514791299736,3.126320001319982,0.059991446750492894,nan,nan,orb,orb,orb,bf_ratio,0.8
hpatches,i_fenis,illumination,i_fenis_1_to_3,1,3,D:\桌面\IACV\Assigment1\data\hpatches\i_fenis\1.ppm,D:\桌面\IACV\Assigment1\data\hpatches\i_fenis\3.ppm,66,2009,1237,0.615729218516675,3.0,1.3206587392804983,2009,66,43,23,1237,0.03285216525634644,0.6515151515151515,0.02140368342458935,0.034761519805982216,0.615729218516675,3.0,0.818300899429595,1.0,True,45,0.6818181818181818,1.022388276193775,10.302779999619815,0.19427542732422043,2009,2009,2009,64288,32,uint8,32,2020,2020,2020,64640,4.1672999985166825,0.05708989421074027,3.0668400024296716,0.06393583214581194,nan,nan,4.129939999256749,0.041919855624608565,3.02854000183288,0.035293548106440774,nan,nan,orb,orb,orb,bf_ratio,0.8
hpatches,i_fenis,illumination,i_fenis_1_to_4,1,4,D:\桌面\IACV\Assigment1\data\hpatches\i_fenis\1.ppm,D:\桌面\IACV\Assigment1\data\hpatches\i_fenis\4.ppm,19,2009,745,0.3708312593330015,3.0,395.4563700445197,2009,19,1,18,745,0.009457441513190641,0.05263157894736842,0.0004977600796416127,0.0013422818791946308,0.3708312593330015,3.0,1.0,1.0,True,5,0.2631578947368421,0.1680799386903285,10.041420000197832,0.15373600036586763,2009,2009,2009,64288,32,uint8,32,1968,1968,1968,62976,4.1672999985166825,0.05708989421074027,3.0668400024296716,0.06393583214581194,nan,nan,4.058340001211036,0.06089228617798477,3.078819999063853,0.047247155702440057,nan,nan,orb,orb,orb,bf_ratio,0.8
hpatches,i_fenis,illumination,i_fenis_1_to_5,1,5,D:\桌面\IACV\Assigment1\data\hpatches\i_fenis\1.ppm,D:\桌面\IACV\Assigment1\data\hpatches\i_fenis\5.ppm,16,2009,485,0.24141363862618218,3.0,385.4138551574612,2009,16,1,15,485,0.007964161274265804,0.0625,0.0004977600796416127,0.002061855670103093,0.24141363862618218,3.0,1.4142135623730951,1.4142135623730951,True,5,0.3125,0.11143699380143027,8.774860000994522,0.47005301507928116,2009,2009,2009,64288,32,uint8,32,1767,1767,1767,56544,4.1672999985166825,0.05708989421074027,3.0668400024296716,0.06393583214581194,nan,nan,3.054499998688698,0.06814132510346681,2.7740399993490428,0.09194952017940877,nan,nan,orb,orb,orb,bf_ratio,0.8
hpatches,i_fenis,illumination,i_fenis_1_to_6,1,6,D:\桌面\IACV\Assigment1\data\hpatches\i_fenis\1.ppm,D:\桌面\IACV\Assigment1\data\hpatches\i_fenis\6.ppm,25,2009,611,0.3041314086610254,3.0,395.5595555803578,2009,25,0,25,611,0.012444001991040319,0.0,0.0,0.0,0.3041314086610254,3.0,nan,nan,True,5,0.2,0.7074188737694451,9.222800002316944,0.287943208408281,2009,2009,2009,64288,32,uint8,32,1722,1722,1722,55104,4.1672999985166825,0.05708989421074027,3.0668400024296716,0.06393583214581194,nan,nan,2.8378400034853257,0.029040703036661356,2.7484399994136766,0.0751720559419144,nan,nan,orb,orb,orb,bf_ratio,0.8
hpatches,i_fog,illumination,i_fog_1_to_2,1,2,D:\桌面\IACV\Assigment1\data\hpatches\i_fog\1.ppm,D:\桌面\IACV\Assigment1\data\hpatches\i_fog\2.ppm,185,1857,484,0.2606354334948842,3.0,0.4093262784019546,1857,185,166,19,484,0.0996230479267636,0.8972972972972973,0.08939149165320409,0.34297520661157027,0.2606354334948842,3.0,0.29968377382516237,0.0,True,167,0.9027027027027027,0.3557622285382225,8.141580001392867,0.3591855788886397,1857,1857,1857,59424,32,uint8,32,1651,1651,1651,52832,4.117559996666387,0.057194530776285,2.6850399997783825,0.11193452865039162,nan,nan,3.4563799999887124,0.10970482672128777,2.530459998524748,0.06473050601510356,nan,nan,orb,orb,orb,bf_ratio,0.8
hpatches,i_fog,illumination,i_fog_1_to_3,1,3,D:\桌面\IACV\Assigment1\data\hpatches\i_fog\1.ppm,D:\桌面\IACV\Assigment1\data\hpatches\i_fog\3.ppm,121,1857,256,0.13785675821217017,3.0,0.7270618342297738,1857,121,109,12,256,0.06515885837372105,0.9008264462809917,0.05869682283252558,0.42578125,0.13785675821217017,3.0,0.1584414365357646,0.0,True,109,0.9008264462809917,0.23292647823750637,7.604140001058113,0.2037853064172233,1857,1857,1857,59424,32,uint8,32,1572,1572,1572,50304,4.117559996666387,0.057194530776285,2.6850399997783825,0.11193452865039162,nan,nan,3.239439999742899,0.04793952861407259,2.6872199989156798,0.06076516677422534,nan,nan,orb,orb,orb,bf_ratio,0.8
hpatches,i_fog,illumination,i_fog_1_to_4,1,4,D:\桌面\IACV\Assigment1\data\hpatches\i_fog\1.ppm,D:\桌面\IACV\Assigment1\data\hpatches\i_fog\4.ppm,135,1857,256,0.13785675821217017,3.0,0.9822606784573671,1857,135,109,26,256,0.07269789983844911,0.8074074074074075,0.05869682283252558,0.42578125,0.13785675821217017,3.0,0.25125931396305984,0.0,True,109,0.8074074074074075,0.3309847557751624,7.099459999881219,0.14835161884317752,1857,1857,1857,59424,32,uint8,32,1484,1484,1484,47488,4.117559996666387,0.057194530776285,2.6850399997783825,0.11193452865039162,nan,nan,3.09893999947235,0.03362300092566101,2.5571599981049076,0.04699364344214015,nan,nan,orb,orb,orb,bf_ratio,0.8
hpatches,i_fog,illumination,i_fog_1_to_5,1,5,D:\桌面\IACV\Assigment1\data\hpatches\i_fog\1.ppm,D:\桌面\IACV\Assigment1\data\hpatches\i_fog\5.ppm,111,1857,185,0.0996230479267636,3.0,1.66349170477091,1857,111,98,13,185,0.05977382875605816,0.8828828828828829,0.05277329025309639,0.5297297297297298,0.0996230479267636,3.0,0.3354466007810619,0.0,True,98,0.8828828828828829,0.4219326941855046,6.414539998513646,0.08881453981266507,1857,1857,1857,59424,32,uint8,32,1349,1349,1349,43168,4.117559996666387,0.057194530776285,2.6850399997783825,0.11193452865039162,nan,nan,2.617499999178108,0.04598138690301196,2.367819998471532,0.04888072924064298,nan,nan,orb,orb,orb,bf_ratio,0.8
hpatches,i_fog,illumination,i_fog_1_to_6,1,6,D:\桌面\IACV\Assigment1\data\hpatches\i_fog\1.ppm,D:\桌面\IACV\Assigment1\data\hpatches\i_fog\6.ppm,99,1857,158,0.08508346795907377,3.0,0.9105170125305642,1857,99,84,15,158,0.05331179321486268,0.8484848484848485,0.045234248788368334,0.5316455696202531,0.08508346795907377,3.0,0.41444264895049576,0.0,True,84,0.8484848484848485,0.5061419818521236,6.1367999980575405,0.07136909485372016,1857,1857,1857,59424,32,uint8,32,1295,1295,1295,41440,4.117559996666387,0.057194530776285,2.6850399997783825,0.11193452865039162,nan,nan,2.37778000155231,0.026503691490919634,2.3453200003132224,0.02547967027848152,nan,nan,orb,orb,orb,bf_ratio,0.8
hpatches,i_fruits,illumination,i_fruits_1_to_2,1,2,D:\桌面\IACV\Assigment1\data\hpatches\i_fruits\1.ppm,D:\桌面\IACV\Assigment1\data\hpatches\i_fruits\2.ppm,775,1167,1017,0.87146529562982,3.0,0.11010608317405067,1167,775,760,15,1017,0.6640959725792631,0.9806451612903225,0.6512425021422451,0.7472959685349065,0.87146529562982,3.0,0.16794120988895406,0.0,True,760,0.9806451612903225,0.20158297286049673,3.925219998927787,0.053933604525804,1167,1167,1167,37344,32,uint8,32,1200,1200,1200,38400,2.1316400001524016,0.02727208166219665,2.3007600000710227,0.06684290853025993,nan,nan,2.202799999213312,0.041621487215879084,2.374439997947775,0.05331118437471993,nan,nan,orb,orb,orb,bf_ratio,0.8
hpatches,i_fruits,illumination,i_fruits_1_to_3,1,3,D:\桌面\IACV\Assigment1\data\hpatches\i_fruits\1.ppm,D:\桌面\IACV\Assigment1\data\hpatches\i_fruits\3.ppm,571,1167,977,0.8371893744644388,3.0,0.2372776781291805,1167,571,544,27,977,0.4892887746358183,0.9527145359019265,0.4661525278491859,0.5568065506653019,0.8371893744644388,3.0,0.2601278391295411,0.0,True,544,0.9527145359019265,0.32103364829147574,3.5733599986997433,0.2279694937534986,1167,1167,1167,37344,32,uint8,32,1153,1153,1153,36896,2.1316400001524016,0.02727208166219665,2.3007600000710227,0.06684290853025993,nan,nan,2.199020000989549,0.013713847390358426,2.4647800004458986,0.0591894720185863,nan,nan,orb,orb,orb,bf_ratio,0.8
hpatches,i_fruits,illumination,i_fruits_1_to_4,1,4,D:\桌面\IACV\Assigment1\data\hpatches\i_fruits\1.ppm,D:\桌面\IACV\Assigment1\data\hpatches\i_fruits\4.ppm,523,1167,1004,0.8603256212510711,3.0,0.2093877933978478,1167,523,491,32,1004,0.4481576692373608,0.9388145315487572,0.4207369323050557,0.48904382470119523,0.8603256212510711,3.0,0.29711180296522655,0.0,True,489,0.9349904397705545,0.34376761430601394,3.9267999978619628,0.1345077997622052,1167,1167,1167,37344,32,uint8,32,1278,1278,1278,40896,2.1316400001524016,0.02727208166219665,2.3007600000710227,0.06684290853025993,nan,nan,2.2487599999294616,0.06560355365256176,2.375360000587534,0.06610178726147221,nan,nan,orb,orb,orb,bf_ratio,0.8
hpatches,i_fruits,illumination,i_fruits_1_to_5,1,5,D:\桌面\IACV\Assigment1\data\hpatches\i_fruits\1.ppm,D:\桌面\IACV\Assigment1\data\hpatches\i_fruits\5.ppm,430,1167,1029,0.8817480719794345,3.0,0.2739312031482766,1167,430,401,29,1029,0.3684661525278492,0.9325581395348838,0.34361610968294776,0.38969873663751214,0.8817480719794345,3.0,0.4438511166855062,0.0,True,401,0.9325581395348838,0.5471840720071042,4.746279999380931,0.3863312426462843,1167,1167,1167,37344,32,uint8,32,1488,1488,1488,47616,2.1316400001524016,0.02727208166219665,2.3007600000710227,0.06684290853025993,nan,nan,2.379540000401903,0.01673327263486574,2.438060000713449,0.03266524776834169,nan,nan,orb,orb,orb,bf_ratio,0.8
hpatches,i_fruits,illumination,i_fruits_1_to_6,1,6,D:\桌面\IACV\Assigment1\data\hpatches\i_fruits\1.ppm,D:\桌面\IACV\Assigment1\data\hpatches\i_fruits\6.ppm,541,1167,1046,0.8963153384747216,3.0,0.7731345136892874,1167,541,508,33,1046,0.46358183376178236,0.9390018484288355,0.43530419880034277,0.48565965583174,0.8963153384747216,3.0,0.42256641778394244,0.0,True,507,0.9371534195933456,0.5677807380895666,4.424639999342617,0.27719742136206516,1167,1167,1167,37344,32,uint8,32,1487,1487,1487,47584,2.1316400001524016,0.02727208166219665,2.3007600000710227,0.06684290853025993,nan,nan,2.5166599996737204,0.05941816391133247,2.7126400018460117,0.109253842699087,nan,nan,orb,orb,orb,bf_ratio,0.8
hpatches,i_gonnenberg,illumination,i_gonnenberg_1_to_2,1,2,D:\桌面\IACV\Assigment1\data\hpatches\i_gonnenberg\1.ppm,D:\桌面\IACV\Assigment1\data\hpatches\i_gonnenberg\2.ppm,999,2023,1513,0.7478991596638656,3.0,0.1790915593906697,2023,999,971,28,1513,0.49382105783489866,0.9719719719719719,0.4799802273850717,0.64177131526768,0.7478991596638656,3.0,0.2732409850564244,0.0,True,967,0.9679679679679679,0.31126132779149346,10.399499999766704,0.2863465237269789,2023,2023,2023,64736,32,uint8,32,2034,2034,2034,65088,3.728679999767337,0.06625102097817204,2.777419998892583,0.04182838385916882,nan,nan,4.011760001594666,0.0908039346164394,2.740339998854324,0.04375306182673214,nan,nan,orb,orb,orb,bf_ratio,0.8
hpatches,i_gonnenberg,illumination,i_gonnenberg_1_to_3,1,3,D:\桌面\IACV\Assigment1\data\hpatches\i_gonnenberg\1.ppm,D:\桌面\IACV\Assigment1\data\hpatches\i_gonnenberg\3.ppm,928,2023,1569,0.7755808205635195,3.0,0.2787741025201459,2023,928,898,30,1569,0.4587246663371231,0.9676724137931034,0.4438952051408799,0.5723390694710007,0.7755808205635195,3.0,0.29325291141750226,0.0,True,897,0.9665948275862069,0.32213843214188426,10.09164000133751,0.45128615217781964,2023,2023,2023,64736,32,uint8,32,2029,2029,2029,64928,3.728679999767337,0.06625102097817204,2.777419998892583,0.04182838385916882,nan,nan,4.0332999982638285,0.076934230153712,2.92823999770917,0.09911973577685085,nan,nan,orb,orb,orb,bf_ratio,0.8
hpatches,i_gonnenberg,illumination,i_gonnenberg_1_to_4,1,4,D:\桌面\IACV\Assigment1\data\hpatches\i_gonnenberg\1.ppm,D:\桌面\IACV\Assigment1\data\hpatches\i_gonnenberg\4.ppm,678,2023,1397,0.6905585763717251,3.0,0.4731236448196843,2023,678,644,34,1397,0.3351458230350964,0.9498525073746312,0.31833910034602075,0.4609878310665712,0.6905585763717251,3.0,0.43017772453606823,0.0,True,640,0.943952802359882,0.5067289462563362,10.212600001250394,0.18702071649091292,2023,2023,2023,64736,32,uint8,32,2031,2031,2031,64992,3.728679999767337,0.06625102097817204,2.777419998892583,0.04182838385916882,nan,nan,4.315520000818651,0.1705987383100987,2.789640000264626,0.07204869388907324,nan,nan,orb,orb,orb,bf_ratio,0.8
hpatches,i_gonnenberg,illumination,i_gonnenberg_1_to_5,1,5,D:\桌面\IACV\Assigment1\data\hpatches\i_gonnenberg\1.ppm,D:\桌面\IACV\Assigment1\data\hpatches\i_gonnenberg\5.ppm,884,2023,1540,0.7612456747404844,3.0,0.0930112170092158,2023,884,858,26,1540,0.4369747899159664,0.9705882352941176,0.4241225902125556,0.5571428571428572,0.7612456747404844,3.0,0.29467163756737547,0.0,True,855,0.9671945701357466,0.31699227940665686,10.25915999780409,0.4232503300437905,2023,2023,2023,64736,32,uint8,32,1992,1992,1992,63744,3.728679999767337,0.06625102097817204,2.777419998892583,0.04182838385916882,nan,nan,3.804739998304285,0.122556656933034,2.840300001844298,0.0347110939606173,nan,nan,orb,orb,orb,bf_ratio,0.8
hpatches,i_gonnenberg,illumination,i_gonnenberg_1_to_6,1,6,D:\桌面\IACV\Assigment1\data\hpatches\i_gonnenberg\1.ppm,D:\桌面\IACV\Assigment1\data\hpatches\i_gonnenberg\6.ppm,979,2023,1528,0.7553138902619871,3.0,0.24136612680443606,2023,979,959,20,1528,0.4839347503707365,0.9795709908069459,0.4740484429065744,0.6276178010471204,0.7553138902619871,3.0,0.2888421855021106,0.0,True,957,0.9775280898876404,0.3209739205916402,10.376979998545721,0.08934332332556434,2023,2023,2023,64736,32,uint8,32,2018,2018,2018,64576,3.728679999767337,0.06625102097817204,2.777419998892583,0.04182838385916882,nan,nan,4.025339998770505,0.12817669767753256,2.907319998485036,0.07883895822826108,nan,nan,orb,orb,orb,bf_ratio,0.8
hpatches,i_greenhouse,illumination,i_greenhouse_1_to_2,1,2,D:\桌面\IACV\Assigment1\data\hpatches\i_greenhouse\1.ppm,D:\桌面\IACV\Assigment1\data\hpatches\i_greenhouse\2.ppm,177,2048,1031,0.50341796875,3.0,0.6089691587106353,2048,177,132,45,1031,0.08642578125,0.7457627118644068,0.064453125,0.1280310378273521,0.50341796875,3.0,0.4337432722633995,0.0,True,132,0.7457627118644068,0.5171287036750233,10.0101000018185,0.4782448720772127,2048,2048,2048,65536,32,uint8,32,2048,2048,2048,65536,5.165559997840319,0.07907511936042495,2.8991000028327107,0.023077174433673416,nan,nan,4.995799998869188,0.18420094522348474,2.909220002766233,0.07169084611634012,nan,nan,orb,orb,orb,bf_ratio,0.8
hpatches,i_greenhouse,illumination,i_greenhouse_1_to_3,1,3,D:\桌面\IACV\Assigment1\data\hpatches\i_greenhouse\1.ppm,D:\桌面\IACV\Assigment1\data\hpatches\i_greenhouse\3.ppm,196,2048,1107,0.54052734375,3.0,3.5907813956671886,2048,196,156,40,1107,0.095703125,0.7959183673469388,0.076171875,0.14092140921409213,0.54052734375,3.0,0.7737878387898288,0.0,True,155,0.7908163265306123,0.8731065569404882,10.39294000074733,0.09390954362797256,2048,2048,2048,65536,32,uint8,32,2048,2048,2048,65536,5.165559997840319,0.07907511936042495,2.8991000028327107,0.023077174433673416,nan,nan,5.761859998165164,0.10031999991419685,2.898099999583792,0.029012689087037746,nan,nan,orb,orb,orb,bf_ratio,0.8
hpatches,i_greenhouse,illumination,i_greenhouse_1_to_4,1,4,D:\桌面\IACV\Assigment1\data\hpatches\i_greenhouse\1.ppm,D:\桌面\IACV\Assigment1\data\hpatches\i_greenhouse\4.ppm,132,2048,1069,0.52197265625,3.0,1.7229506150858855,2048,132,102,30,1069,0.064453125,0.7727272727272727,0.0498046875,0.09541627689429373,0.52197265625,3.0,0.9491710415715767,1.0,True,99,0.75,0.9499439353505507,10.312359996896703,0.3098554152845476,2048,2048,2048,65536,32,uint8,32,2048,2048,2048,65536,5.165559997840319,0.07907511936042495,2.8991000028327107,0.023077174433673416,nan,nan,5.631600003107451,0.07667518496056672,3.021380001155194,0.13414858038874727,nan,nan,orb,orb,orb,bf_ratio,0.8
hpatches,i_greenhouse,illumination,i_greenhouse_1_to_5,1,5,D:\桌面\IACV\Assigment1\data\hpatches\i_greenhouse\1.ppm,D:\桌面\IACV\Assigment1\data\hpatches\i_greenhouse\5.ppm,112,2048,933,0.45556640625,3.0,1.5394577438881818,2048,112,76,36,933,0.0546875,0.6785714285714286,0.037109375,0.08145766345123258,0.45556640625,3.0,1.1137385552518804,1.1999969482421875,True,76,0.6785714285714286,0.9397825273631861,10.544979998667259,0.20971591049811786,2048,2048,2048,65536,32,uint8,32,2048,2048,2048,65536,5.165559997840319,0.07907511936042495,2.8991000028327107,0.023077174433673416,nan,nan,5.9028600007877685,0.21107369895294842,2.9512399982195348,0.0473305632719267,nan,nan,orb,orb,orb,bf_ratio,0.8
hpatches,i_greenhouse,illumination,i_greenhouse_1_to_6,1,6,D:\桌面\IACV\Assigment1\data\hpatches\i_greenhouse\1.ppm,D:\桌面\IACV\Assigment1\data\hpatches\i_greenhouse\6.ppm,50,2048,800,0.390625,3.0,4.028611865199337,2048,50,32,18,800,0.0244140625,0.64,0.015625,0.04,0.390625,3.0,1.224120795870259,1.1999969482421875,True,31,0.62,0.9974492148998054,10.212960001081228,0.16096986698247318,2048,2048,2048,65536,32,uint8,32,2048,2048,2048,65536,5.165559997840319,0.07907511936042495,2.8991000028327107,0.023077174433673416,nan,nan,6.533440000202972,0.09583488952227243,3.009339999698568,0.0504650997045499,nan,nan,orb,orb,orb,bf_ratio,0.8
hpatches,i_greentea,illumination,i_greentea_1_to_2,1,2,D:\桌面\IACV\Assigment1\data\hpatches\i_greentea\1.ppm,D:\桌面\IACV\Assigment1\data\hpatches\i_greentea\2.ppm,516,2048,1128,0.55078125,3.0,0.5306439036467732,2048,516,492,24,1128,0.251953125,0.9534883720930233,0.240234375,0.43617021276595747,0.55078125,3.0,0.12635921258327534,0.0,True,492,0.9534883720930233,0.18503872827814435,10.614639999403153,0.19963321837375164,2048,2048,2048,65536,32,uint8,32,2048,2048,2048,65536,5.168200000480283,0.09589237474471506,3.649800000130199,0.06301558598631066,nan,nan,4.71638000162784,0.10608719751990937,3.72563999844715,0.0619864707761696,nan,nan,orb,orb,orb,bf_ratio,0.8
hpatches,i_greentea,illumination,i_greentea_1_to_3,1,3,D:\桌面\IACV\Assigment1\data\hpatches\i_greentea\1.ppm,D:\桌面\IACV\Assigment1\data\hpatches\i_greentea\3.ppm,694,2048,1306,0.6376953125,3.0,0.379720415504716,2048,694,670,24,1306,0.3388671875,0.9654178674351584,0.3271484375,0.5130168453292496,0.6376953125,3.0,0.1449634348115908,0.0,True,669,0.9639769452449568,0.1756161923783797,10.529040000983514,0.20682121222191246,2048,2048,2048,65536,32,uint8,32,2048,2048,2048,65536,5.168200000480283,0.09589237474471506,3.649800000130199,0.06301558598631066,nan,nan,5.561400002625305,0.133805067232997,3.9105000003473833,0.12053075774054248,nan,nan,orb,orb,orb,bf_ratio,0.8
hpatches,i_greentea,illumination,i_greentea_1_to_4,1,4,D:\桌面\IACV\Assigment1\data\hpatches\i_greentea\1.ppm,D:\桌面\IACV\Assigment1\data\hpatches\i_greentea\4.ppm,770,2048,1313,0.64111328125,3.0,0.43874719069885004,2048,770,747,23,1313,0.3759765625,0.9701298701298702,0.36474609375,0.5689261233815689,0.64111328125,3.0,0.16077379684706064,0.0,True,744,0.9662337662337662,0.19131910314964415,10.48612000013236,0.2030516038072275,2048,2048,2048,65536,32,uint8,32,2048,2048,2048,65536,5.168200000480283,0.09589237474471506,3.649800000130199,0.06301558598631066,nan,nan,5.477839999366552,0.052884840599124905,3.7562800018349662,0.07135856940545574,nan,nan,orb,orb,orb,bf_ratio,0.8
hpatches,i_greentea,illumination,i_greentea_1_to_5,1,5,D:\桌面\IACV\Assigment1\data\hpatches\i_greentea\1.ppm,D:\桌面\IACV\Assigment1\data\hpatches\i_greentea\5.ppm,717,2048,1239,0.60498046875,3.0,0.14242945927374617,2048,717,693,24,1239,0.35009765625,0.9665271966527197,0.33837890625,0.559322033898305,0.60498046875,3.0,0.1409230190051055,0.0,True,692,0.9651324965132496,0.16742346082706575,10.165200001210906,0.4777075283832797,2048,2048,2048,65536,32,uint8,32,2048,2048,2048,65536,5.168200000480283,0.09589237474471506,3.649800000130199,0.06301558598631066,nan,nan,4.8312199985957704,0.08983396495578123,3.868199998396449,0.07291910640223344,nan,nan,orb,orb,orb,bf_ratio,0.8
hpatches,i_greentea,illumination,i_greentea_1_to_6,1,6,D:\桌面\IACV\Assigment1\data\hpatches\i_greentea\1.ppm,D:\桌面\IACV\Assigment1\data\hpatches\i_greentea\6.ppm,293,2048,919,0.44873046875,3.0,0.1598480242816032,2048,293,271,22,919,0.14306640625,0.9249146757679181,0.13232421875,0.29488574537540807,0.44873046875,3.0,0.2773170108578499,0.0,True,270,0.9215017064846417,0.3133473943811021,11.452280000958126,0.46606752146803276,2048,2048,2048,65536,32,uint8,32,2048,2048,2048,65536,5.168200000480283,0.09589237474471506,3.649800000130199,0.06301558598631066,nan,nan,4.454160000022966,0.13292302274366827,3.8072800001828,0.026759476689723286,nan,nan,orb,orb,orb,bf_ratio,0.8
hpatches,i_indiana,illumination,i_indiana_1_to_2,1,2,D:\桌面\IACV\Assigment1\data\hpatches\i_indiana\1.ppm,D:\桌面\IACV\Assigment1\data\hpatches\i_indiana\2.ppm,311,2048,1141,0.55712890625,3.0,0.4678895917263478,2048,311,269,42,1141,0.15185546875,0.864951768488746,0.13134765625,0.2357581069237511,0.55712890625,3.0,0.6582106602841024,0.0,True,265,0.8520900321543409,0.7141798754041844,10.514899996633176,0.12596621756931659,2048,2048,2048,65536,32,uint8,32,2048,2048,2048,65536,8.325239999976475,0.0717764495221007,5.225899998913519,0.09757719143355817,nan,nan,10.146099999838043,0.08688198910301333,5.1588600006653,0.07297702524048777,nan,nan,orb,orb,orb,bf_ratio,0.8
hpatches,i_indiana,illumination,i_indiana_1_to_3,1,3,D:\桌面\IACV\Assigment1\data\hpatches\i_indiana\1.ppm,D:\桌面\IACV\Assigment1\data\hpatches\i_indiana\3.ppm,193,2048,1045,0.51025390625,3.0,1.0567820673078718,2048,193,147,46,1045,0.09423828125,0.7616580310880829,0.07177734375,0.14066985645933014,0.51025390625,3.0,0.7194308989429784,0.0,True,147,0.7616580310880829,0.8315102377006479,10.534199999528937,0.10942457008760541,2048,2048,2048,65536,32,uint8,32,2048,2048,2048,65536,8.325239999976475,0.0717764495221007,5.225899998913519,0.09757719143355817,nan,nan,11.45393999904627,0.0816198907853559,5.15257999941241,0.1207182905094752,nan,nan,orb,orb,orb,bf_ratio,0.8
hpatches,i_indiana,illumination,i_indiana_1_to_4,1,4,D:\桌面\IACV\Assigment1\data\hpatches\i_indiana\1.ppm,D:\桌面\IACV\Assigment1\data\hpatches\i_indiana\4.ppm,96,2048,785,0.38330078125,3.0,2.000460437840471,2048,96,54,42,785,0.046875,0.5625,0.0263671875,0.06878980891719745,0.38330078125,3.0,0.6831809051509927,0.0,True,54,0.5625,0.7760511967291869,10.69703999964986,0.2153853526326534,2048,2048,2048,65536,32,uint8,32,2048,2048,2048,65536,8.325239999976475,0.0717764495221007,5.225899998913519,0.09757719143355817,nan,nan,12.159619999874849,0.38384634047075217,5.380320001859218,0.26403601552412775,nan,nan,orb,orb,orb,bf_ratio,0.8
hpatches,i_indiana,illumination,i_indiana_1_to_5,1,5,D:\桌面\IACV\Assigment1\data\hpatches\i_indiana\1.ppm,D:\桌面\IACV\Assigment1\data\hpatches\i_indiana\5.ppm,55,2048,685,0.33447265625,3.0,5.287762538328041,2048,55,26,29,685,0.02685546875,0.4727272727272727,0.0126953125,0.03795620437956204,0.33447265625,3.0,0.570988179735582,0.0,True,26,0.4727272727272727,0.6100584448604871,10.545360000105575,0.22207456976676784,2048,2048,2048,65536,32,uint8,32,2048,2048,2048,65536,8.325239999976475,0.0717764495221007,5.225899998913519,0.09757719143355817,nan,nan,12.23145999974804,0.21382913126064515,5.244020000100136,0.08476438825680231,nan,nan,orb,orb,orb,bf_ratio,0.8
hpatches,i_indiana,illumination,i_indiana_1_to_6,1,6,D:\桌面\IACV\Assigment1\data\hpatches\i_indiana\1.ppm,D:\桌面\IACV\Assigment1\data\hpatches\i_indiana\6.ppm,55,2048,591,0.28857421875,3.0,4.696072675624924,2048,55,10,45,591,0.02685546875,0.18181818181818182,0.0048828125,0.01692047377326565,0.28857421875,3.0,0.33610537586951,0.0,True,10,0.18181818181818182,0.25007267653898063,10.267959999328014,0.29448851048315805,2048,2048,2048,65536,32,uint8,32,2048,2048,2048,65536,8.325239999976475,0.0717764495221007,5.225899998913519,0.09757719143355817,nan,nan,11.940379998122808,0.17365950695469365,5.274899998039473,0.22819992299465458,nan,nan,orb,orb,orb,bf_ratio,0.8
hpatches,i_kions,illumination,i_kions_1_to_2,1,2,D:\桌面\IACV\Assigment1\data\hpatches\i_kions\1.ppm,D:\桌面\IACV\Assigment1\data\hpatches\i_kions\2.ppm,138,2048,978,0.4775390625,3.0,1.6055315498830587,2048,138,74,64,978,0.0673828125,0.5362318840579711,0.0361328125,0.07566462167689161,0.4775390625,3.0,1.5135830176420384,1.44000244140625,True,75,0.5434782608695652,1.008715789898737,10.361920000286773,0.10664001978183398,2048,2048,2048,65536,32,uint8,32,2048,2048,2048,65536,3.876300001866184,0.043855582559715126,3.0772600017371587,0.06656826788073927,nan,nan,4.3519200014998205,0.04488680975693214,3.178539998771157,0.074320779774811,nan,nan,orb,orb,orb,bf_ratio,0.8
hpatches,i_kions,illumination,i_kions_1_to_3,1,3,D:\桌面\IACV\Assigment1\data\hpatches\i_kions\1.ppm,D:\桌面\IACV\Assigment1\data\hpatches\i_kions\3.ppm,123,2048,1126,0.5498046875,3.0,2.177188027219593,2048,123,52,71,1126,0.06005859375,0.42276422764227645,0.025390625,0.046181172291296625,0.5498046875,3.0,0.7488829033137278,1.0,True,53,0.43089430894308944,0.8702863209369774,10.249119998479728,0.2116580382433264,2048,2048,2048,65536,32,uint8,32,2048,2048,2048,65536,3.876300001866184,0.043855582559715126,3.0772600017371587,0.06656826788073927,nan,nan,4.498020000755787,0.08535107369554694,3.2301400002324954,0.03429930806617159,nan,nan,orb,orb,orb,bf_ratio,0.8
hpatches,i_kions,illumination,i_kions_1_to_4,1,4,D:\桌面\IACV\Assigment1\data\hpatches\i_kions\1.ppm,D:\桌面\IACV\Assigment1\data\hpatches\i_kions\4.ppm,118,2048,1107,0.54052734375,3.0,5.3855394905059555,2048,118,56,62,1107,0.0576171875,0.4745762711864407,0.02734375,0.05058717253839205,0.54052734375,3.0,1.1658314087156056,1.20001220703125,True,56,0.4745762711864407,1.0611269671870553,10.119219997432083,0.10102861988342471,2048,2048,2048,65536,32,uint8,32,1980,1980,1980,63360,3.876300001866184,0.043855582559715126,3.0772600017371587,0.06656826788073927,nan,nan,2.831859998696018,0.025976345255583292,3.2173400002648123,0.05324830776290514,nan,nan,orb,orb,orb,bf_ratio,0.8
hpatches,i_kions,illumination,i_kions_1_to_5,1,5,D:\桌面\IACV\Assigment1\data\hpatches\i_kions\1.ppm,D:\桌面\IACV\Assigment1\data\hpatches\i_kions\5.ppm,128,2048,1059,0.51708984375,3.0,7.750310357444574,2048,128,60,68,1059,0.0625,0.46875,0.029296875,0.056657223796033995,0.51708984375,3.0,1.418534631066982,1.6930705994569797,True,62,0.484375,1.1341756851084186,10.050319999572821,0.05777547425190471,2048,2048,2048,65536,32,uint8,32,1969,1969,1969,63008,3.876300001866184,0.043855582559715126,3.0772600017371587,0.06656826788073927,nan,nan,2.7248399987001903,0.02015386935304285,2.9965799985802732,0.04956318727149581,nan,nan,orb,orb,orb,bf_ratio,0.8
hpatches,i_kions,illumination,i_kions_1_to_6,1,6,D:\桌面\IACV\Assigment1\data\hpatches\i_kions\1.ppm,D:\桌面\IACV\Assigment1\data\hpatches\i_kions\6.ppm,117,2048,1124,0.548828125,3.0,1.5724309750641303,2048,117,59,58,1124,0.05712890625,0.5042735042735043,0.02880859375,0.05249110320284697,0.548828125,3.0,0.3124655136890378,0.0,True,60,0.5128205128205128,0.49028463882699264,10.318639998149592,0.16364115127671075,2048,2048,2048,65536,32,uint8,32,2048,2048,2048,65536,3.876300001866184,0.043855582559715126,3.0772600017371587,0.06656826788073927,nan,nan,4.702259998884983,0.04225970215938556,3.0354000016814098,0.03899410181356544,nan,nan,orb,orb,orb,bf_ratio,0.8
hpatches,i_ktirio,illumination,i_ktirio_1_to_2,1,2,D:\桌面\IACV\Assigment1\data\hpatches\i_ktirio\1.ppm,D:\桌面\IACV\Assigment1\data\hpatches\i_ktirio\2.ppm,1567,2034,1866,0.9174041297935103,3.0,0.06844533851728565,2034,1567,1544,23,1866,0.7704031465093412,0.9853222718570517,0.7590953785644051,0.827438370846731,0.9174041297935103,3.0,0.1142550036384429,0.0,True,1542,0.9840459476707084,0.15117494845766136,10.858960000041407,0.23237433305177477,2034,2034,2034,65088,32,uint8,32,2030,2030,2030,64960,3.4046999979182146,0.04764900687043974,2.9677000013180077,0.06844136186815974,nan,nan,3.381039999658242,0.021057880691314028,2.998520001710858,0.0532682033565625,nan,nan,orb,orb,orb,bf_ratio,0.8
hpatches,i_ktirio,illumination,i_ktirio_1_to_3,1,3,D:\桌面\IACV\Assigment1\data\hpatches\i_ktirio\1.ppm,D:\桌面\IACV\Assigment1\data\hpatches\i_ktirio\3.ppm,348,2034,1305,0.6415929203539823,3.0,0.6037574614445483,2034,348,253,95,1305,0.1710914454277286,0.7270114942528736,0.12438544739429695,0.19386973180076628,0.6415929203539823,3.0,0.5470489924974288,0.0,True,252,0.7241379310344828,0.7024525078307773,9.968719999596942,0.5123962503623448,2034,2034,2034,65088,32,uint8,32,2017,2017,2017,64544,3.4046999979182146,0.04764900687043974,2.9677000013180077,0.06844136186815974,nan,nan,3.477339999517426,0.017403632694163607,3.096839998033829,0.062264808453541425,nan,nan,orb,orb,orb,bf_ratio,0.8
hpatches,i_ktirio,illumination,i_ktirio_1_to_4,1,4,D:\桌面\IACV\Assigment1\data\hpatches\i_ktirio\1.ppm,D:\桌面\IACV\Assigment1\data\hpatches\i_ktirio\4.ppm,142,2034,978,0.4808259587020649,3.0,1.7385963201934311,2034,142,73,69,978,0.06981317600786627,0.5140845070422535,0.035889872173058016,0.07464212678936605,0.4808259587020649,3.0,0.4299455143538224,0.0,True,73,0.5140845070422535,0.5411634177990187,9.94277999852784,0.19761356437788338,2034,2034,2034,65088,32,uint8,32,1964,1964,1964,62848,3.4046999979182146,0.04764900687043974,2.9677000013180077,0.06844136186815974,nan,nan,3.1371800010674633,0.08025286007202762,2.98120000079507,0.037662819697855586,nan,nan,orb,orb,orb,bf_ratio,0.8
hpatches,i_ktirio,illumination,i_ktirio_1_to_5,1,5,D:\桌面\IACV\Assigment1\data\hpatches\i_ktirio\1.ppm,D:\桌面\IACV\Assigment1\data\hpatches\i_ktirio\5.ppm,247,2034,1183,0.5816125860373648,3.0,0.9074404269247539,2034,247,159,88,1183,0.12143559488692232,0.6437246963562753,0.07817109144542773,0.13440405748098055,0.5816125860373648,3.0,0.712880409620264,0.0,True,159,0.6437246963562753,0.8457148633746031,10.157039998739492,0.2679940791019992,2034,2034,2034,65088,32,uint8,32,2037,2037,2037,65184,3.4046999979182146,0.04764900687043974,2.9677000013180077,0.06844136186815974,nan,nan,3.4530200020526536,0.02674848914046397,3.0656799994176254,0.044383440853691204,nan,nan,orb,orb,orb,bf_ratio,0.8
hpatches,i_ktirio,illumination,i_ktirio_1_to_6,1,6,D:\桌面\IACV\Assigment1\data\hpatches\i_ktirio\1.ppm,D:\桌面\IACV\Assigment1\data\hpatches\i_ktirio\6.ppm,89,2034,850,0.41789577187807275,3.0,2.1015961936351806,2034,89,24,65,850,0.04375614552605703,0.2696629213483146,0.011799410029498525,0.02823529411764706,0.41789577187807275,3.0,0.7222184486679657,0.0,True,24,0.2696629213483146,0.7792403056126053,9.9716199998511,0.2212419154814673,2034,2034,2034,65088,32,uint8,32,2005,2005,2005,64160,3.4046999979182146,0.04764900687043974,2.9677000013180077,0.06844136186815974,nan,nan,3.360819998488296,0.06945356396909892,3.1378200015751645,0.039340430831575096,nan,nan,orb,orb,orb,bf_ratio,0.8
hpatches,i_kurhaus,illumination,i_kurhaus_1_to_2,1,2,D:\桌面\IACV\Assigment1\data\hpatches\i_kurhaus\1.ppm,D:\桌面\IACV\Assigment1\data\hpatches\i_kurhaus\2.ppm,1147,2048,1542,0.7529296875,3.0,0.18277977422076902,2048,1147,1117,30,1542,0.56005859375,0.97384481255449,0.54541015625,0.7243839169909209,0.7529296875,3.0,0.18138707808876184,0.0,True,1116,0.972972972972973,0.23248644146955263,10.56685999938054,0.509423269848411,2048,2048,2048,65536,32,uint8,32,2048,2048,2048,65536,11.315379997540731,0.1562549126694335,5.329919999348931,0.10729405142474824,nan,nan,11.143260000972077,0.13295404575093153,5.903100001160055,0.201952241447457,nan,nan,orb,orb,orb,bf_ratio,0.8
hpatches,i_kurhaus,illumination,i_kurhaus_1_to_3,1,3,D:\桌面\IACV\Assigment1\data\hpatches\i_kurhaus\1.ppm,D:\桌面\IACV\Assigment1\data\hpatches\i_kurhaus\3.ppm,804,2048,1285,0.62744140625,3.0,0.2531225195254858,2048,804,773,31,1285,0.392578125,0.9614427860696517,0.37744140625,0.601556420233463,0.62744140625,3.0,0.28042756832288124,0.0,True,771,0.9589552238805971,0.3242695444885463,10.420860000886023,0.27366078663834975,2048,2048,2048,65536,32,uint8,32,2048,2048,2048,65536,11.315379997540731,0.1562549126694335,5.329919999348931,0.10729405142474824,nan,nan,11.460020000231452,0.1313852881205642,5.72400000091875,0.17880612096055995,nan,nan,orb,orb,orb,bf_ratio,0.8
hpatches,i_kurhaus,illumination,i_kurhaus_1_to_4,1,4,D:\桌面\IACV\Assigment1\data\hpatches\i_kurhaus\1.ppm,D:\桌面\IACV\Assigment1\data\hpatches\i_kurhaus\4.ppm,662,2048,1262,0.6162109375,3.0,0.4113107704644633,2048,662,625,37,1262,0.3232421875,0.9441087613293051,0.30517578125,0.49524564183835185,0.6162109375,3.0,0.3827764151407232,0.0,True,620,0.9365558912386707,0.4454314562173819,10.322960001940373,0.28325382052859804,2048,2048,2048,65536,32,uint8,32,2048,2048,2048,65536,11.315379997540731,0.1562549126694335,5.329919999348931,0.10729405142474824,nan,nan,11.505179999221582,0.24387595408712315,5.9326400005375035,0.14761403111235988,nan,nan,orb,orb,orb,bf_ratio,0.8
hpatches,i_kurhaus,illumination,i_kurhaus_1_to_5,1,5,D:\桌面\IACV\Assigment1\data\hpatches\i_kurhaus\1.ppm,D:\桌面\IACV\Assigment1\data\hpatches\i_kurhaus\5.ppm,492,2048,1170,0.5712890625,3.0,0.4986326579254493,2048,492,448,44,1170,0.240234375,0.9105691056910569,0.21875,0.38290598290598293,0.5712890625,3.0,0.5289552531586085,0.0,True,446,0.9065040650406504,0.6281817158584002,10.644040000624955,0.06437945711094892,2048,2048,2048,65536,32,uint8,32,2048,2048,2048,65536,11.315379997540731,0.1562549126694335,5.329919999348931,0.10729405142474824,nan,nan,11.565320001682267,0.23979039474357558,5.792120000114664,0.24097324765784195,nan,nan,orb,orb,orb,bf_ratio,0.8
hpatches,i_kurhaus,illumination,i_kurhaus_1_to_6,1,6,D:\桌面\IACV\Assigment1\data\hpatches\i_kurhaus\1.ppm,D:\桌面\IACV\Assigment1\data\hpatches\i_kurhaus\6.ppm,392,2048,1076,0.525390625,3.0,1.1594857895261024,2048,392,351,41,1076,0.19140625,0.8954081632653061,0.17138671875,0.32620817843866173,0.525390625,3.0,0.5933763401636764,0.0,True,350,0.8928571428571429,0.7199410283296271,10.570880002342165,0.09719315699173413,2048,2048,2048,65536,32,uint8,32,2048,2048,2048,65536,11.315379997540731,0.1562549126694335,5.329919999348931,0.10729405142474824,nan,nan,10.959739997633733,0.11069591965598156,5.28080000076443,0.0864143273188021,nan,nan,orb,orb,orb,bf_ratio,0.8
hpatches,i_leuven,illumination,i_leuven_1_to_2,1,2,D:\桌面\IACV\Assigment1\data\hpatches\i_leuven\1.ppm,D:\桌面\IACV\Assigment1\data\hpatches\i_leuven\2.ppm,1119,1832,1540,0.8406113537117904,3.0,2.3081217940671213,1832,1119,1088,31,1540,0.6108078602620087,0.9722966934763181,0.5938864628820961,0.7064935064935065,0.8406113537117904,3.0,0.9782349814330478,0.8255667500526754,True,1088,0.9722966934763181,0.8900573996337625,9.546879996196367,0.10545524899836295,1832,1832,1832,58624,32,uint8,32,2048,2048,2048,65536,3.3731000017724,0.07009259577986798,4.02509999985341,0.10739689107785638,nan,nan,4.07446000026539,0.06834341666107956,3.860920001170598,0.10817906384098949,nan,nan,orb,orb,orb,bf_ratio,0.8
hpatches,i_leuven,illumination,i_leuven_1_to_3,1,3,D:\桌面\IACV\Assigment1\data\hpatches\i_leuven\1.ppm,D:\桌面\IACV\Assigment1\data\hpatches\i_leuven\3.ppm,964,1832,1440,0.7860262008733624,3.0,1.7812951358695086,1832,964,923,41,1440,0.5262008733624454,0.9574688796680498,0.50382096069869,0.6409722222222223,0.7860262008733624,3.0,1.262777081600976,1.1636525487242928,True,938,0.9730290456431535,0.8819461410390906,9.316819997911807,0.4246338041228175,1832,1832,1832,58624,32,uint8,32,2048,2048,2048,65536,3.3731000017724,0.07009259577986798,4.02509999985341,0.10739689107785638,nan,nan,4.702980000001844,0.14239090400034415,3.87250000203494,0.04962934695685046,nan,nan,orb,orb,orb,bf_ratio,0.8
hpatches,i_leuven,illumination,i_leuven_1_to_4,1,4,D:\桌面\IACV\Assigment1\data\hpatches\i_leuven\1.ppm,D:\桌面\IACV\Assigment1\data\hpatches\i_leuven\4.ppm,573,1832,1095,0.597707423580786,3.0,2.2925912654855165,1832,573,525,48,1095,0.31277292576419213,0.9162303664921466,0.2865720524017467,0.4794520547945205,0.597707423580786,3.0,1.3604325419696028,1.293047352031188,True,518,0.9040139616055847,1.006691400492351,9.64213999977801,0.3337283015399899,1832,1832,1832,58624,32,uint8,32,2048,2048,2048,65536,3.3731000017724,0.07009259577986798,4.02509999985341,0.10739689107785638,nan,nan,5.0637600012123585,0.07177716925176243,3.857800000696443,0.07514793439240007,nan,nan,orb,orb,orb,bf_ratio,0.8
hpatches,i_leuven,illumination,i_leuven_1_to_5,1,5,D:\桌面\IACV\Assigment1\data\hpatches\i_leuven\1.ppm,D:\桌面\IACV\Assigment1\data\hpatches\i_leuven\5.ppm,277,1832,656,0.35807860262008734,3.0,3.4975753073646,1832,277,247,30,656,0.15120087336244542,0.8916967509025271,0.13482532751091703,0.37652439024390244,0.35807860262008734,3.0,1.2498431033019186,1.1658359555008229,True,245,0.8844765342960289,1.066231158237795,9.00563999748556,0.3472924700853905,1832,1832,1832,58624,32,uint8,32,2048,2048,2048,65536,3.3731000017724,0.07009259577986798,4.02509999985341,0.10739689107785638,nan,nan,5.345119997218717,0.08977590764400802,3.8254999977652915,0.06791577022701577,nan,nan,orb,orb,orb,bf_ratio,0.8
hpatches,i_leuven,illumination,i_leuven_1_to_6,1,6,D:\桌面\IACV\Assigment1\data\hpatches\i_leuven\1.ppm,D:\桌面\IACV\Assigment1\data\hpatches\i_leuven\6.ppm,124,1832,312,0.1703056768558952,3.0,11.55628775088909,1832,124,54,70,312,0.06768558951965066,0.43548387096774194,0.02947598253275109,0.17307692307692307,0.1703056768558952,3.0,1.5202781045980358,1.4258573954035478,True,84,0.6774193548387096,1.1451831479262775,9.30052000185242,0.12239938626101185,1832,1832,1832,58624,32,uint8,32,2048,2048,2048,65536,3.3731000017724,0.07009259577986798,4.02509999985341,0.10739689107785638,nan,nan,5.651200001011603,0.10156977880963655,4.159860000072513,0.0872031118237601,nan,nan,orb,orb,orb,bf_ratio,0.8
hpatches,i_lionday,illumination,i_lionday_1_to_2,1,2,D:\桌面\IACV\Assigment1\data\hpatches\i_lionday\1.ppm,D:\桌面\IACV\Assigment1\data\hpatches\i_lionday\2.ppm,127,2017,963,0.4774417451660882,3.0,3.1885406928998425,2017,127,77,50,963,0.06296479920674268,0.6062992125984252,0.03817550818046604,0.07995846313603323,0.4774417451660882,3.0,1.6762449102972152,2.0,True,82,0.6456692913385826,1.2485076338510555,9.165019995998591,0.127858255154409,2017,2017,2017,64544,32,uint8,32,1839,1839,1839,58848,3.158919999259524,0.041186764401145826,2.8962799988221377,0.029423284495828664,nan,nan,2.5687599991215393,0.032194509927944724,2.783779997844249,0.03643017398204011,nan,nan,orb,orb,orb,bf_ratio,0.8
hpatches,i_lionday,illumination,i_lionday_1_to_3,1,3,D:\桌面\IACV\Assigment1\data\hpatches\i_lionday\1.ppm,D:\桌面\IACV\Assigment1\data\hpatches\i_lionday\3.ppm,193,2017,861,0.4268715914724839,3.0,2.451531943838135,2017,193,132,61,861,0.09568666336142786,0.6839378238341969,0.06544372830937036,0.15331010452961671,0.4268715914724839,3.0,1.3267599261609282,1.4142135623730951,True,126,0.6528497409326425,1.0987345860515707,10.389559998293407,0.19642415115145934,2017,2017,2017,64544,32,uint8,32,2048,2048,2048,65536,3.158919999259524,0.041186764401145826,2.8962799988221377,0.029423284495828664,nan,nan,3.305719996569678,0.027436792779113352,3.077200001280289,0.0404811066262988,nan,nan,orb,orb,orb,bf_ratio,0.8
hpatches,i_lionday,illumination,i_lionday_1_to_4,1,4,D:\桌面\IACV\Assigment1\data\hpatches\i_lionday\1.ppm,D:\桌面\IACV\Assigment1\data\hpatches\i_lionday\4.ppm,40,2017,648,0.32126921170054534,3.0,10.171976369633134,2017,40,16,24,648,0.01983143282102132,0.4,0.007932573128408527,0.024691358024691357,0.32126921170054534,3.0,2.1098470157731537,2.0,True,16,0.4,0.9943580664244441,8.838439999090042,0.22126385090568926,2017,2017,2017,64544,32,uint8,32,1776,1776,1776,56832,3.158919999259524,0.041186764401145826,2.8962799988221377,0.029423284495828664,nan,nan,2.521680001518689,0.018363157873841095,2.904239998315461,0.0682582054235162,nan,nan,orb,orb,orb,bf_ratio,0.8
hpatches,i_lionday,illumination,i_lionday_1_to_5,1,5,D:\桌面\IACV\Assigment1\data\hpatches\i_lionday\1.ppm,D:\桌面\IACV\Assigment1\data\hpatches\i_lionday\5.ppm,72,2017,502,0.24888448190381754,3.0,2.920270118569304,2017,72,36,36,502,0.035696579077838374,0.5,0.017848289538919187,0.07171314741035857,0.24888448190381754,3.0,1.4867185986292397,1.493214661709315,True,38,0.5277777777777778,0.9744020556774179,9.679000001051463,0.8343276314130192,2017,2017,2017,64544,32,uint8,32,1954,1954,1954,62528,3.158919999259524,0.041186764401145826,2.8962799988221377,0.029423284495828664,nan,nan,3.182620002189651,0.21869669688705315,2.9711199982557446,0.06858694895160378,nan,nan,orb,orb,orb,bf_ratio,0.8
hpatches,i_lionday,illumination,i_lionday_1_to_6,1,6,D:\桌面\IACV\Assigment1\data\hpatches\i_lionday\1.ppm,D:\桌面\IACV\Assigment1\data\hpatches\i_lionday\6.ppm,188,2017,875,0.43381259295984137,3.0,1.5773903453656675,2017,188,118,70,875,0.0932077342588002,0.6276595744680851,0.05850272682201289,0.13485714285714287,0.43381259295984137,3.0,1.528480105208913,1.5109543017578577,True,131,0.6968085106382979,1.3853997017929924,10.064740000234451,0.13979723443259254,2017,2017,2017,64544,32,uint8,32,2043,2043,2043,65376,3.158919999259524,0.041186764401145826,2.8962799988221377,0.029423284495828664,nan,nan,3.283439997176174,0.0406676590731184,3.054859999974724,0.05264335080603552,nan,nan,orb,orb,orb,bf_ratio,0.8
hpatches,i_lionnight,illumination,i_lionnight_1_to_2,1,2,D:\桌面\IACV\Assigment1\data\hpatches\i_lionnight\1.ppm,D:\桌面\IACV\Assigment1\data\hpatches\i_lionnight\2.ppm,325,2048,1209,0.59033203125,3.0,1.5081541840081951,2048,325,138,187,1209,0.15869140625,0.4246153846153846,0.0673828125,0.1141439205955335,0.59033203125,3.0,0.8878465228065927,0.0,True,145,0.4461538461538462,1.0827410776862656,9.79893999901833,0.37714263987594726,2048,2048,2048,65536,32,uint8,32,2048,2048,2048,65536,5.52583999815397,0.051274890780871926,2.903140000125859,0.046249349169798726,nan,nan,5.187599999771919,0.04119102097221577,2.9280600021593273,0.05323997130826063,nan,nan,orb,orb,orb,bf_ratio,0.8
hpatches,i_lionnight,illumination,i_lionnight_1_to_3,1,3,D:\桌面\IACV\Assigment1\data\hpatches\i_lionnight\1.ppm,D:\桌面\IACV\Assigment1\data\hpatches\i_lionnight\3.ppm,257,2048,1244,0.607421875,3.0,1.8515915287520863,2048,257,104,153,1244,0.12548828125,0.4046692607003891,0.05078125,0.08360128617363344,0.607421875,3.0,1.3975673075832329,1.727996826171875,True,129,0.5019455252918288,1.4158469045617632,10.43962000112515,0.37567026598621556,2048,2048,2048,65536,32,uint8,32,2048,2048,2048,65536,5.52583999815397,0.051274890780871926,2.903140000125859,0.046249349169798726,nan,nan,4.658300001756288,0.0975925193632168,2.965980001317803,0.06021705527016222,nan,nan,orb,orb,orb,bf_ratio,0.8
hpatches,i_lionnight,illumination,i_lionnight_1_to_4,1,4,D:\桌面\IACV\Assigment1\data\hpatches\i_lionnight\1.ppm,D:\桌面\IACV\Assigment1\data\hpatches\i_lionnight\4.ppm,417,2048,1244,0.607421875,3.0,3.8662539379102867,2048,417,196,221,1244,0.20361328125,0.47002398081534774,0.095703125,0.15755627009646303,0.607421875,3.0,1.2050651598590263,1.300018310546875,True,214,0.513189448441247,1.2239947981164876,10.419460000412073,0.22104010267741114,2048,2048,2048,65536,32,uint8,32,2048,2048,2048,65536,5.52583999815397,0.051274890780871926,2.903140000125859,0.046249349169798726,nan,nan,5.750419999822043,0.039509512648165344,3.1540800002403557,0.04496057864926639,nan,nan,orb,orb,orb,bf_ratio,0.8
hpatches,i_lionnight,illumination,i_lionnight_1_to_5,1,5,D:\桌面\IACV\Assigment1\data\hpatches\i_lionnight\1.ppm,D:\桌面\IACV\Assigment1\data\hpatches\i_lionnight\5.ppm,327,2048,1301,0.63525390625,3.0,1.6394796113394716,2048,327,113,214,1301,0.15966796875,0.345565749235474,0.05517578125,0.08685626441199078,0.63525390625,3.0,1.1780635107674078,1.4142135623730951,True,118,0.36085626911314983,0.9474537282426784,10.763380001299083,0.3744226877030915,2048,2048,2048,65536,32,uint8,32,2048,2048,2048,65536,5.52583999815397,0.051274890780871926,2.903140000125859,0.046249349169798726,nan,nan,5.369260000588838,0.14093732764054812,3.1969600007869303,0.05317046512388538,nan,nan,orb,orb,orb,bf_ratio,0.8
hpatches,i_lionnight,illumination,i_lionnight_1_to_6,1,6,D:\桌面\IACV\Assigment1\data\hpatches\i_lionnight\1.ppm,D:\桌面\IACV\Assigment1\data\hpatches\i_lionnight\6.ppm,332,2048,1270,0.6201171875,3.0,1.4229860829976486,2048,332,141,191,1270,0.162109375,0.4246987951807229,0.06884765625,0.1110236220472441,0.6201171875,3.0,1.0549553918718846,1.199981689453125,True,143,0.4307228915662651,1.070703850463281,10.556019998330157,0.13229874474062078,2048,2048,2048,65536,32,uint8,32,2048,2048,2048,65536,5.52583999815397,0.051274890780871926,2.903140000125859,0.046249349169798726,nan,nan,5.580580000241753,0.10743692818231934,3.0933399975765496,0.08712183660609478,nan,nan,orb,orb,orb,bf_ratio,0.8
hpatches,i_londonbridge,illumination,i_londonbridge_1_to_2,1,2,D:\桌面\IACV\Assigment1\data\hpatches\i_londonbridge\1.ppm,D:\桌面\IACV\Assigment1\data\hpatches\i_londonbridge\2.ppm,1007,2048,917,0.44775390625,3.0,3.6899706911687646,2048,1007,201,806,917,0.49169921875,0.19960278053624628,0.09814453125,0.21919302071973829,0.44775390625,3.0,2.508138204133976,2.683281573034456,True,978,0.971201588877855,1.0352988259700466,10.356320001301356,0.19494436604197266,2048,2048,2048,65536,32,uint8,32,2048,2048,2048,65536,9.53552000282798,0.1109399720536272,7.139579999784473,0.1538997270784124,nan,nan,11.601140000857413,0.6031480963707504,7.392199998139404,0.26789683290481564,nan,nan,orb,orb,orb,bf_ratio,0.8
hpatches,i_londonbridge,illumination,i_londonbridge_1_to_3,1,3,D:\桌面\IACV\Assigment1\data\hpatches\i_londonbridge\1.ppm,D:\桌面\IACV\Assigment1\data\hpatches\i_londonbridge\3.ppm,406,2048,723,0.35302734375,3.0,3.5121996068822074,2048,406,170,236,723,0.1982421875,0.4187192118226601,0.0830078125,0.2351313969571231,0.35302734375,3.0,2.3864995131929345,2.6832508653658813,True,373,0.9187192118226601,1.1464014164112277,10.63475999981165,0.19681864532218885,2048,2048,2048,65536,32,uint8,32,2048,2048,2048,65536,9.53552000282798,0.1109399720536272,7.139579999784473,0.1538997270784124,nan,nan,12.10257999919122,0.11327989109421277,6.831780000356957,0.17324536676223218,nan,nan,orb,orb,orb,bf_ratio,0.8
hpatches,i_londonbridge,illumination,i_londonbridge_1_to_4,1,4,D:\桌面\IACV\Assigment1\data\hpatches\i_londonbridge\1.ppm,D:\桌面\IACV\Assigment1\data\hpatches\i_londonbridge\4.ppm,311,2048,718,0.3505859375,3.0,3.798372544773598,2048,311,77,234,718,0.15185546875,0.24758842443729903,0.03759765625,0.10724233983286909,0.3505859375,3.0,2.313319192320204,2.4331331077321052,True,263,0.8456591639871383,1.0544937494235032,10.705659999803174,0.16028243421713823,2048,2048,2048,65536,32,uint8,32,2048,2048,2048,65536,9.53552000282798,0.1109399720536272,7.139579999784473,0.1538997270784124,nan,nan,12.095260000205599,0.40222130116166777,7.334619997709524,0.25074225575387593,nan,nan,orb,orb,orb,bf_ratio,0.8
hpatches,i_londonbridge,illumination,i_londonbridge_1_to_5,1,5,D:\桌面\IACV\Assigment1\data\hpatches\i_londonbridge\1.ppm,D:\桌面\IACV\Assigment1\data\hpatches\i_londonbridge\5.ppm,95,2048,329,0.16064453125,3.0,5.341956704749274,2048,95,0,95,329,0.04638671875,0.0,0.0,0.0,0.16064453125,3.0,nan,nan,True,52,0.5473684210526316,0.8969885969829902,10.34580000123242,0.20306629567233397,2048,2048,2048,65536,32,uint8,32,2048,2048,2048,65536,9.53552000282798,0.1109399720536272,7.139579999784473,0.1538997270784124,nan,nan,8.964859998377506,0.07673360850638804,6.56705999863334,0.271389747474342,nan,nan,orb,orb,orb,bf_ratio,0.8
hpatches,i_londonbridge,illumination,i_londonbridge_1_to_6,1,6,D:\桌面\IACV\Assigment1\data\hpatches\i_londonbridge\1.ppm,D:\桌面\IACV\Assigment1\data\hpatches\i_londonbridge\6.ppm,73,2048,263,0.12841796875,3.0,3.841034744577547,2048,73,27,46,263,0.03564453125,0.3698630136986301,0.01318359375,0.10266159695817491,0.12841796875,3.0,1.848698298029782,2.0736083984375,True,30,0.410958904109589,1.1939426292739188,10.389959999884013,0.06579208569897572,2048,2048,2048,65536,32,uint8,32,2048,2048,2048,65536,9.53552000282798,0.1109399720536272,7.139579999784473,0.1538997270784124,nan,nan,12.531719998514745,0.7208787765400119,7.198999999673106,0.2903720865207178,nan,nan,orb,orb,orb,bf_ratio,0.8
hpatches,i_melon,illumination,i_melon_1_to_2,1,2,D:\桌面\IACV\Assigment1\data\hpatches\i_melon\1.ppm,D:\桌面\IACV\Assigment1\data\hpatches\i_melon\2.ppm,1001,2048,1581,0.77197265625,3.0,0.06890181612784971,2048,1001,947,54,1581,0.48876953125,0.9460539460539461,0.46240234375,0.5989879822896901,0.77197265625,3.0,0.2989776372455551,0.0,True,942,0.9410589410589411,0.31515608231568426,10.704160000022966,0.21770513412236836,2048,2048,2048,65536,32,uint8,32,2048,2048,2048,65536,4.238100000657141,0.124554790268806,3.799240001535509,0.058945045106103475,nan,nan,4.503560000739526,0.20397082890304874,3.685140000015963,0.08267779683395896,nan,nan,orb,orb,orb,bf_ratio,0.8
hpatches,i_melon,illumination,i_melon_1_to_3,1,3,D:\桌面\IACV\Assigment1\data\hpatches\i_melon\1.ppm,D:\桌面\IACV\Assigment1\data\hpatches\i_melon\3.ppm,489,2048,1376,0.671875,3.0,0.49421021064586,2048,489,430,59,1376,0.23876953125,0.8793456032719836,0.2099609375,0.3125,0.671875,3.0,0.5471012297344372,0.0,True,427,0.8732106339468303,0.5822959771176003,10.815879997971933,0.3077155501620373,2048,2048,2048,65536,32,uint8,32,2048,2048,2048,65536,4.238100000657141,0.124554790268806,3.799240001535509,0.058945045106103475,nan,nan,4.435680000460707,0.10427708153573005,3.9458200000808574,0.029413558984718282,nan,nan,orb,orb,orb,bf_ratio,0.8
hpatches,i_melon,illumination,i_melon_1_to_4,1,4,D:\桌面\IACV\Assigment1\data\hpatches\i_melon\1.ppm,D:\桌面\IACV\Assigment1\data\hpatches\i_melon\4.ppm,89,2048,1003,0.48974609375,3.0,1.2950916235621341,2048,89,50,39,1003,0.04345703125,0.5617977528089888,0.0244140625,0.049850448654037885,0.48974609375,3.0,0.8701511655030171,0.0,True,50,0.5617977528089888,1.0141664896395197,10.47291999857407,0.17046225890858185,2048,2048,2048,65536,32,uint8,32,2048,2048,2048,65536,4.238100000657141,0.124554790268806,3.799240001535509,0.058945045106103475,nan,nan,3.843339999730233,0.06045697824113162,3.730580002593342,0.05543368717508051,nan,nan,orb,orb,orb,bf_ratio,0.8
hpatches,i_melon,illumination,i_melon_1_to_5,1,5,D:\桌面\IACV\Assigment1\data\hpatches\i_melon\1.ppm,D:\桌面\IACV\Assigment1\data\hpatches\i_melon\5.ppm,455,2048,1362,0.6650390625,3.0,0.6473738915128773,2048,455,399,56,1362,0.22216796875,0.8769230769230769,0.19482421875,0.29295154185022027,0.6650390625,3.0,0.4811351446423899,0.0,True,398,0.8747252747252747,0.5284771903629807,10.798899999645073,0.24631634078201645,2048,2048,2048,65536,32,uint8,32,2048,2048,2048,65536,4.238100000657141,0.124554790268806,3.799240001535509,0.058945045106103475,nan,nan,4.393580001487862,0.06577116341794802,4.040140000870451,0.06627447832093701,nan,nan,orb,orb,orb,bf_ratio,0.8
hpatches,i_melon,illumination,i_melon_1_to_6,1,6,D:\桌面\IACV\Assigment1\data\hpatches\i_melon\1.ppm,D:\桌面\IACV\Assigment1\data\hpatches\i_melon\6.ppm,325,2048,1304,0.63671875,3.0,1.2279298496310724,2048,325,285,40,1304,0.15869140625,0.8769230769230769,0.13916015625,0.21855828220858894,0.63671875,3.0,0.5967206928365085,0.0,True,283,0.8707692307692307,0.6393274599038793,10.711820000142325,0.7395994065813951,2048,2048,2048,65536,32,uint8,32,2048,2048,2048,65536,4.238100000657141,0.124554790268806,3.799240001535509,0.058945045106103475,nan,nan,4.273960000136867,0.014375754702033793,4.057160000957083,0.15923192851791387,nan,nan,orb,orb,orb,bf_ratio,0.8
hpatches,i_miniature,illumination,i_miniature_1_to_2,1,2,D:\桌面\IACV\Assigment1\data\hpatches\i_miniature\1.ppm,D:\桌面\IACV\Assigment1\data\hpatches\i_miniature\2.ppm,762,2048,1416,0.69140625,3.0,0.4767837261893783,2048,762,696,66,1416,0.3720703125,0.9133858267716536,0.33984375,0.4915254237288136,0.69140625,3.0,0.3351504720031072,0.0,True,695,0.9120734908136483,0.4415927669397626,9.908339998219162,0.6519408286435568,2048,2048,2048,65536,32,uint8,32,2048,2048,2048,65536,6.47206000139704,0.10658269406382402,3.833079998730682,0.04898205456080932,nan,nan,6.087180000031367,0.044749943723751684,3.738440001325216,0.010546391816553445,nan,nan,orb,orb,orb,bf_ratio,0.8
hpatches,i_miniature,illumination,i_miniature_1_to_3,1,3,D:\桌面\IACV\Assigment1\data\hpatches\i_miniature\1.ppm,D:\桌面\IACV\Assigment1\data\hpatches\i_miniature\3.ppm,197,2048,1024,0.5,3.0,0.936461305838244,2048,197,157,40,1024,0.09619140625,0.7969543147208121,0.07666015625,0.1533203125,0.5,3.0,0.589911021375231,0.0,True,157,0.7969543147208121,0.7215201789222454,10.629519999201875,0.11439339931741711,2048,2048,2048,65536,32,uint8,32,2048,2048,2048,65536,6.47206000139704,0.10658269406382402,3.833079998730682,0.04898205456080932,nan,nan,5.330479994881898,0.05573169393414625,3.9385800002492033,0.13360295610313042,nan,nan,orb,orb,orb,bf_ratio,0.8
hpatches,i_miniature,illumination,i_miniature_1_to_4,1,4,D:\桌面\IACV\Assigment1\data\hpatches\i_miniature\1.ppm,D:\桌面\IACV\Assigment1\data\hpatches\i_miniature\4.ppm,66,2048,585,0.28564453125,3.0,0.9018702675321837,2048,66,27,39,585,0.0322265625,0.4090909090909091,0.01318359375,0.046153846153846156,0.28564453125,3.0,0.5982573459476578,0.0,True,27,0.4090909090909091,0.741472896901313,10.680980001052376,0.2309920460354679,2048,2048,2048,65536,32,uint8,32,2048,2048,2048,65536,6.47206000139704,0.10658269406382402,3.833079998730682,0.04898205456080932,nan,nan,5.196539999451488,0.1964334257499612,3.840799997851718,0.06551772391887338,nan,nan,orb,orb,orb,bf_ratio,0.8
hpatches,i_miniature,illumination,i_miniature_1_to_5,1,5,D:\桌面\IACV\Assigment1\data\hpatches\i_miniature\1.ppm,D:\桌面\IACV\Assigment1\data\hpatches\i_miniature\5.ppm,25,2048,272,0.1328125,3.0,612.9648883904346,2048,25,3,22,272,0.01220703125,0.12,0.00146484375,0.011029411764705883,0.1328125,3.0,0.8133341471354166,1.0,True,5,0.2,0.6422130034264191,10.570600001665298,0.0658746393754586,2048,2048,2048,65536,32,uint8,32,2048,2048,2048,65536,6.47206000139704,0.10658269406382402,3.833079998730682,0.04898205456080932,nan,nan,4.102639998018276,0.06279581522840444,3.790419999859296,0.06192031803788078,nan,nan,orb,orb,orb,bf_ratio,0.8
hpatches,i_miniature,illumination,i_miniature_1_to_6,1,6,D:\桌面\IACV\Assigment1\data\hpatches\i_miniature\1.ppm,D:\桌面\IACV\Assigment1\data\hpatches\i_miniature\6.ppm,241,2048,1045,0.51025390625,3.0,0.8825559972564778,2048,241,182,59,1045,0.11767578125,0.7551867219917012,0.0888671875,0.17416267942583732,0.51025390625,3.0,0.5510793238242095,0.0,True,181,0.7510373443983402,0.6583645990586676,11.38900000078138,0.7466295024330931,2048,2048,2048,65536,32,uint8,32,2048,2048,2048,65536,6.47206000139704,0.10658269406382402,3.833079998730682,0.04898205456080932,nan,nan,5.737980001140386,0.06721959218424108,4.134999999951106,0.04729033712710344,nan,nan,orb,orb,orb,bf_ratio,0.8
hpatches,i_nescafe,illumination,i_nescafe_1_to_2,1,2,D:\桌面\IACV\Assigment1\data\hpatches\i_nescafe\1.ppm,D:\桌面\IACV\Assigment1\data\hpatches\i_nescafe\2.ppm,818,2048,1451,0.70849609375,3.0,1.1174314798844662,2048,818,794,24,1451,0.3994140625,0.9706601466992665,0.3876953125,0.5472088215024121,0.70849609375,3.0,0.07820516203649745,0.0,True,794,0.9706601466992665,0.12026324062182504,11.044000003312249,0.09456515136432209,2048,2048,2048,65536,32,uint8,32,2048,2048,2048,65536,4.634479999367613,0.06785945650516621,6.946299999253824,0.22702500304437342,nan,nan,5.3213999985018745,0.09418386263711327,3.8445599988335744,0.026770325918939207,nan,nan,orb,orb,orb,bf_ratio,0.8
hpatches,i_nescafe,illumination,i_nescafe_1_to_3,1,3,D:\桌面\IACV\Assigment1\data\hpatches\i_nescafe\1.ppm,D:\桌面\IACV\Assigment1\data\hpatches\i_nescafe\3.ppm,847,2048,1444,0.705078125,3.0,0.4474079008514875,2048,847,812,35,1444,0.41357421875,0.9586776859504132,0.396484375,0.5623268698060941,0.705078125,3.0,0.12481050733528042,0.0,True,812,0.9586776859504132,0.15254087732708535,11.638720000337344,0.2234780842242182,2048,2048,2048,65536,32,uint8,32,2048,2048,2048,65536,4.634479999367613,0.06785945650516621,6.946299999253824,0.22702500304437342,nan,nan,5.526159999135416,0.12536134500830418,3.801000000385102,0.042209572436882586,nan,nan,orb,orb,orb,bf_ratio,0.8
hpatches,i_nescafe,illumination,i_nescafe_1_to_4,1,4,D:\桌面\IACV\Assigment1\data\hpatches\i_nescafe\1.ppm,D:\桌面\IACV\Assigment1\data\hpatches\i_nescafe\4.ppm,997,2048,1480,0.72265625,3.0,0.28881392407960876,2048,997,984,13,1480,0.48681640625,0.9869608826479438,0.48046875,0.6648648648648648,0.72265625,3.0,0.06906631778685865,0.0,True,984,0.9869608826479438,0.09235156300328841,10.960320002050139,0.17629487285256287,2048,2048,2048,65536,32,uint8,32,2048,2048,2048,65536,4.634479999367613,0.06785945650516621,6.946299999253824,0.22702500304437342,nan,nan,5.080920000909828,0.06766370754421688,3.9436000006389804,0.08773685688540207,nan,nan,orb,orb,orb,bf_ratio,0.8
hpatches,i_nescafe,illumination,i_nescafe_1_to_5,1,5,D:\桌面\IACV\Assigment1\data\hpatches\i_nescafe\1.ppm,D:\桌面\IACV\Assigment1\data\hpatches\i_nescafe\5.ppm,729,2048,1256,0.61328125,3.0,0.2158589335219905,2048,729,705,24,1256,0.35595703125,0.9670781893004116,0.34423828125,0.5613057324840764,0.61328125,3.0,0.07046439817222873,0.0,True,705,0.9670781893004116,0.09904615223242134,10.765900000114925,0.15973188770927108,2048,2048,2048,65536,32,uint8,32,2048,2048,2048,65536,4.634479999367613,0.06785945650516621,6.946299999253824,0.22702500304437342,nan,nan,4.121880000457168,0.11753536314663103,3.7191200026427396,0.07604465628245614,nan,nan,orb,orb,orb,bf_ratio,0.8
hpatches,i_nescafe,illumination,i_nescafe_1_to_6,1,6,D:\桌面\IACV\Assigment1\data\hpatches\i_nescafe\1.ppm,D:\桌面\IACV\Assigment1\data\hpatches\i_nescafe\6.ppm,527,2048,1237,0.60400390625,3.0,0.5850620720505584,2048,527,508,19,1237,0.25732421875,0.9639468690702088,0.248046875,0.4106709781729992,0.60400390625,3.0,0.10957471989136873,0.0,True,508,0.9639468690702088,0.14057418108958677,11.11770000134129,0.36104113325355147,2048,2048,2048,65536,32,uint8,32,2048,2048,2048,65536,4.634479999367613,0.06785945650516621,6.946299999253824,0.22702500304437342,nan,nan,5.92451999837067,0.2333827735212465,3.825259998848196,0.032821126670649785,nan,nan,orb,orb,orb,bf_ratio,0.8
hpatches,i_nijmegen,illumination,i_nijmegen_1_to_2,1,2,D:\桌面\IACV\Assigment1\data\hpatches\i_nijmegen\1.ppm,D:\桌面\IACV\Assigment1\data\hpatches\i_nijmegen\2.ppm,267,2048,728,0.35546875,3.0,2.3719207260953086,2048,267,190,77,728,0.13037109375,0.7116104868913857,0.0927734375,0.260989010989011,0.35546875,3.0,2.029457744120156,2.0735931396484375,True,235,0.8801498127340824,0.8769205292181665,10.852559997874778,0.3040938260420919,2048,2048,2048,65536,32,uint8,32,2048,2048,2048,65536,12.21720000175992,0.16557370658412698,6.075520000013057,0.05192249517238075,nan,nan,10.398939996957779,0.32509539865778153,6.463480001548305,0.38526018809901746,nan,nan,orb,orb,orb,bf_ratio,0.8
hpatches,i_nijmegen,illumination,i_nijmegen_1_to_3,1,3,D:\桌面\IACV\Assigment1\data\hpatches\i_nijmegen\1.ppm,D:\桌面\IACV\Assigment1\data\hpatches\i_nijmegen\3.ppm,443,2048,1002,0.4892578125,3.0,1.8490550204289133,2048,443,335,108,1002,0.21630859375,0.7562076749435666,0.16357421875,0.3343313373253493,0.4892578125,3.0,1.778098410009546,2.0,True,384,0.8668171557562077,1.022901765281222,11.073020000185352,0.6046655115803109,2048,2048,2048,65536,32,uint8,32,2048,2048,2048,65536,12.21720000175992,0.16557370658412698,6.075520000013057,0.05192249517238075,nan,nan,12.048460000369232,0.10522151089463974,6.124680001812521,0.09875601237128838,nan,nan,orb,orb,orb,bf_ratio,0.8
hpatches,i_nijmegen,illumination,i_nijmegen_1_to_4,1,4,D:\桌面\IACV\Assigment1\data\hpatches\i_nijmegen\1.ppm,D:\桌面\IACV\Assigment1\data\hpatches\i_nijmegen\4.ppm,55,2048,210,0.1025390625,3.0,1.2104458268822875,2048,55,32,23,210,0.02685546875,0.5818181818181818,0.015625,0.1523809523809524,0.1025390625,3.0,1.2923598203570972,1.4271060945410396,True,32,0.5818181818181818,1.219530382718022,11.156119998486247,0.676830140498917,2048,2048,2048,65536,32,uint8,32,2048,2048,2048,65536,12.21720000175992,0.16557370658412698,6.075520000013057,0.05192249517238075,nan,nan,8.341059999656864,0.08310551367555569,6.612020000466146,0.2527317344756248,nan,nan,orb,orb,orb,bf_ratio,0.8
hpatches,i_nijmegen,illumination,i_nijmegen_1_to_5,1,5,D:\桌面\IACV\Assigment1\data\hpatches\i_nijmegen\1.ppm,D:\桌面\IACV\Assigment1\data\hpatches\i_nijmegen\5.ppm,425,2048,1022,0.4990234375,3.0,1.743745410377133,2048,425,331,94,1022,0.20751953125,0.7788235294117647,0.16162109375,0.3238747553816047,0.4990234375,3.0,1.7053232157883627,2.0,True,374,0.88,1.166425303101012,11.41974000056507,0.5092985931041992,2048,2048,2048,65536,32,uint8,32,2048,2048,2048,65536,12.21720000175992,0.16557370658412698,6.075520000013057,0.05192249517238075,nan,nan,10.532799997599795,0.11042747786090017,6.413159999647178,0.22676905126245597,nan,nan,orb,orb,orb,bf_ratio,0.8
hpatches,i_nijmegen,illumination,i_nijmegen_1_to_6,1,6,D:\桌面\IACV\Assigment1\data\hpatches\i_nijmegen\1.ppm,D:\桌面\IACV\Assigment1\data\hpatches\i_nijmegen\6.ppm,336,2048,896,0.4375,3.0,1.6015147287058669,2048,336,262,74,896,0.1640625,0.7797619047619048,0.1279296875,0.2924107142857143,0.4375,3.0,1.521601218349503,1.6970533077792493,True,290,0.8630952380952381,1.1985341552717559,11.003279998840299,0.2721725432375558,2048,2048,2048,65536,32,uint8,32,2048,2048,2048,65536,12.21720000175992,0.16557370658412698,6.075520000013057,0.05192249517238075,nan,nan,10.03125999995973,0.1542427650900645,6.447579998348374,0.18108165451094857,nan,nan,orb,orb,orb,bf_ratio,0.8
hpatches,i_nuts,illumination,i_nuts_1_to_2,1,2,D:\桌面\IACV\Assigment1\data\hpatches\i_nuts\1.ppm,D:\桌面\IACV\Assigment1\data\hpatches\i_nuts\2.ppm,156,1027,428,0.41674780915287246,3.0,0.6415819623300856,1027,156,105,51,428,0.1518987341772152,0.6730769230769231,0.10223953261927946,0.24532710280373832,0.41674780915287246,3.0,0.5779400029172649,0.0,True,105,0.6730769230769231,0.6255904325590931,2.9901800022344105,0.2325488114842665,1027,1027,1027,32864,32,uint8,32,1030,1030,1030,32960,2.0573200003127567,0.07950029798381456,2.1209600003203377,0.05407637465886963,nan,nan,2.0180199964670464,0.03740269382570749,2.1456399976159446,0.038852161203842106,nan,nan,orb,orb,orb,bf_ratio,0.8
hpatches,i_nuts,illumination,i_nuts_1_to_3,1,3,D:\桌面\IACV\Assigment1\data\hpatches\i_nuts\1.ppm,D:\桌面\IACV\Assigment1\data\hpatches\i_nuts\3.ppm,48,1027,325,0.31645569620253167,3.0,3.8616577371873575,1027,48,16,32,325,0.04673807205452775,0.3333333333333333,0.01557935735150925,0.04923076923076923,0.31645569620253167,3.0,0.510051556711299,0.0,True,16,0.3333333333333333,0.6238866262050806,3.359299998555798,0.0887121640967896,1027,1027,1027,32864,32,uint8,32,1209,1209,1209,38688,2.0573200003127567,0.07950029798381456,2.1209600003203377,0.05407637465886963,nan,nan,2.2185599998920225,0.06707510710606937,2.3777800000971183,0.03507092335598847,nan,nan,orb,orb,orb,bf_ratio,0.8
hpatches,i_nuts,illumination,i_nuts_1_to_4,1,4,D:\桌面\IACV\Assigment1\data\hpatches\i_nuts\1.ppm,D:\桌面\IACV\Assigment1\data\hpatches\i_nuts\4.ppm,27,1027,276,0.26874391431353456,3.0,369.48846821506805,1027,27,0,27,276,0.02629016553067186,0.0,0.0,0.0,0.26874391431353456,3.0,nan,nan,True,5,0.18518518518518517,0.3797665116202932,4.412020000745542,0.37021640968772696,1027,1027,1027,32864,32,uint8,32,1511,1511,1511,48352,2.0573200003127567,0.07950029798381456,2.1209600003203377,0.05407637465886963,nan,nan,2.3841400019591674,0.07469357533934426,2.5714800009154715,0.010401613054089789,nan,nan,orb,orb,orb,bf_ratio,0.8
hpatches,i_nuts,illumination,i_nuts_1_to_5,1,5,D:\桌面\IACV\Assigment1\data\hpatches\i_nuts\1.ppm,D:\桌面\IACV\Assigment1\data\hpatches\i_nuts\5.ppm,23,1027,225,0.21908471275559882,3.0,375.0424020403944,1027,23,0,23,225,0.022395326192794548,0.0,0.0,0.0,0.21908471275559882,3.0,nan,nan,True,4,0.17391304347826086,3.473321699995837e-13,3.844780000508763,0.16654394588357493,1027,1027,1027,32864,32,uint8,32,1473,1473,1473,47136,2.0573200003127567,0.07950029798381456,2.1209600003203377,0.05407637465886963,nan,nan,2.2907799982931465,0.05265326055327535,2.4223000029451214,0.04552941766667425,nan,nan,orb,orb,orb,bf_ratio,0.8
hpatches,i_nuts,illumination,i_nuts_1_to_6,1,6,D:\桌面\IACV\Assigment1\data\hpatches\i_nuts\1.ppm,D:\桌面\IACV\Assigment1\data\hpatches\i_nuts\6.ppm,33,1027,192,0.186952288218111,3.0,419.3525171779176,1027,33,0,33,192,0.03213242453748783,0.0,0.0,0.0,0.186952288218111,3.0,nan,nan,True,6,0.18181818181818182,0.772895464644185,3.377960000943858,0.0531136748866562,1027,1027,1027,32864,32,uint8,32,1262,1262,1262,40384,2.0573200003127567,0.07950029798381456,2.1209600003203377,0.05407637465886963,nan,nan,2.157660000375472,0.06271572429991146,2.3708400010946207,0.014535555069872278,nan,nan,orb,orb,orb,bf_ratio,0.8
hpatches,i_objects,illumination,i_objects_1_to_2,1,2,D:\桌面\IACV\Assigment1\data\hpatches\i_objects\1.ppm,D:\桌面\IACV\Assigment1\data\hpatches\i_objects\2.ppm,287,2048,967,0.47216796875,3.0,1.821677741424432,2048,287,224,63,967,0.14013671875,0.7804878048780488,0.109375,0.23164426059979318,0.47216796875,3.0,1.559863156469092,1.6970357749121459,True,235,0.818815331010453,1.0628570406006064,10.416060000716243,0.3813969563618689,2048,2048,2048,65536,32,uint8,32,2048,2048,2048,65536,12.548319999768864,0.2941460116689904,5.213799999910407,0.13151573336466166,nan,nan,12.165140002616681,0.1962956424977442,5.256239998561796,0.07582756009408735,nan,nan,orb,orb,orb,bf_ratio,0.8
hpatches,i_objects,illumination,i_objects_1_to_3,1,3,D:\桌面\IACV\Assigment1\data\hpatches\i_objects\1.ppm,D:\桌面\IACV\Assigment1\data\hpatches\i_objects\3.ppm,123,2048,772,0.376953125,3.0,2.3017217161962176,2048,123,82,41,772,0.06005859375,0.6666666666666666,0.0400390625,0.10621761658031088,0.376953125,3.0,1.6778062390099617,1.712519923395307,True,84,0.6829268292682927,1.1748806930010938,10.77864000108093,0.414616260954788,2048,2048,2048,65536,32,uint8,32,2048,2048,2048,65536,12.548319999768864,0.2941460116689904,5.213799999910407,0.13151573336466166,nan,nan,11.77107999974396,0.0851416809369667,5.821479999576695,0.1516835711861219,nan,nan,orb,orb,orb,bf_ratio,0.8
hpatches,i_objects,illumination,i_objects_1_to_4,1,4,D:\桌面\IACV\Assigment1\data\hpatches\i_objects\1.ppm,D:\桌面\IACV\Assigment1\data\hpatches\i_objects\4.ppm,92,2048,590,0.2880859375,3.0,2.372100211355291,2048,92,57,35,590,0.044921875,0.6195652173913043,0.02783203125,0.09661016949152543,0.2880859375,3.0,1.6431540119066996,1.5509255603935619,True,59,0.6413043478260869,0.9683503589795253,10.39905999932671,0.18064891380036702,2048,2048,2048,65536,32,uint8,32,2048,2048,2048,65536,12.548319999768864,0.2941460116689904,5.213799999910407,0.13151573336466166,nan,nan,12.887800000316929,0.18350850381716,5.6420199980493635,0.09707462071062185,nan,nan,orb,orb,orb,bf_ratio,0.8
hpatches,i_objects,illumination,i_objects_1_to_5,1,5,D:\桌面\IACV\Assigment1\data\hpatches\i_objects\1.ppm,D:\桌面\IACV\Assigment1\data\hpatches\i_objects\5.ppm,95,2048,575,0.28076171875,3.0,1.6174658663999353,2048,95,57,38,575,0.04638671875,0.6,0.02783203125,0.09913043478260869,0.28076171875,3.0,1.6173805464087216,1.697008800774752,True,59,0.6210526315789474,0.850222753499116,10.401320000528358,0.26763185692327174,2048,2048,2048,65536,32,uint8,32,2048,2048,2048,65536,12.548319999768864,0.2941460116689904,5.213799999910407,0.13151573336466166,nan,nan,12.091820000205189,0.21996251646551163,5.496640001365449,0.30572718245460745,nan,nan,orb,orb,orb,bf_ratio,0.8
hpatches,i_objects,illumination,i_objects_1_to_6,1,6,D:\桌面\IACV\Assigment1\data\hpatches\i_objects\1.ppm,D:\桌面\IACV\Assigment1\data\hpatches\i_objects\6.ppm,488,2048,1205,0.58837890625,3.0,1.3164601419163868,2048,488,447,41,1205,0.23828125,0.9159836065573771,0.21826171875,0.37095435684647304,0.58837890625,3.0,0.7863395723027377,0.0,True,450,0.9221311475409836,0.8316994944520977,11.030480000772513,0.6531095497611671,2048,2048,2048,65536,32,uint8,32,2048,2048,2048,65536,12.548319999768864,0.2941460116689904,5.213799999910407,0.13151573336466166,nan,nan,11.812119999376591,0.41349937999912184,5.827860000135843,0.37695998888086224,nan,nan,orb,orb,orb,bf_ratio,0.8
hpatches,i_parking,illumination,i_parking_1_to_2,1,2,D:\桌面\IACV\Assigment1\data\hpatches\i_parking\1.ppm,D:\桌面\IACV\Assigment1\data\hpatches\i_parking\2.ppm,433,1698,1164,0.6855123674911661,3.0,0.2623971866927203,1698,433,389,44,1164,0.25500588928150764,0.8983833718244804,0.22909305064782096,0.33419243986254293,0.6855123674911661,3.0,0.6438616297175017,0.0,True,388,0.8960739030023095,0.7095662568006535,7.504100001824554,0.06147431962458682,1698,1698,1698,54336,32,uint8,32,1667,1667,1667,53344,3.0192199992598034,0.05302596899679905,2.8545000008307397,0.07772973762171892,nan,nan,2.968120001605712,0.050505738750943864,2.7823799988254905,0.05849397762041544,nan,nan,orb,orb,orb,bf_ratio,0.8
hpatches,i_parking,illumination,i_parking_1_to_3,1,3,D:\桌面\IACV\Assigment1\data\hpatches\i_parking\1.ppm,D:\桌面\IACV\Assigment1\data\hpatches\i_parking\3.ppm,372,1698,1162,0.6843345111896348,3.0,0.325836596736001,1698,372,331,41,1162,0.21908127208480566,0.8897849462365591,0.19493521790341578,0.2848537005163511,0.6843345111896348,3.0,0.6967777574483147,0.0,True,328,0.8817204301075269,0.7637428133731439,7.8554599997005425,0.34834003726141266,1698,1698,1698,54336,32,uint8,32,1778,1778,1778,56896,3.0192199992598034,0.05302596899679905,2.8545000008307397,0.07772973762171892,nan,nan,3.1569400016451254,0.039341102502864184,2.775679998740088,0.03516534653694478,nan,nan,orb,orb,orb,bf_ratio,0.8
hpatches,i_parking,illumination,i_parking_1_to_4,1,4,D:\桌面\IACV\Assigment1\data\hpatches\i_parking\1.ppm,D:\桌面\IACV\Assigment1\data\hpatches\i_parking\4.ppm,168,1698,918,0.5406360424028268,3.0,4.0954220985896255,1698,168,127,41,918,0.0989399293286219,0.7559523809523809,0.07479387514723204,0.1383442265795207,0.5406360424028268,3.0,1.3645664640806388,1.44000244140625,True,119,0.7083333333333334,1.1126056521980063,7.534019999729935,0.23667524884176566,1698,1698,1698,54336,32,uint8,32,1610,1610,1610,51520,3.0192199992598034,0.05302596899679905,2.8545000008307397,0.07772973762171892,nan,nan,2.676559997780714,0.032568364508257085,2.6175199993303977,0.07122385768867252,nan,nan,orb,orb,orb,bf_ratio,0.8
hpatches,i_parking,illumination,i_parking_1_to_5,1,5,D:\桌面\IACV\Assigment1\data\hpatches\i_parking\1.ppm,D:\桌面\IACV\Assigment1\data\hpatches\i_parking\5.ppm,113,1698,656,0.38633686690223795,3.0,1.6698327832660613,1698,113,88,25,656,0.06654888103651355,0.7787610619469026,0.05182567726737338,0.13414634146341464,0.38633686690223795,3.0,1.0847317265230834,1.2000045776367188,True,89,0.7876106194690266,0.89282779215042,9.033399999316316,0.36395100849184303,1698,1698,1698,54336,32,uint8,32,1891,1891,1891,60512,3.0192199992598034,0.05302596899679905,2.8545000008307397,0.07772973762171892,nan,nan,3.480699998908676,0.023402135187566713,3.1224799997289665,0.033830780842184084,nan,nan,orb,orb,orb,bf_ratio,0.8
hpatches,i_parking,illumination,i_parking_1_to_6,1,6,D:\桌面\IACV\Assigment1\data\hpatches\i_parking\1.ppm,D:\桌面\IACV\Assigment1\data\hpatches\i_parking\6.ppm,178,1698,758,0.4464075382803298,3.0,1.3433052668346028,1698,178,143,35,758,0.10482921083627797,0.8033707865168539,0.08421672555948174,0.18865435356200527,0.4464075382803298,3.0,1.182870522934569,1.1999969482421875,True,144,0.8089887640449438,0.936040167269604,7.405540002218913,0.36862066418190625,1698,1698,1698,54336,32,uint8,32,1655,1655,1655,52960,3.0192199992598034,0.05302596899679905,2.8545000008307397,0.07772973762171892,nan,nan,3.2998599999700673,0.31195351507244096,3.7278800009517,0.8112626325752897,nan,nan,orb,orb,orb,bf_ratio,0.8
hpatches,i_partyfood,illumination,i_partyfood_1_to_2,1,2,D:\桌面\IACV\Assigment1\data\hpatches\i_partyfood\1.ppm,D:\桌面\IACV\Assigment1\data\hpatches\i_partyfood\2.ppm,1355,2048,1826,0.8916015625,3.0,0.09354101486465854,2048,1355,1329,26,1826,0.66162109375,0.9808118081180812,0.64892578125,0.7278203723986857,0.8916015625,3.0,0.09863479114273546,0.0,True,1330,0.981549815498155,0.1353070028653022,10.78947999922093,0.08353931991691202,2048,2048,2048,65536,32,uint8,32,2048,2048,2048,65536,4.145420000713784,0.018697958105559475,4.567320000205655,0.08737155992839124,nan,nan,4.393200000049546,0.2797729008744139,4.669480001030024,0.0633101385435449,nan,nan,orb,orb,orb,bf_ratio,0.8
hpatches,i_partyfood,illumination,i_partyfood_1_to_3,1,3,D:\桌面\IACV\Assigment1\data\hpatches\i_partyfood\1.ppm,D:\桌面\IACV\Assigment1\data\hpatches\i_partyfood\3.ppm,928,2048,1668,0.814453125,3.0,0.31340808054220787,2048,928,897,31,1668,0.453125,0.9665948275862069,0.43798828125,0.5377697841726619,0.814453125,3.0,0.2828767551673481,0.0,True,895,0.9644396551724138,0.35739517507717766,11.396679999597836,0.20385667004551733,2048,2048,2048,65536,32,uint8,32,2048,2048,2048,65536,4.145420000713784,0.018697958105559475,4.567320000205655,0.08737155992839124,nan,nan,4.146579999360256,0.053872123072567245,5.082020002009813,0.08941016428295308,nan,nan,orb,orb,orb,bf_ratio,0.8
hpatches,i_partyfood,illumination,i_partyfood_1_to_4,1,4,D:\桌面\IACV\Assigment1\data\hpatches\i_partyfood\1.ppm,D:\桌面\IACV\Assigment1\data\hpatches\i_partyfood\4.ppm,596,2048,1495,0.72998046875,3.0,0.8350257134295426,2048,596,541,55,1495,0.291015625,0.9077181208053692,0.26416015625,0.36187290969899666,0.72998046875,3.0,0.6347175519110126,0.0,True,542,0.9093959731543624,0.740461404349005,10.779619999811985,0.13199377559123301,2048,2048,2048,65536,32,uint8,32,2048,2048,2048,65536,4.145420000713784,0.018697958105559475,4.567320000205655,0.08737155992839124,nan,nan,3.9438000007066876,0.06339451288463487,4.995879999478348,0.049356918512737886,nan,nan,orb,orb,orb,bf_ratio,0.8
hpatches,i_partyfood,illumination,i_partyfood_1_to_5,1,5,D:\桌面\IACV\Assigment1\data\hpatches\i_partyfood\1.ppm,D:\桌面\IACV\Assigment1\data\hpatches\i_partyfood\5.ppm,463,2048,1423,0.69482421875,3.0,1.3682723818735567,2048,463,421,42,1423,0.22607421875,0.9092872570194385,0.20556640625,0.29585382993675335,0.69482421875,3.0,0.7972418371450187,1.0,True,422,0.9114470842332614,0.8065120251763617,11.54036000079941,0.2310038349057929,2048,2048,2048,65536,32,uint8,32,2048,2048,2048,65536,4.145420000713784,0.018697958105559475,4.567320000205655,0.08737155992839124,nan,nan,3.6301399988587946,0.12335893368212963,5.089340000995435,0.24054103670330426,nan,nan,orb,orb,orb,bf_ratio,0.8
hpatches,i_partyfood,illumination,i_partyfood_1_to_6,1,6,D:\桌面\IACV\Assigment1\data\hpatches\i_partyfood\1.ppm,D:\桌面\IACV\Assigment1\data\hpatches\i_partyfood\6.ppm,290,2048,1243,0.60693359375,3.0,1.387334370398842,2048,290,249,41,1243,0.1416015625,0.8586206896551725,0.12158203125,0.2003218020917136,0.60693359375,3.0,0.8655213354285894,1.0,True,251,0.8655172413793103,0.8422130902305804,11.172819999046624,0.3088304791271324,2048,2048,2048,65536,32,uint8,32,2047,2047,2047,65504,4.145420000713784,0.018697958105559475,4.567320000205655,0.08737155992839124,nan,nan,3.7502599981962703,0.0749633139447502,4.899820001446642,0.15851674190492326,nan,nan,orb,orb,orb,bf_ratio,0.8
hpatches,i_pencils,illumination,i_pencils_1_to_2,1,2,D:\桌面\IACV\Assigment1\data\hpatches\i_pencils\1.ppm,D:\桌面\IACV\Assigment1\data\hpatches\i_pencils\2.ppm,162,2048,689,0.33642578125,3.0,1.8553818792932648,2048,162,101,61,689,0.0791015625,0.6234567901234568,0.04931640625,0.14658925979680695,0.33642578125,3.0,0.9685118368442588,1.0,True,104,0.6419753086419753,1.0851692298101734,10.541420000663493,0.4348677314005013,2048,2048,2048,65536,32,uint8,32,2048,2048,2048,65536,11.350039999524597,0.22258490141882986,8.01872000010917,0.09543538772146387,nan,nan,13.111699998262338,0.3340915092578437,10.208100000454579,0.962181106914312,nan,nan,orb,orb,orb,bf_ratio,0.8
hpatches,i_pencils,illumination,i_pencils_1_to_3,1,3,D:\桌面\IACV\Assigment1\data\hpatches\i_pencils\1.ppm,D:\桌面\IACV\Assigment1\data\hpatches\i_pencils\3.ppm,90,2048,190,0.0927734375,3.0,9.651666078738641,2048,90,0,90,190,0.0439453125,0.0,0.0,0.0,0.0927734375,3.0,nan,nan,True,14,0.15555555555555556,0.8754149548867166,10.566860000835732,0.21953198031374913,2048,2048,2048,65536,32,uint8,32,2048,2048,2048,65536,11.350039999524597,0.22258490141882986,8.01872000010917,0.09543538772146387,nan,nan,14.665780001087114,0.3284366137326646,9.26482000213582,0.2836039394252446,nan,nan,orb,orb,orb,bf_ratio,0.8
hpatches,i_pencils,illumination,i_pencils_1_to_4,1,4,D:\桌面\IACV\Assigment1\data\hpatches\i_pencils\1.ppm,D:\桌面\IACV\Assigment1\data\hpatches\i_pencils\4.ppm,205,2048,207,0.10107421875,3.0,16.773267615057463,2048,205,0,205,207,0.10009765625,0.0,0.0,0.0,0.10107421875,3.0,nan,nan,True,138,0.6731707317073171,1.2665327383978664,10.576199999195524,0.3664989786900397,2048,2048,2048,65536,32,uint8,32,2048,2048,2048,65536,11.350039999524597,0.22258490141882986,8.01872000010917,0.09543538772146387,nan,nan,11.971640000410844,0.2116488545537587,8.639039999980014,0.35644544937666234,nan,nan,orb,orb,orb,bf_ratio,0.8
hpatches,i_pencils,illumination,i_pencils_1_to_5,1,5,D:\桌面\IACV\Assigment1\data\hpatches\i_pencils\1.ppm,D:\桌面\IACV\Assigment1\data\hpatches\i_pencils\5.ppm,88,2048,567,0.27685546875,3.0,10.33368211569094,2048,88,26,62,567,0.04296875,0.29545454545454547,0.0126953125,0.04585537918871252,0.27685546875,3.0,1.7851942359704838,1.6970627486379444,True,26,0.29545454545454547,1.0613106765182636,10.928639999474399,0.39995714840753716,2048,2048,2048,65536,32,uint8,32,2048,2048,2048,65536,11.350039999524597,0.22258490141882986,8.01872000010917,0.09543538772146387,nan,nan,14.274899997690227,0.502148046820924,8.810200000880286,0.2879360501056182,nan,nan,orb,orb,orb,bf_ratio,0.8
hpatches,i_pencils,illumination,i_pencils_1_to_6,1,6,D:\桌面\IACV\Assigment1\data\hpatches\i_pencils\1.ppm,D:\桌面\IACV\Assigment1\data\hpatches\i_pencils\6.ppm,116,2048,550,0.2685546875,3.0,3.3178931075953897,2048,116,30,86,550,0.056640625,0.25862068965517243,0.0146484375,0.05454545454545454,0.2685546875,3.0,2.1552778383708775,2.080825905350249,True,37,0.31896551724137934,1.0537079959586904,10.772780000115745,0.19435321799748823,2048,2048,2048,65536,32,uint8,32,2048,2048,2048,65536,11.350039999524597,0.22258490141882986,8.01872000010917,0.09543538772146387,nan,nan,15.072079999663401,0.33706145098264206,9.389119998377282,0.20492520877044784,nan,nan,orb,orb,orb,bf_ratio,0.8
hpatches,i_pinard,illumination,i_pinard_1_to_2,1,2,D:\桌面\IACV\Assigment1\data\hpatches\i_pinard\1.ppm,D:\桌面\IACV\Assigment1\data\hpatches\i_pinard\2.ppm,528,2009,1328,0.6610253857640617,3.0,0.9770151636301504,2009,528,477,51,1328,0.2628173220507715,0.9034090909090909,0.23743155798904927,0.35918674698795183,0.6610253857640617,3.0,0.3539642702675993,0.0,True,477,0.9034090909090909,0.43171370207403637,10.292000000481494,0.18954078192975343,2009,2009,2009,64288,32,uint8,32,1910,1910,1910,61120,3.725799999665469,0.05540646293713964,3.8178000002517365,0.08319091336373931,nan,nan,3.540860000066459,0.1621343453086179,3.848879999713972,0.19386484055406006,nan,nan,orb,orb,orb,bf_ratio,0.8
hpatches,i_pinard,illumination,i_pinard_1_to_3,1,3,D:\桌面\IACV\Assigment1\data\hpatches\i_pinard\1.ppm,D:\桌面\IACV\Assigment1\data\hpatches\i_pinard\3.ppm,549,2009,1097,0.5460428073668492,3.0,2.677928541383855,2009,549,510,39,1097,0.2732702837232454,0.9289617486338798,0.2538576406172225,0.4649042844120328,0.5460428073668492,3.0,0.13515145441304566,0.0,True,509,0.9271402550091075,0.17117785850037853,10.451520000060555,0.2794496899078272,2009,2009,2009,64288,32,uint8,32,2048,2048,2048,65536,3.725799999665469,0.05540646293713964,3.8178000002517365,0.08319091336373931,nan,nan,4.535060000489466,0.05572484555583455,3.939360000367742,0.025641966057016092,nan,nan,orb,orb,orb,bf_ratio,0.8
hpatches,i_pinard,illumination,i_pinard_1_to_4,1,4,D:\桌面\IACV\Assigment1\data\hpatches\i_pinard\1.ppm,D:\桌面\IACV\Assigment1\data\hpatches\i_pinard\4.ppm,547,2009,1154,0.5744151319064211,3.0,0.5721155199573077,2009,547,519,28,1154,0.2722747635639622,0.9488117001828154,0.25833748133399703,0.44974003466204504,0.5744151319064211,3.0,0.1397297336792923,0.0,True,518,0.946983546617916,0.1771500801773773,10.31335999869043,0.07374503615987987,2009,2009,2009,64288,32,uint8,32,2048,2048,2048,65536,3.725799999665469,0.05540646293713964,3.8178000002517365,0.08319091336373931,nan,nan,4.3531000017537735,0.09028656632715659,4.08746000030078,0.14739243778578504,nan,nan,orb,orb,orb,bf_ratio,0.8
hpatches,i_pinard,illumination,i_pinard_1_to_5,1,5,D:\桌面\IACV\Assigment1\data\hpatches\i_pinard\1.ppm,D:\桌面\IACV\Assigment1\data\hpatches\i_pinard\5.ppm,570,2009,1258,0.6261821801891488,3.0,0.8002748394547864,2009,570,529,41,1258,0.28372324539571925,0.9280701754385965,0.26331508213041316,0.4205087440381558,0.6261821801891488,3.0,0.12347339792074499,0.0,True,529,0.9280701754385965,0.159208630025104,10.26615999871865,0.02535189243625342,2009,2009,2009,64288,32,uint8,32,2048,2048,2048,65536,3.725799999665469,0.05540646293713964,3.8178000002517365,0.08319091336373931,nan,nan,3.8455400019302033,0.05648255039911491,3.636399998504203,0.030589605340849813,nan,nan,orb,orb,orb,bf_ratio,0.8
hpatches,i_pinard,illumination,i_pinard_1_to_6,1,6,D:\桌面\IACV\Assigment1\data\hpatches\i_pinard\1.ppm,D:\桌面\IACV\Assigment1\data\hpatches\i_pinard\6.ppm,563,2009,1394,0.6938775510204082,3.0,0.8391407927661418,2009,563,522,41,1394,0.280238924838228,0.9271758436944938,0.25983076157292184,0.3744619799139168,0.6938775510204082,3.0,0.16512775701932347,0.0,True,522,0.9271758436944938,0.2164358636500971,11.02312000002712,0.23585501009134038,2009,2009,2009,64288,32,uint8,32,2045,2045,2045,65440,3.725799999665469,0.05540646293713964,3.8178000002517365,0.08319091336373931,nan,nan,3.801200000452809,0.0624765245888602,3.8960999983828515,0.04093233443742676,nan,nan,orb,orb,orb,bf_ratio,0.8
hpatches,i_pool,illumination,i_pool_1_to_2,1,2,D:\桌面\IACV\Assigment1\data\hpatches\i_pool\1.ppm,D:\桌面\IACV\Assigment1\data\hpatches\i_pool\2.ppm,42,2041,349,0.17099461048505635,3.0,46.83293291064761,2041,42,6,36,349,0.020578147966683,0.14285714285714285,0.002939735423811857,0.017191977077363897,0.17099461048505635,3.0,0.9749809326643367,0.9123199996016196,True,7,0.16666666666666666,0.5957925058585226,6.736799998907372,0.1671023260500269,2041,2041,2041,65312,32,uint8,32,1167,1167,1167,37344,4.411960000288673,0.0735416245957553,3.993259997514542,0.09113367404510664,nan,nan,2.6113000028999522,0.06674914310698808,3.628960000060033,0.0804304554593901,nan,nan,orb,orb,orb,bf_ratio,0.8
hpatches,i_pool,illumination,i_pool_1_to_3,1,3,D:\桌面\IACV\Assigment1\data\hpatches\i_pool\1.ppm,D:\桌面\IACV\Assigment1\data\hpatches\i_pool\3.ppm,29,2041,225,0.11024007839294464,3.0,757.2315120011358,2041,29,0,29,225,0.014208721215090642,0.0,0.0,0.0,0.11024007839294464,3.0,nan,nan,True,5,0.1724137931034483,0.20172221755775852,5.429719999665394,0.07828668665320986,2041,2041,2041,65312,32,uint8,32,988,988,988,31616,4.411960000288673,0.0735416245957553,3.993259997514542,0.09113367404510664,nan,nan,2.674499999557156,0.07497367275093303,3.4146599980886094,0.0988640784822362,nan,nan,orb,orb,orb,bf_ratio,0.8
hpatches,i_pool,illumination,i_pool_1_to_4,1,4,D:\桌面\IACV\Assigment1\data\hpatches\i_pool\1.ppm,D:\桌面\IACV\Assigment1\data\hpatches\i_pool\4.ppm,35,2041,243,0.1190592846643802,3.0,596.868898267451,2041,35,2,33,243,0.0171484566389025,0.05714285714285714,0.0009799118079372856,0.00823045267489712,0.1190592846643802,3.0,1.2637843332339176,1.2637843332339176,True,5,0.14285714285714285,0.4760563976398883,6.19449999940116,0.3048014778413664,2041,2041,2041,65312,32,uint8,32,1149,1149,1149,36768,4.411960000288673,0.0735416245957553,3.993259997514542,0.09113367404510664,nan,nan,2.6670000021113083,0.09102406271766059,3.212220002023969,0.05932157917553482,nan,nan,orb,orb,orb,bf_ratio,0.8
hpatches,i_pool,illumination,i_pool_1_to_5,1,5,D:\桌面\IACV\Assigment1\data\hpatches\i_pool\1.ppm,D:\桌面\IACV\Assigment1\data\hpatches\i_pool\5.ppm,35,2041,288,0.14110730034296914,3.0,nan,2041,35,0,35,288,0.0171484566389025,0.0,0.0,0.0,0.14110730034296914,3.0,nan,nan,False,0,0.0,nan,5.990880000172183,0.1293425129803563,2041,2041,2041,65312,32,uint8,32,1104,1104,1104,35328,4.411960000288673,0.0735416245957553,3.993259997514542,0.09113367404510664,nan,nan,2.6558600016869605,0.1037998972366399,3.354799997759983,0.08648435582724719,nan,nan,orb,orb,orb,bf_ratio,0.8
hpatches,i_pool,illumination,i_pool_1_to_6,1,6,D:\桌面\IACV\Assigment1\data\hpatches\i_pool\1.ppm,D:\桌面\IACV\Assigment1\data\hpatches\i_pool\6.ppm,38,2041,266,0.13032827045565898,3.0,586.1547957488908,2041,38,0,38,266,0.018618324350808426,0.0,0.0,0.0,0.13032827045565898,3.0,nan,nan,True,4,0.10526315789473684,0.9036023833292554,5.417859998124186,0.14747712406529817,2041,2041,2041,65312,32,uint8,32,1023,1023,1023,32736,4.411960000288673,0.0735416245957553,3.993259997514542,0.09113367404510664,nan,nan,2.527620000182651,0.039389104448693445,3.5693000012543052,0.1228229278232606,nan,nan,orb,orb,orb,bf_ratio,0.8
hpatches,i_porta,illumination,i_porta_1_to_2,1,2,D:\桌面\IACV\Assigment1\data\hpatches\i_porta\1.ppm,D:\桌面\IACV\Assigment1\data\hpatches\i_porta\2.ppm,903,1724,1314,0.7621809744779582,3.0,0.3015788599569501,1724,903,873,30,1314,0.5237819025522041,0.9667774086378738,0.5063805104408353,0.6643835616438356,0.7621809744779582,3.0,0.47108087924130776,0.0,True,872,0.9656699889258029,0.5394282729743805,7.72632000152953,0.1230216298177492,1724,1724,1724,55168,32,uint8,32,1740,1740,1740,55680,3.1794800015632063,0.1329034141469466,3.0387599996174686,0.1516515297235476,nan,nan,3.218560000823345,0.02682495909460514,2.965680001943838,0.07983285998423507,nan,nan,orb,orb,orb,bf_ratio,0.8
hpatches,i_porta,illumination,i_porta_1_to_3,1,3,D:\桌面\IACV\Assigment1\data\hpatches\i_porta\1.ppm,D:\桌面\IACV\Assigment1\data\hpatches\i_porta\3.ppm,932,1724,1317,0.7639211136890951,3.0,0.29081862304264094,1724,932,895,37,1317,0.5406032482598608,0.9603004291845494,0.5191415313225058,0.6795747911921033,0.7639211136890951,3.0,0.4584586742176297,0.0,True,895,0.9603004291845494,0.5415932474187521,8.143259999633301,0.20799002534629232,1724,1724,1724,55168,32,uint8,32,1728,1728,1728,55296,3.1794800015632063,0.1329034141469466,3.0387599996174686,0.1516515297235476,nan,nan,3.2396399998106062,0.03665321737804014,2.8894000002765097,0.08553004137645101,nan,nan,orb,orb,orb,bf_ratio,0.8
hpatches,i_porta,illumination,i_porta_1_to_4,1,4,D:\桌面\IACV\Assigment1\data\hpatches\i_porta\1.ppm,D:\桌面\IACV\Assigment1\data\hpatches\i_porta\4.ppm,479,1724,1288,0.7470997679814385,3.0,2.3996105572121182,1724,479,446,33,1288,0.27784222737819025,0.9311064718162839,0.25870069605568446,0.34627329192546585,0.7470997679814385,3.0,0.7765627748379336,0.35137176590021957,True,438,0.9144050104384134,0.9486765487467191,8.154280000599101,0.08595611418185305,1724,1724,1724,55168,32,uint8,32,1836,1836,1836,58752,3.1794800015632063,0.1329034141469466,3.0387599996174686,0.1516515297235476,nan,nan,3.0970800027716905,0.0750005439698351,2.7508599989232607,0.03467296522015297,nan,nan,orb,orb,orb,bf_ratio,0.8
hpatches,i_porta,illumination,i_porta_1_to_5,1,5,D:\桌面\IACV\Assigment1\data\hpatches\i_porta\1.ppm,D:\桌面\IACV\Assigment1\data\hpatches\i_porta\5.ppm,390,1724,1180,0.6844547563805105,3.0,1.2229689038039064,1724,390,352,38,1180,0.22621809744779584,0.9025641025641026,0.20417633410672853,0.2983050847457627,0.6844547563805105,3.0,0.9565639117439498,1.0,True,354,0.9076923076923077,1.0367178075804488,8.119359998090658,0.17034504641814482,1724,1724,1724,55168,32,uint8,32,1813,1813,1813,58016,3.1794800015632063,0.1329034141469466,3.0387599996174686,0.1516515297235476,nan,nan,2.6092999993124977,0.0698166774404141,2.7638800005661324,0.0698430357654142,nan,nan,orb,orb,orb,bf_ratio,0.8
hpatches,i_porta,illumination,i_porta_1_to_6,1,6,D:\桌面\IACV\Assigment1\data\hpatches\i_porta\1.ppm,D:\桌面\IACV\Assigment1\data\hpatches\i_porta\6.ppm,388,1724,984,0.5707656612529002,3.0,13.856223872958484,1724,388,367,21,984,0.22505800464037123,0.9458762886597938,0.212877030162413,0.37296747967479676,0.5707656612529002,3.0,0.8061182827489585,0.0,True,365,0.9407216494845361,0.873766372707985,8.208460001333151,0.21693319466910313,1724,1724,1724,55168,32,uint8,32,1862,1862,1862,59584,3.1794800015632063,0.1329034141469466,3.0387599996174686,0.1516515297235476,nan,nan,3.0607799970312044,0.025346353482898112,2.8311799993389286,0.10775875854747768,nan,nan,orb,orb,orb,bf_ratio,0.8
hpatches,i_resort,illumination,i_resort_1_to_2,1,2,D:\桌面\IACV\Assigment1\data\hpatches\i_resort\1.ppm,D:\桌面\IACV\Assigment1\data\hpatches\i_resort\2.ppm,567,2048,1233,0.60205078125,3.0,0.26020179401586463,2048,567,541,26,1233,0.27685546875,0.9541446208112875,0.26416015625,0.43876723438767234,0.60205078125,3.0,0.42501950666765176,0.0,True,541,0.9541446208112875,0.5004864958998904,10.591640001803171,0.19898933249513634,2048,2048,2048,65536,32,uint8,32,2048,2048,2048,65536,7.07329999859212,0.17552882310652632,4.44446000183234,0.07241399381107454,nan,nan,10.053979999793228,0.19832743971639402,4.603900002257433,0.04962120314574698,nan,nan,orb,orb,orb,bf_ratio,0.8
hpatches,i_resort,illumination,i_resort_1_to_3,1,3,D:\桌面\IACV\Assigment1\data\hpatches\i_resort\1.ppm,D:\桌面\IACV\Assigment1\data\hpatches\i_resort\3.ppm,1337,2048,1629,0.79541015625,3.0,0.2317633869646506,2048,1337,1320,17,1629,0.65283203125,0.9872849663425579,0.64453125,0.8103130755064457,0.79541015625,3.0,0.20433724915275744,0.0,True,1320,0.9872849663425579,0.2520283384585356,12.20337999984622,0.888953067059494,2048,2048,2048,65536,32,uint8,32,2048,2048,2048,65536,7.07329999859212,0.17552882310652632,4.44446000183234,0.07241399381107454,nan,nan,8.130140000139363,0.10141784088509095,4.968680000456516,0.12758654424738605,nan,nan,orb,orb,orb,bf_ratio,0.8
hpatches,i_resort,illumination,i_resort_1_to_4,1,4,D:\桌面\IACV\Assigment1\data\hpatches\i_resort\1.ppm,D:\桌面\IACV\Assigment1\data\hpatches\i_resort\4.ppm,1244,2048,1617,0.78955078125,3.0,0.09853662973759778,2048,1244,1231,13,1617,0.607421875,0.9895498392282959,0.60107421875,0.7612863327149041,0.78955078125,3.0,0.16357631311091406,0.0,True,1231,0.9895498392282959,0.18604063878917473,11.50076000194531,0.14966960431424842,2048,2048,2048,65536,32,uint8,32,2048,2048,2048,65536,7.07329999859212,0.17552882310652632,4.44446000183234,0.07241399381107454,nan,nan,7.713520001561847,0.05057854726498798,5.031659999804106,0.15781770229286537,nan,nan,orb,orb,orb,bf_ratio,0.8
hpatches,i_resort,illumination,i_resort_1_to_5,1,5,D:\桌面\IACV\Assigment1\data\hpatches\i_resort\1.ppm,D:\桌面\IACV\Assigment1\data\hpatches\i_resort\5.ppm,524,2048,1259,0.61474609375,3.0,0.7179713982110972,2048,524,493,31,1259,0.255859375,0.9408396946564885,0.24072265625,0.39158061953931694,0.61474609375,3.0,0.7244117874259861,0.0,True,488,0.9312977099236641,0.8044599811806145,10.663659998681396,0.11885469331184334,2048,2048,2048,65536,32,uint8,32,2048,2048,2048,65536,7.07329999859212,0.17552882310652632,4.44446000183234,0.07241399381107454,nan,nan,8.91801999969175,0.2829184995033747,4.545259996666573,0.12239690729938586,nan,nan,orb,orb,orb,bf_ratio,0.8
hpatches,i_resort,illumination,i_resort_1_to_6,1,6,D:\桌面\IACV\Assigment1\data\hpatches\i_resort\1.ppm,D:\桌面\IACV\Assigment1\data\hpatches\i_resort\6.ppm,704,2048,1245,0.60791015625,3.0,2.670332248280587,2048,704,631,73,1245,0.34375,0.8963068181818182,0.30810546875,0.5068273092369477,0.60791015625,3.0,1.5574396930877947,1.72796630859375,True,667,0.9474431818181818,1.092506366656346,10.635099999490194,0.19677193973757112,2048,2048,2048,65536,32,uint8,32,2048,2048,2048,65536,7.07329999859212,0.17552882310652632,4.44446000183234,0.07241399381107454,nan,nan,6.909540000197012,0.09666407139904615,4.583960001764353,0.10520139810810526,nan,nan,orb,orb,orb,bf_ratio,0.8
hpatches,i_salon,illumination,i_salon_1_to_2,1,2,D:\桌面\IACV\Assigment1\data\hpatches\i_salon\1.ppm,D:\桌面\IACV\Assigment1\data\hpatches\i_salon\2.ppm,996,2048,1580,0.771484375,3.0,0.21629375099555137,2048,996,923,73,1580,0.486328125,0.9267068273092369,0.45068359375,0.5841772151898734,0.771484375,3.0,0.3011517033854857,0.0,True,921,0.9246987951807228,0.3881996539570245,10.18325999903027,0.3833418957714411,2048,2048,2048,65536,32,uint8,32,2048,2048,2048,65536,6.716879998566583,0.08445001833529309,3.6201999988406897,0.015601796121751728,nan,nan,6.542119999357965,0.11881914536850147,3.6689600005047396,0.05190050318115853,nan,nan,orb,orb,orb,bf_ratio,0.8
hpatches,i_salon,illumination,i_salon_1_to_3,1,3,D:\桌面\IACV\Assigment1\data\hpatches\i_salon\1.ppm,D:\桌面\IACV\Assigment1\data\hpatches\i_salon\3.ppm,281,2048,1145,0.55908203125,3.0,0.24818675525120598,2048,281,225,56,1145,0.13720703125,0.800711743772242,0.10986328125,0.1965065502183406,0.55908203125,3.0,0.4792553960723531,0.0,True,225,0.800711743772242,0.5605131120966871,10.4107599996496,0.18543576296121522,2048,2048,2048,65536,32,uint8,32,2048,2048,2048,65536,6.716879998566583,0.08445001833529309,3.6201999988406897,0.015601796121751728,nan,nan,6.016940000699833,0.10221515719595872,3.7666600008378737,0.09306596830251992,nan,nan,orb,orb,orb,bf_ratio,0.8
hpatches,i_salon,illumination,i_salon_1_to_4,1,4,D:\桌面\IACV\Assigment1\data\hpatches\i_salon\1.ppm,D:\桌面\IACV\Assigment1\data\hpatches\i_salon\4.ppm,98,2048,781,0.38134765625,3.0,0.8600611203113661,2048,98,52,46,781,0.0478515625,0.5306122448979592,0.025390625,0.06658130601792574,0.38134765625,3.0,0.6613966457163284,0.20001220710400514,True,52,0.5306122448979592,0.7662128457108403,10.441880000871606,0.2077733245269638,2048,2048,2048,65536,32,uint8,32,2048,2048,2048,65536,6.716879998566583,0.08445001833529309,3.6201999988406897,0.015601796121751728,nan,nan,4.982879999442957,0.2242111633839972,3.6258799984352663,0.0956822932336258,nan,nan,orb,orb,orb,bf_ratio,0.8
hpatches,i_salon,illumination,i_salon_1_to_5,1,5,D:\桌面\IACV\Assigment1\data\hpatches\i_salon\1.ppm,D:\桌面\IACV\Assigment1\data\hpatches\i_salon\5.ppm,507,2048,1389,0.67822265625,3.0,0.15032997722304356,2048,507,442,65,1389,0.24755859375,0.8717948717948718,0.2158203125,0.3182145428365731,0.67822265625,3.0,0.4012572349706313,0.0,True,441,0.8698224852071006,0.42808834717629424,10.527259997616056,0.11988131863246389,2048,2048,2048,65536,32,uint8,32,2048,2048,2048,65536,6.716879998566583,0.08445001833529309,3.6201999988406897,0.015601796121751728,nan,nan,6.244120000337716,0.06984564265599322,3.547860000981018,0.054733595749140114,nan,nan,orb,orb,orb,bf_ratio,0.8
hpatches,i_salon,illumination,i_salon_1_to_6,1,6,D:\桌面\IACV\Assigment1\data\hpatches\i_salon\1.ppm,D:\桌面\IACV\Assigment1\data\hpatches\i_salon\6.ppm,223,2048,1073,0.52392578125,3.0,0.3627638804505166,2048,223,160,63,1073,0.10888671875,0.7174887892376681,0.078125,0.14911463187325255,0.52392578125,3.0,0.45599560474684503,0.0,True,160,0.7174887892376681,0.5083473202435227,10.442840000905562,0.11471698617025038,2048,2048,2048,65536,32,uint8,32,2048,2048,2048,65536,6.716879998566583,0.08445001833529309,3.6201999988406897,0.015601796121751728,nan,nan,6.260119999933522,0.10411694162258324,3.5560000003897585,0.06046265113261892,nan,nan,orb,orb,orb,bf_ratio,0.8
hpatches,i_santuario,illumination,i_santuario_1_to_2,1,2,D:\桌面\IACV\Assigment1\data\hpatches\i_santuario\1.ppm,D:\桌面\IACV\Assigment1\data\hpatches\i_santuario\2.ppm,322,2048,930,0.4541015625,3.0,2.9055789872914257,2048,322,234,88,930,0.1572265625,0.7267080745341615,0.1142578125,0.25161290322580643,0.4541015625,3.0,2.2293391583502644,2.399993896484375,True,277,0.860248447204969,0.8064694158360931,11.473060002026614,0.5825575389685707,2048,2048,2048,65536,32,uint8,32,2048,2048,2048,65536,6.857839999429416,0.20501873671036613,4.472959999111481,0.18688009645528963,nan,nan,6.814840002334677,0.09651537948049978,4.297360000782646,0.07779225269978247,nan,nan,orb,orb,orb,bf_ratio,0.8
hpatches,i_santuario,illumination,i_santuario_1_to_3,1,3,D:\桌面\IACV\Assigment1\data\hpatches\i_santuario\1.ppm,D:\桌面\IACV\Assigment1\data\hpatches\i_santuario\3.ppm,311,2048,934,0.4560546875,3.0,3.787834362203756,2048,311,197,114,934,0.15185546875,0.6334405144694534,0.09619140625,0.21092077087794434,0.4560546875,3.0,2.3904783688289286,2.488311767578125,True,260,0.8360128617363344,0.8310995871924596,10.652440000558272,0.17325495526794307,2048,2048,2048,65536,32,uint8,32,2048,2048,2048,65536,6.857839999429416,0.20501873671036613,4.472959999111481,0.18688009645528963,nan,nan,6.8283400003565475,0.10502793070765508,4.5886000007158145,0.24395387331826413,nan,nan,orb,orb,orb,bf_ratio,0.8
hpatches,i_santuario,illumination,i_santuario_1_to_4,1,4,D:\桌面\IACV\Assigment1\data\hpatches\i_santuario\1.ppm,D:\桌面\IACV\Assigment1\data\hpatches\i_santuario\4.ppm,147,2048,472,0.23046875,3.0,3.485103249075504,2048,147,60,87,472,0.07177734375,0.40816326530612246,0.029296875,0.1271186440677966,0.23046875,3.0,2.617888947009747,2.8800048828125,True,116,0.7891156462585034,0.8025107914358822,10.795320001489017,0.1802971723370063,2048,2048,2048,65536,32,uint8,32,2048,2048,2048,65536,6.857839999429416,0.20501873671036613,4.472959999111481,0.18688009645528963,nan,nan,6.29454000008991,0.10222478424969537,4.465699999127537,0.18740788522082275,nan,nan,orb,orb,orb,bf_ratio,0.8
hpatches,i_santuario,illumination,i_santuario_1_to_5,1,5,D:\桌面\IACV\Assigment1\data\hpatches\i_santuario\1.ppm,D:\桌面\IACV\Assigment1\data\hpatches\i_santuario\5.ppm,210,2048,821,0.40087890625,3.0,0.8081614254537166,2048,210,165,45,821,0.1025390625,0.7857142857142857,0.08056640625,0.20097442143727162,0.40087890625,3.0,0.8741487310450398,1.0,True,164,0.780952380952381,0.8939702618125577,10.984520000056364,0.23049085285618426,2048,2048,2048,65536,32,uint8,32,2048,2048,2048,65536,6.857839999429416,0.20501873671036613,4.472959999111481,0.18688009645528963,nan,nan,6.9686600007116795,0.08893697776897412,4.320640001969878,0.07897697471906076,nan,nan,orb,orb,orb,bf_ratio,0.8
hpatches,i_santuario,illumination,i_santuario_1_to_6,1,6,D:\桌面\IACV\Assigment1\data\hpatches\i_santuario\1.ppm,D:\桌面\IACV\Assigment1\data\hpatches\i_santuario\6.ppm,89,2048,437,0.21337890625,3.0,2.022358636025789,2048,89,60,29,437,0.04345703125,0.6741573033707865,0.029296875,0.13729977116704806,0.21337890625,3.0,1.8218120651575196,2.0,True,62,0.6966292134831461,0.7314134188474655,10.898560000350699,0.5538830390025562,2048,2048,2048,65536,32,uint8,32,2048,2048,2048,65536,6.857839999429416,0.20501873671036613,4.472959999111481,0.18688009645528963,nan,nan,5.54246000101557,0.08493146935710326,4.152760001306888,0.10884070411488435,nan,nan,orb,orb,orb,bf_ratio,0.8
hpatches,i_school,illumination,i_school_1_to_2,1,2,D:\桌面\IACV\Assigment1\data\hpatches\i_school\1.ppm,D:\桌面\IACV\Assigment1\data\hpatches\i_school\2.ppm,666,1773,1381,0.7789058093626622,3.0,0.25521778372518084,1773,666,640,26,1381,0.3756345177664975,0.960960960960961,0.36097010716300054,0.46343229543808834,0.7789058093626622,3.0,0.41187108475794887,0.0,True,639,0.9594594594594594,0.4561196036116489,9.377259998291265,0.24147613449060687,1773,1773,1773,56736,32,uint8,32,1940,1940,1940,62080,2.8732599996146746,0.09525944641345632,2.908760002173949,0.13072733006386864,nan,nan,3.7526600004639477,0.039454509880634335,3.2541799984755926,0.036007412935450345,nan,nan,orb,orb,orb,bf_ratio,0.8
hpatches,i_school,illumination,i_school_1_to_3,1,3,D:\桌面\IACV\Assigment1\data\hpatches\i_school\1.ppm,D:\桌面\IACV\Assigment1\data\hpatches\i_school\3.ppm,680,1773,1383,0.7800338409475466,3.0,0.3420998380335277,1773,680,649,31,1383,0.3835307388606881,0.9544117647058824,0.36604624929498025,0.4692697035430224,0.7800338409475466,3.0,0.42731107239841826,0.0,True,649,0.9544117647058824,0.5053998965406075,8.896000000822823,0.14601812312014156,1773,1773,1773,56736,32,uint8,32,1937,1937,1937,61984,2.8732599996146746,0.09525944641345632,2.908760002173949,0.13072733006386864,nan,nan,3.638199999113567,0.1947938074639444,3.104059999168385,0.14318219973640214,nan,nan,orb,orb,orb,bf_ratio,0.8
hpatches,i_school,illumination,i_school_1_to_4,1,4,D:\桌面\IACV\Assigment1\data\hpatches\i_school\1.ppm,D:\桌面\IACV\Assigment1\data\hpatches\i_school\4.ppm,148,1773,880,0.49633389734912575,3.0,1.2842437884815179,1773,148,113,35,880,0.08347433728144388,0.7635135135135135,0.06373378454596729,0.12840909090909092,0.49633389734912575,3.0,1.0208173215479606,1.03680419921875,True,111,0.75,0.9197024777344982,8.54137999995146,0.09777286719534091,1773,1773,1773,56736,32,uint8,32,1844,1844,1844,59008,2.8732599996146746,0.09525944641345632,2.908760002173949,0.13072733006386864,nan,nan,3.2797200008644722,0.043825261547150524,3.0037599979550578,0.033049212481888766,nan,nan,orb,orb,orb,bf_ratio,0.8
hpatches,i_school,illumination,i_school_1_to_5,1,5,D:\桌面\IACV\Assigment1\data\hpatches\i_school\1.ppm,D:\桌面\IACV\Assigment1\data\hpatches\i_school\5.ppm,331,1773,1237,0.697687535250987,3.0,1.1397576737044564,1773,331,309,22,1237,0.18668922729836435,0.9335347432024169,0.17428087986463622,0.2497978981406629,0.697687535250987,3.0,1.0393254495267992,1.187423866742653,True,308,0.9305135951661632,0.8984142940449433,8.782739998423494,0.15583266203298385,1773,1773,1773,56736,32,uint8,32,1935,1935,1935,61920,2.8732599996146746,0.09525944641345632,2.908760002173949,0.13072733006386864,nan,nan,3.5413599980529398,0.10188394547931132,3.116239997325465,0.0699207998882508,nan,nan,orb,orb,orb,bf_ratio,0.8
hpatches,i_school,illumination,i_school_1_to_6,1,6,D:\桌面\IACV\Assigment1\data\hpatches\i_school\1.ppm,D:\桌面\IACV\Assigment1\data\hpatches\i_school\6.ppm,174,1773,796,0.44895657078398193,3.0,1.725656424046293,1773,174,128,46,796,0.09813874788494077,0.735632183908046,0.07219402143260012,0.16080402010050251,0.44895657078398193,3.0,1.7253824647825473,1.727996826171875,True,136,0.7816091954022989,0.8055182700821457,8.218940001097508,0.16102572056172992,1773,1773,1773,56736,32,uint8,32,1795,1795,1795,57440,2.8732599996146746,0.09525944641345632,2.908760002173949,0.13072733006386864,nan,nan,2.973920000658836,0.048980544980571576,3.026840001984965,0.02108616641580519,nan,nan,orb,orb,orb,bf_ratio,0.8
hpatches,i_ski,illumination,i_ski_1_to_2,1,2,D:\桌面\IACV\Assigment1\data\hpatches\i_ski\1.ppm,D:\桌面\IACV\Assigment1\data\hpatches\i_ski\2.ppm,791,2048,1507,0.73583984375,3.0,0.5781531566600904,2048,791,737,54,1507,0.38623046875,0.93173198482933,0.35986328125,0.48905109489051096,0.73583984375,3.0,0.5523838451394144,0.0,True,736,0.9304677623261695,0.678307980916783,10.506940000050236,0.08795393459996735,2048,2048,2048,65536,32,uint8,32,2048,2048,2048,65536,4.701920002116822,0.062208822521456444,3.210100000433158,0.02628322401305509,nan,nan,4.590380001172889,0.05124409676017316,3.049039999314118,0.09351024631054591,nan,nan,orb,orb,orb,bf_ratio,0.8
hpatches,i_ski,illumination,i_ski_1_to_3,1,3,D:\桌面\IACV\Assigment1\data\hpatches\i_ski\1.ppm,D:\桌面\IACV\Assigment1\data\hpatches\i_ski\3.ppm,496,2048,1331,0.64990234375,3.0,0.5894543317124417,2048,496,422,74,1331,0.2421875,0.8508064516129032,0.2060546875,0.3170548459804658,0.64990234375,3.0,0.7937893574503985,0.0,True,424,0.8548387096774194,0.9232274986109695,10.928499999863561,0.21828705148039826,2048,2048,2048,65536,32,uint8,32,2048,2048,2048,65536,4.701920002116822,0.062208822521456444,3.210100000433158,0.02628322401305509,nan,nan,4.5666000005439855,0.10122539164244755,3.134919999865815,0.038899430230625184,nan,nan,orb,orb,orb,bf_ratio,0.8
hpatches,i_ski,illumination,i_ski_1_to_4,1,4,D:\桌面\IACV\Assigment1\data\hpatches\i_ski\1.ppm,D:\桌面\IACV\Assigment1\data\hpatches\i_ski\4.ppm,266,2048,1183,0.57763671875,3.0,29.410001307537545,2048,266,202,64,1183,0.1298828125,0.7593984962406015,0.0986328125,0.17075232459847844,0.57763671875,3.0,1.1601284631725743,1.200015258820106,True,180,0.6766917293233082,1.4706315020445373,10.707819998788182,0.15852751525764,2048,2048,2048,65536,32,uint8,32,2048,2048,2048,65536,4.701920002116822,0.062208822521456444,3.210100000433158,0.02628322401305509,nan,nan,4.676379999727942,0.08760606048963906,3.194860000803601,0.060111582016054134,nan,nan,orb,orb,orb,bf_ratio,0.8
hpatches,i_ski,illumination,i_ski_1_to_5,1,5,D:\桌面\IACV\Assigment1\data\hpatches\i_ski\1.ppm,D:\桌面\IACV\Assigment1\data\hpatches\i_ski\5.ppm,169,2048,1079,0.52685546875,3.0,4.544254453745076,2048,169,118,51,1079,0.08251953125,0.6982248520710059,0.0576171875,0.10936051899907322,0.52685546875,3.0,1.131336767828741,1.0,True,124,0.7337278106508875,1.2952711665661785,10.65309999830788,0.10469366853850841,2048,2048,2048,65536,32,uint8,32,2048,2048,2048,65536,4.701920002116822,0.062208822521456444,3.210100000433158,0.02628322401305509,nan,nan,4.569880000781268,0.04869621743850262,3.1582800002070144,0.06787416014607052,nan,nan,orb,orb,orb,bf_ratio,0.8
hpatches,i_ski,illumination,i_ski_1_to_6,1,6,D:\桌面\IACV\Assigment1\data\hpatches\i_ski\1.ppm,D:\桌面\IACV\Assigment1\data\hpatches\i_ski\6.ppm,105,2048,989,0.48291015625,3.0,30.083216462461316,2048,105,47,58,989,0.05126953125,0.44761904761904764,0.02294921875,0.047522750252780584,0.48291015625,3.0,1.2233060060265124,1.3353695876214893,True,51,0.4857142857142857,1.4271764302073575,10.670940000272822,0.14855981542942556,2048,2048,2048,65536,32,uint8,32,2048,2048,2048,65536,4.701920002116822,0.062208822521456444,3.210100000433158,0.02628322401305509,nan,nan,4.472119999991264,0.04648640270359377,3.163019999919925,0.056892719606434106,nan,nan,orb,orb,orb,bf_ratio,0.8
hpatches,i_smurf,illumination,i_smurf_1_to_2,1,2,D:\桌面\IACV\Assigment1\data\hpatches\i_smurf\1.ppm,D:\桌面\IACV\Assigment1\data\hpatches\i_smurf\2.ppm,732,2048,1337,0.65283203125,3.0,0.09243440143734075,2048,732,692,40,1337,0.357421875,0.9453551912568307,0.337890625,0.5175766641735228,0.65283203125,3.0,0.313906612835391,0.0,True,693,0.9467213114754098,0.34907406913968453,10.848439998517279,0.23779577552731554,2048,2048,2048,65536,32,uint8,32,2048,2048,2048,65536,5.246599997917656,0.10243005354714571,3.846460000204388,0.08618660495838953,nan,nan,5.8949400001438335,0.09285135786586836,4.001840001728851,0.1765516528838251,nan,nan,orb,orb,orb,bf_ratio,0.8
hpatches,i_smurf,illumination,i_smurf_1_to_3,1,3,D:\桌面\IACV\Assigment1\data\hpatches\i_smurf\1.ppm,D:\桌面\IACV\Assigment1\data\hpatches\i_smurf\3.ppm,588,2048,1286,0.6279296875,3.0,0.33565462051044404,2048,588,542,46,1286,0.287109375,0.9217687074829932,0.2646484375,0.4214618973561431,0.6279296875,3.0,0.3455070015766569,0.0,True,538,0.9149659863945578,0.38593660620915354,11.064859997713938,0.3282823924940419,2048,2048,2048,65536,32,uint8,32,2048,2048,2048,65536,5.246599997917656,0.10243005354714571,3.846460000204388,0.08618660495838953,nan,nan,5.429739999817684,0.02411610278868633,3.8241999980527908,0.2416073514797099,nan,nan,orb,orb,orb,bf_ratio,0.8
hpatches,i_smurf,illumination,i_smurf_1_to_4,1,4,D:\桌面\IACV\Assigment1\data\hpatches\i_smurf\1.ppm,D:\桌面\IACV\Assigment1\data\hpatches\i_smurf\4.ppm,575,2048,1251,0.61083984375,3.0,0.21332407396962497,2048,575,528,47,1251,0.28076171875,0.9182608695652174,0.2578125,0.42206235011990406,0.61083984375,3.0,0.36954685515675806,0.0,True,528,0.9182608695652174,0.4294348205566998,10.808459998224862,0.03487845138412149,2048,2048,2048,65536,32,uint8,32,2048,2048,2048,65536,5.246599997917656,0.10243005354714571,3.846460000204388,0.08618660495838953,nan,nan,5.911599998944439,0.06529511609385515,3.9377000022795983,0.136216534301961,nan,nan,orb,orb,orb,bf_ratio,0.8
hpatches,i_smurf,illumination,i_smurf_1_to_5,1,5,D:\桌面\IACV\Assigment1\data\hpatches\i_smurf\1.ppm,D:\桌面\IACV\Assigment1\data\hpatches\i_smurf\5.ppm,516,2048,1233,0.60205078125,3.0,0.11095571741291724,2048,516,457,59,1233,0.251953125,0.8856589147286822,0.22314453125,0.3706407137064071,0.60205078125,3.0,0.427651347793562,0.0,True,456,0.8837209302325582,0.47526523423536293,10.580680002749432,0.17071479609434603,2048,2048,2048,65536,32,uint8,32,2048,2048,2048,65536,5.246599997917656,0.10243005354714571,3.846460000204388,0.08618660495838953,nan,nan,6.0912000015378,0.1438649218324816,4.018020002695266,0.16777205139733883,nan,nan,orb,orb,orb,bf_ratio,0.8
hpatches,i_smurf,illumination,i_smurf_1_to_6,1,6,D:\桌面\IACV\Assigment1\data\hpatches\i_smurf\1.ppm,D:\桌面\IACV\Assigment1\data\hpatches\i_smurf\6.ppm,286,2048,1031,0.50341796875,3.0,0.9217262226290586,2048,286,237,49,1031,0.1396484375,0.8286713286713286,0.11572265625,0.22987390882638215,0.50341796875,3.0,0.49323525558581666,0.0,True,236,0.8251748251748252,0.559044396999497,10.32030000060331,0.3137826757923308,2048,2048,2048,65536,32,uint8,32,2048,2048,2048,65536,5.246599997917656,0.10243005354714571,3.846460000204388,0.08618660495838953,nan,nan,5.114979996869806,0.11582050519919115,3.8640999991912395,0.06350946445519394,nan,nan,orb,orb,orb,bf_ratio,0.8
hpatches,i_steps,illumination,i_steps_1_to_2,1,2,D:\桌面\IACV\Assigment1\data\hpatches\i_steps\1.ppm,D:\桌面\IACV\Assigment1\data\hpatches\i_steps\2.ppm,974,2038,1621,0.795387634936212,3.0,1.020287597272423,2038,974,931,43,1621,0.47791952894995093,0.9558521560574949,0.45682041216879293,0.5743368291178285,0.795387634936212,3.0,0.6194319600453693,0.0,True,936,0.9609856262833676,0.7410987057993472,10.642539999389555,0.07271493953293662,2038,2038,2038,65216,32,uint8,32,1988,1988,1988,63616,4.56698000052711,0.07646244523155389,4.483880000771023,0.11960234585169398,nan,nan,3.9637399997445755,0.07010385218964997,4.407860001083463,0.18321052955535813,nan,nan,orb,orb,orb,bf_ratio,0.8
hpatches,i_steps,illumination,i_steps_1_to_3,1,3,D:\桌面\IACV\Assigment1\data\hpatches\i_steps\1.ppm,D:\桌面\IACV\Assigment1\data\hpatches\i_steps\3.ppm,898,2038,1602,0.7860647693817469,3.0,1.175128111242012,2038,898,826,72,1602,0.44062806673209026,0.9198218262806236,0.4052993130520118,0.5156054931335831,0.7860647693817469,3.0,1.0191249596295835,1.0,True,843,0.9387527839643652,0.9867872296425227,10.848579999583308,0.20951091684555345,2038,2038,2038,65216,32,uint8,32,2040,2040,2040,65280,4.56698000052711,0.07646244523155389,4.483880000771023,0.11960234585169398,nan,nan,4.585879998921882,0.1424679834585597,4.486859998723958,0.039782186197942444,nan,nan,orb,orb,orb,bf_ratio,0.8
hpatches,i_steps,illumination,i_steps_1_to_4,1,4,D:\桌面\IACV\Assigment1\data\hpatches\i_steps\1.ppm,D:\桌面\IACV\Assigment1\data\hpatches\i_steps\4.ppm,778,2038,1505,0.73846908734053,3.0,0.8969789715199303,2038,778,730,48,1505,0.3817468105986261,0.9383033419023136,0.35819430814524045,0.4850498338870432,0.73846908734053,3.0,1.0485655032033023,1.199981689453125,True,742,0.9537275064267352,0.9555635624566774,11.0240000023623,0.20362624642170238,2038,2038,2038,65216,32,uint8,32,2048,2048,2048,65536,4.56698000052711,0.07646244523155389,4.483880000771023,0.11960234585169398,nan,nan,6.222159999015275,0.2530608591106621,4.528639998170547,0.19236321611973142,nan,nan,orb,orb,orb,bf_ratio,0.8
hpatches,i_steps,illumination,i_steps_1_to_5,1,5,D:\桌面\IACV\Assigment1\data\hpatches\i_steps\1.ppm,D:\桌面\IACV\Assigment1\data\hpatches\i_steps\5.ppm,93,2038,264,0.1295387634936212,3.0,2.30321813398101,2038,93,44,49,264,0.04563297350343474,0.4731182795698925,0.021589793915603533,0.16666666666666666,0.1295387634936212,3.0,1.117592513467625,1.1118873690515638,True,45,0.4838709677419355,1.220332740198413,10.276479998719878,0.14291766157256366,2038,2038,2038,65216,32,uint8,32,2048,2048,2048,65536,4.56698000052711,0.07646244523155389,4.483880000771023,0.11960234585169398,nan,nan,5.791040000622161,0.11707656630759679,4.4580000001587905,0.1382608985334724,nan,nan,orb,orb,orb,bf_ratio,0.8
hpatches,i_steps,illumination,i_steps_1_to_6,1,6,D:\桌面\IACV\Assigment1\data\hpatches\i_steps\1.ppm,D:\桌面\IACV\Assigment1\data\hpatches\i_steps\6.ppm,287,2038,768,0.37684003925417076,3.0,9.063955146793813,2038,287,219,68,768,0.1408243375858685,0.7630662020905923,0.10745829244357213,0.28515625,0.37684003925417076,3.0,1.3581058151774357,1.4142135623730951,True,195,0.6794425087108014,1.1655493444110785,10.992020000412595,0.1757866270393695,2038,2038,2038,65216,32,uint8,32,2048,2048,2048,65536,4.56698000052711,0.07646244523155389,4.483880000771023,0.11960234585169398,nan,nan,6.399399999645539,0.3558188399326143,4.637419999926351,0.1535776741327487,nan,nan,orb,orb,orb,bf_ratio,0.8
hpatches,i_table,illumination,i_table_1_to_2,1,2,D:\桌面\IACV\Assigment1\data\hpatches\i_table\1.ppm,D:\桌面\IACV\Assigment1\data\hpatches\i_table\2.ppm,287,2048,967,0.47216796875,3.0,1.821677741424432,2048,287,224,63,967,0.14013671875,0.7804878048780488,0.109375,0.23164426059979318,0.47216796875,3.0,1.559863156469092,1.6970357749121459,True,235,0.818815331010453,1.0628570406006064,10.457699999096803,0.09774941392752654,2048,2048,2048,65536,32,uint8,32,2048,2048,2048,65536,13.69060000142781,0.13374495197308298,6.262620000052266,0.07170072365391289,nan,nan,13.11582000053022,0.1608017842381595,5.890579998958856,0.43578415441832785,nan,nan,orb,orb,orb,bf_ratio,0.8
hpatches,i_table,illumination,i_table_1_to_3,1,3,D:\桌面\IACV\Assigment1\data\hpatches\i_table\1.ppm,D:\桌面\IACV\Assigment1\data\hpatches\i_table\3.ppm,123,2048,772,0.376953125,3.0,2.3017217161962176,2048,123,82,41,772,0.06005859375,0.6666666666666666,0.0400390625,0.10621761658031088,0.376953125,3.0,1.6778062390099617,1.712519923395307,True,84,0.6829268292682927,1.1748806930010938,10.361419997934718,0.06996860610215616,2048,2048,2048,65536,32,uint8,32,2048,2048,2048,65536,13.69060000142781,0.13374495197308298,6.262620000052266,0.07170072365391289,nan,nan,11.85047999897506,0.23335284375436266,5.238760002248455,0.1185701594086229,nan,nan,orb,orb,orb,bf_ratio,0.8
hpatches,i_table,illumination,i_table_1_to_4,1,4,D:\桌面\IACV\Assigment1\data\hpatches\i_table\1.ppm,D:\桌面\IACV\Assigment1\data\hpatches\i_table\4.ppm,92,2048,590,0.2880859375,3.0,2.372100211355291,2048,92,57,35,590,0.044921875,0.6195652173913043,0.02783203125,0.09661016949152543,0.2880859375,3.0,1.6431540119066996,1.5509255603935619,True,59,0.6413043478260869,0.9683503589795253,10.624139998981263,0.21266992923123113,2048,2048,2048,65536,32,uint8,32,2048,2048,2048,65536,13.69060000142781,0.13374495197308298,6.262620000052266,0.07170072365391289,nan,nan,12.233220002963208,0.18403047110414864,5.857000000833068,0.17697529615002527,nan,nan,orb,orb,orb,bf_ratio,0.8
hpatches,i_table,illumination,i_table_1_to_5,1,5,D:\桌面\IACV\Assigment1\data\hpatches\i_table\1.ppm,D:\桌面\IACV\Assigment1\data\hpatches\i_table\5.ppm,95,2048,575,0.28076171875,3.0,1.6174658663999353,2048,95,57,38,575,0.04638671875,0.6,0.02783203125,0.09913043478260869,0.28076171875,3.0,1.6173805464087216,1.697008800774752,True,59,0.6210526315789474,0.850222753499116,11.535819999699015,0.22956134169682688,2048,2048,2048,65536,32,uint8,32,2048,2048,2048,65536,13.69060000142781,0.13374495197308298,6.262620000052266,0.07170072365391289,nan,nan,12.666799999715295,0.20606903505730859,6.0608800005866215,0.1704088631442853,nan,nan,orb,orb,orb,bf_ratio,0.8
hpatches,i_table,illumination,i_table_1_to_6,1,6,D:\桌面\IACV\Assigment1\data\hpatches\i_table\1.ppm,D:\桌面\IACV\Assigment1\data\hpatches\i_table\6.ppm,488,2048,1205,0.58837890625,3.0,1.3164601419163868,2048,488,447,41,1205,0.23828125,0.9159836065573771,0.21826171875,0.37095435684647304,0.58837890625,3.0,0.7863395723027377,0.0,True,450,0.9221311475409836,0.8316994944520977,11.363079998409376,0.14374824448509013,2048,2048,2048,65536,32,uint8,32,2048,2048,2048,65536,13.69060000142781,0.13374495197308298,6.262620000052266,0.07170072365391289,nan,nan,12.679239998396952,0.12188858118285564,5.739420000463724,0.07415479564160299,nan,nan,orb,orb,orb,bf_ratio,0.8
hpatches,i_tools,illumination,i_tools_1_to_2,1,2,D:\桌面\IACV\Assigment1\data\hpatches\i_tools\1.ppm,D:\桌面\IACV\Assigment1\data\hpatches\i_tools\2.ppm,62,2048,841,0.41064453125,3.0,15.281757707776865,2048,62,20,42,841,0.0302734375,0.3225806451612903,0.009765625,0.023781212841854936,0.41064453125,3.0,2.4357408506618996,2.443734969076262,True,23,0.3709677419354839,1.0971542293063241,10.713699999905657,0.20764385884561604,2048,2048,2048,65536,32,uint8,32,2048,2048,2048,65536,7.082560002163518,0.09870048919656642,5.860480001138058,0.16077815259305045,nan,nan,8.112339999934193,0.14212738849796133,5.958860000828281,0.16832445813446792,nan,nan,orb,orb,orb,bf_ratio,0.8
hpatches,i_tools,illumination,i_tools_1_to_3,1,3,D:\桌面\IACV\Assigment1\data\hpatches\i_tools\1.ppm,D:\桌面\IACV\Assigment1\data\hpatches\i_tools\3.ppm,68,2048,297,0.14501953125,3.0,4.301865727470264,2048,68,29,39,297,0.033203125,0.4264705882352941,0.01416015625,0.09764309764309764,0.14501953125,3.0,2.1389749477822657,2.073577880859375,True,39,0.5735294117647058,0.978299231037068,10.432500000752043,0.39466196426280253,2048,2048,2048,65536,32,uint8,32,2048,2048,2048,65536,7.082560002163518,0.09870048919656642,5.860480001138058,0.16077815259305045,nan,nan,6.260380000458099,0.1135245734704042,5.610960001649801,0.049586674263753745,nan,nan,orb,orb,orb,bf_ratio,0.8
hpatches,i_tools,illumination,i_tools_1_to_4,1,4,D:\桌面\IACV\Assigment1\data\hpatches\i_tools\1.ppm,D:\桌面\IACV\Assigment1\data\hpatches\i_tools\4.ppm,40,2048,335,0.16357421875,3.0,61.858012037925576,2048,40,6,34,335,0.01953125,0.15,0.0029296875,0.01791044776119403,0.16357421875,3.0,1.8472080290074704,2.1999969482421875,True,13,0.325,1.0432261392244715,10.398780001560226,0.1442674933438225,2048,2048,2048,65536,32,uint8,32,2048,2048,2048,65536,7.082560002163518,0.09870048919656642,5.860480001138058,0.16077815259305045,nan,nan,7.367219998559449,0.1372935455890731,5.650060001062229,0.10934035974567287,nan,nan,orb,orb,orb,bf_ratio,0.8
hpatches,i_tools,illumination,i_tools_1_to_5,1,5,D:\桌面\IACV\Assigment1\data\hpatches\i_tools\1.ppm,D:\桌面\IACV\Assigment1\data\hpatches\i_tools\5.ppm,472,2048,887,0.43310546875,3.0,7.562456216460669,2048,472,228,244,887,0.23046875,0.4830508474576271,0.111328125,0.2570462232243517,0.43310546875,3.0,2.624820421470012,2.8799896240234375,True,441,0.934322033898305,0.8961273193673939,10.634240000217687,0.03618362349768579,2048,2048,2048,65536,32,uint8,32,2048,2048,2048,65536,7.082560002163518,0.09870048919656642,5.860480001138058,0.16077815259305045,nan,nan,6.544859999848995,0.09105439119343986,5.520400001842063,0.36441900209742817,nan,nan,orb,orb,orb,bf_ratio,0.8
hpatches,i_tools,illumination,i_tools_1_to_6,1,6,D:\桌面\IACV\Assigment1\data\hpatches\i_tools\1.ppm,D:\桌面\IACV\Assigment1\data\hpatches\i_tools\6.ppm,70,2048,529,0.25830078125,3.0,10.498761507432954,2048,70,1,69,529,0.0341796875,0.014285714285714285,0.00048828125,0.001890359168241966,0.25830078125,3.0,2.23606797749979,2.23606797749979,True,31,0.44285714285714284,0.6724387844936991,10.122059998684563,0.11373971054038631,2048,2048,2048,65536,32,uint8,32,2048,2048,2048,65536,7.082560002163518,0.09870048919656642,5.860480001138058,0.16077815259305045,nan,nan,7.1731200005160645,0.17934997441447556,5.381679999118205,0.3087193712250024,nan,nan,orb,orb,orb,bf_ratio,0.8
hpatches,i_toy,illumination,i_toy_1_to_2,1,2,D:\桌面\IACV\Assigment1\data\hpatches\i_toy\1.ppm,D:\桌面\IACV\Assigment1\data\hpatches\i_toy\2.ppm,1216,1926,1634,0.8483904465212876,3.0,0.403478873642511,1926,1216,1184,32,1634,0.6313603322949117,0.9736842105263158,0.6147455867082036,0.7246022031823746,0.8483904465212876,3.0,0.26184460259746983,0.0,True,1182,0.9720394736842105,0.29465354978296165,9.994499997992534,0.2488523072491721,1926,1926,1926,61632,32,uint8,32,1932,1932,1932,61824,3.0768799973884597,0.04220651164356034,3.0197399988537654,0.07887992700461037,nan,nan,3.173620000598021,0.05430099117062694,3.1355999992229044,0.132008532323643,nan,nan,orb,orb,orb,bf_ratio,0.8
hpatches,i_toy,illumination,i_toy_1_to_3,1,3,D:\桌面\IACV\Assigment1\data\hpatches\i_toy\1.ppm,D:\桌面\IACV\Assigment1\data\hpatches\i_toy\3.ppm,831,1926,1554,0.8068535825545171,3.0,0.921532821374387,1926,831,802,29,1554,0.43146417445482865,0.9651022864019254,0.4164070612668744,0.5160875160875161,0.8068535825545171,3.0,0.36273428486097514,0.0,True,799,0.9614921780986763,0.4226930062252013,9.88738000014564,0.21784594832696505,1926,1926,1926,61632,32,uint8,32,1929,1929,1929,61728,3.0768799973884597,0.04220651164356034,3.0197399988537654,0.07887992700461037,nan,nan,2.9259400005685166,0.1247615090453476,2.8327399981208146,0.066753595403685,nan,nan,orb,orb,orb,bf_ratio,0.8
hpatches,i_toy,illumination,i_toy_1_to_4,1,4,D:\桌面\IACV\Assigment1\data\hpatches\i_toy\1.ppm,D:\桌面\IACV\Assigment1\data\hpatches\i_toy\4.ppm,523,1926,1450,0.7528556593977155,3.0,0.774821379422881,1926,523,492,31,1450,0.2715472481827622,0.9407265774378585,0.2554517133956386,0.3393103448275862,0.7528556593977155,3.0,0.5354761278715738,0.0,True,489,0.9349904397705545,0.610791826747312,9.45983999845339,0.10943479512078232,1926,1926,1926,61632,32,uint8,32,1942,1942,1942,62144,3.0768799973884597,0.04220651164356034,3.0197399988537654,0.07887992700461037,nan,nan,3.1874600012088194,0.040436446288272414,2.959000003465917,0.05806162265803082,nan,nan,orb,orb,orb,bf_ratio,0.8
hpatches,i_toy,illumination,i_toy_1_to_5,1,5,D:\桌面\IACV\Assigment1\data\hpatches\i_toy\1.ppm,D:\桌面\IACV\Assigment1\data\hpatches\i_toy\5.ppm,241,1926,1368,0.7102803738317757,3.0,10.151032631906196,1926,241,219,22,1368,0.12512980269989615,0.9087136929460581,0.11370716510903427,0.1600877192982456,0.7102803738317757,3.0,0.8316973347409161,1.0,True,217,0.9004149377593361,0.9922643161695465,10.130680000293069,0.4082499152126745,1926,1926,1926,61632,32,uint8,32,1963,1963,1963,62816,3.0768799973884597,0.04220651164356034,3.0197399988537654,0.07887992700461037,nan,nan,3.056159998232033,0.05237558858308515,2.8499599982751533,0.038102578322939736,nan,nan,orb,orb,orb,bf_ratio,0.8
hpatches,i_toy,illumination,i_toy_1_to_6,1,6,D:\桌面\IACV\Assigment1\data\hpatches\i_toy\1.ppm,D:\桌面\IACV\Assigment1\data\hpatches\i_toy\6.ppm,67,1926,1213,0.6298026998961579,3.0,28.428499135310897,1926,67,49,18,1213,0.0347871235721703,0.7313432835820896,0.02544132917964694,0.0403957131079967,0.6298026998961579,3.0,1.13894408151764,1.1999969482421875,True,48,0.7164179104477612,0.8210927285258679,9.022540001024026,0.1746759825734327,1926,1926,1926,61632,32,uint8,32,1857,1857,1857,59424,3.0768799973884597,0.04220651164356034,3.0197399988537654,0.07887992700461037,nan,nan,2.8898400007165037,0.017229697239933423,2.8965599994990043,0.05693848060852935,nan,nan,orb,orb,orb,bf_ratio,0.8
hpatches,i_troulos,illumination,i_troulos_1_to_2,1,2,D:\桌面\IACV\Assigment1\data\hpatches\i_troulos\1.ppm,D:\桌面\IACV\Assigment1\data\hpatches\i_troulos\2.ppm,193,1538,638,0.41482444733420026,3.0,1.0414999264239393,1538,193,180,13,638,0.12548764629388817,0.9326424870466321,0.11703511053315994,0.28213166144200624,0.41482444733420026,3.0,0.8432870431225158,1.0,True,180,0.9326424870466321,0.847540961843572,3.3289599989075214,0.08834639999219629,1538,1538,1538,49216,32,uint8,32,785,785,785,25120,2.2463400004198775,0.06748139388660396,2.789200002735015,0.011349186875669654,nan,nan,1.7594200020539574,0.045696013006436165,2.220040000975132,0.03161408221883137,nan,nan,orb,orb,orb,bf_ratio,0.8
hpatches,i_troulos,illumination,i_troulos_1_to_3,1,3,D:\桌面\IACV\Assigment1\data\hpatches\i_troulos\1.ppm,D:\桌面\IACV\Assigment1\data\hpatches\i_troulos\3.ppm,159,1538,631,0.4102730819245774,3.0,4.627010809801057,1538,159,34,125,631,0.1033810143042913,0.2138364779874214,0.022106631989596878,0.05388272583201268,0.4102730819245774,3.0,2.641172167606928,2.8799972534179688,True,138,0.8679245283018868,0.8756121382740624,4.779760002566036,0.11872583012707331,1538,1538,1538,49216,32,uint8,32,1150,1150,1150,36800,2.2463400004198775,0.06748139388660396,2.789200002735015,0.011349186875669654,nan,nan,2.1372599992901087,0.037277585739719434,2.4820200007525273,0.03132222378742,nan,nan,orb,orb,orb,bf_ratio,0.8
hpatches,i_troulos,illumination,i_troulos_1_to_4,1,4,D:\桌面\IACV\Assigment1\data\hpatches\i_troulos\1.ppm,D:\桌面\IACV\Assigment1\data\hpatches\i_troulos\4.ppm,423,1538,1186,0.7711313394018205,3.0,0.6343733971188386,1538,423,402,21,1186,0.27503250975292587,0.950354609929078,0.2613784135240572,0.33895446880269814,0.7711313394018205,3.0,0.5001986039204543,0.0,True,402,0.950354609929078,0.620214280830128,6.761699997878168,0.13216126682750115,1538,1538,1538,49216,32,uint8,32,1648,1648,1648,52736,2.2463400004198775,0.06748139388660396,2.789200002735015,0.011349186875669654,nan,nan,2.475980001327116,0.12449214584013729,3.0541399988578632,0.059148780834578224,nan,nan,orb,orb,orb,bf_ratio,0.8
hpatches,i_troulos,illumination,i_troulos_1_to_5,1,5,D:\桌面\IACV\Assigment1\data\hpatches\i_troulos\1.ppm,D:\桌面\IACV\Assigment1\data\hpatches\i_troulos\5.ppm,75,1538,678,0.4408322496749025,3.0,2.1641858302667054,1538,75,50,25,678,0.04876462938881664,0.6666666666666666,0.032509752925877766,0.07374631268436578,0.4408322496749025,3.0,0.9779940133321295,1.0,True,51,0.68,0.8384174660496009,7.746480000787415,0.24762701443638688,1538,1538,1538,49216,32,uint8,32,2017,2017,2017,64544,2.2463400004198775,0.06748139388660396,2.789200002735015,0.011349186875669654,nan,nan,3.433100001711864,0.0585340580057649,3.1739600002765656,0.06938580847835589,nan,nan,orb,orb,orb,bf_ratio,0.8
hpatches,i_troulos,illumination,i_troulos_1_to_6,1,6,D:\桌面\IACV\Assigment1\data\hpatches\i_troulos\1.ppm,D:\桌面\IACV\Assigment1\data\hpatches\i_troulos\6.ppm,254,1538,1034,0.6723016905071522,3.0,1.7262034613596613,1538,254,224,30,1034,0.16514954486345904,0.8818897637795275,0.14564369310793238,0.21663442940038685,0.6723016905071522,3.0,1.8196397613068835,2.0,True,233,0.9173228346456693,0.9074939200703956,6.65685999993002,0.17409039596945178,1538,1538,1538,49216,32,uint8,32,1648,1648,1648,52736,2.2463400004198775,0.06748139388660396,2.789200002735015,0.011349186875669654,nan,nan,2.3595000035129488,0.09245119752383614,2.958980000403244,0.1466441051769854,nan,nan,orb,orb,orb,bf_ratio,0.8
hpatches,i_veggies,illumination,i_veggies_1_to_2,1,2,D:\桌面\IACV\Assigment1\data\hpatches\i_veggies\1.ppm,D:\桌面\IACV\Assigment1\data\hpatches\i_veggies\2.ppm,926,2048,1428,0.697265625,3.0,0.5704294662510796,2048,926,861,65,1428,0.4521484375,0.9298056155507559,0.42041015625,0.6029411764705882,0.697265625,3.0,0.47416551686097996,0.0,True,859,0.927645788336933,0.5423045101345774,11.208479999913834,0.13287663858884274,2048,2048,2048,65536,32,uint8,32,2048,2048,2048,65536,5.425580000155605,0.2304862866089258,3.950559999793768,0.05928212346384167,nan,nan,5.529020000540186,0.06629733911730112,4.129860001557972,0.058918709478939894,nan,nan,orb,orb,orb,bf_ratio,0.8
hpatches,i_veggies,illumination,i_veggies_1_to_3,1,3,D:\桌面\IACV\Assigment1\data\hpatches\i_veggies\1.ppm,D:\桌面\IACV\Assigment1\data\hpatches\i_veggies\3.ppm,311,2048,901,0.43994140625,3.0,0.9056178851939745,2048,311,252,59,901,0.15185546875,0.8102893890675241,0.123046875,0.27968923418423974,0.43994140625,3.0,0.7123269069816457,0.0,True,249,0.8006430868167203,0.7639172201317427,11.161999999603722,0.2893984664192992,2048,2048,2048,65536,32,uint8,32,2048,2048,2048,65536,5.425580000155605,0.2304862866089258,3.950559999793768,0.05928212346384167,nan,nan,5.405180000525434,0.015396025458531965,3.7203599989879876,0.11635151231345019,nan,nan,orb,orb,orb,bf_ratio,0.8
hpatches,i_veggies,illumination,i_veggies_1_to_4,1,4,D:\桌面\IACV\Assigment1\data\hpatches\i_veggies\1.ppm,D:\桌面\IACV\Assigment1\data\hpatches\i_veggies\4.ppm,311,2048,1088,0.53125,3.0,0.9224366145280979,2048,311,254,57,1088,0.15185546875,0.8167202572347267,0.1240234375,0.23345588235294118,0.53125,3.0,0.6085684352438703,0.0,True,254,0.8167202572347267,0.6786540723669761,12.903779998305254,1.8185909271716774,2048,2048,2048,65536,32,uint8,32,2048,2048,2048,65536,5.425580000155605,0.2304862866089258,3.950559999793768,0.05928212346384167,nan,nan,5.455000001529697,0.07082731232011753,3.9737800019793212,0.1385639694730107,nan,nan,orb,orb,orb,bf_ratio,0.8
hpatches,i_veggies,illumination,i_veggies_1_to_5,1,5,D:\桌面\IACV\Assigment1\data\hpatches\i_veggies\1.ppm,D:\桌面\IACV\Assigment1\data\hpatches\i_veggies\5.ppm,74,2048,720,0.3515625,3.0,8.54565461870849,2048,74,29,45,720,0.0361328125,0.3918918918918919,0.01416015625,0.04027777777777778,0.3515625,3.0,0.8186231658686995,0.8485151901863922,True,32,0.43243243243243246,1.0720583946319646,10.723360000702087,0.37747540293713583,2048,2048,2048,65536,32,uint8,32,2048,2048,2048,65536,5.425580000155605,0.2304862866089258,3.950559999793768,0.05928212346384167,nan,nan,5.407179999747314,0.3034077348128756,3.9032600019709207,0.10876338813394149,nan,nan,orb,orb,orb,bf_ratio,0.8
hpatches,i_veggies,illumination,i_veggies_1_to_6,1,6,D:\桌面\IACV\Assigment1\data\hpatches\i_veggies\1.ppm,D:\桌面\IACV\Assigment1\data\hpatches\i_veggies\6.ppm,59,2048,651,0.31787109375,3.0,9.159496886362122,2048,59,16,43,651,0.02880859375,0.2711864406779661,0.0078125,0.02457757296466974,0.31787109375,3.0,0.5754208892197817,0.0,True,16,0.2711864406779661,0.5471227486582142,11.19928000116488,0.2546335995686554,2048,2048,2048,65536,32,uint8,32,2048,2048,2048,65536,5.425580000155605,0.2304862866089258,3.950559999793768,0.05928212346384167,nan,nan,5.266159999882802,0.05975354722691363,3.924919999553822,0.07476684811557686,nan,nan,orb,orb,orb,bf_ratio,0.8
hpatches,i_village,illumination,i_village_1_to_2,1,2,D:\桌面\IACV\Assigment1\data\hpatches\i_village\1.ppm,D:\桌面\IACV\Assigment1\data\hpatches\i_village\2.ppm,98,2048,1029,0.50244140625,3.0,2.1147712888261756,2048,98,74,24,1029,0.0478515625,0.7551020408163265,0.0361328125,0.07191448007774538,0.50244140625,3.0,0.9125901345000311,0.9553591045991363,True,73,0.7448979591836735,0.9469625162972615,10.964520000561606,0.5564162504849589,2048,2048,2048,65536,32,uint8,32,2027,2027,2027,64864,5.302199999277946,0.07245338076630319,3.027259999362286,0.04704383607580569,nan,nan,4.0583999987575226,0.04622388983304359,2.9626800009282306,0.036151263176356245,nan,nan,orb,orb,orb,bf_ratio,0.8
hpatches,i_village,illumination,i_village_1_to_3,1,3,D:\桌面\IACV\Assigment1\data\hpatches\i_village\1.ppm,D:\桌面\IACV\Assigment1\data\hpatches\i_village\3.ppm,67,2048,971,0.47412109375,3.0,1.6487751495384937,2048,67,38,29,971,0.03271484375,0.5671641791044776,0.0185546875,0.03913491246138002,0.47412109375,3.0,0.8941977169790314,1.0,True,38,0.5671641791044776,0.9651449767062751,11.07660000125179,0.23716573923817327,2048,2048,2048,65536,32,uint8,32,2048,2048,2048,65536,5.302199999277946,0.07245338076630319,3.027259999362286,0.04704383607580569,nan,nan,4.606999998213723,0.05949309425820508,2.970539998204913,0.06943346590033919,nan,nan,orb,orb,orb,bf_ratio,0.8
hpatches,i_village,illumination,i_village_1_to_4,1,4,D:\桌面\IACV\Assigment1\data\hpatches\i_village\1.ppm,D:\桌面\IACV\Assigment1\data\hpatches\i_village\4.ppm,90,2048,978,0.4775390625,3.0,2.1915889696365825,2048,90,66,24,978,0.0439453125,0.7333333333333333,0.0322265625,0.06748466257668712,0.4775390625,3.0,0.9417821675127553,1.0,True,66,0.7333333333333333,1.0275357739894202,10.248579998733476,0.42413655154127206,2048,2048,2048,65536,32,uint8,32,2044,2044,2044,65408,5.302199999277946,0.07245338076630319,3.027259999362286,0.04704383607580569,nan,nan,4.230780000216328,0.07868571450958947,2.692379997461103,0.014888709225222571,nan,nan,orb,orb,orb,bf_ratio,0.8
hpatches,i_village,illumination,i_village_1_to_5,1,5,D:\桌面\IACV\Assigment1\data\hpatches\i_village\1.ppm,D:\桌面\IACV\Assigment1\data\hpatches\i_village\5.ppm,443,2048,1252,0.611328125,3.0,0.3171782582877893,2048,443,402,41,1252,0.21630859375,0.90744920993228,0.1962890625,0.3210862619808307,0.611328125,3.0,0.5064123162806063,0.0,True,400,0.9029345372460497,0.5512405280887028,11.039120001078118,0.26660514129715374,2048,2048,2048,65536,32,uint8,32,2048,2048,2048,65536,5.302199999277946,0.07245338076630319,3.027259999362286,0.04704383607580569,nan,nan,5.349219999334309,0.13523539958086825,3.102160000707954,0.10701657166088495,nan,nan,orb,orb,orb,bf_ratio,0.8
hpatches,i_village,illumination,i_village_1_to_6,1,6,D:\桌面\IACV\Assigment1\data\hpatches\i_village\1.ppm,D:\桌面\IACV\Assigment1\data\hpatches\i_village\6.ppm,96,2048,865,0.42236328125,3.0,2.5141341070673464,2048,96,65,31,865,0.046875,0.6770833333333334,0.03173828125,0.07514450867052024,0.42236328125,3.0,1.047321081819335,1.0,True,65,0.6770833333333334,1.0772819298815026,10.87169999955222,0.14114926965417612,2048,2048,2048,65536,32,uint8,32,2048,2048,2048,65536,5.302199999277946,0.07245338076630319,3.027259999362286,0.04704383607580569,nan,nan,4.882959998212755,0.06840171368554163,2.9966599991894327,0.04660629029427023,nan,nan,orb,orb,orb,bf_ratio,0.8
hpatches,i_whitebuilding,illumination,i_whitebuilding_1_to_2,1,2,D:\桌面\IACV\Assigment1\data\hpatches\i_whitebuilding\1.ppm,D:\桌面\IACV\Assigment1\data\hpatches\i_whitebuilding\2.ppm,1380,2048,1776,0.8671875,3.0,0.10953915519513867,2048,1380,1365,15,1776,0.673828125,0.9891304347826086,0.66650390625,0.768581081081081,0.8671875,3.0,0.2106018012163419,0.0,True,1365,0.9891304347826086,0.266199382525905,11.470420000841841,0.20991248927580358,2048,2048,2048,65536,32,uint8,32,2048,2048,2048,65536,10.833860002458096,0.27684940133282976,13.07824000105029,0.27132096607655903,nan,nan,10.407420000410639,0.15679011841993082,12.344660000235308,0.2318532359549727,nan,nan,orb,orb,orb,bf_ratio,0.8
hpatches,i_whitebuilding,illumination,i_whitebuilding_1_to_3,1,3,D:\桌面\IACV\Assigment1\data\hpatches\i_whitebuilding\1.ppm,D:\桌面\IACV\Assigment1\data\hpatches\i_whitebuilding\3.ppm,791,2048,1446,0.7060546875,3.0,0.2832068253997563,2048,791,754,37,1446,0.38623046875,0.9532237673830595,0.3681640625,0.5214384508990318,0.7060546875,3.0,0.3595758993133515,0.0,True,753,0.9519595448798989,0.4541720646880552,10.60610000131419,0.15986428019189086,2048,2048,2048,65536,32,uint8,32,2048,2048,2048,65536,10.833860002458096,0.27684940133282976,13.07824000105029,0.27132096607655903,nan,nan,10.240579998935573,0.40217075628854393,12.033840002550278,0.14391003756359724,nan,nan,orb,orb,orb,bf_ratio,0.8
hpatches,i_whitebuilding,illumination,i_whitebuilding_1_to_4,1,4,D:\桌面\IACV\Assigment1\data\hpatches\i_whitebuilding\1.ppm,D:\桌面\IACV\Assigment1\data\hpatches\i_whitebuilding\4.ppm,218,2048,846,0.4130859375,3.0,0.6887328454919924,2048,218,179,39,846,0.1064453125,0.8211009174311926,0.08740234375,0.2115839243498818,0.4130859375,3.0,0.5304567481556429,0.0,True,179,0.8211009174311926,0.6136014012226476,10.505699997884221,0.10786840008992957,2048,2048,2048,65536,32,uint8,32,2048,2048,2048,65536,10.833860002458096,0.27684940133282976,13.07824000105029,0.27132096607655903,nan,nan,10.072919999947771,0.11144269023750662,12.051280001469422,0.28489205169436316,nan,nan,orb,orb,orb,bf_ratio,0.8
hpatches,i_whitebuilding,illumination,i_whitebuilding_1_to_5,1,5,D:\桌面\IACV\Assigment1\data\hpatches\i_whitebuilding\1.ppm,D:\桌面\IACV\Assigment1\data\hpatches\i_whitebuilding\5.ppm,232,2048,1139,0.55615234375,3.0,0.6551850663460141,2048,232,193,39,1139,0.11328125,0.8318965517241379,0.09423828125,0.1694468832309043,0.55615234375,3.0,0.6050408335797562,0.0,True,195,0.8405172413793104,0.7403931065055895,10.579639999195933,0.28090484257622134,2048,2048,2048,65536,32,uint8,32,2048,2048,2048,65536,10.833860002458096,0.27684940133282976,13.07824000105029,0.27132096607655903,nan,nan,9.849899999971967,0.17611868805971795,13.477040000725538,0.7192826452502893,nan,nan,orb,orb,orb,bf_ratio,0.8
hpatches,i_whitebuilding,illumination,i_whitebuilding_1_to_6,1,6,D:\桌面\IACV\Assigment1\data\hpatches\i_whitebuilding\1.ppm,D:\桌面\IACV\Assigment1\data\hpatches\i_whitebuilding\6.ppm,233,2048,1079,0.52685546875,3.0,0.7843177513411104,2048,233,175,58,1079,0.11376953125,0.7510729613733905,0.08544921875,0.16218721037998146,0.52685546875,3.0,0.6395405711815045,0.0,True,173,0.7424892703862661,0.7035486575898392,10.690220001561102,0.2820511398943836,2048,2048,2048,65536,32,uint8,32,2048,2048,2048,65536,10.833860002458096,0.27684940133282976,13.07824000105029,0.27132096607655903,nan,nan,11.01881999784382,0.46827959952240217,12.368500002776273,0.12079341108973829,nan,nan,orb,orb,orb,bf_ratio,0.8
hpatches,i_yellowtent,illumination,i_yellowtent_1_to_2,1,2,D:\桌面\IACV\Assigment1\data\hpatches\i_yellowtent\1.ppm,D:\桌面\IACV\Assigment1\data\hpatches\i_yellowtent\2.ppm,935,2048,1622,0.7919921875,3.0,0.3626162169070575,2048,935,808,127,1622,0.45654296875,0.8641711229946524,0.39453125,0.49815043156596794,0.7919921875,3.0,0.40143832595519446,0.0,True,806,0.8620320855614974,0.558508219723504,11.231179999595042,0.747099956369251,2048,2048,2048,65536,32,uint8,32,2048,2048,2048,65536,6.375439999101218,0.37348749011594057,3.9415399995050393,0.06569178358460996,nan,nan,6.5237200004048645,0.17670362088846903,4.34975999960443,0.18513070598251877,nan,nan,orb,orb,orb,bf_ratio,0.8
hpatches,i_yellowtent,illumination,i_yellowtent_1_to_3,1,3,D:\桌面\IACV\Assigment1\data\hpatches\i_yellowtent\1.ppm,D:\桌面\IACV\Assigment1\data\hpatches\i_yellowtent\3.ppm,376,2048,1063,0.51904296875,3.0,0.7237128242823425,2048,376,284,92,1063,0.18359375,0.7553191489361702,0.138671875,0.2671683913452493,0.51904296875,3.0,0.5649213578712191,0.0,True,286,0.7606382978723404,0.6971330982523664,11.000900001090486,0.4124354266191976,2048,2048,2048,65536,32,uint8,32,2048,2048,2048,65536,6.375439999101218,0.37348749011594057,3.9415399995050393,0.06569178358460996,nan,nan,5.813359998865053,0.0747386810588559,3.9594000001670793,0.1356175219973644,nan,nan,orb,orb,orb,bf_ratio,0.8
hpatches,i_yellowtent,illumination,i_yellowtent_1_to_4,1,4,D:\桌面\IACV\Assigment1\data\hpatches\i_yellowtent\1.ppm,D:\桌面\IACV\Assigment1\data\hpatches\i_yellowtent\4.ppm,145,2048,617,0.30126953125,3.0,0.7637651579346044,2048,145,103,42,617,0.07080078125,0.7103448275862069,0.05029296875,0.16693679092382496,0.30126953125,3.0,0.6448618008172201,0.0,True,104,0.7172413793103448,0.8105101666064343,11.635799998475704,1.7771776234271166,2048,2048,2048,65536,32,uint8,32,2048,2048,2048,65536,6.375439999101218,0.37348749011594057,3.9415399995050393,0.06569178358460996,nan,nan,5.165879998821765,0.1663646179803401,3.967499996360857,0.015711015272239587,nan,nan,orb,orb,orb,bf_ratio,0.8
hpatches,i_yellowtent,illumination,i_yellowtent_1_to_5,1,5,D:\桌面\IACV\Assigment1\data\hpatches\i_yellowtent\1.ppm,D:\桌面\IACV\Assigment1\data\hpatches\i_yellowtent\5.ppm,263,2048,1189,0.58056640625,3.0,0.7429466532134281,2048,263,163,100,1189,0.12841796875,0.6197718631178707,0.07958984375,0.13708999158957108,0.58056640625,3.0,0.7256064599557915,0.0,True,164,0.623574144486692,0.8186321510631734,10.833099999581464,0.3090483412712814,2048,2048,2048,65536,32,uint8,32,2048,2048,2048,65536,6.375439999101218,0.37348749011594057,3.9415399995050393,0.06569178358460996,nan,nan,6.045500001346227,0.05116842973754133,3.9451800024835393,0.17813335738620661,nan,nan,orb,orb,orb,bf_ratio,0.8
hpatches,i_yellowtent,illumination,i_yellowtent_1_to_6,1,6,D:\桌面\IACV\Assigment1\data\hpatches\i_yellowtent\1.ppm,D:\桌面\IACV\Assigment1\data\hpatches\i_yellowtent\6.ppm,131,2048,837,0.40869140625,3.0,2.6157526748378173,2048,131,53,78,837,0.06396484375,0.40458015267175573,0.02587890625,0.06332138590203107,0.40869140625,3.0,0.9587928856625608,1.0,True,52,0.3969465648854962,1.0750590059414373,10.51700000098208,0.1992248686082454,2048,2048,2048,65536,32,uint8,32,2048,2048,2048,65536,6.375439999101218,0.37348749011594057,3.9415399995050393,0.06569178358460996,nan,nan,5.60002000129316,0.01948121238149571,3.7734600016847253,0.10982137427193174,nan,nan,orb,orb,orb,bf_ratio,0.8
hpatches,i_zion,illumination,i_zion_1_to_2,1,2,D:\桌面\IACV\Assigment1\data\hpatches\i_zion\1.ppm,D:\桌面\IACV\Assigment1\data\hpatches\i_zion\2.ppm,641,2048,1357,0.66259765625,3.0,2.072997828529145,2048,641,607,34,1357,0.31298828125,0.9469578783151326,0.29638671875,0.447310243183493,0.66259765625,3.0,0.6784123563086686,0.0,True,602,0.9391575663026521,0.8251173520472703,11.071939997782465,0.4001745350938149,2048,2048,2048,65536,32,uint8,32,2048,2048,2048,65536,6.292320002103224,0.20283208361626154,4.4551799990586005,0.06561982707029704,nan,nan,6.880439999804366,0.03380335018984698,4.5088200000463985,0.08561736650059451,nan,nan,orb,orb,orb,bf_ratio,0.8
hpatches,i_zion,illumination,i_zion_1_to_3,1,3,D:\桌面\IACV\Assigment1\data\hpatches\i_zion\1.ppm,D:\桌面\IACV\Assigment1\data\hpatches\i_zion\3.ppm,197,2048,868,0.423828125,3.0,1.013961671584284,2048,197,160,37,868,0.09619140625,0.8121827411167513,0.078125,0.18433179723502305,0.423828125,3.0,1.1830675505062207,1.1999969482421875,True,162,0.8223350253807107,0.8877467778528388,11.159100000804756,0.4800511717606786,2048,2048,2048,65536,32,uint8,32,2048,2048,2048,65536,6.292320002103224,0.20283208361626154,4.4551799990586005,0.06561982707029704,nan,nan,8.25234000076307,0.1514673123632708,5.00056000018958,0.12361164349693783,nan,nan,orb,orb,orb,bf_ratio,0.8
hpatches,i_zion,illumination,i_zion_1_to_4,1,4,D:\桌面\IACV\Assigment1\data\hpatches\i_zion\1.ppm,D:\桌面\IACV\Assigment1\data\hpatches\i_zion\4.ppm,118,2048,843,0.41162109375,3.0,0.9154635421524707,2048,118,87,31,843,0.0576171875,0.7372881355932204,0.04248046875,0.10320284697508897,0.41162109375,3.0,1.3731272852686145,1.44000244140625,True,89,0.7542372881355932,0.9670590631610502,10.572880001564045,0.21833931587186595,2048,2048,2048,65536,32,uint8,32,2048,2048,2048,65536,6.292320002103224,0.20283208361626154,4.4551799990586005,0.06561982707029704,nan,nan,7.555400001001544,0.5245930549048039,4.8579799986328,0.07795930933041402,nan,nan,orb,orb,orb,bf_ratio,0.8
hpatches,i_zion,illumination,i_zion_1_to_5,1,5,D:\桌面\IACV\Assigment1\data\hpatches\i_zion\1.ppm,D:\桌面\IACV\Assigment1\data\hpatches\i_zion\5.ppm,59,2048,721,0.35205078125,3.0,25.03323378926728,2048,59,30,29,721,0.02880859375,0.5084745762711864,0.0146484375,0.04160887656033287,0.35205078125,3.0,1.4331934710140124,1.4271080018896725,True,30,0.5084745762711864,1.0148615032895794,10.530600001220591,0.3094880747041359,2048,2048,2048,65536,32,uint8,32,2048,2048,2048,65536,6.292320002103224,0.20283208361626154,4.4551799990586005,0.06561982707029704,nan,nan,5.811279999034014,0.04131868361755108,4.711459999089129,0.04418608901651555,nan,nan,orb,orb,orb,bf_ratio,0.8
hpatches,i_zion,illumination,i_zion_1_to_6,1,6,D:\桌面\IACV\Assigment1\data\hpatches\i_zion\1.ppm,D:\桌面\IACV\Assigment1\data\hpatches\i_zion\6.ppm,26,2048,524,0.255859375,3.0,714.4541127542706,2048,26,3,23,524,0.0126953125,0.11538461538461539,0.00146484375,0.0057251908396946565,0.255859375,3.0,0.9656829690842047,1.1999969482421875,True,6,0.23076923076923078,0.7895339607352098,10.354099997493904,0.30856592865186616,2048,2048,2048,65536,32,uint8,32,2003,2003,2003,64096,6.292320002103224,0.20283208361626154,4.4551799990586005,0.06561982707029704,nan,nan,4.278139999951236,0.030681434698853562,4.818980001437012,0.1695086239870305,nan,nan,orb,orb,orb,bf_ratio,0.8
hpatches,v_abstract,viewpoint,v_abstract_1_to_2,1,2,D:\桌面\IACV\Assigment1\data\hpatches\v_abstract\1.ppm,D:\桌面\IACV\Assigment1\data\hpatches\v_abstract\2.ppm,752,2031,1403,0.690792712949286,3.0,1.1858506749761588,2031,751,687,64,1403,0.36976858690300346,0.914780292942743,0.33825701624815363,0.4896650035637919,0.690792712949286,3.0,1.1360510089690676,0.9962825712012633,True,692,0.9202127659574468,1.1098376557290761,11.78768000099808,0.3638992128742893,2048,2048,2048,65536,32,uint8,32,2048,2048,2048,65536,7.516840001335368,0.14594647659831123,5.629100000078324,0.2349092411778405,nan,nan,7.196340001246426,0.2309544167335226,6.649619998643175,0.4617203175423212,nan,nan,orb,orb,orb,bf_ratio,0.8
hpatches,v_abstract,viewpoint,v_abstract_1_to_3,1,3,D:\桌面\IACV\Assigment1\data\hpatches\v_abstract\1.ppm,D:\桌面\IACV\Assigment1\data\hpatches\v_abstract\3.ppm,713,2041,1455,0.7128858402743753,3.0,5.191498267235713,2041,713,647,66,1455,0.3493385595296423,0.9074333800841514,0.3170014698677119,0.4446735395189003,0.7128858402743753,3.0,1.2297684462343499,1.1083920500638325,True,597,0.8373071528751753,1.2597140504123265,10.821520000172313,0.34558815669860804,2048,2048,2048,65536,32,uint8,32,2048,2048,2048,65536,7.516840001335368,0.14594647659831123,5.629100000078324,0.2349092411778405,nan,nan,7.93788000009954,0.20171624982057593,5.951760002062656,0.19733093703573698,nan,nan,orb,orb,orb,bf_ratio,0.8
hpatches,v_abstract,viewpoint,v_abstract_1_to_4,1,4,D:\桌面\IACV\Assigment1\data\hpatches\v_abstract\1.ppm,D:\桌面\IACV\Assigment1\data\hpatches\v_abstract\4.ppm,320,2011,1093,0.5435106911984088,3.0,9.804458082575529,2011,318,225,93,1093,0.1581302834410741,0.7075471698113207,0.11188463451019394,0.20585544373284537,0.5435106911984088,3.0,1.5620122618828822,1.5299152029533856,True,231,0.721875,1.3543734458323236,10.113080003065988,0.6096893640579311,2048,2048,2048,65536,32,uint8,32,2048,2048,2048,65536,7.516840001335368,0.14594647659831123,5.629100000078324,0.2349092411778405,nan,nan,8.190460001060273,0.1936904840370669,5.991700000595301,0.23707410914826077,nan,nan,orb,orb,orb,bf_ratio,0.8
hpatches,v_abstract,viewpoint,v_abstract_1_to_5,1,5,D:\桌面\IACV\Assigment1\data\hpatches\v_abstract\1.ppm,D:\桌面\IACV\Assigment1\data\hpatches\v_abstract\5.ppm,350,2002,906,0.45254745254745254,3.0,1.3347987411451905,2002,350,251,99,906,0.17482517482517482,0.7171428571428572,0.12537462537462538,0.27704194260485654,0.45254745254745254,3.0,1.47925770428255,1.4105699381863892,True,275,0.7857142857142857,1.4752172246294215,10.87106000049971,0.4326212874893761,2048,2048,2048,65536,32,uint8,32,2048,2048,2048,65536,7.516840001335368,0.14594647659831123,5.629100000078324,0.2349092411778405,nan,nan,7.6454800015199,0.05068733087294843,5.857899998954963,0.051996845572422214,nan,nan,orb,orb,orb,bf_ratio,0.8
hpatches,v_abstract,viewpoint,v_abstract_1_to_6,1,6,D:\桌面\IACV\Assigment1\data\hpatches\v_abstract\1.ppm,D:\桌面\IACV\Assigment1\data\hpatches\v_abstract\6.ppm,156,1973,665,0.33705017739483023,3.0,6.960066245338623,1973,154,45,109,665,0.07805372529143437,0.2922077922077922,0.02280790674100355,0.06766917293233082,0.33705017739483023,3.0,1.8799457196687457,1.9307792441935165,True,82,0.5256410256410257,1.4408162626069136,11.038339999504387,0.17672651782161208,2048,2048,2048,65536,32,uint8,32,2048,2048,2048,65536,7.516840001335368,0.14594647659831123,5.629100000078324,0.2349092411778405,nan,nan,8.423139998922125,0.2600511089012103,6.423179998819251,0.12400055666082285,nan,nan,orb,orb,orb,bf_ratio,0.8
hpatches,v_adam,viewpoint,v_adam_1_to_2,1,2,D:\桌面\IACV\Assigment1\data\hpatches\v_adam\1.ppm,D:\桌面\IACV\Assigment1\data\hpatches\v_adam\2.ppm,319,1216,672,0.5526315789473685,3.0,1.835616123883827,1216,319,294,25,672,0.2623355263157895,0.9216300940438872,0.24177631578947367,0.4375,0.5526315789473685,3.0,1.1006117579205357,1.0551409185991456,True,297,0.9310344827586207,1.0041593892746599,3.3988600014708936,0.26452431951131355,1216,1216,1216,38912,32,uint8,32,1073,1073,1073,34336,2.2040000010747463,0.034449032967783025,2.4049599989666604,0.06883971321788732,nan,nan,1.9374399984371848,0.03226965033844421,2.2966799995629117,0.020099392044732035,nan,nan,orb,orb,orb,bf_ratio,0.8
hpatches,v_adam,viewpoint,v_adam_1_to_3,1,3,D:\桌面\IACV\Assigment1\data\hpatches\v_adam\1.ppm,D:\桌面\IACV\Assigment1\data\hpatches\v_adam\3.ppm,287,1216,581,0.4777960526315789,3.0,4.234515858068294,1216,287,266,21,581,0.23601973684210525,0.926829268292683,0.21875,0.4578313253012048,0.4777960526315789,3.0,1.26412969983671,1.1729000512298766,True,264,0.9198606271777003,1.179469311002397,3.819939999084454,0.16249541214618296,1216,1216,1216,38912,32,uint8,32,1057,1057,1057,33824,2.2040000010747463,0.034449032967783025,2.4049599989666604,0.06883971321788732,nan,nan,1.8515399991883896,0.09057294442636349,2.329399998416193,0.059125900235816986,nan,nan,orb,orb,orb,bf_ratio,0.8
hpatches,v_adam,viewpoint,v_adam_1_to_4,1,4,D:\桌面\IACV\Assigment1\data\hpatches\v_adam\1.ppm,D:\桌面\IACV\Assigment1\data\hpatches\v_adam\4.ppm,55,1216,394,0.32401315789473684,3.0,5.529921957942823,1216,55,33,22,394,0.04523026315789474,0.6,0.027138157894736843,0.08375634517766498,0.32401315789473684,3.0,1.5564193435521634,1.5999121777327485,True,35,0.6363636363636364,0.8260086922951148,2.8877200005808845,0.1529536178552321,1216,1216,1216,38912,32,uint8,32,811,811,811,25952,2.2040000010747463,0.034449032967783025,2.4049599989666604,0.06883971321788732,nan,nan,1.8622600007802248,0.04423494569217248,2.218620000348892,0.05045728509996774,nan,nan,orb,orb,orb,bf_ratio,0.8
hpatches,v_adam,viewpoint,v_adam_1_to_5,1,5,D:\桌面\IACV\Assigment1\data\hpatches\v_adam\1.ppm,D:\桌面\IACV\Assigment1\data\hpatches\v_adam\5.ppm,143,1216,495,0.40707236842105265,3.0,4.873811142204673,1216,143,127,16,495,0.11759868421052631,0.8881118881118881,0.10444078947368421,0.25656565656565655,0.40707236842105265,3.0,1.445818008731675,1.3928600100804436,True,125,0.8741258741258742,1.0528201416481755,3.0933999994886108,0.14220116690986442,1216,1216,1216,38912,32,uint8,32,861,861,861,27552,2.2040000010747463,0.034449032967783025,2.4049599989666604,0.06883971321788732,nan,nan,1.9273800004157238,0.06197956042330347,2.2110599995357916,0.04221699167778446,nan,nan,orb,orb,orb,bf_ratio,0.8
hpatches,v_adam,viewpoint,v_adam_1_to_6,1,6,D:\桌面\IACV\Assigment1\data\hpatches\v_adam\1.ppm,D:\桌面\IACV\Assigment1\data\hpatches\v_adam\6.ppm,168,1216,483,0.3972039473684211,3.0,9.399422872116602,1216,168,148,20,483,0.13815789473684212,0.8809523809523809,0.12171052631578948,0.3064182194616977,0.3972039473684211,3.0,1.3835515376455167,1.4177358657001111,True,144,0.8571428571428571,1.1305309804645536,3.2000200008042157,0.11173011136204346,1216,1216,1216,38912,32,uint8,32,897,897,897,28704,2.2040000010747463,0.034449032967783025,2.4049599989666604,0.06883971321788732,nan,nan,1.8714399993768893,0.0506122375851178,2.249380003195256,0.06214905801700062,nan,nan,orb,orb,orb,bf_ratio,0.8
hpatches,v_apprentices,viewpoint,v_apprentices_1_to_2,1,2,D:\桌面\IACV\Assigment1\data\hpatches\v_apprentices\1.ppm,D:\桌面\IACV\Assigment1\data\hpatches\v_apprentices\2.ppm,850,2048,1392,0.6796875,3.0,0.9255737332825967,2048,850,796,54,1392,0.4150390625,0.9364705882352942,0.388671875,0.5718390804597702,0.6796875,3.0,1.0151555108792853,0.8833808276257606,True,795,0.9352941176470588,1.0554322307859152,10.710700001800433,0.23871268118589742,2048,2048,2048,65536,32,uint8,32,2048,2048,2048,65536,17.843979998724535,0.19112395167984395,6.823780000559054,0.2515203343411,nan,nan,15.053139998053666,0.3832249653424256,6.3719400015543215,0.2533159582355744,nan,nan,orb,orb,orb,bf_ratio,0.8
hpatches,v_apprentices,viewpoint,v_apprentices_1_to_3,1,3,D:\桌面\IACV\Assigment1\data\hpatches\v_apprentices\1.ppm,D:\桌面\IACV\Assigment1\data\hpatches\v_apprentices\3.ppm,512,2028,1180,0.5818540433925049,3.0,2.549245649055432,2028,511,450,61,1180,0.2519723865877712,0.8806262230919765,0.22189349112426035,0.3813559322033898,0.5818540433925049,3.0,1.167942962552562,1.023432266532951,True,452,0.8828125,1.1385954751013014,10.4888400004711,0.18100136340651424,2048,2048,2048,65536,32,uint8,32,2048,2048,2048,65536,17.843979998724535,0.19112395167984395,6.823780000559054,0.2515203343411,nan,nan,16.266620000533294,0.2047182878669366,6.173800000397023,0.2155692733895599,nan,nan,orb,orb,orb,bf_ratio,0.8
hpatches,v_apprentices,viewpoint,v_apprentices_1_to_4,1,4,D:\桌面\IACV\Assigment1\data\hpatches\v_apprentices\1.ppm,D:\桌面\IACV\Assigment1\data\hpatches\v_apprentices\4.ppm,244,1994,1111,0.5571715145436309,3.0,1.5350875815821496,1994,242,201,41,1111,0.1213640922768305,0.8305785123966942,0.10080240722166499,0.18091809180918092,0.5571715145436309,3.0,1.2532985841699986,1.1964152726688133,True,202,0.8278688524590164,1.2250887289372732,11.143759998958558,0.46723529944172043,2048,2048,2048,65536,32,uint8,32,2048,2048,2048,65536,17.843979998724535,0.19112395167984395,6.823780000559054,0.2515203343411,nan,nan,13.222840003436431,0.2584972463284617,7.416819999343716,0.38844686015574714,nan,nan,orb,orb,orb,bf_ratio,0.8
hpatches,v_apprentices,viewpoint,v_apprentices_1_to_5,1,5,D:\桌面\IACV\Assigment1\data\hpatches\v_apprentices\1.ppm,D:\桌面\IACV\Assigment1\data\hpatches\v_apprentices\5.ppm,116,1976,925,0.4681174089068826,3.0,2.753631348012051,1976,110,57,53,925,0.05566801619433198,0.5181818181818182,0.028846153846153848,0.061621621621621624,0.4681174089068826,3.0,1.1925291130045275,1.1486952196806854,True,61,0.5258620689655172,1.0614350932865815,10.586939999484457,0.3252935830197202,2048,2048,2048,65536,32,uint8,32,2048,2048,2048,65536,17.843979998724535,0.19112395167984395,6.823780000559054,0.2515203343411,nan,nan,13.838620000751689,0.3638160158933406,6.9628800003556535,0.24680435974343604,nan,nan,orb,orb,orb,bf_ratio,0.8
hpatches,v_apprentices,viewpoint,v_apprentices_1_to_6,1,6,D:\桌面\IACV\Assigment1\data\hpatches\v_apprentices\1.ppm,D:\桌面\IACV\Assigment1\data\hpatches\v_apprentices\6.ppm,134,2048,797,0.38916015625,3.0,4.38531462834976,2048,134,93,41,797,0.0654296875,0.6940298507462687,0.04541015625,0.11668757841907151,0.38916015625,3.0,1.3322758148565175,1.2637435068941953,True,89,0.664179104477612,1.3120448846469708,10.578820000228006,0.38585484056133423,2048,2048,2048,65536,32,uint8,32,2048,2048,2048,65536,17.843979998724535,0.19112395167984395,6.823780000559054,0.2515203343411,nan,nan,10.720439998840448,0.35411207382534327,6.366840000555385,0.2923586464438484,nan,nan,orb,orb,orb,bf_ratio,0.8
hpatches,v_artisans,viewpoint,v_artisans_1_to_2,1,2,D:\桌面\IACV\Assigment1\data\hpatches\v_artisans\1.ppm,D:\桌面\IACV\Assigment1\data\hpatches\v_artisans\2.ppm,273,2048,730,0.3564453125,3.0,0.6420507740509409,2048,273,250,23,730,0.13330078125,0.9157509157509157,0.1220703125,0.3424657534246575,0.3564453125,3.0,0.9925407296373826,0.8993653988644471,True,251,0.9194139194139194,0.8693136131699538,10.426159999042284,0.1647441972689745,2048,2048,2048,65536,32,uint8,32,2048,2048,2048,65536,16.580800000519957,0.13158958772835924,7.203139997727703,0.21715408696999036,nan,nan,7.22609999938868,0.2011478043092881,4.2882799985818565,0.13954274533447703,nan,nan,orb,orb,orb,bf_ratio,0.8
hpatches,v_artisans,viewpoint,v_artisans_1_to_3,1,3,D:\桌面\IACV\Assigment1\data\hpatches\v_artisans\1.ppm,D:\桌面\IACV\Assigment1\data\hpatches\v_artisans\3.ppm,188,2048,707,0.34521484375,3.0,1.515707066063481,2048,188,168,20,707,0.091796875,0.8936170212765957,0.08203125,0.2376237623762376,0.34521484375,3.0,1.025758705789237,0.943455917902595,True,169,0.898936170212766,0.98172542643032,11.231360002420843,0.42372470464693346,2048,2048,2048,65536,32,uint8,32,2048,2048,2048,65536,16.580800000519957,0.13158958772835924,7.203139997727703,0.21715408696999036,nan,nan,7.803800000692718,0.13447648157182765,4.831340002419893,0.27406890768734987,nan,nan,orb,orb,orb,bf_ratio,0.8
hpatches,v_artisans,viewpoint,v_artisans_1_to_4,1,4,D:\桌面\IACV\Assigment1\data\hpatches\v_artisans\1.ppm,D:\桌面\IACV\Assigment1\data\hpatches\v_artisans\4.ppm,397,1807,934,0.5168788046485888,3.0,1.9504192430937706,1807,396,368,28,934,0.21914775871610404,0.9292929292929293,0.2036524626452684,0.39400428265524623,0.5168788046485888,3.0,1.1329138874077516,1.0750397234539926,True,372,0.9370277078085643,1.0699179787784479,10.618959997373167,0.1344560967186633,2048,2048,2048,65536,32,uint8,32,2048,2048,2048,65536,16.580800000519957,0.13158958772835924,7.203139997727703,0.21715408696999036,nan,nan,8.546000001661014,0.5045872570759387,4.799419998016674,0.12694123597072127,nan,nan,orb,orb,orb,bf_ratio,0.8
hpatches,v_artisans,viewpoint,v_artisans_1_to_5,1,5,D:\桌面\IACV\Assigment1\data\hpatches\v_artisans\1.ppm,D:\桌面\IACV\Assigment1\data\hpatches\v_artisans\5.ppm,51,1142,197,0.1725043782837128,3.0,196.14001035072494,1142,44,20,24,197,0.03852889667250438,0.45454545454545453,0.017513134851138354,0.10152284263959391,0.1725043782837128,3.0,1.8681926402123068,2.069659861823582,True,19,0.37254901960784315,1.383662371715902,10.052160003397148,0.4851095115040116,2048,2048,2048,65536,32,uint8,32,2048,2048,2048,65536,16.580800000519957,0.13158958772835924,7.203139997727703,0.21715408696999036,nan,nan,6.24124000169104,0.1660394477932178,4.16914000234101,0.07528797061539615,nan,nan,orb,orb,orb,bf_ratio,0.8
hpatches,v_artisans,viewpoint,v_artisans_1_to_6,1,6,D:\桌面\IACV\Assigment1\data\hpatches\v_artisans\1.ppm,D:\桌面\IACV\Assigment1\data\hpatches\v_artisans\6.ppm,332,1863,636,0.3413848631239936,3.0,0.5074146554902328,1863,331,305,26,636,0.17767042404723565,0.9214501510574018,0.16371443907675792,0.47955974842767296,0.3413848631239936,3.0,0.8544847912839318,0.767318387429212,True,306,0.9216867469879518,0.7639730323605736,10.813759999291506,0.2182554327788437,2048,2048,2048,65536,32,uint8,32,2048,2048,2048,65536,16.580800000519957,0.13158958772835924,7.203139997727703,0.21715408696999036,nan,nan,8.08773999888217,0.1663587863371189,4.845759998715948,0.3264767063772532,nan,nan,orb,orb,orb,bf_ratio,0.8
hpatches,v_astronautis,viewpoint,v_astronautis_1_to_2,1,2,D:\桌面\IACV\Assigment1\data\hpatches\v_astronautis\1.ppm,D:\桌面\IACV\Assigment1\data\hpatches\v_astronautis\2.ppm,395,1896,1135,0.5986286919831224,3.0,37.171923121065745,1896,393,330,63,1135,0.20727848101265822,0.8396946564885496,0.17405063291139242,0.2907488986784141,0.5986286919831224,3.0,1.3260620661207052,1.1593802959044932,True,307,0.7772151898734178,1.3785145609669813,10.5373199985479,0.10361797729221613,2048,2048,2048,65536,32,uint8,32,2048,2048,2048,65536,9.324539999943227,0.12405293605134472,7.09255999972811,0.38794756174668804,nan,nan,11.849220002477523,0.24016362355368565,8.531439999933355,0.1345118949631817,nan,nan,orb,orb,orb,bf_ratio,0.8
hpatches,v_astronautis,viewpoint,v_astronautis_1_to_3,1,3,D:\桌面\IACV\Assigment1\data\hpatches\v_astronautis\1.ppm,D:\桌面\IACV\Assigment1\data\hpatches\v_astronautis\3.ppm,134,1761,869,0.4934696195343555,3.0,15.612200453018026,1761,132,82,50,869,0.07495741056218058,0.6212121212121212,0.04656445201590006,0.09436133486766399,0.4934696195343555,3.0,1.7662358864641292,1.772867334099561,True,79,0.5895522388059702,1.6122661324700707,10.833760000241455,0.3578172019458157,2048,2048,2048,65536,32,uint8,32,2048,2048,2048,65536,9.324539999943227,0.12405293605134472,7.09255999972811,0.38794756174668804,nan,nan,10.232660002657212,0.1911365876060895,9.923679997154977,0.4788617534702573,nan,nan,orb,orb,orb,bf_ratio,0.8
hpatches,v_astronautis,viewpoint,v_astronautis_1_to_4,1,4,D:\桌面\IACV\Assigment1\data\hpatches\v_astronautis\1.ppm,D:\桌面\IACV\Assigment1\data\hpatches\v_astronautis\4.ppm,175,1923,763,0.3967758710348414,3.0,4.527244015811135,1923,174,116,58,763,0.0904836193447738,0.6666666666666666,0.06032241289651586,0.15203145478374835,0.3967758710348414,3.0,1.4442615805959556,1.4249921008819024,True,111,0.6342857142857142,1.275717079169952,11.205100000370294,0.29802237061333936,2048,2048,2048,65536,32,uint8,32,2048,2048,2048,65536,9.324539999943227,0.12405293605134472,7.09255999972811,0.38794756174668804,nan,nan,10.079799999948591,0.14882999897398358,8.567600000242237,0.26230594883787345,nan,nan,orb,orb,orb,bf_ratio,0.8
hpatches,v_astronautis,viewpoint,v_astronautis_1_to_5,1,5,D:\桌面\IACV\Assigment1\data\hpatches\v_astronautis\1.ppm,D:\桌面\IACV\Assigment1\data\hpatches\v_astronautis\5.ppm,67,1810,633,0.3497237569060773,3.0,20.801691631509897,1810,63,25,38,633,0.034806629834254144,0.3968253968253968,0.013812154696132596,0.03949447077409163,0.3497237569060773,3.0,1.762747899184198,1.7620368546018137,True,24,0.3582089552238806,1.346183774486521,11.258799997449387,1.9031625659380687,2048,2048,2048,65536,32,uint8,32,2048,2048,2048,65536,9.324539999943227,0.12405293605134472,7.09255999972811,0.38794756174668804,nan,nan,10.499400002299808,0.17783407978794064,11.707040001056157,1.9655203222531985,nan,nan,orb,orb,orb,bf_ratio,0.8
hpatches,v_astronautis,viewpoint,v_astronautis_1_to_6,1,6,D:\桌面\IACV\Assigment1\data\hpatches\v_astronautis\1.ppm,D:\桌面\IACV\Assigment1\data\hpatches\v_astronautis\6.ppm,273,2048,956,0.466796875,3.0,7.553654066177209,2048,273,206,67,956,0.13330078125,0.7545787545787546,0.1005859375,0.21548117154811716,0.466796875,3.0,1.6420072342744827,1.668970521695133,True,188,0.6886446886446886,1.5970488034168737,10.002660000463948,0.2713778093212965,2048,2048,2048,65536,32,uint8,32,1854,1854,1854,59328,9.324539999943227,0.12405293605134472,7.09255999972811,0.38794756174668804,nan,nan,6.335960001160856,0.04912174819575051,8.886400000483263,0.5846040953665859,nan,nan,orb,orb,orb,bf_ratio,0.8
hpatches,v_azzola,viewpoint,v_azzola_1_to_2,1,2,D:\桌面\IACV\Assigment1\data\hpatches\v_azzola\1.ppm,D:\桌面\IACV\Assigment1\data\hpatches\v_azzola\2.ppm,452,2034,1343,0.660275319567355,3.0,6.017093992787657,2034,452,374,78,1343,0.2222222222222222,0.827433628318584,0.18387413962635202,0.27848101265822783,0.660275319567355,3.0,1.2378599503612746,1.1272101163822361,True,365,0.8075221238938053,1.2431117834270344,11.403040001459885,0.5246256408403296,2048,2048,2048,65536,32,uint8,32,2048,2048,2048,65536,15.475079999305308,0.09918698132377822,5.488119999063201,0.02565005896779327,nan,nan,14.301120000891387,0.5746315333005018,5.424340000899974,0.15526074469134518,nan,nan,orb,orb,orb,bf_ratio,0.8
hpatches,v_azzola,viewpoint,v_azzola_1_to_3,1,3,D:\桌面\IACV\Assigment1\data\hpatches\v_azzola\1.ppm,D:\桌面\IACV\Assigment1\data\hpatches\v_azzola\3.ppm,102,2042,1046,0.5122428991185113,3.0,7.4270476496222635,2042,102,43,59,1046,0.04995102840352596,0.4215686274509804,0.021057786483839373,0.04110898661567878,0.5122428991185113,3.0,1.4339780282272376,1.3681221143049238,True,43,0.4215686274509804,1.3086572725349102,10.988720000023022,0.2560397668404847,2048,2048,2048,65536,32,uint8,32,2048,2048,2048,65536,15.475079999305308,0.09918698132377822,5.488119999063201,0.02565005896779327,nan,nan,13.03990000160411,0.11589000022815356,6.254300000728108,0.2484850513876959,nan,nan,orb,orb,orb,bf_ratio,0.8
hpatches,v_azzola,viewpoint,v_azzola_1_to_4,1,4,D:\桌面\IACV\Assigment1\data\hpatches\v_azzola\1.ppm,D:\桌面\IACV\Assigment1\data\hpatches\v_azzola\4.ppm,838,2048,1398,0.6826171875,3.0,0.8464144301856247,2048,838,757,81,1398,0.4091796875,0.9033412887828163,0.36962890625,0.5414878397711016,0.6826171875,3.0,1.130765023620139,1.0039689327433272,True,759,0.905727923627685,1.1165457740319227,11.049299998558126,0.44908430807755645,2048,2048,2048,65536,32,uint8,32,2048,2048,2048,65536,15.475079999305308,0.09918698132377822,5.488119999063201,0.02565005896779327,nan,nan,15.446679998422042,0.46846631285490636,5.5968999993638135,0.2555967478638589,nan,nan,orb,orb,orb,bf_ratio,0.8
hpatches,v_azzola,viewpoint,v_azzola_1_to_5,1,5,D:\桌面\IACV\Assigment1\data\hpatches\v_azzola\1.ppm,D:\桌面\IACV\Assigment1\data\hpatches\v_azzola\5.ppm,282,2038,868,0.4259077526987242,3.0,3.2366446712901107,2038,282,165,117,868,0.13837095191364082,0.5851063829787234,0.08096172718351324,0.19009216589861752,0.4259077526987242,3.0,1.6088274128584896,1.5323657671690136,True,166,0.5886524822695035,1.4302219057020698,10.60670000006212,0.1047611187674609,2048,2048,2048,65536,32,uint8,32,2048,2048,2048,65536,15.475079999305308,0.09918698132377822,5.488119999063201,0.02565005896779327,nan,nan,12.602480000350624,0.4589422645652414,5.588519998127595,0.10650702049743054,nan,nan,orb,orb,orb,bf_ratio,0.8
hpatches,v_azzola,viewpoint,v_azzola_1_to_6,1,6,D:\桌面\IACV\Assigment1\data\hpatches\v_azzola\1.ppm,D:\桌面\IACV\Assigment1\data\hpatches\v_azzola\6.ppm,46,1986,479,0.24118831822759315,3.0,55.42989152677055,1986,46,4,42,479,0.023162134944612285,0.08695652173913043,0.002014098690835851,0.008350730688935281,0.24118831822759315,3.0,0.8129459899351376,0.6898506030203783,True,12,0.2608695652173913,0.7885915100941544,10.485899999912363,0.08192442683716489,2048,2048,2048,65536,32,uint8,32,2048,2048,2048,65536,15.475079999305308,0.09918698132377822,5.488119999063201,0.02565005896779327,nan,nan,9.501060002367012,0.11933862416181786,5.2784400002565235,0.1996552213379452,nan,nan,orb,orb,orb,bf_ratio,0.8
hpatches,v_bark,viewpoint,v_bark_1_to_2,1,2,D:\桌面\IACV\Assigment1\data\hpatches\v_bark\1.ppm,D:\桌面\IACV\Assigment1\data\hpatches\v_bark\2.ppm,308,2022,597,0.2952522255192878,3.0,2.0628750436288277,2022,307,266,41,597,0.15182987141444115,0.8664495114006515,0.13155291790306628,0.4455611390284757,0.2952522255192878,3.0,1.1959057367652226,1.1491851805981965,True,268,0.8701298701298701,1.2288758521005931,10.683759998937603,0.22670620987898016,2048,2048,2048,65536,32,uint8,32,2048,2048,2048,65536,5.055179998453241,0.18735026505315014,4.405160002352204,0.24600197305883242,nan,nan,4.901599998993333,0.18197858195107605,3.634720000263769,0.028077706022213995,nan,nan,orb,orb,orb,bf_ratio,0.8
hpatches,v_bark,viewpoint,v_bark_1_to_3,1,3,D:\桌面\IACV\Assigment1\data\hpatches\v_bark\1.ppm,D:\桌面\IACV\Assigment1\data\hpatches\v_bark\3.ppm,159,2010,346,0.17213930348258707,3.0,1.6182609937612829,2010,158,120,38,346,0.07860696517412935,0.759493670886076,0.05970149253731343,0.3468208092485549,0.17213930348258707,3.0,1.174179558156996,1.102038804489706,True,124,0.779874213836478,1.035305937795962,10.333899999386631,0.13162527073068978,2048,2048,2048,65536,32,uint8,32,2048,2048,2048,65536,5.055179998453241,0.18735026505315014,4.405160002352204,0.24600197305883242,nan,nan,4.658739997830708,0.03057303378230087,3.5031199993682094,0.035590584706691915,nan,nan,orb,orb,orb,bf_ratio,0.8
hpatches,v_bark,viewpoint,v_bark_1_to_4,1,4,D:\桌面\IACV\Assigment1\data\hpatches\v_bark\1.ppm,D:\桌面\IACV\Assigment1\data\hpatches\v_bark\4.ppm,134,2048,346,0.1689453125,3.0,1.4240854857236243,2048,134,98,36,346,0.0654296875,0.7313432835820896,0.0478515625,0.2832369942196532,0.1689453125,3.0,1.0090698342330757,0.9285533300827786,True,98,0.7313432835820896,0.7875262583799062,10.57998000032967,0.2376929218837459,2048,2048,2048,65536,32,uint8,32,2048,2048,2048,65536,5.055179998453241,0.18735026505315014,4.405160002352204,0.24600197305883242,nan,nan,5.296400000224821,0.08814780522545822,3.4844599969801493,0.07915889418721876,nan,nan,orb,orb,orb,bf_ratio,0.8
hpatches,v_bark,viewpoint,v_bark_1_to_5,1,5,D:\桌面\IACV\Assigment1\data\hpatches\v_bark\1.ppm,D:\桌面\IACV\Assigment1\data\hpatches\v_bark\5.ppm,74,2048,276,0.134765625,3.0,0.8403800959723349,2048,74,43,31,276,0.0361328125,0.581081081081081,0.02099609375,0.15579710144927536,0.134765625,3.0,1.1314751545644468,1.0556148503065135,True,43,0.581081081081081,0.7277876060083028,10.472780001873616,0.13444052287228855,2048,2048,2048,65536,32,uint8,32,2048,2048,2048,65536,5.055179998453241,0.18735026505315014,4.405160002352204,0.24600197305883242,nan,nan,5.527999997138977,0.021247402846571103,3.4814799975720234,0.05253427367809909,nan,nan,orb,orb,orb,bf_ratio,0.8
hpatches,v_bark,viewpoint,v_bark_1_to_6,1,6,D:\桌面\IACV\Assigment1\data\hpatches\v_bark\1.ppm,D:\桌面\IACV\Assigment1\data\hpatches\v_bark\6.ppm,38,2048,106,0.0517578125,3.0,100.97427583488052,2048,38,6,32,106,0.0185546875,0.15789473684210525,0.0029296875,0.05660377358490566,0.0517578125,3.0,1.2578613527176261,1.1267994036702977,True,6,0.15789473684210525,0.5967945599173547,10.706100000243168,0.18612168179857821,2048,2048,2048,65536,32,uint8,32,2048,2048,2048,65536,5.055179998453241,0.18735026505315014,4.405160002352204,0.24600197305883242,nan,nan,5.724220002593938,0.1333268208655789,3.677720001724083,0.11783027534674201,nan,nan,orb,orb,orb,bf_ratio,0.8
hpatches,v_bees,viewpoint,v_bees_1_to_2,1,2,D:\桌面\IACV\Assigment1\data\hpatches\v_bees\1.ppm,D:\桌面\IACV\Assigment1\data\hpatches\v_bees\2.ppm,933,2012,1491,0.7410536779324056,3.0,1.8753353623211522,2012,933,892,41,1491,0.46371769383697814,0.9560557341907824,0.4433399602385686,0.5982562038900067,0.7410536779324056,3.0,1.1807743519731209,1.0892078458777548,True,879,0.9421221864951769,1.1020977934185938,11.054640001384541,0.18378263695215621,2048,2048,2048,65536,32,uint8,32,2048,2048,2048,65536,7.469239996862598,0.17211514176258236,5.771039999672212,0.17765405405873264,nan,nan,7.94127999979537,0.06765537245007817,5.44716000003973,0.2196542507359355,nan,nan,orb,orb,orb,bf_ratio,0.8
hpatches,v_bees,viewpoint,v_bees_1_to_3,1,3,D:\桌面\IACV\Assigment1\data\hpatches\v_bees\1.ppm,D:\桌面\IACV\Assigment1\data\hpatches\v_bees\3.ppm,1021,2048,1599,0.78076171875,3.0,1.650767490728399,2048,1021,970,51,1599,0.49853515625,0.9500489715964741,0.4736328125,0.6066291432145091,0.78076171875,3.0,1.1387640010902333,1.0169516699235137,True,965,0.9451518119490695,1.1911427019465664,11.11706000083359,0.23268260205819463,2048,2048,2048,65536,32,uint8,32,2048,2048,2048,65536,7.469239996862598,0.17211514176258236,5.771039999672212,0.17765405405873264,nan,nan,7.961580000119284,0.15339258607624004,5.4894200002308935,0.0665825629770881,nan,nan,orb,orb,orb,bf_ratio,0.8
hpatches,v_bees,viewpoint,v_bees_1_to_4,1,4,D:\桌面\IACV\Assigment1\data\hpatches\v_bees\1.ppm,D:\桌面\IACV\Assigment1\data\hpatches\v_bees\4.ppm,947,2047,1555,0.7596482657547631,3.0,1.4496700004681446,2047,947,917,30,1555,0.462628236443576,0.9683210137275607,0.44797264289203714,0.5897106109324759,0.7596482657547631,3.0,1.0969505670893724,0.9777488240608326,True,916,0.9672650475184794,1.0578424100070083,11.158639997302089,0.3704684385149412,2048,2048,2048,65536,32,uint8,32,2048,2048,2048,65536,7.469239996862598,0.17211514176258236,5.771039999672212,0.17765405405873264,nan,nan,7.655539999541361,0.07155665208165105,5.4990399978123605,0.06300166952323881,nan,nan,orb,orb,orb,bf_ratio,0.8
hpatches,v_bees,viewpoint,v_bees_1_to_5,1,5,D:\桌面\IACV\Assigment1\data\hpatches\v_bees\1.ppm,D:\桌面\IACV\Assigment1\data\hpatches\v_bees\5.ppm,452,2048,1011,0.49365234375,3.0,8.720180770298326,2048,452,401,51,1011,0.220703125,0.8871681415929203,0.19580078125,0.39663699307616224,0.49365234375,3.0,1.2580360093911849,1.1320617547670215,True,392,0.8672566371681416,1.0890427024504965,10.809120000340044,0.1756941143234764,2048,2048,2048,65536,32,uint8,32,2048,2048,2048,65536,7.469239996862598,0.17211514176258236,5.771039999672212,0.17765405405873264,nan,nan,6.441519998770673,0.10895660590228148,5.876680000801571,0.07569035326925758,nan,nan,orb,orb,orb,bf_ratio,0.8
hpatches,v_bees,viewpoint,v_bees_1_to_6,1,6,D:\桌面\IACV\Assigment1\data\hpatches\v_bees\1.ppm,D:\桌面\IACV\Assigment1\data\hpatches\v_bees\6.ppm,423,2044,1088,0.5322896281800391,3.0,5.857883835210817,2044,423,361,62,1088,0.20694716242661448,0.8534278959810875,0.17661448140900196,0.3318014705882353,0.5322896281800391,3.0,1.41410804718,1.3601745381702026,True,354,0.8368794326241135,1.2128522037166967,11.171599999943282,0.3056264971000808,2048,2048,2048,65536,32,uint8,32,2048,2048,2048,65536,7.469239996862598,0.17211514176258236,5.771039999672212,0.17765405405873264,nan,nan,8.623759998590685,0.1310673824076277,5.360080000536982,0.10926773206380017,nan,nan,orb,orb,orb,bf_ratio,0.8
hpatches,v_beyus,viewpoint,v_beyus_1_to_2,1,2,D:\桌面\IACV\Assigment1\data\hpatches\v_beyus\1.ppm,D:\桌面\IACV\Assigment1\data\hpatches\v_beyus\2.ppm,208,2048,1144,0.55859375,3.0,4.081624165455917,2048,208,129,79,1144,0.1015625,0.6201923076923077,0.06298828125,0.11276223776223776,0.55859375,3.0,1.3072827825775226,1.1977199310257736,True,128,0.6153846153846154,1.387645117795354,11.822899998514913,0.678130969289702,2048,2048,2048,65536,32,uint8,32,2048,2048,2048,65536,6.533999998646323,0.09144246407445095,5.68994000350358,0.2527774230051506,nan,nan,5.5238000000827014,0.282596565464505,5.435799997940194,0.05031508639634651,nan,nan,orb,orb,orb,bf_ratio,0.8
hpatches,v_beyus,viewpoint,v_beyus_1_to_3,1,3,D:\桌面\IACV\Assigment1\data\hpatches\v_beyus\1.ppm,D:\桌面\IACV\Assigment1\data\hpatches\v_beyus\3.ppm,60,1983,897,0.4523449319213313,3.0,329.27451114724016,1983,56,6,50,897,0.028240040342914774,0.10714285714285714,0.0030257186081694403,0.006688963210702341,0.4523449319213313,3.0,1.682324731126409,1.9090222506146375,True,8,0.13333333333333333,0.8335965741955506,11.080560002301354,0.40011790412325665,2048,2048,2048,65536,32,uint8,32,2048,2048,2048,65536,6.533999998646323,0.09144246407445095,5.68994000350358,0.2527774230051506,nan,nan,5.097999999998137,0.1354858075128519,5.801340001926292,0.2151278377322898,nan,nan,orb,orb,orb,bf_ratio,0.8
hpatches,v_beyus,viewpoint,v_beyus_1_to_4,1,4,D:\桌面\IACV\Assigment1\data\hpatches\v_beyus\1.ppm,D:\桌面\IACV\Assigment1\data\hpatches\v_beyus\4.ppm,528,2048,1326,0.6474609375,3.0,0.9417955700768965,2048,528,486,42,1326,0.2578125,0.9204545454545454,0.2373046875,0.3665158371040724,0.6474609375,3.0,1.098074916932299,0.9251286820216297,True,491,0.9299242424242424,1.1323205028699395,11.506799999915529,0.7999394727548147,2048,2048,2048,65536,32,uint8,32,2048,2048,2048,65536,6.533999998646323,0.09144246407445095,5.68994000350358,0.2527774230051506,nan,nan,5.497440000181086,0.12757969277285333,5.535660000168718,0.4213623468923214,nan,nan,orb,orb,orb,bf_ratio,0.8
hpatches,v_beyus,viewpoint,v_beyus_1_to_5,1,5,D:\桌面\IACV\Assigment1\data\hpatches\v_beyus\1.ppm,D:\桌面\IACV\Assigment1\data\hpatches\v_beyus\5.ppm,84,2048,985,0.48095703125,3.0,16.47677315630498,2048,84,21,63,985,0.041015625,0.25,0.01025390625,0.02131979695431472,0.48095703125,3.0,1.3809619545763776,1.3426215776003936,True,22,0.2619047619047619,1.0497796175231664,11.537260001932736,0.7355237323896024,2048,2048,2048,65536,32,uint8,32,2048,2048,2048,65536,6.533999998646323,0.09144246407445095,5.68994000350358,0.2527774230051506,nan,nan,5.223519999708515,0.06846121281641807,5.978340000729077,0.4531184980466928,nan,nan,orb,orb,orb,bf_ratio,0.8
hpatches,v_beyus,viewpoint,v_beyus_1_to_6,1,6,D:\桌面\IACV\Assigment1\data\hpatches\v_beyus\1.ppm,D:\桌面\IACV\Assigment1\data\hpatches\v_beyus\6.ppm,109,2048,1247,0.60888671875,3.0,2.313709606497989,2048,109,49,60,1247,0.05322265625,0.44954128440366975,0.02392578125,0.03929430633520449,0.60888671875,3.0,1.4007010116027419,1.3932756293623092,True,49,0.44954128440366975,1.385705811316197,10.487140000623185,0.09948444408509378,2048,2048,2048,65536,32,uint8,32,2048,2048,2048,65536,6.533999998646323,0.09144246407445095,5.68994000350358,0.2527774230051506,nan,nan,5.608619999838993,0.32579830211110106,5.498339999758173,0.06417506263193803,nan,nan,orb,orb,orb,bf_ratio,0.8
hpatches,v_bip,viewpoint,v_bip_1_to_2,1,2,D:\桌面\IACV\Assigment1\data\hpatches\v_bip\1.ppm,D:\桌面\IACV\Assigment1\data\hpatches\v_bip\2.ppm,437,2048,790,0.3857421875,3.0,0.4587713179683367,2048,437,405,32,790,0.21337890625,0.9267734553775744,0.19775390625,0.5126582278481012,0.3857421875,3.0,0.9810475356697059,0.91665217918505,True,405,0.9267734553775744,0.9292546243450702,10.61725999607006,0.30164952276668355,2048,2048,2048,65536,32,uint8,32,2048,2048,2048,65536,5.406400001083966,0.22518007715632815,3.6182999989250675,0.08453117685273803,nan,nan,5.125099999713711,0.1595693326135306,3.6289199997554533,0.10572239816574207,nan,nan,orb,orb,orb,bf_ratio,0.8
hpatches,v_bip,viewpoint,v_bip_1_to_3,1,3,D:\桌面\IACV\Assigment1\data\hpatches\v_bip\1.ppm,D:\桌面\IACV\Assigment1\data\hpatches\v_bip\3.ppm,292,2048,671,0.32763671875,3.0,0.824302485188148,2048,292,247,45,671,0.142578125,0.8458904109589042,0.12060546875,0.368107302533532,0.32763671875,3.0,0.9521681120658925,0.8897712039443876,True,248,0.8493150684931506,0.8845578568767222,10.471199997118674,0.14818968804052832,2048,2048,2048,65536,32,uint8,32,2048,2048,2048,65536,5.406400001083966,0.22518007715632815,3.6182999989250675,0.08453117685273803,nan,nan,4.72260000242386,0.049699739734470755,3.4613599986187182,0.042769457539977525,nan,nan,orb,orb,orb,bf_ratio,0.8
hpatches,v_bip,viewpoint,v_bip_1_to_4,1,4,D:\桌面\IACV\Assigment1\data\hpatches\v_bip\1.ppm,D:\桌面\IACV\Assigment1\data\hpatches\v_bip\4.ppm,370,2048,695,0.33935546875,3.0,0.4958684608864939,2048,370,328,42,695,0.1806640625,0.8864864864864865,0.16015625,0.4719424460431655,0.33935546875,3.0,0.9472796850854445,0.8833122407203247,True,329,0.8891891891891892,0.8922938357970205,10.421119999955408,0.16395819515845075,2048,2048,2048,65536,32,uint8,32,2048,2048,2048,65536,5.406400001083966,0.22518007715632815,3.6182999989250675,0.08453117685273803,nan,nan,5.474619998130947,0.10446511960023737,3.46815999946557,0.23325613837833803,nan,nan,orb,orb,orb,bf_ratio,0.8
hpatches,v_bip,viewpoint,v_bip_1_to_5,1,5,D:\桌面\IACV\Assigment1\data\hpatches\v_bip\1.ppm,D:\桌面\IACV\Assigment1\data\hpatches\v_bip\5.ppm,97,2048,260,0.126953125,3.0,0.7509879095537919,2048,97,64,33,260,0.04736328125,0.6597938144329897,0.03125,0.24615384615384617,0.126953125,3.0,0.9305438179835928,0.8867744168599472,True,65,0.6701030927835051,0.8099011575414821,10.41176000435371,0.33444132376764024,2048,2048,2048,65536,32,uint8,32,2048,2048,2048,65536,5.406400001083966,0.22518007715632815,3.6182999989250675,0.08453117685273803,nan,nan,4.785119999723975,0.05546542677419183,3.4991799999261275,0.11517093998012162,nan,nan,orb,orb,orb,bf_ratio,0.8
hpatches,v_bip,viewpoint,v_bip_1_to_6,1,6,D:\桌面\IACV\Assigment1\data\hpatches\v_bip\1.ppm,D:\桌面\IACV\Assigment1\data\hpatches\v_bip\6.ppm,112,2048,358,0.1748046875,3.0,2.5270600659327,2048,112,70,42,358,0.0546875,0.625,0.0341796875,0.19553072625698323,0.1748046875,3.0,0.78151539303453,0.7745295156532263,True,73,0.6517857142857143,0.7451031824328589,10.617600001569372,0.23978406253773232,2048,2048,2048,65536,32,uint8,32,2048,2048,2048,65536,5.406400001083966,0.22518007715632815,3.6182999989250675,0.08453117685273803,nan,nan,5.096680001588538,0.131256259567991,3.524360001028981,0.022730210553233612,nan,nan,orb,orb,orb,bf_ratio,0.8
hpatches,v_bird,viewpoint,v_bird_1_to_2,1,2,D:\桌面\IACV\Assigment1\data\hpatches\v_bird\1.ppm,D:\桌面\IACV\Assigment1\data\hpatches\v_bird\2.ppm,511,2048,1227,0.59912109375,3.0,1.9227581690890454,2048,511,476,35,1227,0.24951171875,0.9315068493150684,0.232421875,0.38793806030969846,0.59912109375,3.0,1.0395238504913622,0.9678869764360478,True,476,0.9315068493150684,0.9869875559578254,10.735599999316037,0.5871308190633593,2048,2048,2048,65536,32,uint8,32,2048,2048,2048,65536,8.95444000052521,0.09758529689731606,5.341359999147244,0.09780741304941132,nan,nan,6.591879999905359,0.09035086191842459,4.115779999119695,0.05518218402633101,nan,nan,orb,orb,orb,bf_ratio,0.8
hpatches,v_bird,viewpoint,v_bird_1_to_3,1,3,D:\桌面\IACV\Assigment1\data\hpatches\v_bird\1.ppm,D:\桌面\IACV\Assigment1\data\hpatches\v_bird\3.ppm,322,2048,1227,0.59912109375,3.0,5.4365245472117065,2048,322,278,44,1227,0.1572265625,0.8633540372670807,0.1357421875,0.2265688671556642,0.59912109375,3.0,1.2879047309978324,1.1941126711672618,True,275,0.8540372670807453,1.1857697736155803,10.969980001391377,0.45622057603990646,2048,2048,2048,65536,32,uint8,32,2048,2048,2048,65536,8.95444000052521,0.09758529689731606,5.341359999147244,0.09780741304941132,nan,nan,6.029020001005847,0.12387331349113376,4.1112399980193,0.11260741707958971,nan,nan,orb,orb,orb,bf_ratio,0.8
hpatches,v_bird,viewpoint,v_bird_1_to_4,1,4,D:\桌面\IACV\Assigment1\data\hpatches\v_bird\1.ppm,D:\桌面\IACV\Assigment1\data\hpatches\v_bird\4.ppm,312,2038,1264,0.620215897939156,3.0,5.457679358337157,2038,312,262,50,1264,0.15309126594700687,0.8397435897435898,0.12855740922473013,0.20727848101265822,0.620215897939156,3.0,1.3655308985303471,1.3052788500775334,True,269,0.8621794871794872,1.073528777280655,10.580280001158826,0.2503296662875455,2048,2048,2048,65536,32,uint8,32,2048,2048,2048,65536,8.95444000052521,0.09758529689731606,5.341359999147244,0.09780741304941132,nan,nan,7.637320001958869,0.26424605373154375,4.563000003690831,0.1641283532530933,nan,nan,orb,orb,orb,bf_ratio,0.8
hpatches,v_bird,viewpoint,v_bird_1_to_5,1,5,D:\桌面\IACV\Assigment1\data\hpatches\v_bird\1.ppm,D:\桌面\IACV\Assigment1\data\hpatches\v_bird\5.ppm,202,1938,1088,0.5614035087719298,3.0,30.346752304152993,1938,201,115,86,1088,0.10371517027863777,0.572139303482587,0.05933952528379773,0.1056985294117647,0.5614035087719298,3.0,1.666997440436763,1.7173604789658,True,138,0.6831683168316832,1.3299569873234962,10.279140000056941,0.09458542426700708,2048,2048,2048,65536,32,uint8,32,2048,2048,2048,65536,8.95444000052521,0.09758529689731606,5.341359999147244,0.09780741304941132,nan,nan,8.962280000559986,0.1969057166553352,5.65539999952307,0.0863507948327558,nan,nan,orb,orb,orb,bf_ratio,0.8
hpatches,v_bird,viewpoint,v_bird_1_to_6,1,6,D:\桌面\IACV\Assigment1\data\hpatches\v_bird\1.ppm,D:\桌面\IACV\Assigment1\data\hpatches\v_bird\6.ppm,48,1842,752,0.40825190010857765,3.0,2292.7393611523144,1842,43,3,40,752,0.023344191096634093,0.06976744186046512,0.0016286644951140066,0.003989361702127659,0.40825190010857765,3.0,2.7040982460544156,2.614809742074031,True,6,0.125,0.314070324875189,10.00532000180101,0.4119079514306127,2048,2048,2048,65536,32,uint8,32,2048,2048,2048,65536,8.95444000052521,0.09758529689731606,5.341359999147244,0.09780741304941132,nan,nan,5.512100001215003,0.05773695519377427,4.1354600005433895,0.03402702421581012,nan,nan,orb,orb,orb,bf_ratio,0.8
hpatches,v_birdwoman,viewpoint,v_birdwoman_1_to_2,1,2,D:\桌面\IACV\Assigment1\data\hpatches\v_birdwoman\1.ppm,D:\桌面\IACV\Assigment1\data\hpatches\v_birdwoman\2.ppm,226,2048,596,0.291015625,3.0,1.3913397220745736,2048,226,206,20,596,0.1103515625,0.911504424778761,0.1005859375,0.34563758389261745,0.291015625,3.0,0.8938018698657942,0.8048587822401996,True,204,0.9026548672566371,0.7238467458203763,11.31576000188943,0.6412359500989822,2048,2048,2048,65536,32,uint8,32,2048,2048,2048,65536,10.27033999998821,0.2660975608657191,5.352639999182429,0.3098809052153198,nan,nan,7.7278199983993545,0.12676323383578011,4.870220000157133,0.16752859079066468,nan,nan,orb,orb,orb,bf_ratio,0.8
hpatches,v_birdwoman,viewpoint,v_birdwoman_1_to_3,1,3,D:\桌面\IACV\Assigment1\data\hpatches\v_birdwoman\1.ppm,D:\桌面\IACV\Assigment1\data\hpatches\v_birdwoman\3.ppm,72,2048,668,0.326171875,3.0,4.13866490599754,2048,72,37,35,668,0.03515625,0.5138888888888888,0.01806640625,0.05538922155688623,0.326171875,3.0,1.2621105963106822,1.1932054483620056,True,39,0.5416666666666666,0.9467435337771616,10.533579997718334,0.18271442680735817,2048,2048,2048,65536,32,uint8,32,2048,2048,2048,65536,10.27033999998821,0.2660975608657191,5.352639999182429,0.3098809052153198,nan,nan,8.857540000462905,0.13218677226944145,4.658660000131931,0.08873467570634802,nan,nan,orb,orb,orb,bf_ratio,0.8
hpatches,v_birdwoman,viewpoint,v_birdwoman_1_to_4,1,4,D:\桌面\IACV\Assigment1\data\hpatches\v_birdwoman\1.ppm,D:\桌面\IACV\Assigment1\data\hpatches\v_birdwoman\4.ppm,278,2048,1036,0.505859375,3.0,2.3409409092996243,2048,278,238,40,1036,0.1357421875,0.8561151079136691,0.1162109375,0.22972972972972974,0.505859375,3.0,1.0743171223187744,0.9690289002433607,True,239,0.8597122302158273,0.9793734489349123,10.482599996612407,0.21745042634737297,2048,2048,2048,65536,32,uint8,32,2048,2048,2048,65536,10.27033999998821,0.2660975608657191,5.352639999182429,0.3098809052153198,nan,nan,8.884119999129325,0.12830694953199553,4.423959999985527,0.14319955983054333,nan,nan,orb,orb,orb,bf_ratio,0.8
hpatches,v_birdwoman,viewpoint,v_birdwoman_1_to_5,1,5,D:\桌面\IACV\Assigment1\data\hpatches\v_birdwoman\1.ppm,D:\桌面\IACV\Assigment1\data\hpatches\v_birdwoman\5.ppm,691,2039,1400,0.6866110838646395,3.0,1.145508265629501,2039,691,667,24,1400,0.3388916135360471,0.9652677279305355,0.3271211378126533,0.4764285714285714,0.6866110838646395,3.0,0.9691472385149195,0.8623007167801912,True,665,0.9623733719247467,0.9622175160437082,11.228760000085458,0.32937765925323625,2048,2048,2048,65536,32,uint8,32,2048,2048,2048,65536,10.27033999998821,0.2660975608657191,5.352639999182429,0.3098809052153198,nan,nan,8.969059999799356,0.07069296016471525,4.572360000747722,0.28207322240733496,nan,nan,orb,orb,orb,bf_ratio,0.8
hpatches,v_birdwoman,viewpoint,v_birdwoman_1_to_6,1,6,D:\桌面\IACV\Assigment1\data\hpatches\v_birdwoman\1.ppm,D:\桌面\IACV\Assigment1\data\hpatches\v_birdwoman\6.ppm,426,2048,919,0.44873046875,3.0,1.4483262633404828,2048,426,405,21,919,0.2080078125,0.9507042253521126,0.19775390625,0.44069640914036995,0.44873046875,3.0,0.9506599387114221,0.8390040188305913,True,402,0.9436619718309859,0.9002308222935391,11.37517999886768,0.3674650981272918,2048,2048,2048,65536,32,uint8,32,2048,2048,2048,65536,10.27033999998821,0.2660975608657191,5.352639999182429,0.3098809052153198,nan,nan,8.106260000204202,0.2718699941747771,4.458839996368624,0.07390284378424807,nan,nan,orb,orb,orb,bf_ratio,0.8
hpatches,v_blueprint,viewpoint,v_blueprint_1_to_2,1,2,D:\桌面\IACV\Assigment1\data\hpatches\v_blueprint\1.ppm,D:\桌面\IACV\Assigment1\data\hpatches\v_blueprint\2.ppm,721,2048,1243,0.60693359375,3.0,1.8248973714762335,2048,721,660,61,1243,0.35205078125,0.9153952843273232,0.322265625,0.5309734513274337,0.60693359375,3.0,1.3581281212173288,1.265446079272157,True,643,0.8918169209431346,1.2645298056266498,11.709979998704512,0.6535889175628833,2048,2048,2048,65536,32,uint8,32,2048,2048,2048,65536,15.881239999725949,0.3240700710121615,5.308299997705035,0.07093193814237497,nan,nan,11.452739998640027,0.30339902195106827,5.998480002745055,0.36930915661553537,nan,nan,orb,orb,orb,bf_ratio,0.8
hpatches,v_blueprint,viewpoint,v_blueprint_1_to_3,1,3,D:\桌面\IACV\Assigment1\data\hpatches\v_blueprint\1.ppm,D:\桌面\IACV\Assigment1\data\hpatches\v_blueprint\3.ppm,409,2047,972,0.4748412310698583,3.0,6.539112587234338,2047,409,256,153,972,0.19980459208597948,0.6259168704156479,0.1250610649731314,0.26337448559670784,0.4748412310698583,3.0,1.6489092702216666,1.6890825753715495,True,290,0.7090464547677262,1.4683589302591764,10.578799998620525,0.14849894276641407,2048,2048,2048,65536,32,uint8,32,2048,2048,2048,65536,15.881239999725949,0.3240700710121615,5.308299997705035,0.07093193814237497,nan,nan,9.753919999639038,0.1936203229694388,5.565900001965929,0.40144695657881474,nan,nan,orb,orb,orb,bf_ratio,0.8
hpatches,v_blueprint,viewpoint,v_blueprint_1_to_4,1,4,D:\桌面\IACV\Assigment1\data\hpatches\v_blueprint\1.ppm,D:\桌面\IACV\Assigment1\data\hpatches\v_blueprint\4.ppm,413,2048,960,0.46875,3.0,0.6764614530828161,2048,413,384,29,960,0.20166015625,0.9297820823244553,0.1875,0.4,0.46875,3.0,1.1153934617063426,0.9910099768484538,True,386,0.9346246973365617,1.0592001978060837,11.078119999729097,0.21652812580658176,2048,2048,2048,65536,32,uint8,32,2048,2048,2048,65536,15.881239999725949,0.3240700710121615,5.308299997705035,0.07093193814237497,nan,nan,10.784179998154286,0.17817813033204657,5.786859997897409,0.17597068395403906,nan,nan,orb,orb,orb,bf_ratio,0.8
hpatches,v_blueprint,viewpoint,v_blueprint_1_to_5,1,5,D:\桌面\IACV\Assigment1\data\hpatches\v_blueprint\1.ppm,D:\桌面\IACV\Assigment1\data\hpatches\v_blueprint\5.ppm,92,1987,600,0.3019627579265224,3.0,4.64180225503468,1987,92,60,32,600,0.0463009562154001,0.6521739130434783,0.03019627579265224,0.1,0.3019627579265224,3.0,1.3357830319031982,1.317652179405085,True,58,0.6304347826086957,1.264857388540985,10.768859999370761,0.32254766264907514,2048,2048,2048,65536,32,uint8,32,2048,2048,2048,65536,15.881239999725949,0.3240700710121615,5.308299997705035,0.07093193814237497,nan,nan,8.848679999937303,0.18052523815020527,5.571580000105314,0.1817864492664589,nan,nan,orb,orb,orb,bf_ratio,0.8
hpatches,v_blueprint,viewpoint,v_blueprint_1_to_6,1,6,D:\桌面\IACV\Assigment1\data\hpatches\v_blueprint\1.ppm,D:\桌面\IACV\Assigment1\data\hpatches\v_blueprint\6.ppm,39,1945,388,0.1994858611825193,3.0,8.04633836761212,1945,39,11,28,388,0.02005141388174807,0.28205128205128205,0.005655526992287918,0.028350515463917526,0.1994858611825193,3.0,1.38986064587218,1.1668862864027598,True,11,0.28205128205128205,1.090991556233041,10.826140000426676,0.04258467357647529,2048,2048,2048,65536,32,uint8,32,2048,2048,2048,65536,15.881239999725949,0.3240700710121615,5.308299997705035,0.07093193814237497,nan,nan,7.021119998535141,0.0612477414728806,5.782019998878241,0.3279146623109775,nan,nan,orb,orb,orb,bf_ratio,0.8
hpatches,v_boat,viewpoint,v_boat_1_to_2,1,2,D:\桌面\IACV\Assigment1\data\hpatches\v_boat\1.ppm,D:\桌面\IACV\Assigment1\data\hpatches\v_boat\2.ppm,765,2048,1478,0.7216796875,3.0,3.111840660504255,2048,765,726,39,1478,0.37353515625,0.9490196078431372,0.3544921875,0.4912043301759134,0.7216796875,3.0,1.1324538585954445,1.0096266836352332,True,727,0.9503267973856209,1.221048546827597,11.17528000177117,0.27176194647468244,2048,2048,2048,65536,32,uint8,32,2048,2048,2048,65536,9.997440001461655,0.3763976588456443,3.9792999989003874,0.06252125896903418,nan,nan,9.793260000878945,0.1682836261365018,4.41131999832578,0.42353637632464525,nan,nan,orb,orb,orb,bf_ratio,0.8
hpatches,v_boat,viewpoint,v_boat_1_to_3,1,3,D:\桌面\IACV\Assigment1\data\hpatches\v_boat\1.ppm,D:\桌面\IACV\Assigment1\data\hpatches\v_boat\3.ppm,659,2048,1372,0.669921875,3.0,2.448745572374869,2048,659,624,35,1372,0.32177734375,0.9468892261001517,0.3046875,0.45481049562682213,0.669921875,3.0,1.011992566655866,0.8619497455612293,True,630,0.9559939301972686,1.0346049132922344,11.025420001533348,0.2620540332382167,2048,2048,2048,65536,32,uint8,32,2048,2048,2048,65536,9.997440001461655,0.3763976588456443,3.9792999989003874,0.06252125896903418,nan,nan,9.319679999316577,0.16722373265071747,4.283220000797883,0.04858713565638386,nan,nan,orb,orb,orb,bf_ratio,0.8
hpatches,v_boat,viewpoint,v_boat_1_to_4,1,4,D:\桌面\IACV\Assigment1\data\hpatches\v_boat\1.ppm,D:\桌面\IACV\Assigment1\data\hpatches\v_boat\4.ppm,445,2048,1230,0.6005859375,3.0,0.873337376864145,2048,445,425,20,1230,0.21728515625,0.9550561797752809,0.20751953125,0.34552845528455284,0.6005859375,3.0,1.1078595523157533,1.0183452288034816,True,427,0.9595505617977528,1.0211141062201279,11.06558000028599,0.20903479643037348,2048,2048,2048,65536,32,uint8,32,2048,2048,2048,65536,9.997440001461655,0.3763976588456443,3.9792999989003874,0.06252125896903418,nan,nan,8.21531999972649,0.07211905224123855,4.273260000627488,0.0621270178359772,nan,nan,orb,orb,orb,bf_ratio,0.8
hpatches,v_boat,viewpoint,v_boat_1_to_5,1,5,D:\桌面\IACV\Assigment1\data\hpatches\v_boat\1.ppm,D:\桌面\IACV\Assigment1\data\hpatches\v_boat\5.ppm,371,2048,1154,0.5634765625,3.0,2.0829379316572636,2048,371,335,36,1154,0.18115234375,0.9029649595687331,0.16357421875,0.2902946273830156,0.5634765625,3.0,1.148580189275907,1.0752147707189559,True,342,0.921832884097035,1.0440549450188124,10.85257999948226,0.4262161774856504,2048,2048,2048,65536,32,uint8,32,2048,2048,2048,65536,9.997440001461655,0.3763976588456443,3.9792999989003874,0.06252125896903418,nan,nan,7.221460000437219,0.0953731744977672,4.198320000432432,0.055234459776907954,nan,nan,orb,orb,orb,bf_ratio,0.8
hpatches,v_boat,viewpoint,v_boat_1_to_6,1,6,D:\桌面\IACV\Assigment1\data\hpatches\v_boat\1.ppm,D:\桌面\IACV\Assigment1\data\hpatches\v_boat\6.ppm,248,2048,983,0.47998046875,3.0,2.7682951307677497,2048,248,217,31,983,0.12109375,0.875,0.10595703125,0.22075279755849442,0.47998046875,3.0,1.0789438473814683,1.026511209684919,True,216,0.8709677419354839,0.9475774676497571,9.787639998830855,0.55953520845607,2048,2048,2048,65536,32,uint8,32,2048,2048,2048,65536,9.997440001461655,0.3763976588456443,3.9792999989003874,0.06252125896903418,nan,nan,6.038840000110213,0.15435694463165098,3.9089600017177872,0.03830684278588204,nan,nan,orb,orb,orb,bf_ratio,0.8
hpatches,v_bricks,viewpoint,v_bricks_1_to_2,1,2,D:\桌面\IACV\Assigment1\data\hpatches\v_bricks\1.ppm,D:\桌面\IACV\Assigment1\data\hpatches\v_bricks\2.ppm,683,2048,1317,0.64306640625,3.0,0.5691469759082076,2048,683,660,23,1317,0.33349609375,0.9663250366032211,0.322265625,0.5011389521640092,0.64306640625,3.0,0.9614858315919512,0.827595887426349,True,662,0.9692532942898975,0.9677603440078418,10.772960000031162,0.3205769646767251,2048,2048,2048,65536,32,uint8,32,2048,2048,2048,65536,12.665320000087377,0.35473394353331267,5.022239999379963,0.2985211326432672,nan,nan,9.78787999774795,0.27132313837608946,4.11747999896761,0.13480138443196765,nan,nan,orb,orb,orb,bf_ratio,0.8
hpatches,v_bricks,viewpoint,v_bricks_1_to_3,1,3,D:\桌面\IACV\Assigment1\data\hpatches\v_bricks\1.ppm,D:\桌面\IACV\Assigment1\data\hpatches\v_bricks\3.ppm,488,2048,1224,0.59765625,3.0,0.5578974144642028,2048,488,472,16,1224,0.23828125,0.9672131147540983,0.23046875,0.38562091503267976,0.59765625,3.0,1.0145652554881666,0.8827546114404677,True,470,0.9631147540983607,0.9972064243445232,10.590080001566093,0.30402082372985945,2048,2048,2048,65536,32,uint8,32,2048,2048,2048,65536,12.665320000087377,0.35473394353331267,5.022239999379963,0.2985211326432672,nan,nan,9.950100000423845,0.12182096719134625,4.177720000734553,0.050468420612222974,nan,nan,orb,orb,orb,bf_ratio,0.8
hpatches,v_bricks,viewpoint,v_bricks_1_to_4,1,4,D:\桌面\IACV\Assigment1\data\hpatches\v_bricks\1.ppm,D:\桌面\IACV\Assigment1\data\hpatches\v_bricks\4.ppm,213,2001,848,0.4237881059470265,3.0,1.7633159747079536,2001,213,199,14,848,0.10644677661169415,0.9342723004694836,0.09945027486256872,0.2346698113207547,0.4237881059470265,3.0,1.1093571982847135,1.0311965843381963,True,200,0.9389671361502347,1.0748417078999928,10.823979999986477,0.24111949353412415,2048,2048,2048,65536,32,uint8,32,2048,2048,2048,65536,12.665320000087377,0.35473394353331267,5.022239999379963,0.2985211326432672,nan,nan,10.153800000261981,0.16458534380982762,4.281440000340808,0.06385698462930992,nan,nan,orb,orb,orb,bf_ratio,0.8
hpatches,v_bricks,viewpoint,v_bricks_1_to_5,1,5,D:\桌面\IACV\Assigment1\data\hpatches\v_bricks\1.ppm,D:\桌面\IACV\Assigment1\data\hpatches\v_bricks\5.ppm,53,1983,636,0.3207261724659607,3.0,1.9986838362833572,1983,52,30,22,636,0.026222894604135148,0.5769230769230769,0.015128593040847202,0.04716981132075472,0.3207261724659607,3.0,1.2654205386203954,1.0703772189404717,True,30,0.5660377358490566,1.1665132437923218,10.605419997591525,0.33329642542930005,2048,2048,2048,65536,32,uint8,32,2048,2048,2048,65536,12.665320000087377,0.35473394353331267,5.022239999379963,0.2985211326432672,nan,nan,10.74372000148287,0.07358508992922043,4.350339999655262,0.1378494361105396,nan,nan,orb,orb,orb,bf_ratio,0.8
hpatches,v_bricks,viewpoint,v_bricks_1_to_6,1,6,D:\桌面\IACV\Assigment1\data\hpatches\v_bricks\1.ppm,D:\桌面\IACV\Assigment1\data\hpatches\v_bricks\6.ppm,25,1912,332,0.17364016736401675,3.0,756.0482494649349,1912,23,2,21,332,0.01202928870292887,0.08695652173913043,0.0010460251046025104,0.006024096385542169,0.17364016736401675,3.0,1.4121904567488222,1.4121904567488222,True,5,0.2,0.569189395526111,10.531140000966843,0.16681885712712116,2048,2048,2048,65536,32,uint8,32,2048,2048,2048,65536,12.665320000087377,0.35473394353331267,5.022239999379963,0.2985211326432672,nan,nan,10.772719999658875,0.10491845219089313,4.325939998670947,0.07650217122350152,nan,nan,orb,orb,orb,bf_ratio,0.8
hpatches,v_busstop,viewpoint,v_busstop_1_to_2,1,2,D:\桌面\IACV\Assigment1\data\hpatches\v_busstop\1.ppm,D:\桌面\IACV\Assigment1\data\hpatches\v_busstop\2.ppm,781,2048,1547,0.75537109375,3.0,3.8750491961808615,2048,781,732,49,1547,0.38134765625,0.9372599231754162,0.357421875,0.4731738849385908,0.75537109375,3.0,1.306263082428723,1.2140055244189063,True,738,0.9449423815620999,1.1909297164768036,10.634739998204168,0.21880846069878548,2048,2048,2048,65536,32,uint8,32,2048,2048,2048,65536,19.979420001618564,0.6737223032681817,6.704959999478888,0.28103705532020296,nan,nan,19.94391999905929,0.4892946818024651,6.775880001077894,0.1405655627907645,nan,nan,orb,orb,orb,bf_ratio,0.8
hpatches,v_busstop,viewpoint,v_busstop_1_to_3,1,3,D:\桌面\IACV\Assigment1\data\hpatches\v_busstop\1.ppm,D:\桌面\IACV\Assigment1\data\hpatches\v_busstop\3.ppm,331,2032,1298,0.6387795275590551,3.0,7.402604482222868,2032,330,267,63,1298,0.1624015748031496,0.8090909090909091,0.13139763779527558,0.20570107858243453,0.6387795275590551,3.0,1.4959936967075238,1.4337833512952178,True,275,0.8308157099697885,1.4574833438354806,11.198019998846576,0.3092667987232885,2048,2048,2048,65536,32,uint8,32,2048,2048,2048,65536,19.979420001618564,0.6737223032681817,6.704959999478888,0.28103705532020296,nan,nan,20.968600000196602,0.8589499085755458,7.229140000708867,0.2458330769023603,nan,nan,orb,orb,orb,bf_ratio,0.8
hpatches,v_busstop,viewpoint,v_busstop_1_to_4,1,4,D:\桌面\IACV\Assigment1\data\hpatches\v_busstop\1.ppm,D:\桌面\IACV\Assigment1\data\hpatches\v_busstop\4.ppm,393,2048,1399,0.68310546875,3.0,6.758787432010115,2048,393,359,34,1399,0.19189453125,0.9134860050890585,0.17529296875,0.2566118656182988,0.68310546875,3.0,1.4498402011643376,1.4116212198865283,True,377,0.9592875318066157,1.0545241001451744,10.637539997696877,0.2042310913542417,2048,2048,2048,65536,32,uint8,32,2048,2048,2048,65536,19.979420001618564,0.6737223032681817,6.704959999478888,0.28103705532020296,nan,nan,21.47380000242265,0.17140336101375991,7.116059998224955,0.24138775061783915,nan,nan,orb,orb,orb,bf_ratio,0.8
hpatches,v_busstop,viewpoint,v_busstop_1_to_5,1,5,D:\桌面\IACV\Assigment1\data\hpatches\v_busstop\1.ppm,D:\桌面\IACV\Assigment1\data\hpatches\v_busstop\5.ppm,605,2048,1418,0.6923828125,3.0,2.6536943692825607,2048,605,566,39,1418,0.29541015625,0.9355371900826446,0.2763671875,0.3991537376586742,0.6923828125,3.0,1.2815881354816456,1.2137407816669088,True,573,0.947107438016529,1.0687504316097194,10.309499999857508,0.5285946639328635,2048,2048,2048,65536,32,uint8,32,2048,2048,2048,65536,19.979420001618564,0.6737223032681817,6.704959999478888,0.28103705532020296,nan,nan,18.06920000090031,0.1553639213520758,6.507399996917229,0.21378028921801473,nan,nan,orb,orb,orb,bf_ratio,0.8
hpatches,v_busstop,viewpoint,v_busstop_1_to_6,1,6,D:\桌面\IACV\Assigment1\data\hpatches\v_busstop\1.ppm,D:\桌面\IACV\Assigment1\data\hpatches\v_busstop\6.ppm,793,2048,1583,0.77294921875,3.0,2.2751025144896215,2048,793,763,30,1583,0.38720703125,0.9621689785624212,0.37255859375,0.4819962097283639,0.77294921875,3.0,1.1064410073103763,0.9952115633308892,True,766,0.9659520807061791,1.0341714272906273,10.883020001347177,0.13515416941991298,2048,2048,2048,65536,32,uint8,32,2048,2048,2048,65536,19.979420001618564,0.6737223032681817,6.704959999478888,0.28103705532020296,nan,nan,20.57438000192633,0.37921123677576696,7.088040001690388,0.16571185500514524,nan,nan,orb,orb,orb,bf_ratio,0.8
hpatches,v_calder,viewpoint,v_calder_1_to_2,1,2,D:\桌面\IACV\Assigment1\data\hpatches\v_calder\1.ppm,D:\桌面\IACV\Assigment1\data\hpatches\v_calder\2.ppm,367,2048,1396,0.681640625,3.0,1.1687434188712194,2048,367,327,40,1396,0.17919921875,0.8910081743869209,0.15966796875,0.2342406876790831,0.681640625,3.0,1.0247141577117118,0.9111601380045181,True,330,0.8991825613079019,1.0034894550577855,10.886419999587815,0.21991399638178186,2048,2048,2048,65536,32,uint8,32,2048,2048,2048,65536,7.519799999136012,0.14168648563970146,5.219020003278274,0.16016776830265486,nan,nan,6.991740001831204,0.07440302705021244,5.443139998533297,0.1801943266907128,nan,nan,orb,orb,orb,bf_ratio,0.8
hpatches,v_calder,viewpoint,v_calder_1_to_3,1,3,D:\桌面\IACV\Assigment1\data\hpatches\v_calder\1.ppm,D:\桌面\IACV\Assigment1\data\hpatches\v_calder\3.ppm,866,2032,1493,0.734744094488189,3.0,2.3347570398307944,2032,866,820,46,1493,0.42618110236220474,0.9468822170900693,0.4035433070866142,0.5492297387809779,0.734744094488189,3.0,1.1360757233434613,1.0524575983228834,True,830,0.9584295612009238,1.073381283457633,10.861419998400379,0.22189636585791736,2048,2048,2048,65536,32,uint8,32,2048,2048,2048,65536,7.519799999136012,0.14168648563970146,5.219020003278274,0.16016776830265486,nan,nan,7.370079999964219,0.20821580304914913,4.857259998971131,0.20360558400738415,nan,nan,orb,orb,orb,bf_ratio,0.8
hpatches,v_calder,viewpoint,v_calder_1_to_4,1,4,D:\桌面\IACV\Assigment1\data\hpatches\v_calder\1.ppm,D:\桌面\IACV\Assigment1\data\hpatches\v_calder\4.ppm,90,2048,1170,0.5712890625,3.0,2.4507685467063087,2048,90,49,41,1170,0.0439453125,0.5444444444444444,0.02392578125,0.04188034188034188,0.5712890625,3.0,1.0700106360714043,0.9289598568929377,True,49,0.5444444444444444,0.9966129707722697,10.512519998883363,0.5418115587437498,2048,2048,2048,65536,32,uint8,32,2048,2048,2048,65536,7.519799999136012,0.14168648563970146,5.219020003278274,0.16016776830265486,nan,nan,5.913320001855027,0.19641765175453627,5.32602000166662,0.1552621953425416,nan,nan,orb,orb,orb,bf_ratio,0.8
hpatches,v_calder,viewpoint,v_calder_1_to_5,1,5,D:\桌面\IACV\Assigment1\data\hpatches\v_calder\1.ppm,D:\桌面\IACV\Assigment1\data\hpatches\v_calder\5.ppm,139,2048,1091,0.53271484375,3.0,1.556814428875732,2048,139,97,42,1091,0.06787109375,0.697841726618705,0.04736328125,0.08890925756186985,0.53271484375,3.0,1.1413569074871868,1.041255524035602,True,96,0.6906474820143885,1.0455403633721898,10.418539996317122,0.22309751786180337,2048,2048,2048,65536,32,uint8,32,2048,2048,2048,65536,7.519799999136012,0.14168648563970146,5.219020003278274,0.16016776830265486,nan,nan,6.687400001101196,0.15858887459891094,4.730959997687023,0.04373431689901063,nan,nan,orb,orb,orb,bf_ratio,0.8
hpatches,v_calder,viewpoint,v_calder_1_to_6,1,6,D:\桌面\IACV\Assigment1\data\hpatches\v_calder\1.ppm,D:\桌面\IACV\Assigment1\data\hpatches\v_calder\6.ppm,47,2048,946,0.4619140625,3.0,435.20507860386016,2048,47,4,43,946,0.02294921875,0.0851063829787234,0.001953125,0.004228329809725159,0.4619140625,3.0,1.7614903928382855,1.7542342168353575,True,6,0.1276595744680851,0.512419490264344,10.426340000412893,0.1869717550606344,2048,2048,2048,65536,32,uint8,32,2048,2048,2048,65536,7.519799999136012,0.14168648563970146,5.219020003278274,0.16016776830265486,nan,nan,6.063380000705365,0.1423070798055272,5.095419999270234,0.26541034726546725,nan,nan,orb,orb,orb,bf_ratio,0.8
hpatches,v_cartooncity,viewpoint,v_cartooncity_1_to_2,1,2,D:\桌面\IACV\Assigment1\data\hpatches\v_cartooncity\1.ppm,D:\桌面\IACV\Assigment1\data\hpatches\v_cartooncity\2.ppm,808,2048,1249,0.60986328125,3.0,1.5811986651861596,2048,808,786,22,1249,0.39453125,0.9727722772277227,0.3837890625,0.6293034427542034,0.60986328125,3.0,0.9593285188465385,0.8611775253606775,True,785,0.9715346534653465,0.9815600755317181,10.645220000878908,0.4639776782811481,2048,2048,2048,65536,32,uint8,32,2048,2048,2048,65536,15.754539998306427,0.13779391084542536,5.9379800004535355,0.1493561428357023,nan,nan,11.245019997295458,1.0245903056983166,4.710500000510365,0.017739449228552646,nan,nan,orb,orb,orb,bf_ratio,0.8
hpatches,v_cartooncity,viewpoint,v_cartooncity_1_to_3,1,3,D:\桌面\IACV\Assigment1\data\hpatches\v_cartooncity\1.ppm,D:\桌面\IACV\Assigment1\data\hpatches\v_cartooncity\3.ppm,95,1992,601,0.3017068273092369,3.0,4.752532964302923,1992,94,56,38,601,0.04718875502008032,0.5957446808510638,0.028112449799196786,0.09317803660565724,0.3017068273092369,3.0,1.0242760687696462,0.8399658498036919,True,55,0.5789473684210527,0.8104246171605527,11.015079999924637,0.4469780209424249,2048,2048,2048,65536,32,uint8,32,2048,2048,2048,65536,15.754539998306427,0.13779391084542536,5.9379800004535355,0.1493561428357023,nan,nan,9.919699998863507,0.3862940040349628,4.802300002484117,0.18065343478186438,nan,nan,orb,orb,orb,bf_ratio,0.8
hpatches,v_cartooncity,viewpoint,v_cartooncity_1_to_4,1,4,D:\桌面\IACV\Assigment1\data\hpatches\v_cartooncity\1.ppm,D:\桌面\IACV\Assigment1\data\hpatches\v_cartooncity\4.ppm,666,1868,1254,0.671306209850107,3.0,1.065319274028659,1868,664,618,46,1254,0.3554603854389722,0.9307228915662651,0.33083511777301927,0.49282296650717705,0.671306209850107,3.0,0.9905133672473867,0.8617303155319105,True,615,0.9234234234234234,0.9588542613652922,13.479099998949096,1.1158899178244137,2048,2048,2048,65536,32,uint8,32,2048,2048,2048,65536,15.754539998306427,0.13779391084542536,5.9379800004535355,0.1493561428357023,nan,nan,11.174259999825153,0.4192673924830775,4.901219999010209,0.08232480452932144,nan,nan,orb,orb,orb,bf_ratio,0.8
hpatches,v_cartooncity,viewpoint,v_cartooncity_1_to_5,1,5,D:\桌面\IACV\Assigment1\data\hpatches\v_cartooncity\1.ppm,D:\桌面\IACV\Assigment1\data\hpatches\v_cartooncity\5.ppm,87,2018,625,0.3097125867195243,3.0,8.091644755047565,2018,84,32,52,625,0.04162537165510406,0.38095238095238093,0.015857284440039643,0.0512,0.3097125867195243,3.0,1.52066791634928,1.3603887019176921,True,35,0.40229885057471265,1.3167953200740865,11.616320001485292,0.49563680621522466,2048,2048,2048,65536,32,uint8,32,2048,2048,2048,65536,15.754539998306427,0.13779391084542536,5.9379800004535355,0.1493561428357023,nan,nan,12.301760002446827,1.8732027221832002,4.888179998670239,0.13531919915055474,nan,nan,orb,orb,orb,bf_ratio,0.8
hpatches,v_cartooncity,viewpoint,v_cartooncity_1_to_6,1,6,D:\桌面\IACV\Assigment1\data\hpatches\v_cartooncity\1.ppm,D:\桌面\IACV\Assigment1\data\hpatches\v_cartooncity\6.ppm,100,2007,612,0.30493273542600896,3.0,7.9689536738063484,2007,99,49,50,612,0.04932735426008968,0.494949494949495,0.024414549078226207,0.08006535947712418,0.30493273542600896,3.0,1.2957931237479994,1.1863267951525538,True,50,0.5,0.9775547200274457,10.414000001037493,0.1790597761677867,2048,2048,2048,65536,32,uint8,32,2048,2048,2048,65536,15.754539998306427,0.13779391084542536,5.9379800004535355,0.1493561428357023,nan,nan,9.812039998359978,0.1490939799270847,4.320480000751559,0.10003116294031152,nan,nan,orb,orb,orb,bf_ratio,0.8
hpatches,v_charing,viewpoint,v_charing_1_to_2,1,2,D:\桌面\IACV\Assigment1\data\hpatches\v_charing\1.ppm,D:\桌面\IACV\Assigment1\data\hpatches\v_charing\2.ppm,151,1274,601,0.4717425431711146,3.0,55.3765493118666,1274,116,58,58,601,0.09105180533751962,0.5,0.04552590266875981,0.09650582362728785,0.4717425431711146,3.0,1.3200254546351604,1.2177401874037996,True,59,0.39072847682119205,1.1492590716021602,10.755319999589119,0.42674214100841057,2048,2048,2048,65536,32,uint8,32,2048,2048,2048,65536,7.205719998455606,0.2955079854437543,6.147400000190828,0.2518715074805555,nan,nan,8.586260001175106,0.11503513743047382,6.8952399989939295,0.23119047236242923,nan,nan,orb,orb,orb,bf_ratio,0.8
hpatches,v_charing,viewpoint,v_charing_1_to_3,1,3,D:\桌面\IACV\Assigment1\data\hpatches\v_charing\1.ppm,D:\桌面\IACV\Assigment1\data\hpatches\v_charing\3.ppm,42,331,158,0.4773413897280967,3.0,2462.406421292544,331,6,1,5,158,0.01812688821752266,0.16666666666666666,0.0030211480362537764,0.006329113924050633,0.4773413897280967,3.0,2.9420204100647354,2.9420204100647354,True,7,0.16666666666666666,0.9420407249690206,9.719299999414943,0.5956071529327904,2048,2048,2048,65536,32,uint8,32,2048,2048,2048,65536,7.205719998455606,0.2955079854437543,6.147400000190828,0.2518715074805555,nan,nan,8.119260003149975,0.12405557721270366,6.182479998096824,0.2773790646440801,nan,nan,orb,orb,orb,bf_ratio,0.8
hpatches,v_charing,viewpoint,v_charing_1_to_4,1,4,D:\桌面\IACV\Assigment1\data\hpatches\v_charing\1.ppm,D:\桌面\IACV\Assigment1\data\hpatches\v_charing\4.ppm,87,322,155,0.4813664596273292,3.0,2332.0426554346645,322,23,12,11,155,0.07142857142857142,0.5217391304347826,0.037267080745341616,0.07741935483870968,0.4813664596273292,3.0,2.0773625312191872,2.1153858837160415,True,7,0.08045977011494253,0.7815011288558041,10.365319999982603,0.11243795649902888,2048,2048,2048,65536,32,uint8,32,2048,2048,2048,65536,7.205719998455606,0.2955079854437543,6.147400000190828,0.2518715074805555,nan,nan,7.70160000101896,0.3603419879587645,6.342540000332519,0.3342930116159024,nan,nan,orb,orb,orb,bf_ratio,0.8
hpatches,v_charing,viewpoint,v_charing_1_to_5,1,5,D:\桌面\IACV\Assigment1\data\hpatches\v_charing\1.ppm,D:\桌面\IACV\Assigment1\data\hpatches\v_charing\5.ppm,35,40,15,0.375,3.0,2290.6184672698237,40,1,1,0,15,0.025,1.0,0.025,0.06666666666666667,0.375,3.0,1.2318278271699117,1.2318278271699117,True,6,0.17142857142857143,0.6726088265308828,10.305759999027941,0.25737118467941705,2048,2048,2048,65536,32,uint8,32,2048,2048,2048,65536,7.205719998455606,0.2955079854437543,6.147400000190828,0.2518715074805555,nan,nan,7.0727999991504475,0.5092686995634574,6.31917999999132,0.12762906333492297,nan,nan,orb,orb,orb,bf_ratio,0.8
hpatches,v_charing,viewpoint,v_charing_1_to_6,1,6,D:\桌面\IACV\Assigment1\data\hpatches\v_charing\1.ppm,D:\桌面\IACV\Assigment1\data\hpatches\v_charing\6.ppm,40,40,15,0.375,3.0,4346.947734782844,40,1,0,1,15,0.025,0.0,0.0,0.0,0.375,3.0,nan,nan,True,7,0.175,0.7311360576242905,10.418800001207273,0.11041239172889693,2048,2048,2048,65536,32,uint8,32,2048,2048,2048,65536,7.205719998455606,0.2955079854437543,6.147400000190828,0.2518715074805555,nan,nan,6.854920003388543,0.26508641214195855,6.363000001874752,0.49205061909620496,nan,nan,orb,orb,orb,bf_ratio,0.8
hpatches,v_churchill,viewpoint,v_churchill_1_to_2,1,2,D:\桌面\IACV\Assigment1\data\hpatches\v_churchill\1.ppm,D:\桌面\IACV\Assigment1\data\hpatches\v_churchill\2.ppm,538,1995,1433,0.7182957393483709,3.0,8.04860129412277,1995,537,463,74,1433,0.26917293233082706,0.8621973929236499,0.23208020050125314,0.32309839497557574,0.7182957393483709,3.0,1.3013916860072994,1.2330649120589219,True,446,0.828996282527881,1.3443948378967192,10.264460000325926,0.5011409209651816,2048,2048,2048,65536,32,uint8,32,2048,2048,2048,65536,6.328480002412107,0.029137837005350248,4.913940001279116,0.05972318231019457,nan,nan,6.284119999327231,0.12142092685135228,5.025280002155341,0.337168798100452,nan,nan,orb,orb,orb,bf_ratio,0.8
hpatches,v_churchill,viewpoint,v_churchill_1_to_3,1,3,D:\桌面\IACV\Assigment1\data\hpatches\v_churchill\1.ppm,D:\桌面\IACV\Assigment1\data\hpatches\v_churchill\3.ppm,263,1986,1310,0.6596173212487412,3.0,6.289840802972308,1986,262,183,79,1310,0.13192346424974824,0.6984732824427481,0.09214501510574018,0.13969465648854962,0.6596173212487412,3.0,1.4085162106907063,1.3255284669255374,True,179,0.6806083650190115,1.4352686114512399,10.469779999402817,0.2680226575415014,2048,2048,2048,65536,32,uint8,32,2048,2048,2048,65536,6.328480002412107,0.029137837005350248,4.913940001279116,0.05972318231019457,nan,nan,6.275999998615589,0.4209602166412936,4.867440000816714,0.10144294191523208,nan,nan,orb,orb,orb,bf_ratio,0.8
hpatches,v_churchill,viewpoint,v_churchill_1_to_4,1,4,D:\桌面\IACV\Assigment1\data\hpatches\v_churchill\1.ppm,D:\桌面\IACV\Assigment1\data\hpatches\v_churchill\4.ppm,115,2048,1376,0.671875,3.0,9.720643285277529,2048,115,69,46,1376,0.05615234375,0.6,0.03369140625,0.0501453488372093,0.671875,3.0,1.4122692720995118,1.4604516183879281,True,69,0.6,1.4283069576583334,10.534259998530615,0.13182257391401245,2048,2048,2048,65536,32,uint8,32,2048,2048,2048,65536,6.328480002412107,0.029137837005350248,4.913940001279116,0.05972318231019457,nan,nan,5.946440002298914,0.27235754407653634,4.612240000278689,0.04819122694680319,nan,nan,orb,orb,orb,bf_ratio,0.8
hpatches,v_churchill,viewpoint,v_churchill_1_to_5,1,5,D:\桌面\IACV\Assigment1\data\hpatches\v_churchill\1.ppm,D:\桌面\IACV\Assigment1\data\hpatches\v_churchill\5.ppm,1094,2048,1716,0.837890625,3.0,2.3284197049997495,2048,1094,1068,26,1716,0.5341796875,0.9762340036563071,0.521484375,0.6223776223776224,0.837890625,3.0,0.9691734930193712,0.8443475557380817,True,1059,0.9680073126142597,0.9890050338888833,10.718159998941701,0.2254293461344542,2048,2048,2048,65536,32,uint8,32,2048,2048,2048,65536,6.328480002412107,0.029137837005350248,4.913940001279116,0.05972318231019457,nan,nan,5.927120000706054,0.12745525036038924,4.785020001872908,0.06759060107363075,nan,nan,orb,orb,orb,bf_ratio,0.8
hpatches,v_churchill,viewpoint,v_churchill_1_to_6,1,6,D:\桌面\IACV\Assigment1\data\hpatches\v_churchill\1.ppm,D:\桌面\IACV\Assigment1\data\hpatches\v_churchill\6.ppm,50,2048,1203,0.58740234375,3.0,240.0892877066304,2048,50,8,42,1203,0.0244140625,0.16,0.00390625,0.006650041562759767,0.58740234375,3.0,1.256959061973205,1.3392652367782802,True,9,0.18,1.0738745690704878,10.308899999654386,0.19963581923959578,2048,2048,2048,65536,32,uint8,32,2048,2048,2048,65536,6.328480002412107,0.029137837005350248,4.913940001279116,0.05972318231019457,nan,nan,5.570420001458842,0.07596555386550478,4.61918000219157,0.12086781973710557,nan,nan,orb,orb,orb,bf_ratio,0.8
hpatches,v_circus,viewpoint,v_circus_1_to_2,1,2,D:\桌面\IACV\Assigment1\data\hpatches\v_circus\1.ppm,D:\桌面\IACV\Assigment1\data\hpatches\v_circus\2.ppm,620,2048,1333,0.65087890625,3.0,0.6998806856789451,2048,620,551,69,1333,0.302734375,0.8887096774193548,0.26904296875,0.41335333833458365,0.65087890625,3.0,0.9363186839656295,0.7981278744027561,True,551,0.8887096774193548,0.9199036873637165,10.635239999101032,0.12650468156810274,2048,2048,2048,65536,32,uint8,32,2048,2048,2048,65536,10.897539999859873,0.13098263337626956,6.264600002032239,0.1757574228711568,nan,nan,10.076280000794213,0.263853870228857,6.24458000093,0.13312260989855212,nan,nan,orb,orb,orb,bf_ratio,0.8
hpatches,v_circus,viewpoint,v_circus_1_to_3,1,3,D:\桌面\IACV\Assigment1\data\hpatches\v_circus\1.ppm,D:\桌面\IACV\Assigment1\data\hpatches\v_circus\3.ppm,321,2011,1182,0.5877672799602188,3.0,9.376272429585972,2011,320,192,128,1182,0.15912481352560914,0.6,0.09547488811536549,0.16243654822335024,0.5877672799602188,3.0,1.6205563271735055,1.5952682526488007,True,195,0.6074766355140186,1.351900290606749,10.528239997802302,0.12546253137072297,2048,2048,2048,65536,32,uint8,32,2048,2048,2048,65536,10.897539999859873,0.13098263337626956,6.264600002032239,0.1757574228711568,nan,nan,10.407820000546053,0.22302340340431742,7.018840000091586,0.22511747679640046,nan,nan,orb,orb,orb,bf_ratio,0.8
hpatches,v_circus,viewpoint,v_circus_1_to_4,1,4,D:\桌面\IACV\Assigment1\data\hpatches\v_circus\1.ppm,D:\桌面\IACV\Assigment1\data\hpatches\v_circus\4.ppm,142,1984,902,0.45463709677419356,3.0,10.085311579957773,1984,138,51,87,902,0.06955645161290322,0.3695652173913043,0.025705645161290324,0.0565410199556541,0.45463709677419356,3.0,1.8699211510663258,1.9365172061185187,True,54,0.38028169014084506,1.238280765409918,10.457660000247415,0.20596178779601387,2048,2048,2048,65536,32,uint8,32,2048,2048,2048,65536,10.897539999859873,0.13098263337626956,6.264600002032239,0.1757574228711568,nan,nan,9.306420000211801,0.22585637411990583,6.575940000766423,0.13121157986411647,nan,nan,orb,orb,orb,bf_ratio,0.8
hpatches,v_circus,viewpoint,v_circus_1_to_5,1,5,D:\桌面\IACV\Assigment1\data\hpatches\v_circus\1.ppm,D:\桌面\IACV\Assigment1\data\hpatches\v_circus\5.ppm,468,2036,1281,0.6291748526522594,3.0,2.9181952201922274,2036,467,350,117,1281,0.2293713163064833,0.7494646680942184,0.1719056974459725,0.273224043715847,0.6291748526522594,3.0,1.561207730050661,1.543982148418911,True,356,0.7606837606837606,1.2270805536547988,10.622300002432894,0.24323853304818854,2048,2048,2048,65536,32,uint8,32,2048,2048,2048,65536,10.897539999859873,0.13098263337626956,6.264600002032239,0.1757574228711568,nan,nan,11.27511999948183,0.17627163672546073,6.723579998651985,0.24835792910699364,nan,nan,orb,orb,orb,bf_ratio,0.8
hpatches,v_circus,viewpoint,v_circus_1_to_6,1,6,D:\桌面\IACV\Assigment1\data\hpatches\v_circus\1.ppm,D:\桌面\IACV\Assigment1\data\hpatches\v_circus\6.ppm,212,2048,1011,0.49365234375,3.0,3.4055488722242124,2048,212,122,90,1011,0.103515625,0.5754716981132075,0.0595703125,0.12067260138476756,0.49365234375,3.0,1.567408247021527,1.567543173995971,True,117,0.5518867924528302,1.295601565177126,10.632920000352897,0.13439519853691517,2048,2048,2048,65536,32,uint8,32,2048,2048,2048,65536,10.897539999859873,0.13098263337626956,6.264600002032239,0.1757574228711568,nan,nan,9.975300000223797,0.15309993873170813,6.747860000177752,0.2864559947920821,nan,nan,orb,orb,orb,bf_ratio,0.8
hpatches,v_coffeehouse,viewpoint,v_coffeehouse_1_to_2,1,2,D:\桌面\IACV\Assigment1\data\hpatches\v_coffeehouse\1.ppm,D:\桌面\IACV\Assigment1\data\hpatches\v_coffeehouse\2.ppm,307,2046,1190,0.581622678396872,3.0,4.752563600469608,2046,307,270,37,1190,0.15004887585532747,0.8794788273615635,0.13196480938416422,0.226890756302521,0.581622678396872,3.0,1.3124390237945278,1.213977963098645,True,267,0.8697068403908795,1.1617581180577428,11.069020001741592,0.11543814658089752,2048,2048,2048,65536,32,uint8,32,2048,2048,2048,65536,8.487560000503436,0.09374886690893423,6.465419998858124,0.1604146055755156,nan,nan,11.761240001942497,0.36386941485338875,7.461460001650266,0.5135640728394891,nan,nan,orb,orb,orb,bf_ratio,0.8
hpatches,v_coffeehouse,viewpoint,v_coffeehouse_1_to_3,1,3,D:\桌面\IACV\Assigment1\data\hpatches\v_coffeehouse\1.ppm,D:\桌面\IACV\Assigment1\data\hpatches\v_coffeehouse\3.ppm,492,2048,1276,0.623046875,3.0,6.800907565370874,2048,492,437,55,1276,0.240234375,0.8882113821138211,0.21337890625,0.34247648902821315,0.623046875,3.0,1.3639198036207458,1.3350791717912904,True,450,0.9146341463414634,1.160928102333816,11.403960001189262,0.29979031646608406,2048,2048,2048,65536,32,uint8,32,2048,2048,2048,65536,8.487560000503436,0.09374886690893423,6.465419998858124,0.1604146055755156,nan,nan,12.717239999619778,0.35294050354608625,7.570879998093005,0.24545385943253256,nan,nan,orb,orb,orb,bf_ratio,0.8
hpatches,v_coffeehouse,viewpoint,v_coffeehouse_1_to_4,1,4,D:\桌面\IACV\Assigment1\data\hpatches\v_coffeehouse\1.ppm,D:\桌面\IACV\Assigment1\data\hpatches\v_coffeehouse\4.ppm,289,2048,1044,0.509765625,3.0,12.170907108340424,2048,289,164,125,1044,0.14111328125,0.5674740484429066,0.080078125,0.15708812260536398,0.509765625,3.0,1.8381974571627697,1.9736129067840182,True,192,0.6643598615916955,1.5268273361118467,11.440819999552332,0.397946268506767,2048,2048,2048,65536,32,uint8,32,2048,2048,2048,65536,8.487560000503436,0.09374886690893423,6.465419998858124,0.1604146055755156,nan,nan,11.193920001096558,0.19015704360577115,7.482479997270275,0.1323158271564336,nan,nan,orb,orb,orb,bf_ratio,0.8
hpatches,v_coffeehouse,viewpoint,v_coffeehouse_1_to_5,1,5,D:\桌面\IACV\Assigment1\data\hpatches\v_coffeehouse\1.ppm,D:\桌面\IACV\Assigment1\data\hpatches\v_coffeehouse\5.ppm,343,2048,1036,0.505859375,3.0,6.764149508354568,2048,343,317,26,1036,0.16748046875,0.924198250728863,0.15478515625,0.305984555984556,0.505859375,3.0,1.323420275807376,1.313375064595915,True,315,0.9183673469387755,1.2576376846195494,11.04773999977624,0.21882897171892413,2048,2048,2048,65536,32,uint8,32,2048,2048,2048,65536,8.487560000503436,0.09374886690893423,6.465419998858124,0.1604146055755156,nan,nan,13.14340000244556,0.2754882793919551,7.401559999561869,0.2495124390037734,nan,nan,orb,orb,orb,bf_ratio,0.8
hpatches,v_coffeehouse,viewpoint,v_coffeehouse_1_to_6,1,6,D:\桌面\IACV\Assigment1\data\hpatches\v_coffeehouse\1.ppm,D:\桌面\IACV\Assigment1\data\hpatches\v_coffeehouse\6.ppm,148,2048,736,0.359375,3.0,34.56277097597368,2048,148,83,65,736,0.072265625,0.5608108108108109,0.04052734375,0.11277173913043478,0.359375,3.0,1.7385941441355177,1.864955654750036,True,83,0.5608108108108109,1.5296047070619851,10.86766000080388,0.20293757221329417,2048,2048,2048,65536,32,uint8,32,2048,2048,2048,65536,8.487560000503436,0.09374886690893423,6.465419998858124,0.1604146055755156,nan,nan,11.944980001135264,0.09864166261456621,7.562719998531975,0.1240276323230882,nan,nan,orb,orb,orb,bf_ratio,0.8
hpatches,v_colors,viewpoint,v_colors_1_to_2,1,2,D:\桌面\IACV\Assigment1\data\hpatches\v_colors\1.ppm,D:\桌面\IACV\Assigment1\data\hpatches\v_colors\2.ppm,220,1590,1075,0.6761006289308176,3.0,1.7511846556284354,1590,219,172,47,1075,0.13773584905660377,0.7853881278538812,0.10817610062893082,0.16,0.6761006289308176,3.0,1.0967813824045898,0.9211932652533213,True,173,0.7863636363636364,1.104422825546324,7.042240002192557,0.3599307183617508,1617,1617,1617,51744,32,uint8,32,1741,1741,1741,55712,6.777360000705812,1.6323935111713352,7.250639999983832,0.07779106940420696,nan,nan,5.609680000634398,0.1923948072081819,7.218599999032449,0.3094659331876755,nan,nan,orb,orb,orb,bf_ratio,0.8
hpatches,v_colors,viewpoint,v_colors_1_to_3,1,3,D:\桌面\IACV\Assigment1\data\hpatches\v_colors\1.ppm,D:\桌面\IACV\Assigment1\data\hpatches\v_colors\3.ppm,148,1522,989,0.6498028909329829,3.0,3.026125452348265,1522,144,92,52,989,0.09461235216819974,0.6388888888888888,0.06044678055190539,0.09302325581395349,0.6498028909329829,3.0,1.3178052544752787,1.128649408163413,True,90,0.6081081081081081,1.2640498471781862,7.850360001611989,0.4314322764001828,1617,1617,1617,51744,32,uint8,32,1822,1822,1822,58304,6.777360000705812,1.6323935111713352,7.250639999983832,0.07779106940420696,nan,nan,5.751620001683477,0.18246377603405314,8.549839998886455,0.3168097877999988,nan,nan,orb,orb,orb,bf_ratio,0.8
hpatches,v_colors,viewpoint,v_colors_1_to_4,1,4,D:\桌面\IACV\Assigment1\data\hpatches\v_colors\1.ppm,D:\桌面\IACV\Assigment1\data\hpatches\v_colors\4.ppm,61,1408,622,0.44176136363636365,3.0,66.50494263282673,1408,52,16,36,622,0.036931818181818184,0.3076923076923077,0.011363636363636364,0.02572347266881029,0.44176136363636365,3.0,1.7206872555417942,1.6223090257219492,True,15,0.2459016393442623,1.3146363460611217,8.061799997813068,0.18221099905658686,1617,1617,1617,51744,32,uint8,32,1961,1961,1961,62752,6.777360000705812,1.6323935111713352,7.250639999983832,0.07779106940420696,nan,nan,6.422699999529868,0.12130726037687647,6.97741999902064,0.19781513008155785,nan,nan,orb,orb,orb,bf_ratio,0.8
hpatches,v_colors,viewpoint,v_colors_1_to_5,1,5,D:\桌面\IACV\Assigment1\data\hpatches\v_colors\1.ppm,D:\桌面\IACV\Assigment1\data\hpatches\v_colors\5.ppm,57,1399,498,0.3559685489635454,3.0,44.015472558325385,1399,54,11,43,498,0.03859899928520372,0.2037037037037037,0.007862759113652609,0.02208835341365462,0.3559685489635454,3.0,2.2136946795609536,2.275717098073847,True,10,0.17543859649122806,1.4027494918083607,7.907280001381878,0.14315733305956077,1617,1617,1617,51744,32,uint8,32,1915,1915,1915,61280,6.777360000705812,1.6323935111713352,7.250639999983832,0.07779106940420696,nan,nan,6.658039998728782,0.22500347108184324,7.196279999334365,0.29781137289034726,nan,nan,orb,orb,orb,bf_ratio,0.8
hpatches,v_colors,viewpoint,v_colors_1_to_6,1,6,D:\桌面\IACV\Assigment1\data\hpatches\v_colors\1.ppm,D:\桌面\IACV\Assigment1\data\hpatches\v_colors\6.ppm,47,1391,415,0.29834651329978434,3.0,1303.6063940758518,1391,42,2,40,415,0.0301941049604601,0.047619047619047616,0.0014378145219266715,0.004819277108433735,0.29834651329978434,3.0,2.0731120490343304,2.0731120490343304,True,6,0.1276595744680851,0.3356138726898432,7.629159998032264,0.11938429938716824,1617,1617,1617,51744,32,uint8,32,1894,1894,1894,60608,6.777360000705812,1.6323935111713352,7.250639999983832,0.07779106940420696,nan,nan,7.503559997712728,0.3212955928149862,6.937620000098832,0.10935954293916827,nan,nan,orb,orb,orb,bf_ratio,0.8
hpatches,v_courses,viewpoint,v_courses_1_to_2,1,2,D:\桌面\IACV\Assigment1\data\hpatches\v_courses\1.ppm,D:\桌面\IACV\Assigment1\data\hpatches\v_courses\2.ppm,1048,2048,1682,0.8212890625,3.0,5.742414593562987,2048,1048,974,74,1682,0.51171875,0.9293893129770993,0.4755859375,0.5790725326991677,0.8212890625,3.0,1.1606247134692833,1.0257434898737516,True,981,0.9360687022900763,1.0979642543672052,10.880379998707213,0.24310833426694126,2048,2048,2048,65536,32,uint8,32,2048,2048,2048,65536,9.854680001444649,1.4525486803831091,6.278600002406165,0.2270401460123309,nan,nan,9.156220000295434,0.29662589552057395,6.116860001930036,0.3296760373804872,nan,nan,orb,orb,orb,bf_ratio,0.8
hpatches,v_courses,viewpoint,v_courses_1_to_3,1,3,D:\桌面\IACV\Assigment1\data\hpatches\v_courses\1.ppm,D:\桌面\IACV\Assigment1\data\hpatches\v_courses\3.ppm,433,2048,1393,0.68017578125,3.0,34.00862507228033,2048,433,334,99,1393,0.21142578125,0.7713625866050808,0.1630859375,0.239770279971285,0.68017578125,3.0,1.5703018659364771,1.4893874502515663,True,312,0.7205542725173211,1.4801781571154768,10.668060001626145,0.4028283883728595,2048,2048,2048,65536,32,uint8,32,2048,2048,2048,65536,9.854680001444649,1.4525486803831091,6.278600002406165,0.2270401460123309,nan,nan,8.72267999802716,0.07256664253192313,5.893840001954231,0.1544757134386373,nan,nan,orb,orb,orb,bf_ratio,0.8
hpatches,v_courses,viewpoint,v_courses_1_to_4,1,4,D:\桌面\IACV\Assigment1\data\hpatches\v_courses\1.ppm,D:\桌面\IACV\Assigment1\data\hpatches\v_courses\4.ppm,723,2048,1333,0.65087890625,3.0,10.978904396326966,2048,723,624,99,1333,0.35302734375,0.8630705394190872,0.3046875,0.46811702925731435,0.65087890625,3.0,1.4767500894373993,1.4441329403103584,True,590,0.8160442600276625,1.2828977004888564,10.935919999610633,0.13249177139940424,2048,2048,2048,65536,32,uint8,32,2048,2048,2048,65536,9.854680001444649,1.4525486803831091,6.278600002406165,0.2270401460123309,nan,nan,8.648559999710415,0.0852786171198477,5.763739999383688,0.0954877292972159,nan,nan,orb,orb,orb,bf_ratio,0.8
hpatches,v_courses,viewpoint,v_courses_1_to_5,1,5,D:\桌面\IACV\Assigment1\data\hpatches\v_courses\1.ppm,D:\桌面\IACV\Assigment1\data\hpatches\v_courses\5.ppm,378,2040,1039,0.509313725490196,3.0,18.453632406633012,2040,378,225,153,1039,0.18529411764705883,0.5952380952380952,0.11029411764705882,0.2165543792107796,0.509313725490196,3.0,1.7342028662080238,1.821287232653091,True,266,0.7037037037037037,1.466321487278686,10.670479998225346,0.24110612044875637,2048,2048,2048,65536,32,uint8,32,2048,2048,2048,65536,9.854680001444649,1.4525486803831091,6.278600002406165,0.2270401460123309,nan,nan,9.316020000551362,0.1564127023887077,6.201059999875724,0.10771689948132676,nan,nan,orb,orb,orb,bf_ratio,0.8
hpatches,v_courses,viewpoint,v_courses_1_to_6,1,6,D:\桌面\IACV\Assigment1\data\hpatches\v_courses\1.ppm,D:\桌面\IACV\Assigment1\data\hpatches\v_courses\6.ppm,254,2005,881,0.4394014962593516,3.0,22.949639173638495,2005,253,116,137,881,0.1261845386533666,0.45849802371541504,0.05785536159600998,0.13166855845629966,0.4394014962593516,3.0,1.8890875179152515,1.9229038948189818,True,147,0.5787401574803149,1.481588713397051,10.54013999964809,0.034389507876397794,2048,2048,2048,65536,32,uint8,32,2048,2048,2048,65536,9.854680001444649,1.4525486803831091,6.278600002406165,0.2270401460123309,nan,nan,8.596500000567175,0.17153337817571676,5.985080001119059,0.1962674636618088,nan,nan,orb,orb,orb,bf_ratio,0.8
hpatches,v_dirtywall,viewpoint,v_dirtywall_1_to_2,1,2,D:\桌面\IACV\Assigment1\data\hpatches\v_dirtywall\1.ppm,D:\桌面\IACV\Assigment1\data\hpatches\v_dirtywall\2.ppm,703,2048,1313,0.64111328125,3.0,1.6874512150265877,2048,703,678,25,1313,0.34326171875,0.9644381223328592,0.3310546875,0.5163747143945163,0.64111328125,3.0,1.015044105182966,0.8931677226175683,True,672,0.9559032716927454,1.0263258657074539,10.820039997634012,0.13851875974159936,2048,2048,2048,65536,32,uint8,32,2048,2048,2048,65536,14.3696400031331,0.6215703540558433,6.074319999606814,0.15807216618055167,nan,nan,14.705039998807479,0.1399045193619197,5.77503999666078,0.27519180554796385,nan,nan,orb,orb,orb,bf_ratio,0.8
hpatches,v_dirtywall,viewpoint,v_dirtywall_1_to_3,1,3,D:\桌面\IACV\Assigment1\data\hpatches\v_dirtywall\1.ppm,D:\桌面\IACV\Assigment1\data\hpatches\v_dirtywall\3.ppm,431,2048,1110,0.5419921875,3.0,3.466948560572611,2048,431,390,41,1110,0.21044921875,0.9048723897911833,0.1904296875,0.35135135135135137,0.5419921875,3.0,1.1684309355580575,1.0968656671745174,True,389,0.9025522041763341,1.2102919121689006,11.246839998057112,0.20471404951159966,2048,2048,2048,65536,32,uint8,32,2048,2048,2048,65536,14.3696400031331,0.6215703540558433,6.074319999606814,0.15807216618055167,nan,nan,12.517959999968298,0.3517350575359757,5.882380000548437,0.14195229285819333,nan,nan,orb,orb,orb,bf_ratio,0.8
hpatches,v_dirtywall,viewpoint,v_dirtywall_1_to_4,1,4,D:\桌面\IACV\Assigment1\data\hpatches\v_dirtywall\1.ppm,D:\桌面\IACV\Assigment1\data\hpatches\v_dirtywall\4.ppm,164,2047,924,0.4513922813873962,3.0,14.04344225030861,2047,164,143,21,924,0.08011724474841231,0.8719512195121951,0.06985832926233512,0.15476190476190477,0.4513922813873962,3.0,1.314173325307486,1.2477762731050248,True,129,0.7865853658536586,1.3534374478582452,11.19786000053864,0.2228856619682355,2048,2048,2048,65536,32,uint8,32,2048,2048,2048,65536,14.3696400031331,0.6215703540558433,6.074319999606814,0.15807216618055167,nan,nan,11.980479999328963,0.14312094799378713,5.875039998500142,0.1441474035312648,nan,nan,orb,orb,orb,bf_ratio,0.8
hpatches,v_dirtywall,viewpoint,v_dirtywall_1_to_5,1,5,D:\桌面\IACV\Assigment1\data\hpatches\v_dirtywall\1.ppm,D:\桌面\IACV\Assigment1\data\hpatches\v_dirtywall\5.ppm,242,2037,1024,0.5027000490918017,3.0,2.710941904359924,2037,242,216,26,1024,0.11880216003927344,0.8925619834710744,0.10603829160530191,0.2109375,0.5027000490918017,3.0,1.068036392069533,0.9289982134908569,True,217,0.8966942148760331,1.055265365755325,10.389080000459217,0.4884586343221573,2048,2048,2048,65536,32,uint8,32,2048,2048,2048,65536,14.3696400031331,0.6215703540558433,6.074319999606814,0.15807216618055167,nan,nan,14.703799998096656,0.28250289831332787,5.867680000665132,0.1025818585077314,nan,nan,orb,orb,orb,bf_ratio,0.8
hpatches,v_dirtywall,viewpoint,v_dirtywall_1_to_6,1,6,D:\桌面\IACV\Assigment1\data\hpatches\v_dirtywall\1.ppm,D:\桌面\IACV\Assigment1\data\hpatches\v_dirtywall\6.ppm,34,2048,219,0.10693359375,3.0,33.26903375652024,2048,34,9,25,219,0.0166015625,0.2647058823529412,0.00439453125,0.0410958904109589,0.10693359375,3.0,0.9959845657060831,0.9169869106460294,True,10,0.29411764705882354,0.7638228572606618,11.468639998929575,0.38902937928126197,2048,2048,2048,65536,32,uint8,32,2048,2048,2048,65536,14.3696400031331,0.6215703540558433,6.074319999606814,0.15807216618055167,nan,nan,12.203399998543318,0.6026670711240936,6.252540000423323,0.42594016406629087,nan,nan,orb,orb,orb,bf_ratio,0.8
hpatches,v_dogman,viewpoint,v_dogman_1_to_2,1,2,D:\桌面\IACV\Assigment1\data\hpatches\v_dogman\1.ppm,D:\桌面\IACV\Assigment1\data\hpatches\v_dogman\2.ppm,629,2015,1456,0.7225806451612903,3.0,3.123592420348278,2015,629,577,52,1456,0.31215880893300246,0.9173290937996821,0.2863523573200993,0.39629120879120877,0.7225806451612903,3.0,1.2603689090015837,1.146452663928745,True,577,0.9173290937996821,1.1887499723550619,10.778420000860933,0.2571896448233161,2048,2048,2048,65536,32,uint8,32,2048,2048,2048,65536,4.449039997416548,0.02533657938375544,3.6154799978248775,0.05603129133823088,nan,nan,4.41700000083074,0.0570178228849867,3.4218800006783567,0.09555700389814809,nan,nan,orb,orb,orb,bf_ratio,0.8
hpatches,v_dogman,viewpoint,v_dogman_1_to_3,1,3,D:\桌面\IACV\Assigment1\data\hpatches\v_dogman\1.ppm,D:\桌面\IACV\Assigment1\data\hpatches\v_dogman\3.ppm,936,2048,1575,0.76904296875,3.0,0.6493361322596719,2048,936,896,40,1575,0.45703125,0.9572649572649573,0.4375,0.5688888888888889,0.76904296875,3.0,1.0297162984310888,0.9075308183262399,True,891,0.9519230769230769,1.0332974518565419,11.070220000692643,0.2060530182580333,2048,2048,2048,65536,32,uint8,32,2048,2048,2048,65536,4.449039997416548,0.02533657938375544,3.6154799978248775,0.05603129133823088,nan,nan,4.486679997353349,0.059279826339086544,3.674019999743905,0.026029706137548823,nan,nan,orb,orb,orb,bf_ratio,0.8
hpatches,v_dogman,viewpoint,v_dogman_1_to_4,1,4,D:\桌面\IACV\Assigment1\data\hpatches\v_dogman\1.ppm,D:\桌面\IACV\Assigment1\data\hpatches\v_dogman\4.ppm,57,1952,862,0.4415983606557377,3.0,32.13146104955885,1952,55,18,37,862,0.02817622950819672,0.32727272727272727,0.009221311475409836,0.02088167053364269,0.4415983606557377,3.0,1.629781621633913,1.7887025750203076,True,21,0.3684210526315789,1.5256142723194788,10.233059998427052,0.6600996053805233,2048,2048,2048,65536,32,uint8,32,2048,2048,2048,65536,4.449039997416548,0.02533657938375544,3.6154799978248775,0.05603129133823088,nan,nan,4.283439999562688,0.05421179383770203,3.62998000200605,0.03921930440736501,nan,nan,orb,orb,orb,bf_ratio,0.8
hpatches,v_dogman,viewpoint,v_dogman_1_to_5,1,5,D:\桌面\IACV\Assigment1\data\hpatches\v_dogman\1.ppm,D:\桌面\IACV\Assigment1\data\hpatches\v_dogman\5.ppm,340,2010,1313,0.6532338308457711,3.0,4.937437986234936,2010,339,274,65,1313,0.16865671641791044,0.8082595870206489,0.136318407960199,0.2086824067022087,0.6532338308457711,3.0,1.2545004645087146,1.1458156218250448,True,278,0.8176470588235294,1.272672626206726,10.732280001684558,0.20567200491393042,2048,2048,2048,65536,32,uint8,32,2048,2048,2048,65536,4.449039997416548,0.02533657938375544,3.6154799978248775,0.05603129133823088,nan,nan,4.118539999763016,0.06767654354062363,3.667940000013914,0.20841896849623928,nan,nan,orb,orb,orb,bf_ratio,0.8
hpatches,v_dogman,viewpoint,v_dogman_1_to_6,1,6,D:\桌面\IACV\Assigment1\data\hpatches\v_dogman\1.ppm,D:\桌面\IACV\Assigment1\data\hpatches\v_dogman\6.ppm,52,1944,684,0.35185185185185186,3.0,257.51954805566663,1944,50,9,41,684,0.0257201646090535,0.18,0.004629629629629629,0.013157894736842105,0.35185185185185186,3.0,1.9829633273511496,2.238458054596348,True,11,0.21153846153846154,1.0402283832309003,10.49364000064088,0.11562699527920506,2048,2048,2048,65536,32,uint8,32,2048,2048,2048,65536,4.449039997416548,0.02533657938375544,3.6154799978248775,0.05603129133823088,nan,nan,4.096519999438897,0.05556089992990662,3.606739999668207,0.11423777967376801,nan,nan,orb,orb,orb,bf_ratio,0.8
hpatches,v_eastsouth,viewpoint,v_eastsouth_1_to_2,1,2,D:\桌面\IACV\Assigment1\data\hpatches\v_eastsouth\1.ppm,D:\桌面\IACV\Assigment1\data\hpatches\v_eastsouth\2.ppm,874,2048,1244,0.607421875,3.0,1.689234924146707,2048,874,854,20,1244,0.4267578125,0.977116704805492,0.4169921875,0.6864951768488746,0.607421875,3.0,0.98751776846084,0.8870501603805487,True,851,0.9736842105263158,0.9990796025392307,11.01630000048317,0.2148734965262249,2048,2048,2048,65536,32,uint8,32,2048,2048,2048,65536,9.894140002143104,0.08308377942830973,4.188239997893106,0.07980119244174777,nan,nan,9.56609999993816,0.15073495967324693,4.1870799992466345,0.07411940108243696,nan,nan,orb,orb,orb,bf_ratio,0.8
hpatches,v_eastsouth,viewpoint,v_eastsouth_1_to_3,1,3,D:\桌面\IACV\Assigment1\data\hpatches\v_eastsouth\1.ppm,D:\桌面\IACV\Assigment1\data\hpatches\v_eastsouth\3.ppm,632,2048,1014,0.4951171875,3.0,0.695016986413552,2048,632,595,37,1014,0.30859375,0.9414556962025317,0.29052734375,0.5867850098619329,0.4951171875,3.0,0.9593813505292441,0.8418002059836833,True,598,0.9462025316455697,0.9625172464952669,11.663959998986684,0.47193383532983624,2048,2048,2048,65536,32,uint8,32,2048,2048,2048,65536,9.894140002143104,0.08308377942830973,4.188239997893106,0.07980119244174777,nan,nan,9.131939998769667,0.4563222143678636,4.594840001664124,0.2347641934612421,nan,nan,orb,orb,orb,bf_ratio,0.8
hpatches,v_eastsouth,viewpoint,v_eastsouth_1_to_4,1,4,D:\桌面\IACV\Assigment1\data\hpatches\v_eastsouth\1.ppm,D:\桌面\IACV\Assigment1\data\hpatches\v_eastsouth\4.ppm,365,2048,859,0.41943359375,3.0,1.695293915224284,2048,365,340,25,859,0.17822265625,0.9315068493150684,0.166015625,0.3958090803259604,0.41943359375,3.0,1.0511203102868052,0.9623427457641064,True,338,0.9260273972602739,0.9884437565922028,10.680160002084449,0.16638534352409545,2048,2048,2048,65536,32,uint8,32,2048,2048,2048,65536,9.894140002143104,0.08308377942830973,4.188239997893106,0.07980119244174777,nan,nan,8.668999999645166,0.19783828815056356,4.069300000264775,0.08000602218564357,nan,nan,orb,orb,orb,bf_ratio,0.8
hpatches,v_eastsouth,viewpoint,v_eastsouth_1_to_5,1,5,D:\桌面\IACV\Assigment1\data\hpatches\v_eastsouth\1.ppm,D:\桌面\IACV\Assigment1\data\hpatches\v_eastsouth\5.ppm,182,2048,428,0.208984375,3.0,0.9593707167991439,2048,182,156,26,428,0.0888671875,0.8571428571428571,0.076171875,0.3644859813084112,0.208984375,3.0,0.8894723803125226,0.8282946102433781,True,156,0.8571428571428571,0.8555334010022733,10.734339996997733,0.26248319181238416,2048,2048,2048,65536,32,uint8,32,2048,2048,2048,65536,9.894140002143104,0.08308377942830973,4.188239997893106,0.07980119244174777,nan,nan,8.224820000759792,0.14383603663552275,4.014159999496769,0.08032201678988257,nan,nan,orb,orb,orb,bf_ratio,0.8
hpatches,v_eastsouth,viewpoint,v_eastsouth_1_to_6,1,6,D:\桌面\IACV\Assigment1\data\hpatches\v_eastsouth\1.ppm,D:\桌面\IACV\Assigment1\data\hpatches\v_eastsouth\6.ppm,140,2048,416,0.203125,3.0,1.3923905099664697,2048,140,120,20,416,0.068359375,0.8571428571428571,0.05859375,0.28846153846153844,0.203125,3.0,0.7824982211634064,0.7452423338134408,True,120,0.8571428571428571,0.753969878156113,10.363920000963844,0.4731898448516143,2048,2048,2048,65536,32,uint8,32,2048,2048,2048,65536,9.894140002143104,0.08308377942830973,4.188239997893106,0.07980119244174777,nan,nan,6.706800000392832,0.1326199836009253,4.068300001381431,0.10376087830926317,nan,nan,orb,orb,orb,bf_ratio,0.8
hpatches,v_feast,viewpoint,v_feast_1_to_2,1,2,D:\桌面\IACV\Assigment1\data\hpatches\v_feast\1.ppm,D:\桌面\IACV\Assigment1\data\hpatches\v_feast\2.ppm,716,2048,1276,0.623046875,3.0,0.6328540825240544,2048,716,701,15,1276,0.349609375,0.979050279329609,0.34228515625,0.549373040752351,0.623046875,3.0,0.9524133005473107,0.8403467500397651,True,698,0.9748603351955307,0.9127390514732994,10.676900001999456,0.25589971343432527,2048,2048,2048,65536,32,uint8,32,2048,2048,2048,65536,15.669699999853037,0.15617053694503832,6.476400000974536,0.3804446834073373,nan,nan,12.899839998863172,0.44432126595044147,6.866960000479594,0.19675431118367767,nan,nan,orb,orb,orb,bf_ratio,0.8
hpatches,v_feast,viewpoint,v_feast_1_to_3,1,3,D:\桌面\IACV\Assigment1\data\hpatches\v_feast\1.ppm,D:\桌面\IACV\Assigment1\data\hpatches\v_feast\3.ppm,429,2048,1117,0.54541015625,3.0,1.942274866196508,2048,429,393,36,1117,0.20947265625,0.916083916083916,0.19189453125,0.35183527305282003,0.54541015625,3.0,1.2608535973846573,1.220867215526707,True,394,0.9184149184149184,1.1651696607242874,10.421600000699982,0.1276684487305586,2048,2048,2048,65536,32,uint8,32,2048,2048,2048,65536,15.669699999853037,0.15617053694503832,6.476400000974536,0.3804446834073373,nan,nan,15.505999999004416,0.24947845527321075,6.415100001322571,0.386736955183841,nan,nan,orb,orb,orb,bf_ratio,0.8
hpatches,v_feast,viewpoint,v_feast_1_to_4,1,4,D:\桌面\IACV\Assigment1\data\hpatches\v_feast\1.ppm,D:\桌面\IACV\Assigment1\data\hpatches\v_feast\4.ppm,118,2048,683,0.33349609375,3.0,1.946328152658226,2048,118,93,25,683,0.0576171875,0.788135593220339,0.04541015625,0.13616398243045388,0.33349609375,3.0,1.257297343629856,1.2176552137642367,True,93,0.788135593220339,1.109442939877696,10.541039999225177,0.2517368300346236,2048,2048,2048,65536,32,uint8,32,2048,2048,2048,65536,15.669699999853037,0.15617053694503832,6.476400000974536,0.3804446834073373,nan,nan,10.794779998832382,0.16693466183448527,6.897619999654125,0.268319074942796,nan,nan,orb,orb,orb,bf_ratio,0.8
hpatches,v_feast,viewpoint,v_feast_1_to_5,1,5,D:\桌面\IACV\Assigment1\data\hpatches\v_feast\1.ppm,D:\桌面\IACV\Assigment1\data\hpatches\v_feast\5.ppm,458,2048,1104,0.5390625,3.0,6.496569543430598,2048,458,416,42,1104,0.2236328125,0.9082969432314411,0.203125,0.37681159420289856,0.5390625,3.0,1.3064705017423661,1.1618801579958102,True,418,0.9126637554585153,1.1206892939213777,10.334980000334326,0.08932095835734782,2048,2048,2048,65536,32,uint8,32,2048,2048,2048,65536,15.669699999853037,0.15617053694503832,6.476400000974536,0.3804446834073373,nan,nan,13.485879999643657,0.1379526516165087,6.686340001760982,0.27893813503366593,nan,nan,orb,orb,orb,bf_ratio,0.8
hpatches,v_feast,viewpoint,v_feast_1_to_6,1,6,D:\桌面\IACV\Assigment1\data\hpatches\v_feast\1.ppm,D:\桌面\IACV\Assigment1\data\hpatches\v_feast\6.ppm,196,2048,864,0.421875,3.0,4.037912081969526,2048,196,160,36,864,0.095703125,0.8163265306122449,0.078125,0.18518518518518517,0.421875,3.0,1.4748563203596246,1.396834571977216,True,170,0.8673469387755102,1.243933614361309,10.458300000755116,0.2029302535737984,2048,2048,2048,65536,32,uint8,32,2048,2048,2048,65536,15.669699999853037,0.15617053694503832,6.476400000974536,0.3804446834073373,nan,nan,13.497540001117159,0.21386866688822426,6.391279998933896,0.13116478596756245,nan,nan,orb,orb,orb,bf_ratio,0.8
hpatches,v_fest,viewpoint,v_fest_1_to_2,1,2,D:\桌面\IACV\Assigment1\data\hpatches\v_fest\1.ppm,D:\桌面\IACV\Assigment1\data\hpatches\v_fest\2.ppm,681,1938,1290,0.6656346749226006,3.0,4.943615766587962,1938,680,646,34,1290,0.3508771929824561,0.95,0.3333333333333333,0.5007751937984496,0.6656346749226006,3.0,1.1565150859602076,1.055927779636302,True,623,0.9148311306901615,1.1454821080400355,10.716940002748743,0.09381551385836298,2048,2048,2048,65536,32,uint8,32,2048,2048,2048,65536,10.206220000691246,0.26993698337107813,5.158399997162633,0.11188745982532289,nan,nan,10.068939997290727,0.18020571052666104,5.21015999984229,0.2764645189915524,nan,nan,orb,orb,orb,bf_ratio,0.8
hpatches,v_fest,viewpoint,v_fest_1_to_3,1,3,D:\桌面\IACV\Assigment1\data\hpatches\v_fest\1.ppm,D:\桌面\IACV\Assigment1\data\hpatches\v_fest\3.ppm,157,1950,837,0.42923076923076925,3.0,5.7848118052408815,1950,151,98,53,837,0.07743589743589743,0.6490066225165563,0.050256410256410255,0.11708482676224612,0.42923076923076925,3.0,1.66102554186893,1.6373656215493901,True,105,0.6687898089171974,1.5730621612917262,10.304280002310406,0.14052041140077165,2048,2048,2048,65536,32,uint8,32,2048,2048,2048,65536,10.206220000691246,0.26993698337107813,5.158399997162633,0.11188745982532289,nan,nan,10.455319999891799,0.2638493926440572,5.445160002273042,0.1247347185838575,nan,nan,orb,orb,orb,bf_ratio,0.8
hpatches,v_fest,viewpoint,v_fest_1_to_4,1,4,D:\桌面\IACV\Assigment1\data\hpatches\v_fest\1.ppm,D:\桌面\IACV\Assigment1\data\hpatches\v_fest\4.ppm,542,1818,1092,0.6006600660066007,3.0,3.9244575597759184,1818,540,485,55,1092,0.297029702970297,0.8981481481481481,0.2667766776677668,0.4441391941391941,0.6006600660066007,3.0,1.3838822669376005,1.357359620457326,True,481,0.8874538745387454,1.3682938729523944,10.717180000210647,0.14374651937319052,2048,2048,2048,65536,32,uint8,32,2048,2048,2048,65536,10.206220000691246,0.26993698337107813,5.158399997162633,0.11188745982532289,nan,nan,10.663320001913235,0.1341313157537908,5.240980001690332,0.07585729645780315,nan,nan,orb,orb,orb,bf_ratio,0.8
hpatches,v_fest,viewpoint,v_fest_1_to_5,1,5,D:\桌面\IACV\Assigment1\data\hpatches\v_fest\1.ppm,D:\桌面\IACV\Assigment1\data\hpatches\v_fest\5.ppm,244,1957,991,0.5063873275421563,3.0,3.7860845106949785,1957,244,189,55,991,0.12468063362289218,0.7745901639344263,0.0965763924374042,0.19071644803229063,0.5063873275421563,3.0,1.485910064422921,1.3817491888147924,True,196,0.8032786885245902,1.3985671851586763,10.43136000080267,0.17834425639390142,2048,2048,2048,65536,32,uint8,32,2048,2048,2048,65536,10.206220000691246,0.26993698337107813,5.158399997162633,0.11188745982532289,nan,nan,10.638459998881444,0.17162298762439535,5.232319999777246,0.09563044340131395,nan,nan,orb,orb,orb,bf_ratio,0.8
hpatches,v_fest,viewpoint,v_fest_1_to_6,1,6,D:\桌面\IACV\Assigment1\data\hpatches\v_fest\1.ppm,D:\桌面\IACV\Assigment1\data\hpatches\v_fest\6.ppm,113,1840,806,0.4380434782608696,3.0,16.48414661343113,1840,109,59,50,806,0.05923913043478261,0.5412844036697247,0.03206521739130435,0.07320099255583126,0.4380434782608696,3.0,1.731663799805097,1.7301493070647962,True,54,0.4778761061946903,1.4642271365997042,10.27996000048006,0.49058428863852316,2048,2048,2048,65536,32,uint8,32,2048,2048,2048,65536,10.206220000691246,0.26993698337107813,5.158399997162633,0.11188745982532289,nan,nan,9.705479998956434,0.17083411024456796,5.0595999986398965,0.08895598893597101,nan,nan,orb,orb,orb,bf_ratio,0.8
hpatches,v_gardens,viewpoint,v_gardens_1_to_2,1,2,D:\桌面\IACV\Assigment1\data\hpatches\v_gardens\1.ppm,D:\桌面\IACV\Assigment1\data\hpatches\v_gardens\2.ppm,416,2032,1260,0.6200787401574803,3.0,3.2084047705207754,2032,416,356,60,1260,0.2047244094488189,0.8557692307692307,0.17519685039370078,0.28253968253968254,0.6200787401574803,3.0,1.2673919896053358,1.2097445425634206,True,351,0.84375,1.2404227867414082,10.277660000429023,0.17525223735214215,2048,2048,2048,65536,32,uint8,32,2048,2048,2048,65536,8.045280000078492,0.1505213400794599,6.0069400002248585,0.11897866191901535,nan,nan,8.837339997990057,0.3106425759986734,5.5116400006227195,0.07778639122654249,nan,nan,orb,orb,orb,bf_ratio,0.8
hpatches,v_gardens,viewpoint,v_gardens_1_to_3,1,3,D:\桌面\IACV\Assigment1\data\hpatches\v_gardens\1.ppm,D:\桌面\IACV\Assigment1\data\hpatches\v_gardens\3.ppm,56,2002,779,0.3891108891108891,3.0,9.709755021177571,2002,56,13,43,779,0.027972027972027972,0.23214285714285715,0.006493506493506494,0.01668806161745828,0.3891108891108891,3.0,1.6351581722525497,1.3679212502765095,True,18,0.32142857142857145,1.3178587512336342,10.572880003019236,0.30149637880222374,2048,2048,2048,65536,32,uint8,32,2048,2048,2048,65536,8.045280000078492,0.1505213400794599,6.0069400002248585,0.11897866191901535,nan,nan,8.18650000001071,0.11682616037513828,5.355280000367202,0.18915415183758802,nan,nan,orb,orb,orb,bf_ratio,0.8
hpatches,v_gardens,viewpoint,v_gardens_1_to_4,1,4,D:\桌面\IACV\Assigment1\data\hpatches\v_gardens\1.ppm,D:\桌面\IACV\Assigment1\data\hpatches\v_gardens\4.ppm,645,2048,1402,0.6845703125,3.0,2.9044463485408456,2048,645,604,41,1402,0.31494140625,0.9364341085271318,0.294921875,0.43081312410841655,0.6845703125,3.0,1.090040201586737,0.9385718583157125,True,598,0.9271317829457364,1.1678327431219822,10.781160001351964,0.4745791576598438,2048,2048,2048,65536,32,uint8,32,2048,2048,2048,65536,8.045280000078492,0.1505213400794599,6.0069400002248585,0.11897866191901535,nan,nan,8.947860001353547,0.1307210562497157,5.336960002023261,0.24340013419824852,nan,nan,orb,orb,orb,bf_ratio,0.8
hpatches,v_gardens,viewpoint,v_gardens_1_to_5,1,5,D:\桌面\IACV\Assigment1\data\hpatches\v_gardens\1.ppm,D:\桌面\IACV\Assigment1\data\hpatches\v_gardens\5.ppm,81,2021,955,0.47253834735279565,3.0,43.640419354895826,2021,80,25,55,955,0.03958436417615042,0.3125,0.012370113805047007,0.02617801047120419,0.47253834735279565,3.0,1.6749824663781,1.91694073152834,True,27,0.3333333333333333,1.3774856059118439,10.011660002055578,0.47640357539942285,2048,2048,2048,65536,32,uint8,32,2048,2048,2048,65536,8.045280000078492,0.1505213400794599,6.0069400002248585,0.11897866191901535,nan,nan,9.52695999876596,0.05732073339735638,5.335639999248087,0.13432328911057795,nan,nan,orb,orb,orb,bf_ratio,0.8
hpatches,v_gardens,viewpoint,v_gardens_1_to_6,1,6,D:\桌面\IACV\Assigment1\data\hpatches\v_gardens\1.ppm,D:\桌面\IACV\Assigment1\data\hpatches\v_gardens\6.ppm,722,2036,1403,0.6890962671905697,3.0,0.7916930752330673,2036,721,673,48,1403,0.35412573673870335,0.9334257975034674,0.3305500982318271,0.4796863863150392,0.6890962671905697,3.0,1.065282829980911,0.9447333944580967,True,673,0.9321329639889196,1.0724178090602225,10.83420000213664,0.25012314724035195,2048,2048,2048,65536,32,uint8,32,2048,2048,2048,65536,8.045280000078492,0.1505213400794599,6.0069400002248585,0.11897866191901535,nan,nan,7.631459998083301,0.1554750723711567,5.283939998480491,0.04901732579566783,nan,nan,orb,orb,orb,bf_ratio,0.8
hpatches,v_grace,viewpoint,v_grace_1_to_2,1,2,D:\桌面\IACV\Assigment1\data\hpatches\v_grace\1.ppm,D:\桌面\IACV\Assigment1\data\hpatches\v_grace\2.ppm,862,2043,1515,0.7415565345080763,3.0,1.9237754308955017,2043,862,745,117,1515,0.4219285364659814,0.8642691415313225,0.36465981399902103,0.49174917491749176,0.7415565345080763,3.0,0.9914463158551954,0.8723305071397469,True,744,0.8631090487238979,0.9940893924978887,10.94089999969583,0.1395136977169057,2048,2048,2048,65536,32,uint8,32,2048,2048,2048,65536,8.976479999546427,0.2714235677519043,7.122080001863651,0.24114971396815266,nan,nan,9.305980001226999,0.13264321444027155,6.841760000679642,0.05859022577885405,nan,nan,orb,orb,orb,bf_ratio,0.8
hpatches,v_grace,viewpoint,v_grace_1_to_3,1,3,D:\桌面\IACV\Assigment1\data\hpatches\v_grace\1.ppm,D:\桌面\IACV\Assigment1\data\hpatches\v_grace\3.ppm,535,2028,1346,0.6637080867850098,3.0,4.681056217121416,2028,535,397,138,1346,0.26380670611439844,0.7420560747663552,0.1957593688362919,0.2949479940564636,0.6637080867850098,3.0,1.1635309742108613,1.0678196226761227,True,402,0.7514018691588785,1.2124403128715264,10.67713999946136,0.2822716546093818,2048,2048,2048,65536,32,uint8,32,2048,2048,2048,65536,8.976479999546427,0.2714235677519043,7.122080001863651,0.24114971396815266,nan,nan,9.453479998046532,0.1708910712295841,7.80844000109937,1.4950957392179067,nan,nan,orb,orb,orb,bf_ratio,0.8
hpatches,v_grace,viewpoint,v_grace_1_to_4,1,4,D:\桌面\IACV\Assigment1\data\hpatches\v_grace\1.ppm,D:\桌面\IACV\Assigment1\data\hpatches\v_grace\4.ppm,276,2025,1134,0.56,3.0,3.1342509375696843,2025,275,164,111,1134,0.13580246913580246,0.5963636363636363,0.08098765432098766,0.14462081128747795,0.56,3.0,1.259492079052564,1.1710550524787315,True,168,0.6086956521739131,1.2479676021880455,10.644220001995564,0.1415153612938075,2048,2048,2048,65536,32,uint8,32,2048,2048,2048,65536,8.976479999546427,0.2714235677519043,7.122080001863651,0.24114971396815266,nan,nan,9.598060000280384,0.30774662803324343,7.366860001638997,0.11181918492280415,nan,nan,orb,orb,orb,bf_ratio,0.8
hpatches,v_grace,viewpoint,v_grace_1_to_5,1,5,D:\桌面\IACV\Assigment1\data\hpatches\v_grace\1.ppm,D:\桌面\IACV\Assigment1\data\hpatches\v_grace\5.ppm,142,2027,859,0.42377898371978295,3.0,2.780225564672172,2027,141,26,115,859,0.06956092747903306,0.18439716312056736,0.012826837691169216,0.030267753201396973,0.42377898371978295,3.0,1.156770851505001,0.8885937244388615,True,28,0.19718309859154928,1.1980295721223317,10.815139999613166,0.21921983000900272,2048,2048,2048,65536,32,uint8,32,2048,2048,2048,65536,8.976479999546427,0.2714235677519043,7.122080001863651,0.24114971396815266,nan,nan,9.455519997572992,0.1688304881090048,7.274119999783579,0.234100100209404,nan,nan,orb,orb,orb,bf_ratio,0.8
hpatches,v_grace,viewpoint,v_grace_1_to_6,1,6,D:\桌面\IACV\Assigment1\data\hpatches\v_grace\1.ppm,D:\桌面\IACV\Assigment1\data\hpatches\v_grace\6.ppm,73,1995,601,0.3012531328320802,3.0,1272.665645280847,1995,72,5,67,601,0.03609022556390978,0.06944444444444445,0.002506265664160401,0.008319467554076539,0.3012531328320802,3.0,1.2229607806933054,0.8814392401927394,True,6,0.0821917808219178,0.4962837441576955,10.59448000160046,0.2506422647543135,2048,2048,2048,65536,32,uint8,32,2048,2048,2048,65536,8.976479999546427,0.2714235677519043,7.122080001863651,0.24114971396815266,nan,nan,9.010439999110531,0.21802967361396056,7.412059998023324,0.13259764192804827,nan,nan,orb,orb,orb,bf_ratio,0.8
hpatches,v_graffiti,viewpoint,v_graffiti_1_to_2,1,2,D:\桌面\IACV\Assigment1\data\hpatches\v_graffiti\1.ppm,D:\桌面\IACV\Assigment1\data\hpatches\v_graffiti\2.ppm,729,2002,1382,0.6903096903096904,3.0,0.8687321461797293,2002,728,685,43,1382,0.36363636363636365,0.9409340659340659,0.3421578421578422,0.4956584659913169,0.6903096903096904,3.0,1.1414626324184831,1.0294439154791182,True,688,0.943758573388203,1.1390425855220085,10.94685999705689,0.2085272990536159,2048,2048,2048,65536,32,uint8,32,2048,2048,2048,65536,5.65875999891432,0.0501451727404331,3.756100001919549,0.11665588863646931,nan,nan,6.478600001719315,0.20382081251714199,4.179840000870172,0.18820058885983304,nan,nan,orb,orb,orb,bf_ratio,0.8
hpatches,v_graffiti,viewpoint,v_graffiti_1_to_3,1,3,D:\桌面\IACV\Assigment1\data\hpatches\v_graffiti\1.ppm,D:\桌面\IACV\Assigment1\data\hpatches\v_graffiti\3.ppm,243,2048,1108,0.541015625,3.0,4.069728566189667,2048,243,169,74,1108,0.11865234375,0.6954732510288066,0.08251953125,0.15252707581227437,0.541015625,3.0,1.5275318251104093,1.545277266734243,True,156,0.6419753086419753,1.1080792722541049,11.296380001294892,0.5095299150098277,2048,2048,2048,65536,32,uint8,32,2048,2048,2048,65536,5.65875999891432,0.0501451727404331,3.756100001919549,0.11665588863646931,nan,nan,6.950260001758579,0.06315158433333737,4.129019999527372,0.06979187391980265,nan,nan,orb,orb,orb,bf_ratio,0.8
hpatches,v_graffiti,viewpoint,v_graffiti_1_to_4,1,4,D:\桌面\IACV\Assigment1\data\hpatches\v_graffiti\1.ppm,D:\桌面\IACV\Assigment1\data\hpatches\v_graffiti\4.ppm,84,2001,887,0.4432783608195902,3.0,4.864092510658999,2001,83,21,62,887,0.04147926036981509,0.25301204819277107,0.010494752623688156,0.02367531003382187,0.4432783608195902,3.0,1.3519554411288868,1.1667729222037186,True,19,0.2261904761904762,1.1025421995023152,10.895180000807159,0.16510670865103352,2048,2048,2048,65536,32,uint8,32,2048,2048,2048,65536,5.65875999891432,0.0501451727404331,3.756100001919549,0.11665588863646931,nan,nan,7.083580001199152,0.08860452259801221,4.151080000156071,0.12230591825805225,nan,nan,orb,orb,orb,bf_ratio,0.8
hpatches,v_graffiti,viewpoint,v_graffiti_1_to_5,1,5,D:\桌面\IACV\Assigment1\data\hpatches\v_graffiti\1.ppm,D:\桌面\IACV\Assigment1\data\hpatches\v_graffiti\5.ppm,41,1993,554,0.2779729051680883,3.0,354.93643581297215,1993,40,3,37,554,0.02007024586051179,0.075,0.0015052684395383843,0.005415162454873646,0.2779729051680883,3.0,1.2340275622023194,1.4239045201571563,True,6,0.14634146341463414,0.7222996435214292,11.523000001034234,0.20515627283684856,2048,2048,2048,65536,32,uint8,32,2048,2048,2048,65536,5.65875999891432,0.0501451727404331,3.756100001919549,0.11665588863646931,nan,nan,7.481619997997768,0.3066672039352367,4.367840000486467,0.12062778481420927,nan,nan,orb,orb,orb,bf_ratio,0.8
hpatches,v_graffiti,viewpoint,v_graffiti_1_to_6,1,6,D:\桌面\IACV\Assigment1\data\hpatches\v_graffiti\1.ppm,D:\桌面\IACV\Assigment1\data\hpatches\v_graffiti\6.ppm,33,2048,519,0.25341796875,3.0,408.54081713798996,2048,33,0,33,519,0.01611328125,0.0,0.0,0.0,0.25341796875,3.0,nan,nan,True,6,0.18181818181818182,0.42954869087803466,10.328859998844564,0.2942193776398196,2048,2048,2048,65536,32,uint8,32,2048,2048,2048,65536,5.65875999891432,0.0501451727404331,3.756100001919549,0.11665588863646931,nan,nan,7.0949600005405955,0.09718877734143808,4.029380000429228,0.10968944059132923,nan,nan,orb,orb,orb,bf_ratio,0.8
hpatches,v_home,viewpoint,v_home_1_to_2,1,2,D:\桌面\IACV\Assigment1\data\hpatches\v_home\1.ppm,D:\桌面\IACV\Assigment1\data\hpatches\v_home\2.ppm,302,2043,1222,0.5981399902104748,3.0,3.8353392433577826,2043,302,257,45,1222,0.1478218306412139,0.8509933774834437,0.12579539892315222,0.21031096563011456,0.5981399902104748,3.0,1.1231339938285831,0.9986509279968167,True,258,0.8543046357615894,1.0489176712061228,10.675399999308866,0.18562454461096212,2048,2048,2048,65536,32,uint8,32,2048,2048,2048,65536,8.879360000719316,0.32751261596192244,5.579620000207797,0.11635811134067962,nan,nan,8.76741999963997,0.10480769779452993,5.757679999805987,0.19340814274103474,nan,nan,orb,orb,orb,bf_ratio,0.8
hpatches,v_home,viewpoint,v_home_1_to_3,1,3,D:\桌面\IACV\Assigment1\data\hpatches\v_home\1.ppm,D:\桌面\IACV\Assigment1\data\hpatches\v_home\3.ppm,134,1952,1079,0.5527663934426229,3.0,7.3535630511596555,1952,131,66,65,1079,0.06711065573770492,0.5038167938931297,0.03381147540983607,0.061167747914735865,0.5527663934426229,3.0,1.5842220465084216,1.5840786801571864,True,71,0.5298507462686567,1.2583371367921672,10.671340001863427,0.4153086528710583,2048,2048,2048,65536,32,uint8,32,2048,2048,2048,65536,8.879360000719316,0.32751261596192244,5.579620000207797,0.11635811134067962,nan,nan,7.628540002042428,0.1067270455607158,5.406280001625419,0.06671225781761987,nan,nan,orb,orb,orb,bf_ratio,0.8
hpatches,v_home,viewpoint,v_home_1_to_4,1,4,D:\桌面\IACV\Assigment1\data\hpatches\v_home\1.ppm,D:\桌面\IACV\Assigment1\data\hpatches\v_home\4.ppm,379,2048,1190,0.5810546875,3.0,2.0066062524674884,2048,379,326,53,1190,0.18505859375,0.8601583113456465,0.1591796875,0.2739495798319328,0.5810546875,3.0,1.1654537682803652,1.067410160165708,True,326,0.8601583113456465,1.1038270158804835,10.707939999701921,0.17465818703727504,2048,2048,2048,65536,32,uint8,32,2048,2048,2048,65536,8.879360000719316,0.32751261596192244,5.579620000207797,0.11635811134067962,nan,nan,7.915160000266042,0.20448977897556106,5.55191999883391,0.37650126926960614,nan,nan,orb,orb,orb,bf_ratio,0.8
hpatches,v_home,viewpoint,v_home_1_to_5,1,5,D:\桌面\IACV\Assigment1\data\hpatches\v_home\1.ppm,D:\桌面\IACV\Assigment1\data\hpatches\v_home\5.ppm,80,1651,946,0.5729860690490611,3.0,21.467987475021765,1651,71,21,50,946,0.04300423985463356,0.29577464788732394,0.012719563900666263,0.022198731501057084,0.5729860690490611,3.0,1.6478416914631038,1.5815683145885062,True,25,0.3125,1.2903995323611412,10.71061999828089,0.5381557802518966,2048,2048,2048,65536,32,uint8,32,2048,2048,2048,65536,8.879360000719316,0.32751261596192244,5.579620000207797,0.11635811134067962,nan,nan,6.872500000463333,0.21158195839200677,5.685939999239054,0.08129016229404831,nan,nan,orb,orb,orb,bf_ratio,0.8
hpatches,v_home,viewpoint,v_home_1_to_6,1,6,D:\桌面\IACV\Assigment1\data\hpatches\v_home\1.ppm,D:\桌面\IACV\Assigment1\data\hpatches\v_home\6.ppm,696,2048,1204,0.587890625,3.0,1.1541071380092773,2048,696,667,29,1204,0.33984375,0.9583333333333334,0.32568359375,0.5539867109634552,0.587890625,3.0,0.9695022394644981,0.8578404794287547,True,670,0.9626436781609196,0.9553306720625536,10.734819997742306,0.4634114281778742,2048,2048,2048,65536,32,uint8,32,2048,2048,2048,65536,8.879360000719316,0.32751261596192244,5.579620000207797,0.11635811134067962,nan,nan,8.62347999936901,0.1357301322177158,5.488660000264645,0.11997622345453472,nan,nan,orb,orb,orb,bf_ratio,0.8
hpatches,v_laptop,viewpoint,v_laptop_1_to_2,1,2,D:\桌面\IACV\Assigment1\data\hpatches\v_laptop\1.ppm,D:\桌面\IACV\Assigment1\data\hpatches\v_laptop\2.ppm,1096,2048,1738,0.8486328125,3.0,1.6363342549070468,2048,1096,1063,33,1738,0.53515625,0.9698905109489051,0.51904296875,0.6116225546605294,0.8486328125,3.0,0.9590113792831799,0.8321799851126103,True,1066,0.9726277372262774,1.043827560798111,11.315699999977369,0.3092990544659576,2048,2048,2048,65536,32,uint8,32,2048,2048,2048,65536,4.179780003323685,0.12017056772263295,3.9168199989944696,0.11557747676092735,nan,nan,4.314700000395533,0.12620668707526012,3.6943400016753003,0.1407881352450811,nan,nan,orb,orb,orb,bf_ratio,0.8
hpatches,v_laptop,viewpoint,v_laptop_1_to_3,1,3,D:\桌面\IACV\Assigment1\data\hpatches\v_laptop\1.ppm,D:\桌面\IACV\Assigment1\data\hpatches\v_laptop\3.ppm,867,2048,1533,0.74853515625,3.0,1.800539080946655,2048,867,850,17,1533,0.42333984375,0.9803921568627451,0.4150390625,0.5544683626875407,0.74853515625,3.0,1.015137150963515,0.8917526311983711,True,852,0.9826989619377162,1.0283280089170446,10.934760000964161,0.2081422832201431,2048,2048,2048,65536,32,uint8,32,2048,2048,2048,65536,4.179780003323685,0.12017056772263295,3.9168199989944696,0.11557747676092735,nan,nan,4.196240000601392,0.08573187770277114,3.663319999759551,0.06853534582885723,nan,nan,orb,orb,orb,bf_ratio,0.8
hpatches,v_laptop,viewpoint,v_laptop_1_to_4,1,4,D:\桌面\IACV\Assigment1\data\hpatches\v_laptop\1.ppm,D:\桌面\IACV\Assigment1\data\hpatches\v_laptop\4.ppm,745,2048,1404,0.685546875,3.0,1.1288748063588354,2048,745,719,26,1404,0.36376953125,0.9651006711409396,0.35107421875,0.5121082621082621,0.685546875,3.0,0.9491080466455967,0.821082421250464,True,724,0.9718120805369127,0.9280109656208883,10.61562000104459,0.3609640843068347,2048,2048,2048,65536,32,uint8,32,2048,2048,2048,65536,4.179780003323685,0.12017056772263295,3.9168199989944696,0.11557747676092735,nan,nan,4.01407999888761,0.13928150758794836,3.5069599995040335,0.11102392002602474,nan,nan,orb,orb,orb,bf_ratio,0.8
hpatches,v_laptop,viewpoint,v_laptop_1_to_5,1,5,D:\桌面\IACV\Assigment1\data\hpatches\v_laptop\1.ppm,D:\桌面\IACV\Assigment1\data\hpatches\v_laptop\5.ppm,790,2048,1383,0.67529296875,3.0,1.680336916227728,2048,790,748,42,1383,0.3857421875,0.9468354430379747,0.365234375,0.5408532176428055,0.67529296875,3.0,1.087210340621352,0.9593754449532466,True,769,0.9734177215189873,1.0438252587630066,10.961739999765996,0.19569804862835502,2048,2048,2048,65536,32,uint8,32,2048,2048,2048,65536,4.179780003323685,0.12017056772263295,3.9168199989944696,0.11557747676092735,nan,nan,4.094620002433658,0.1473333412611634,3.505380002025049,0.0842970326902983,nan,nan,orb,orb,orb,bf_ratio,0.8
hpatches,v_laptop,viewpoint,v_laptop_1_to_6,1,6,D:\桌面\IACV\Assigment1\data\hpatches\v_laptop\1.ppm,D:\桌面\IACV\Assigment1\data\hpatches\v_laptop\6.ppm,796,2048,1502,0.7333984375,3.0,0.4523541509221777,2048,796,755,41,1502,0.388671875,0.9484924623115578,0.36865234375,0.5026631158455392,0.7333984375,3.0,1.0445333450878882,0.9319401686000527,True,764,0.9597989949748744,0.9819044893002287,11.796079998021014,0.6557602645789238,2048,2048,2048,65536,32,uint8,32,2048,2048,2048,65536,4.179780003323685,0.12017056772263295,3.9168199989944696,0.11557747676092735,nan,nan,4.187479999382049,0.01773565867584976,3.9531800022814423,0.29376149079254643,nan,nan,orb,orb,orb,bf_ratio,0.8
hpatches,v_london,viewpoint,v_london_1_to_2,1,2,D:\桌面\IACV\Assigment1\data\hpatches\v_london\1.ppm,D:\桌面\IACV\Assigment1\data\hpatches\v_london\2.ppm,712,1769,1128,0.637648388920294,3.0,1.0488944293147893,1769,710,677,33,1128,0.4013566986998304,0.9535211267605633,0.38270209157716223,0.600177304964539,0.637648388920294,3.0,1.0799881663952826,0.9244557734666237,True,673,0.9452247191011236,1.1039896669330467,10.518999997293577,0.4902874182667624,2048,2048,2048,65536,32,uint8,32,2048,2048,2048,65536,15.055939999001566,0.42275369932027657,6.276920001255348,0.45062971021582165,nan,nan,16.81626000063261,0.47423155523970917,6.50216000067303,0.06477563202064422,nan,nan,orb,orb,orb,bf_ratio,0.8
hpatches,v_london,viewpoint,v_london_1_to_3,1,3,D:\桌面\IACV\Assigment1\data\hpatches\v_london\1.ppm,D:\桌面\IACV\Assigment1\data\hpatches\v_london\3.ppm,641,1847,1110,0.6009745533297238,3.0,0.6235163164634847,1847,637,588,49,1110,0.34488359501894966,0.9230769230769231,0.31835408770979967,0.5297297297297298,0.6009745533297238,3.0,1.1119977620618609,1.0310654223206153,True,588,0.9173166926677067,1.1306854457713817,10.5011799998465,0.13945596456351247,2048,2048,2048,65536,32,uint8,32,2048,2048,2048,65536,15.055939999001566,0.42275369932027657,6.276920001255348,0.45062971021582165,nan,nan,15.748139999050181,0.2921611927978336,6.489040001179092,0.21454676559725824,nan,nan,orb,orb,orb,bf_ratio,0.8
hpatches,v_london,viewpoint,v_london_1_to_4,1,4,D:\桌面\IACV\Assigment1\data\hpatches\v_london\1.ppm,D:\桌面\IACV\Assigment1\data\hpatches\v_london\4.ppm,332,2012,1074,0.5337972166998012,3.0,3.1762396332092915,2012,332,295,37,1074,0.16500994035785288,0.8885542168674698,0.1466202783300199,0.2746741154562384,0.5337972166998012,3.0,1.1626789961940576,1.0879055238747846,True,300,0.9036144578313253,1.1796545493722332,12.187339998490643,0.44990141193109096,2048,2048,2048,65536,32,uint8,32,2048,2048,2048,65536,15.055939999001566,0.42275369932027657,6.276920001255348,0.45062971021582165,nan,nan,14.89331999910064,0.22510517667164792,6.232140000793152,0.1148627309524943,nan,nan,orb,orb,orb,bf_ratio,0.8
hpatches,v_london,viewpoint,v_london_1_to_5,1,5,D:\桌面\IACV\Assigment1\data\hpatches\v_london\1.ppm,D:\桌面\IACV\Assigment1\data\hpatches\v_london\5.ppm,657,1983,1130,0.5698436712052446,3.0,0.8284842175399897,1983,657,624,33,1130,0.3313161875945537,0.9497716894977168,0.3146747352496218,0.552212389380531,0.5698436712052446,3.0,1.1283287777453677,1.044823432567707,True,624,0.9497716894977168,1.1287535729243567,11.470720000215806,0.4637499534897186,2048,2048,2048,65536,32,uint8,32,2048,2048,2048,65536,15.055939999001566,0.42275369932027657,6.276920001255348,0.45062971021582165,nan,nan,15.465700002096128,0.1528934919937208,7.117899997683708,0.16092629438742323,nan,nan,orb,orb,orb,bf_ratio,0.8
hpatches,v_london,viewpoint,v_london_1_to_6,1,6,D:\桌面\IACV\Assigment1\data\hpatches\v_london\1.ppm,D:\桌面\IACV\Assigment1\data\hpatches\v_london\6.ppm,608,1958,1108,0.5658835546475995,3.0,1.1173106231141463,1958,607,558,49,1108,0.31001021450459654,0.9192751235584844,0.2849846782431052,0.5036101083032491,0.5658835546475995,3.0,1.1607263004899901,1.0734797200690789,True,561,0.9226973684210527,1.1942736383350376,10.79842000035569,0.1317224869448712,2048,2048,2048,65536,32,uint8,32,2048,2048,2048,65536,15.055939999001566,0.42275369932027657,6.276920001255348,0.45062971021582165,nan,nan,12.792739996802993,0.17571263543661889,6.551460002083331,0.1027983204523261,nan,nan,orb,orb,orb,bf_ratio,0.8
hpatches,v_machines,viewpoint,v_machines_1_to_2,1,2,D:\桌面\IACV\Assigment1\data\hpatches\v_machines\1.ppm,D:\桌面\IACV\Assigment1\data\hpatches\v_machines\2.ppm,507,2021,1312,0.6491835724888669,3.0,3.9520743312694973,2021,507,409,98,1312,0.2508659079663533,0.8067061143984221,0.20237506185056903,0.3117378048780488,0.6491835724888669,3.0,1.6600410879552223,1.6345334477670945,True,390,0.7692307692307693,1.5426002249823674,11.276679999718908,0.5753234337934553,2048,2048,2048,65536,32,uint8,32,2048,2048,2048,65536,9.055020000960212,0.28697406298475947,5.649700001231395,0.1555787673766176,nan,nan,8.50845999957528,0.10691010349965334,6.267759998445399,0.30205087614513637,nan,nan,orb,orb,orb,bf_ratio,0.8
hpatches,v_machines,viewpoint,v_machines_1_to_3,1,3,D:\桌面\IACV\Assigment1\data\hpatches\v_machines\1.ppm,D:\桌面\IACV\Assigment1\data\hpatches\v_machines\3.ppm,95,2006,849,0.42323030907278164,3.0,7.052527758168335,2006,94,34,60,849,0.04685942173479561,0.3617021276595745,0.01694915254237288,0.04004711425206125,0.42323030907278164,3.0,1.9346250640806426,1.928780957984491,True,40,0.42105263157894735,1.339199462648421,10.540319999563508,0.21954971605278578,2048,2048,2048,65536,32,uint8,32,2048,2048,2048,65536,9.055020000960212,0.28697406298475947,5.649700001231395,0.1555787673766176,nan,nan,7.2425999998813495,0.2439661053763273,5.715200000850018,0.1076914276792747,nan,nan,orb,orb,orb,bf_ratio,0.8
hpatches,v_machines,viewpoint,v_machines_1_to_4,1,4,D:\桌面\IACV\Assigment1\data\hpatches\v_machines\1.ppm,D:\桌面\IACV\Assigment1\data\hpatches\v_machines\4.ppm,484,2048,1384,0.67578125,3.0,1.8355513725191095,2048,484,425,59,1384,0.236328125,0.878099173553719,0.20751953125,0.3070809248554913,0.67578125,3.0,1.531038438737347,1.4897330770951271,True,365,0.7541322314049587,1.4130876645326873,11.233779999020044,0.32009578015276435,2048,2048,2048,65536,32,uint8,32,2048,2048,2048,65536,9.055020000960212,0.28697406298475947,5.649700001231395,0.1555787673766176,nan,nan,7.425080001121387,0.1482393388515555,5.507100000977516,0.07097179861360119,nan,nan,orb,orb,orb,bf_ratio,0.8
hpatches,v_machines,viewpoint,v_machines_1_to_5,1,5,D:\桌面\IACV\Assigment1\data\hpatches\v_machines\1.ppm,D:\桌面\IACV\Assigment1\data\hpatches\v_machines\5.ppm,105,2033,1047,0.515002459419577,3.0,7.084155079594808,2033,105,45,60,1047,0.051647811116576486,0.42857142857142855,0.022134776192818496,0.04297994269340974,0.515002459419577,3.0,1.7122652611117188,1.8518936580277767,True,56,0.5333333333333333,1.490633285868459,10.722780000651255,0.31580055270281326,2048,2048,2048,65536,32,uint8,32,2048,2048,2048,65536,9.055020000960212,0.28697406298475947,5.649700001231395,0.1555787673766176,nan,nan,7.080700002552476,0.25206130161298845,5.806380002468359,0.1462307830134794,nan,nan,orb,orb,orb,bf_ratio,0.8
hpatches,v_machines,viewpoint,v_machines_1_to_6,1,6,D:\桌面\IACV\Assigment1\data\hpatches\v_machines\1.ppm,D:\桌面\IACV\Assigment1\data\hpatches\v_machines\6.ppm,758,2048,1439,0.70263671875,3.0,0.8388199851284475,2048,758,732,26,1439,0.3701171875,0.9656992084432717,0.357421875,0.5086865879082696,0.70263671875,3.0,1.0087937034026349,0.9316114657253773,True,732,0.9656992084432717,1.0176683216130962,11.390099998970982,0.8759309843216665,2048,2048,2048,65536,32,uint8,32,2048,2048,2048,65536,9.055020000960212,0.28697406298475947,5.649700001231395,0.1555787673766176,nan,nan,7.016059999295976,0.11250017721923734,5.632679999689572,0.16839612247395364,nan,nan,orb,orb,orb,bf_ratio,0.8
hpatches,v_man,viewpoint,v_man_1_to_2,1,2,D:\桌面\IACV\Assigment1\data\hpatches\v_man\1.ppm,D:\桌面\IACV\Assigment1\data\hpatches\v_man\2.ppm,444,1894,1158,0.6114044350580782,3.0,6.3374523150325315,1894,442,364,78,1158,0.23336853220696938,0.8235294117647058,0.1921858500527983,0.3143350604490501,0.6114044350580782,3.0,1.3570487689122703,1.264966334191862,True,353,0.795045045045045,1.2824943386700827,10.846439997840207,0.2795767117128976,2048,2048,2048,65536,32,uint8,32,2048,2048,2048,65536,8.736259999568574,0.3604371609532003,7.02815999975428,0.0747930632339496,nan,nan,8.378580000135116,0.49741807173520214,6.724280001071747,0.3875367720814802,nan,nan,orb,orb,orb,bf_ratio,0.8
hpatches,v_man,viewpoint,v_man_1_to_3,1,3,D:\桌面\IACV\Assigment1\data\hpatches\v_man\1.ppm,D:\桌面\IACV\Assigment1\data\hpatches\v_man\3.ppm,122,2048,875,0.42724609375,3.0,7.690593734311275,2048,122,59,63,875,0.0595703125,0.48360655737704916,0.02880859375,0.06742857142857143,0.42724609375,3.0,1.904583752375942,2.015278906441033,True,85,0.6967213114754098,1.3906950318896099,10.412199998972937,0.16958805449206363,2048,2048,2048,65536,32,uint8,32,2048,2048,2048,65536,8.736259999568574,0.3604371609532003,7.02815999975428,0.0747930632339496,nan,nan,7.348120000096969,0.07600185330215395,6.013400001393165,0.2915832364545325,nan,nan,orb,orb,orb,bf_ratio,0.8
hpatches,v_man,viewpoint,v_man_1_to_4,1,4,D:\桌面\IACV\Assigment1\data\hpatches\v_man\1.ppm,D:\桌面\IACV\Assigment1\data\hpatches\v_man\4.ppm,61,1905,837,0.4393700787401575,3.0,37.81800344100767,1905,58,16,42,837,0.030446194225721784,0.27586206896551724,0.008398950131233596,0.019115890083632018,0.4393700787401575,3.0,1.7235335641420968,1.7544231545114304,True,19,0.3114754098360656,1.3414598929166393,10.033459996338934,0.48783560931548764,2048,2048,2048,65536,32,uint8,32,2048,2048,2048,65536,8.736259999568574,0.3604371609532003,7.02815999975428,0.0747930632339496,nan,nan,6.553420002455823,0.20141107449106233,6.056319999333937,0.13995098146839022,nan,nan,orb,orb,orb,bf_ratio,0.8
hpatches,v_man,viewpoint,v_man_1_to_5,1,5,D:\桌面\IACV\Assigment1\data\hpatches\v_man\1.ppm,D:\桌面\IACV\Assigment1\data\hpatches\v_man\5.ppm,368,1909,959,0.502357255107386,3.0,12.217922737025466,1909,366,249,117,959,0.19172341540073337,0.680327868852459,0.13043478260869565,0.2596454640250261,0.502357255107386,3.0,1.860270957640808,1.963627501907051,True,298,0.8097826086956522,1.271849717095079,10.30188000149792,0.14994368867224755,2048,2048,2048,65536,32,uint8,32,2048,2048,2048,65536,8.736259999568574,0.3604371609532003,7.02815999975428,0.0747930632339496,nan,nan,6.819840002572164,0.1003296710361077,6.209179999132175,0.08448072745820091,nan,nan,orb,orb,orb,bf_ratio,0.8
hpatches,v_man,viewpoint,v_man_1_to_6,1,6,D:\桌面\IACV\Assigment1\data\hpatches\v_man\1.ppm,D:\桌面\IACV\Assigment1\data\hpatches\v_man\6.ppm,361,1951,1016,0.5207585853408508,3.0,3.276940277365469,1951,360,280,80,1016,0.18452075858534084,0.7777777777777778,0.1435161455663762,0.2755905511811024,0.5207585853408508,3.0,1.4223402484912169,1.350557416161182,True,288,0.7977839335180056,1.397904085413033,10.427520002122037,0.04184095455278971,2048,2048,2048,65536,32,uint8,32,2048,2048,2048,65536,8.736259999568574,0.3604371609532003,7.02815999975428,0.0747930632339496,nan,nan,7.333559999824502,0.08011528316805376,6.021040002815425,0.11644441729600437,nan,nan,orb,orb,orb,bf_ratio,0.8
hpatches,v_maskedman,viewpoint,v_maskedman_1_to_2,1,2,D:\桌面\IACV\Assigment1\data\hpatches\v_maskedman\1.ppm,D:\桌面\IACV\Assigment1\data\hpatches\v_maskedman\2.ppm,315,2046,820,0.40078201368523947,3.0,2.344746641355285,2046,315,264,51,820,0.15395894428152493,0.8380952380952381,0.12903225806451613,0.32195121951219513,0.40078201368523947,3.0,1.2989369333550633,1.2149974945495667,True,270,0.8571428571428571,1.1694461265478093,10.814320003555622,0.07794478561979766,2048,2048,2048,65536,32,uint8,32,2038,2038,2038,65216,4.667659998813178,0.04637596815597386,4.214039999351371,0.13444126723205893,nan,nan,4.385240000556223,0.2588271750453514,4.3316199982655235,0.26541845044545825,nan,nan,orb,orb,orb,bf_ratio,0.8
hpatches,v_maskedman,viewpoint,v_maskedman_1_to_3,1,3,D:\桌面\IACV\Assigment1\data\hpatches\v_maskedman\1.ppm,D:\桌面\IACV\Assigment1\data\hpatches\v_maskedman\3.ppm,284,2046,778,0.38025415444770283,3.0,4.463359578163714,2046,284,251,33,778,0.13880742913000976,0.8838028169014085,0.12267839687194526,0.3226221079691517,0.38025415444770283,3.0,1.1916651545245565,1.0973123000976521,True,247,0.8697183098591549,1.1282161497932564,10.582440001599025,0.06057562535783866,2048,2048,2048,65536,32,uint8,32,2027,2027,2027,64864,4.667659998813178,0.04637596815597386,4.214039999351371,0.13444126723205893,nan,nan,4.641820001415908,0.1157780385713947,4.562040000746492,0.10687793931273717,nan,nan,orb,orb,orb,bf_ratio,0.8
hpatches,v_maskedman,viewpoint,v_maskedman_1_to_4,1,4,D:\桌面\IACV\Assigment1\data\hpatches\v_maskedman\1.ppm,D:\桌面\IACV\Assigment1\data\hpatches\v_maskedman\4.ppm,257,2048,777,0.37939453125,3.0,4.014641099886535,2048,257,188,69,777,0.12548828125,0.7315175097276264,0.091796875,0.24195624195624196,0.37939453125,3.0,1.5541414552069286,1.53992157732597,True,200,0.7782101167315175,1.3753678825274063,10.319540000637062,0.047006788861544115,2048,2048,2048,65536,32,uint8,32,2048,2048,2048,65536,4.667659998813178,0.04637596815597386,4.214039999351371,0.13444126723205893,nan,nan,5.155340001510922,0.04424226796545325,4.4272600003750995,0.041481301820735526,nan,nan,orb,orb,orb,bf_ratio,0.8
hpatches,v_maskedman,viewpoint,v_maskedman_1_to_5,1,5,D:\桌面\IACV\Assigment1\data\hpatches\v_maskedman\1.ppm,D:\桌面\IACV\Assigment1\data\hpatches\v_maskedman\5.ppm,326,2048,886,0.4326171875,3.0,10.54605214114018,2048,326,268,58,886,0.1591796875,0.8220858895705522,0.130859375,0.30248306997742663,0.4326171875,3.0,1.3290024352614178,1.2831280442168753,True,261,0.8006134969325154,1.3375503996272424,10.722099999838974,0.26462338421862525,2048,2048,2048,65536,32,uint8,32,2048,2048,2048,65536,4.667659998813178,0.04637596815597386,4.214039999351371,0.13444126723205893,nan,nan,4.71413999912329,0.12572257714767224,4.117200002656318,0.03929793987381007,nan,nan,orb,orb,orb,bf_ratio,0.8
hpatches,v_maskedman,viewpoint,v_maskedman_1_to_6,1,6,D:\桌面\IACV\Assigment1\data\hpatches\v_maskedman\1.ppm,D:\桌面\IACV\Assigment1\data\hpatches\v_maskedman\6.ppm,35,1963,20,0.010188487009679063,3.0,638.9686464042784,1963,34,2,32,20,0.017320427916454408,0.058823529411764705,0.0010188487009679063,0.1,0.010188487009679063,3.0,1.6681235377272459,1.6681235377272459,True,6,0.17142857142857143,0.7797527274501684,11.396639999293257,0.47473708251204294,2048,2048,2048,65536,32,uint8,32,2048,2048,2048,65536,4.667659998813178,0.04637596815597386,4.214039999351371,0.13444126723205893,nan,nan,6.056400001398288,0.1543511713729309,4.4838600006187335,0.1134481852722685,nan,nan,orb,orb,orb,bf_ratio,0.8
hpatches,v_pomegranate,viewpoint,v_pomegranate_1_to_2,1,2,D:\桌面\IACV\Assigment1\data\hpatches\v_pomegranate\1.ppm,D:\桌面\IACV\Assigment1\data\hpatches\v_pomegranate\2.ppm,492,2048,967,0.47216796875,3.0,4.293661786718259,2048,492,379,113,967,0.240234375,0.7703252032520326,0.18505859375,0.39193381592554294,0.47216796875,3.0,1.6955501593863778,1.7242405570763224,True,319,0.6483739837398373,1.5842404490622821,10.348180000437424,0.512490144914604,2048,2048,2048,65536,32,uint8,32,2048,2048,2048,65536,10.953979998885188,0.054913874836326974,5.915000000095461,0.16836450802516115,nan,nan,10.521099998732097,0.0588786551866617,6.0382800016668625,0.24514343948249157,nan,nan,orb,orb,orb,bf_ratio,0.8
hpatches,v_pomegranate,viewpoint,v_pomegranate_1_to_3,1,3,D:\桌面\IACV\Assigment1\data\hpatches\v_pomegranate\1.ppm,D:\桌面\IACV\Assigment1\data\hpatches\v_pomegranate\3.ppm,445,2048,1028,0.501953125,3.0,5.698379242648473,2048,445,277,168,1028,0.21728515625,0.6224719101123596,0.13525390625,0.2694552529182879,0.501953125,3.0,1.6835697769357674,1.6673705536905081,True,298,0.6696629213483146,1.4753032931956098,11.200480001571123,0.33585467981756206,2048,2048,2048,65536,32,uint8,32,2048,2048,2048,65536,10.953979998885188,0.054913874836326974,5.915000000095461,0.16836450802516115,nan,nan,9.622399997897446,0.1642477289857054,7.201879999774974,0.292267244793123,nan,nan,orb,orb,orb,bf_ratio,0.8
hpatches,v_pomegranate,viewpoint,v_pomegranate_1_to_4,1,4,D:\桌面\IACV\Assigment1\data\hpatches\v_pomegranate\1.ppm,D:\桌面\IACV\Assigment1\data\hpatches\v_pomegranate\4.ppm,484,2048,1022,0.4990234375,3.0,2.8940299594443215,2048,484,405,79,1022,0.236328125,0.8367768595041323,0.19775390625,0.39628180039138944,0.4990234375,3.0,1.4254315158712032,1.3434670494038983,True,407,0.8409090909090909,1.3132732862955467,12.029259999690112,1.4143123528335166,2048,2048,2048,65536,32,uint8,32,2048,2048,2048,65536,10.953979998885188,0.054913874836326974,5.915000000095461,0.16836450802516115,nan,nan,10.113660001661628,0.15907743635311283,7.056259998353198,0.19915806371072617,nan,nan,orb,orb,orb,bf_ratio,0.8
hpatches,v_pomegranate,viewpoint,v_pomegranate_1_to_5,1,5,D:\桌面\IACV\Assigment1\data\hpatches\v_pomegranate\1.ppm,D:\桌面\IACV\Assigment1\data\hpatches\v_pomegranate\5.ppm,434,2048,937,0.45751953125,3.0,3.097130008905769,2048,434,334,100,937,0.2119140625,0.7695852534562212,0.1630859375,0.35645677694770544,0.45751953125,3.0,1.6804806333804778,1.6830933031935462,True,358,0.8248847926267281,1.6178805895329291,19.98656000068877,0.32119122057744126,2048,2048,2048,65536,32,uint8,32,2048,2048,2048,65536,10.953979998885188,0.054913874836326974,5.915000000095461,0.16836450802516115,nan,nan,10.41063999873586,2.385475608042479,12.798879999900237,0.39139590366340676,nan,nan,orb,orb,orb,bf_ratio,0.8
hpatches,v_pomegranate,viewpoint,v_pomegranate_1_to_6,1,6,D:\桌面\IACV\Assigment1\data\hpatches\v_pomegranate\1.ppm,D:\桌面\IACV\Assigment1\data\hpatches\v_pomegranate\6.ppm,463,2048,1049,0.51220703125,3.0,1.7994747828634128,2048,463,401,62,1049,0.22607421875,0.8660907127429806,0.19580078125,0.3822688274547188,0.51220703125,3.0,1.629580140567648,1.6110345100650276,True,396,0.8552915766738661,1.6336020856295095,22.120040000299923,3.988425597649142,2048,2048,2048,65536,32,uint8,32,2048,2048,2048,65536,10.953979998885188,0.054913874836326974,5.915000000095461,0.16836450802516115,nan,nan,11.760800000047311,0.2706062152953115,12.117339998076204,0.1805819537093482,nan,nan,orb,orb,orb,bf_ratio,0.8
hpatches,v_posters,viewpoint,v_posters_1_to_2,1,2,D:\桌面\IACV\Assigment1\data\hpatches\v_posters\1.ppm,D:\桌面\IACV\Assigment1\data\hpatches\v_posters\2.ppm,365,2048,927,0.45263671875,3.0,1.8941181889651668,2048,365,335,30,927,0.17822265625,0.9178082191780822,0.16357421875,0.36138079827400216,0.45263671875,3.0,1.0269271020815798,0.9768218827626141,True,336,0.9205479452054794,0.9016413038201874,19.21763999853283,1.1840196236046292,2048,2048,2048,65536,32,uint8,32,2048,2048,2048,65536,22.754719997465145,2.9279296824665915,16.4565400002175,0.04864683381311461,nan,nan,18.34917999949539,0.29277293759110506,10.010279998823535,0.11521752469535188,nan,nan,orb,orb,orb,bf_ratio,0.8
hpatches,v_posters,viewpoint,v_posters_1_to_3,1,3,D:\桌面\IACV\Assigment1\data\hpatches\v_posters\1.ppm,D:\桌面\IACV\Assigment1\data\hpatches\v_posters\3.ppm,401,2048,1052,0.513671875,3.0,2.9081572210768014,2048,401,364,37,1052,0.19580078125,0.9077306733167082,0.177734375,0.34600760456273766,0.513671875,3.0,1.1001330467144226,1.0187580621458605,True,363,0.9052369077306733,1.0121142608006952,18.976360000669956,0.3733827208944204,2048,2048,2048,65536,32,uint8,32,2048,2048,2048,65536,22.754719997465145,2.9279296824665915,16.4565400002175,0.04864683381311461,nan,nan,18.066059998818673,0.14808869694781196,9.796739998273551,0.13071352647846296,nan,nan,orb,orb,orb,bf_ratio,0.8
hpatches,v_posters,viewpoint,v_posters_1_to_4,1,4,D:\桌面\IACV\Assigment1\data\hpatches\v_posters\1.ppm,D:\桌面\IACV\Assigment1\data\hpatches\v_posters\4.ppm,478,2048,1008,0.4921875,3.0,1.12207344179268,2048,478,449,29,1008,0.2333984375,0.9393305439330544,0.21923828125,0.44543650793650796,0.4921875,3.0,0.8408235634880722,0.7867011935298354,True,449,0.9393305439330544,0.7580335566913174,19.30920000158949,0.2569190777671801,2048,2048,2048,65536,32,uint8,32,2048,2048,2048,65536,22.754719997465145,2.9279296824665915,16.4565400002175,0.04864683381311461,nan,nan,19.07826000096975,0.10345968792634232,9.728360000008252,0.09202820334809517,nan,nan,orb,orb,orb,bf_ratio,0.8
hpatches,v_posters,viewpoint,v_posters_1_to_5,1,5,D:\桌面\IACV\Assigment1\data\hpatches\v_posters\1.ppm,D:\桌面\IACV\Assigment1\data\hpatches\v_posters\5.ppm,122,1943,717,0.36901698404529076,3.0,6.846409920328024,1943,121,77,44,717,0.06227483273288729,0.6363636363636364,0.03962943901183737,0.10739191073919108,0.36901698404529076,3.0,1.1084961889783913,1.030370022437879,True,81,0.6639344262295082,1.1315783315980668,19.06637999927625,0.12442384620042035,2048,2048,2048,65536,32,uint8,32,2048,2048,2048,65536,22.754719997465145,2.9279296824665915,16.4565400002175,0.04864683381311461,nan,nan,18.98084000131348,0.04557444924727155,9.87009999807924,0.16727205571978593,nan,nan,orb,orb,orb,bf_ratio,0.8
hpatches,v_posters,viewpoint,v_posters_1_to_6,1,6,D:\桌面\IACV\Assigment1\data\hpatches\v_posters\1.ppm,D:\桌面\IACV\Assigment1\data\hpatches\v_posters\6.ppm,124,2047,758,0.3702979970688813,3.0,2.978509783702067,2047,124,63,61,758,0.060576453346360526,0.5080645161290323,0.030776746458231558,0.08311345646437995,0.3702979970688813,3.0,0.9801163007521221,0.8555284428843127,True,64,0.5161290322580645,0.9739381951948035,18.961240000498947,0.21594155303133197,2048,2048,2048,65536,32,uint8,32,2048,2048,2048,65536,22.754719997465145,2.9279296824665915,16.4565400002175,0.04864683381311461,nan,nan,18.294620000233408,0.05383000714106269,9.879740000178572,0.07252554292459164,nan,nan,orb,orb,orb,bf_ratio,0.8
hpatches,v_samples,viewpoint,v_samples_1_to_2,1,2,D:\桌面\IACV\Assigment1\data\hpatches\v_samples\1.ppm,D:\桌面\IACV\Assigment1\data\hpatches\v_samples\2.ppm,544,2048,1403,0.68505859375,3.0,0.4474548761286715,2048,544,496,48,1403,0.265625,0.9117647058823529,0.2421875,0.353528153955809,0.68505859375,3.0,1.102930175162084,1.0258856144196653,True,502,0.9227941176470589,1.0531339071850558,18.683079999755137,0.9937300829388925,2048,2048,2048,65536,32,uint8,32,2048,2048,2048,65536,18.29783999855863,0.13185025478488582,15.404720001970418,0.1672733261301224,nan,nan,13.074359999154694,0.2173781843747678,11.892920000536833,0.13253682217701201,nan,nan,orb,orb,orb,bf_ratio,0.8
hpatches,v_samples,viewpoint,v_samples_1_to_3,1,3,D:\桌面\IACV\Assigment1\data\hpatches\v_samples\1.ppm,D:\桌面\IACV\Assigment1\data\hpatches\v_samples\3.ppm,567,2048,1405,0.68603515625,3.0,0.7908497868938696,2048,567,522,45,1405,0.27685546875,0.9206349206349206,0.2548828125,0.3715302491103203,0.68603515625,3.0,1.1222423717110244,1.0518995085193872,True,522,0.9206349206349206,1.0594735605922594,19.44260000163922,0.7386556797512086,2048,2048,2048,65536,32,uint8,32,2048,2048,2048,65536,18.29783999855863,0.13185025478488582,15.404720001970418,0.1672733261301224,nan,nan,14.22768000047654,0.13248016438752983,11.851319996640086,0.0761798758569336,nan,nan,orb,orb,orb,bf_ratio,0.8
hpatches,v_samples,viewpoint,v_samples_1_to_4,1,4,D:\桌面\IACV\Assigment1\data\hpatches\v_samples\1.ppm,D:\桌面\IACV\Assigment1\data\hpatches\v_samples\4.ppm,299,2045,1294,0.6327628361858191,3.0,0.5742835371243521,2045,299,234,65,1294,0.14621026894865527,0.782608695652174,0.11442542787286064,0.18083462132921174,0.6327628361858191,3.0,1.1276701563903524,1.038308310483539,True,235,0.7859531772575251,1.1207079885135864,19.11697999894386,0.1793917981825184,2048,2048,2048,65536,32,uint8,32,2048,2048,2048,65536,18.29783999855863,0.13185025478488582,15.404720001970418,0.1672733261301224,nan,nan,13.709439999365713,0.12367126528771538,11.847219997434877,0.1015583434154127,nan,nan,orb,orb,orb,bf_ratio,0.8
hpatches,v_samples,viewpoint,v_samples_1_to_5,1,5,D:\桌面\IACV\Assigment1\data\hpatches\v_samples\1.ppm,D:\桌面\IACV\Assigment1\data\hpatches\v_samples\5.ppm,412,2006,1334,0.6650049850448654,3.0,3.600975195450277,2006,411,361,50,1334,0.2048853439680957,0.878345498783455,0.17996011964107678,0.27061469265367316,0.6650049850448654,3.0,1.0773179764481031,0.9907706601734829,True,352,0.8543689320388349,1.0291089206733663,19.081059997552074,0.06961139605585974,2048,2048,2048,65536,32,uint8,32,2048,2048,2048,65536,18.29783999855863,0.13185025478488582,15.404720001970418,0.1672733261301224,nan,nan,13.381699999445118,0.12307253143767785,11.948159999155905,0.239717654529178,nan,nan,orb,orb,orb,bf_ratio,0.8
hpatches,v_samples,viewpoint,v_samples_1_to_6,1,6,D:\桌面\IACV\Assigment1\data\hpatches\v_samples\1.ppm,D:\桌面\IACV\Assigment1\data\hpatches\v_samples\6.ppm,240,2044,1251,0.6120352250489237,3.0,1.4719320587362477,2044,240,167,73,1251,0.11741682974559686,0.6958333333333333,0.08170254403131115,0.1334932054356515,0.6120352250489237,3.0,1.1616227357941187,1.0157378504407562,True,166,0.6916666666666667,1.1358136861931296,19.093140002223663,0.050839498586728475,2048,2048,2048,65536,32,uint8,32,2048,2048,2048,65536,18.29783999855863,0.13185025478488582,15.404720001970418,0.1672733261301224,nan,nan,13.61107999982778,0.2248323677078272,11.932919999526348,0.15817872736939,nan,nan,orb,orb,orb,bf_ratio,0.8
hpatches,v_soldiers,viewpoint,v_soldiers_1_to_2,1,2,D:\桌面\IACV\Assigment1\data\hpatches\v_soldiers\1.ppm,D:\桌面\IACV\Assigment1\data\hpatches\v_soldiers\2.ppm,240,1395,613,0.43942652329749105,3.0,1.5478562878142572,1395,236,205,31,613,0.16917562724014337,0.8686440677966102,0.14695340501792115,0.33442088091353994,0.43942652329749105,3.0,1.2940937473798733,1.2160975994876757,True,210,0.875,1.274287890794006,8.727700001327321,0.6873428260652081,1593,1593,1593,50976,32,uint8,32,1118,1118,1118,35776,7.020240000565536,0.15009015325008612,11.658459999307524,0.14419550072564216,nan,nan,6.492039999284316,0.0967823037618039,11.036720000265632,0.08886599894583418,nan,nan,orb,orb,orb,bf_ratio,0.8
hpatches,v_soldiers,viewpoint,v_soldiers_1_to_3,1,3,D:\桌面\IACV\Assigment1\data\hpatches\v_soldiers\1.ppm,D:\桌面\IACV\Assigment1\data\hpatches\v_soldiers\3.ppm,282,1517,573,0.37771918259723136,3.0,11.575013012976413,1517,281,235,46,573,0.1852340145023072,0.8362989323843416,0.15491100856954515,0.41012216404886565,0.37771918259723136,3.0,1.4508310673525227,1.3797326611184453,True,233,0.8262411347517731,1.3917230126766573,10.303720000956673,0.32798677149614236,1593,1593,1593,50976,32,uint8,32,1386,1386,1386,44352,7.020240000565536,0.15009015325008612,11.658459999307524,0.14419550072564216,nan,nan,6.560000001627486,0.11945407634935039,11.348640000505839,0.111478187251252,nan,nan,orb,orb,orb,bf_ratio,0.8
hpatches,v_soldiers,viewpoint,v_soldiers_1_to_4,1,4,D:\桌面\IACV\Assigment1\data\hpatches\v_soldiers\1.ppm,D:\桌面\IACV\Assigment1\data\hpatches\v_soldiers\4.ppm,202,1477,573,0.3879485443466486,3.0,11.882320605154318,1477,201,170,31,573,0.13608666215301288,0.845771144278607,0.11509817197020988,0.29668411867364747,0.3879485443466486,3.0,1.42558798216083,1.4037101982910147,True,161,0.7970297029702971,1.3098647255161764,14.668599999276921,0.3646456205619742,1593,1593,1593,50976,32,uint8,32,2037,2037,2037,65184,7.020240000565536,0.15009015325008612,11.658459999307524,0.14419550072564216,nan,nan,7.4758000002475455,0.1537050687465327,11.96207999746548,0.03223236899201264,nan,nan,orb,orb,orb,bf_ratio,0.8
hpatches,v_soldiers,viewpoint,v_soldiers_1_to_5,1,5,D:\桌面\IACV\Assigment1\data\hpatches\v_soldiers\1.ppm,D:\桌面\IACV\Assigment1\data\hpatches\v_soldiers\5.ppm,138,1054,412,0.3908918406072106,3.0,15.280211703999795,1054,127,92,35,412,0.1204933586337761,0.7244094488188977,0.0872865275142315,0.22330097087378642,0.3908918406072106,3.0,1.6392466477137375,1.6647127794042489,True,95,0.6884057971014492,1.4625730915587916,15.306919999420643,0.1180117170519712,1593,1593,1593,50976,32,uint8,32,2048,2048,2048,65536,7.020240000565536,0.15009015325008612,11.658459999307524,0.14419550072564216,nan,nan,8.597920001193415,0.10223012023498237,11.128180001105648,2.5682558737841643,nan,nan,orb,orb,orb,bf_ratio,0.8
hpatches,v_soldiers,viewpoint,v_soldiers_1_to_6,1,6,D:\桌面\IACV\Assigment1\data\hpatches\v_soldiers\1.ppm,D:\桌面\IACV\Assigment1\data\hpatches\v_soldiers\6.ppm,166,1562,759,0.4859154929577465,3.0,3.770369904753286,1562,166,144,22,759,0.10627400768245839,0.8674698795180723,0.09218950064020487,0.18972332015810275,0.4859154929577465,3.0,1.1699945707865596,1.074750423741066,True,144,0.8674698795180723,1.1137719233225378,14.943980000680313,0.3478451073451946,1593,1593,1593,50976,32,uint8,32,2048,2048,2048,65536,7.020240000565536,0.15009015325008612,11.658459999307524,0.14419550072564216,nan,nan,10.040340000705328,0.1301474351130576,12.457639999047387,0.21001000813529466,nan,nan,orb,orb,orb,bf_ratio,0.8
hpatches,v_strand,viewpoint,v_strand_1_to_2,1,2,D:\桌面\IACV\Assigment1\data\hpatches\v_strand\1.ppm,D:\桌面\IACV\Assigment1\data\hpatches\v_strand\2.ppm,1261,2048,1659,0.81005859375,3.0,1.4681084511598006,2048,1261,1223,38,1659,0.61572265625,0.9698651863600317,0.59716796875,0.7371910789632309,0.81005859375,3.0,0.9041796198786047,0.7821825604867985,True,1217,0.9651070578905631,0.9111749419782682,19.36196000315249,0.3855468614982312,2048,2048,2048,65536,32,uint8,32,2048,2048,2048,65536,12.804319999122526,0.25662746875239006,12.240199999359902,0.11733502566459691,nan,nan,15.329639999254141,0.5721933850338216,12.328880000859499,0.34794844778978123,nan,nan,orb,orb,orb,bf_ratio,0.8
hpatches,v_strand,viewpoint,v_strand_1_to_3,1,3,D:\桌面\IACV\Assigment1\data\hpatches\v_strand\1.ppm,D:\桌面\IACV\Assigment1\data\hpatches\v_strand\3.ppm,751,2040,1520,0.7450980392156863,3.0,7.715293657366561,2040,751,544,207,1520,0.3681372549019608,0.7243675099866844,0.26666666666666666,0.35789473684210527,0.7450980392156863,3.0,1.8048047813439312,1.8171034693669297,True,658,0.8761651131824234,1.2146637704032592,19.243659998755902,0.7890475273195663,2048,2048,2048,65536,32,uint8,32,2048,2048,2048,65536,12.804319999122526,0.25662746875239006,12.240199999359902,0.11733502566459691,nan,nan,11.658339998393785,0.2188432381326964,12.417559997993521,0.24389978929607284,nan,nan,orb,orb,orb,bf_ratio,0.8
hpatches,v_strand,viewpoint,v_strand_1_to_4,1,4,D:\桌面\IACV\Assigment1\data\hpatches\v_strand\1.ppm,D:\桌面\IACV\Assigment1\data\hpatches\v_strand\4.ppm,607,2046,1442,0.7047898338220919,3.0,3.9672603513715106,2046,607,522,85,1442,0.2966764418377322,0.8599670510708401,0.25513196480938416,0.361997226074896,0.7047898338220919,3.0,1.6576158685241877,1.6442224517246977,True,529,0.871499176276771,1.177200820660796,18.43034000194166,0.8985927677063663,2048,2048,2048,65536,32,uint8,32,2048,2048,2048,65536,12.804319999122526,0.25662746875239006,12.240199999359902,0.11733502566459691,nan,nan,12.19462000153726,0.3847681262235744,13.538539998990018,0.39590964466272377,nan,nan,orb,orb,orb,bf_ratio,0.8
hpatches,v_strand,viewpoint,v_strand_1_to_5,1,5,D:\桌面\IACV\Assigment1\data\hpatches\v_strand\1.ppm,D:\桌面\IACV\Assigment1\data\hpatches\v_strand\5.ppm,503,2048,1380,0.673828125,3.0,8.042844968643868,2048,503,448,55,1380,0.24560546875,0.8906560636182903,0.21875,0.32463768115942027,0.673828125,3.0,1.6045088338839213,1.6393604488015538,True,463,0.9204771371769384,1.202485726839072,19.2981600004714,0.3823629831228789,2048,2048,2048,65536,32,uint8,32,2048,2048,2048,65536,12.804319999122526,0.25662746875239006,12.240199999359902,0.11733502566459691,nan,nan,10.675080002692994,0.15217567873655954,12.34930000064196,0.17580194534089694,nan,nan,orb,orb,orb,bf_ratio,0.8
hpatches,v_strand,viewpoint,v_strand_1_to_6,1,6,D:\桌面\IACV\Assigment1\data\hpatches\v_strand\1.ppm,D:\桌面\IACV\Assigment1\data\hpatches\v_strand\6.ppm,210,2046,1292,0.6314760508308895,3.0,5.787829550957848,2046,210,159,51,1292,0.10263929618768329,0.7571428571428571,0.07771260997067449,0.12306501547987617,0.6314760508308895,3.0,1.747959317374694,1.8294463999124524,True,167,0.7952380952380952,1.2674650693497382,19.41448000143282,0.22992132843872773,2048,2048,2048,65536,32,uint8,32,2048,2048,2048,65536,12.804319999122526,0.25662746875239006,12.240199999359902,0.11733502566459691,nan,nan,11.100420000730082,0.3699546955754937,12.57805999921402,0.19267263194377535,nan,nan,orb,orb,orb,bf_ratio,0.8
hpatches,v_sunseason,viewpoint,v_sunseason_1_to_2,1,2,D:\桌面\IACV\Assigment1\data\hpatches\v_sunseason\1.ppm,D:\桌面\IACV\Assigment1\data\hpatches\v_sunseason\2.ppm,1117,2048,1514,0.7392578125,3.0,3.9879778759756617,2048,1117,1032,85,1514,0.54541015625,0.9239033124440466,0.50390625,0.6816380449141347,0.7392578125,3.0,0.9462967146182969,0.7775560677761664,True,1030,0.9221128021486124,0.9978748708529925,19.949820000329055,0.7917388537714248,2048,2048,2048,65536,32,uint8,32,2048,2048,2048,65536,29.150859999936074,0.3444244730597517,14.681419997941703,0.3062102884921566,nan,nan,28.51490000030026,0.20533258799205134,14.06785999861313,0.23191200574256546,nan,nan,orb,orb,orb,bf_ratio,0.8
hpatches,v_sunseason,viewpoint,v_sunseason_1_to_3,1,3,D:\桌面\IACV\Assigment1\data\hpatches\v_sunseason\1.ppm,D:\桌面\IACV\Assigment1\data\hpatches\v_sunseason\3.ppm,787,2047,1368,0.668295065950171,3.0,1.3244347722629688,2047,786,662,124,1368,0.3839765510503175,0.8422391857506362,0.323400097703957,0.48391812865497075,0.668295065950171,3.0,0.9978794273404665,0.9070718725253211,True,666,0.8462515883100381,0.946926886889029,19.48757999925874,0.14929607289289504,2048,2048,2048,65536,32,uint8,32,2048,2048,2048,65536,29.150859999936074,0.3444244730597517,14.681419997941703,0.3062102884921566,nan,nan,28.883180000411812,0.19174288523481994,14.554980001412332,0.1773286698936028,nan,nan,orb,orb,orb,bf_ratio,0.8
hpatches,v_sunseason,viewpoint,v_sunseason_1_to_4,1,4,D:\桌面\IACV\Assigment1\data\hpatches\v_sunseason\1.ppm,D:\桌面\IACV\Assigment1\data\hpatches\v_sunseason\4.ppm,440,2047,960,0.4689789936492428,3.0,5.731747748380787,2047,439,319,120,960,0.2144601856375183,0.7266514806378133,0.15583781143136297,0.33229166666666665,0.4689789936492428,3.0,1.2422075981305194,1.1563534904185877,True,320,0.7272727272727273,1.1481146222892769,18.568139999115374,0.9708210787245444,2048,2048,2048,65536,32,uint8,32,2048,2048,2048,65536,29.150859999936074,0.3444244730597517,14.681419997941703,0.3062102884921566,nan,nan,29.823460002080537,0.2204518142950337,14.45504000002984,0.30771729882416715,nan,nan,orb,orb,orb,bf_ratio,0.8
hpatches,v_sunseason,viewpoint,v_sunseason_1_to_5,1,5,D:\桌面\IACV\Assigment1\data\hpatches\v_sunseason\1.ppm,D:\桌面\IACV\Assigment1\data\hpatches\v_sunseason\5.ppm,149,2022,809,0.4000989119683482,3.0,7.94893562249673,2022,147,86,61,809,0.07270029673590504,0.5850340136054422,0.04253214638971316,0.10630407911001236,0.4000989119683482,3.0,1.4226684990530372,1.3546483195595032,True,87,0.5838926174496645,1.2751100620977849,19.001179999031592,1.178796965783801,2048,2048,2048,65536,32,uint8,32,2048,2048,2048,65536,29.150859999936074,0.3444244730597517,14.681419997941703,0.3062102884921566,nan,nan,28.840659999696072,0.2706894651746874,14.126319999922998,0.10624639993513765,nan,nan,orb,orb,orb,bf_ratio,0.8
hpatches,v_sunseason,viewpoint,v_sunseason_1_to_6,1,6,D:\桌面\IACV\Assigment1\data\hpatches\v_sunseason\1.ppm,D:\桌面\IACV\Assigment1\data\hpatches\v_sunseason\6.ppm,58,2003,591,0.2950574138791812,3.0,10.04077905272557,2003,56,13,43,591,0.027958062905641536,0.23214285714285715,0.006490264603095357,0.021996615905245348,0.2950574138791812,3.0,1.6470004968811933,1.6500627131746906,True,16,0.27586206896551724,1.1643689710615135,19.42146000219509,0.506456119424873,2048,2048,2048,65536,32,uint8,32,2048,2048,2048,65536,29.150859999936074,0.3444244730597517,14.681419997941703,0.3062102884921566,nan,nan,27.438199998869095,1.1971075954972867,15.05849999957718,0.9217400952220196,nan,nan,orb,orb,orb,bf_ratio,0.8
hpatches,v_tabletop,viewpoint,v_tabletop_1_to_2,1,2,D:\桌面\IACV\Assigment1\data\hpatches\v_tabletop\1.ppm,D:\桌面\IACV\Assigment1\data\hpatches\v_tabletop\2.ppm,425,1639,1343,0.8194020744356315,3.0,6.92842065840556,1639,397,349,48,1343,0.2422208663819402,0.8790931989924433,0.212934716290421,0.25986597170513775,0.8194020744356315,3.0,1.3884139344827346,1.3491668987000658,True,356,0.8376470588235294,1.035893891864581,20.697920001111925,0.7782463922079623,2048,2048,2048,65536,32,uint8,32,2048,2048,2048,65536,19.33059999719262,0.2085545205774758,10.354639997240156,0.1603117174657716,nan,nan,18.532400000549387,0.09541481996529057,10.26001999998698,0.15244213878616078,nan,nan,orb,orb,orb,bf_ratio,0.8
hpatches,v_tabletop,viewpoint,v_tabletop_1_to_3,1,3,D:\桌面\IACV\Assigment1\data\hpatches\v_tabletop\1.ppm,D:\桌面\IACV\Assigment1\data\hpatches\v_tabletop\3.ppm,80,2042,1114,0.545543584720862,3.0,947.9490245182201,2042,80,6,74,1114,0.039177277179236046,0.075,0.002938295788442703,0.005385996409335727,0.545543584720862,3.0,1.107984061934676,1.145294137875666,True,39,0.4875,1.083599950448362,18.862419998913538,0.14227063415386887,2048,2048,2048,65536,32,uint8,32,2048,2048,2048,65536,19.33059999719262,0.2085545205774758,10.354639997240156,0.1603117174657716,nan,nan,17.564079999283422,0.4946135729793342,10.635499998170417,0.23136329650237672,nan,nan,orb,orb,orb,bf_ratio,0.8
hpatches,v_tabletop,viewpoint,v_tabletop_1_to_4,1,4,D:\桌面\IACV\Assigment1\data\hpatches\v_tabletop\1.ppm,D:\桌面\IACV\Assigment1\data\hpatches\v_tabletop\4.ppm,78,1904,1069,0.5614495798319328,3.0,1000.322013334483,1904,71,4,67,1069,0.037289915966386554,0.056338028169014086,0.0021008403361344537,0.0037418147801683817,0.5614495798319328,3.0,1.6736787914072222,1.81569940678079,True,41,0.5256410256410257,1.1891386552016114,18.91248000029009,0.394135241478821,2048,2048,2048,65536,32,uint8,32,2048,2048,2048,65536,19.33059999719262,0.2085545205774758,10.354639997240156,0.1603117174657716,nan,nan,13.721020001685247,1.9248383154006594,10.238659994502086,0.20740131781250862,nan,nan,orb,orb,orb,bf_ratio,0.8
hpatches,v_tabletop,viewpoint,v_tabletop_1_to_5,1,5,D:\桌面\IACV\Assigment1\data\hpatches\v_tabletop\1.ppm,D:\桌面\IACV\Assigment1\data\hpatches\v_tabletop\5.ppm,86,2048,1153,0.56298828125,3.0,1477.6704927240664,2048,86,6,80,1153,0.0419921875,0.06976744186046512,0.0029296875,0.005203816131830009,0.56298828125,3.0,1.828465434520792,1.6676419395086655,True,29,0.3372093023255814,1.1765835804242377,19.701779999013525,0.5366124469478366,2048,2048,2048,65536,32,uint8,32,2048,2048,2048,65536,19.33059999719262,0.2085545205774758,10.354639997240156,0.1603117174657716,nan,nan,11.810659999900963,0.08939307735993282,10.21133999893209,0.11172592690401592,nan,nan,orb,orb,orb,bf_ratio,0.8
hpatches,v_tabletop,viewpoint,v_tabletop_1_to_6,1,6,D:\桌面\IACV\Assigment1\data\hpatches\v_tabletop\1.ppm,D:\桌面\IACV\Assigment1\data\hpatches\v_tabletop\6.ppm,83,1997,1142,0.5718577866800201,3.0,1168.2470063557626,1997,81,6,75,1142,0.04056084126189284,0.07407407407407407,0.0030045067601402104,0.005253940455341506,0.5718577866800201,3.0,1.848299276962078,1.6440461713349888,True,37,0.4457831325301205,1.2225360258289109,18.980599999486003,0.15950025665529172,2048,2048,2048,65536,32,uint8,32,2048,2048,2048,65536,19.33059999719262,0.2085545205774758,10.354639997240156,0.1603117174657716,nan,nan,18.11174000176834,0.14878799082816482,10.482100000081118,0.20978684409536408,nan,nan,orb,orb,orb,bf_ratio,0.8
hpatches,v_talent,viewpoint,v_talent_1_to_2,1,2,D:\桌面\IACV\Assigment1\data\hpatches\v_talent\1.ppm,D:\桌面\IACV\Assigment1\data\hpatches\v_talent\2.ppm,328,2048,1093,0.53369140625,3.0,3.789818557222298,2048,328,261,67,1093,0.16015625,0.7957317073170732,0.12744140625,0.23879231473010065,0.53369140625,3.0,1.461151594597163,1.3768912058919347,True,263,0.801829268292683,0.8514671829754963,19.629300000087824,0.18794075619542572,2048,2048,2048,65536,32,uint8,32,2048,2048,2048,65536,20.245539999450557,0.241721861205106,18.879179999930784,0.20829922075286167,nan,nan,14.398039999650791,0.12847961146513945,10.430479999922682,0.09368260079816,nan,nan,orb,orb,orb,bf_ratio,0.8
hpatches,v_talent,viewpoint,v_talent_1_to_3,1,3,D:\桌面\IACV\Assigment1\data\hpatches\v_talent\1.ppm,D:\桌面\IACV\Assigment1\data\hpatches\v_talent\3.ppm,257,2048,1041,0.50830078125,3.0,3.5399642931799353,2048,257,183,74,1041,0.12548828125,0.7120622568093385,0.08935546875,0.17579250720461095,0.50830078125,3.0,1.4138720953178963,1.376997037727951,True,192,0.7470817120622568,1.0186399998346902,19.00974000018323,0.17053246689854454,2048,2048,2048,65536,32,uint8,32,2048,2048,2048,65536,20.245539999450557,0.241721861205106,18.879179999930784,0.20829922075286167,nan,nan,13.433920001261868,1.944608962445112,10.455559998808894,0.24577391657909695,nan,nan,orb,orb,orb,bf_ratio,0.8
hpatches,v_talent,viewpoint,v_talent_1_to_4,1,4,D:\桌面\IACV\Assigment1\data\hpatches\v_talent\1.ppm,D:\桌面\IACV\Assigment1\data\hpatches\v_talent\4.ppm,220,2048,867,0.42333984375,3.0,12.896193741398678,2048,220,147,73,867,0.107421875,0.6681818181818182,0.07177734375,0.1695501730103806,0.42333984375,3.0,1.3647136704378486,1.3266685042133866,True,152,0.6909090909090909,0.944174807345381,19.099139999889303,0.24240200975076528,2048,2048,2048,65536,32,uint8,32,2048,2048,2048,65536,20.245539999450557,0.241721861205106,18.879179999930784,0.20829922075286167,nan,nan,16.192080000473652,0.34675798664927043,10.756560000299942,0.25956031682554576,nan,nan,orb,orb,orb,bf_ratio,0.8
hpatches,v_talent,viewpoint,v_talent_1_to_5,1,5,D:\桌面\IACV\Assigment1\data\hpatches\v_talent\1.ppm,D:\桌面\IACV\Assigment1\data\hpatches\v_talent\5.ppm,91,2048,569,0.27783203125,3.0,59.19693649271614,2048,91,34,57,569,0.04443359375,0.37362637362637363,0.0166015625,0.05975395430579965,0.27783203125,3.0,1.4157398462728912,1.390708417686358,True,38,0.4175824175824176,1.2892047992813236,18.983019998995587,0.15002227079298802,2048,2048,2048,65536,32,uint8,32,2048,2048,2048,65536,20.245539999450557,0.241721861205106,18.879179999930784,0.20829922075286167,nan,nan,10.502260000794195,0.21083559378771358,6.11304000049131,0.2928804994762343,nan,nan,orb,orb,orb,bf_ratio,0.8
hpatches,v_talent,viewpoint,v_talent_1_to_6,1,6,D:\桌面\IACV\Assigment1\data\hpatches\v_talent\1.ppm,D:\桌面\IACV\Assigment1\data\hpatches\v_talent\6.ppm,151,2048,873,0.42626953125,3.0,3.8776189634242106,2048,151,86,65,873,0.07373046875,0.5695364238410596,0.0419921875,0.09851088201603665,0.42626953125,3.0,1.2096283495123066,1.1966871359969482,True,87,0.5761589403973509,0.8323989289903542,18.929660000139847,0.24739590422015756,2048,2048,2048,65536,32,uint8,32,2048,2048,2048,65536,20.245539999450557,0.241721861205106,18.879179999930784,0.20829922075286167,nan,nan,15.272040001582354,0.15700561383086686,10.910599998896942,0.669162979476477,nan,nan,orb,orb,orb,bf_ratio,0.8
hpatches,v_tempera,viewpoint,v_tempera_1_to_2,1,2,D:\桌面\IACV\Assigment1\data\hpatches\v_tempera\1.ppm,D:\桌面\IACV\Assigment1\data\hpatches\v_tempera\2.ppm,685,2048,1425,0.69580078125,3.0,1.6602358792574714,2048,685,646,39,1425,0.33447265625,0.9430656934306569,0.3154296875,0.4533333333333333,0.69580078125,3.0,0.9387791849778937,0.8091755646618668,True,646,0.9430656934306569,0.9976383572349944,19.43714000226464,0.09382664038004294,2048,2048,2048,65536,32,uint8,32,2048,2048,2048,65536,8.908199999132194,0.15530154852448622,10.279119999904651,0.13120913628828676,nan,nan,8.032360000652261,0.04056405338942449,10.384179999527987,0.10941108530002559,nan,nan,orb,orb,orb,bf_ratio,0.8
hpatches,v_tempera,viewpoint,v_tempera_1_to_3,1,3,D:\桌面\IACV\Assigment1\data\hpatches\v_tempera\1.ppm,D:\桌面\IACV\Assigment1\data\hpatches\v_tempera\3.ppm,515,2046,1583,0.7737047898338221,3.0,2.1193406295813637,2046,515,457,58,1583,0.2517106549364614,0.887378640776699,0.2233626588465298,0.2886923562855338,0.7737047898338221,3.0,1.0443184446229858,0.9121501256190777,True,462,0.8970873786407767,1.0407193600040319,19.85026000038488,1.7084753773973045,2048,2048,2048,65536,32,uint8,32,2048,2048,2048,65536,8.908199999132194,0.15530154852448622,10.279119999904651,0.13120913628828676,nan,nan,8.312860001751687,0.474580269517886,10.439579999365378,0.14475335688210433,nan,nan,orb,orb,orb,bf_ratio,0.8
hpatches,v_tempera,viewpoint,v_tempera_1_to_4,1,4,D:\桌面\IACV\Assigment1\data\hpatches\v_tempera\1.ppm,D:\桌面\IACV\Assigment1\data\hpatches\v_tempera\4.ppm,346,2048,1125,0.54931640625,3.0,0.7781143827167787,2048,346,301,45,1125,0.1689453125,0.869942196531792,0.14697265625,0.26755555555555555,0.54931640625,3.0,1.0979627721725809,0.8962783044575449,True,302,0.8728323699421965,1.1203491067406186,19.278599999961443,0.3044383234285928,2048,2048,2048,65536,32,uint8,32,2048,2048,2048,65536,8.908199999132194,0.15530154852448622,10.279119999904651,0.13120913628828676,nan,nan,8.470539998961613,0.1430611426835251,10.245360000408255,0.13599734519502168,nan,nan,orb,orb,orb,bf_ratio,0.8
hpatches,v_tempera,viewpoint,v_tempera_1_to_5,1,5,D:\桌面\IACV\Assigment1\data\hpatches\v_tempera\1.ppm,D:\桌面\IACV\Assigment1\data\hpatches\v_tempera\5.ppm,113,2042,923,0.4520078354554358,3.0,5.507916732116061,2042,112,70,42,923,0.05484818805093046,0.625,0.034280117531831536,0.07583965330444203,0.4520078354554358,3.0,1.2712890683594484,1.0481451726224305,True,70,0.6194690265486725,1.4760825939869164,19.69130000070436,0.2564298823593533,2048,2048,2048,65536,32,uint8,32,2048,2048,2048,65536,8.908199999132194,0.15530154852448622,10.279119999904651,0.13120913628828676,nan,nan,6.105579998984467,0.09892662663702662,6.1753999994834885,0.2943931176857748,nan,nan,orb,orb,orb,bf_ratio,0.8
hpatches,v_tempera,viewpoint,v_tempera_1_to_6,1,6,D:\桌面\IACV\Assigment1\data\hpatches\v_tempera\1.ppm,D:\桌面\IACV\Assigment1\data\hpatches\v_tempera\6.ppm,69,1965,1191,0.6061068702290077,3.0,12.341858795314037,1965,67,13,54,1191,0.03409669211195929,0.19402985074626866,0.0066157760814249365,0.0109151973131822,0.6061068702290077,3.0,1.3239202257078588,1.0827065443446497,True,14,0.2028985507246377,1.1965284496141126,19.04186000028858,0.21066280778739385,2048,2048,2048,65536,32,uint8,32,1981,1981,1981,63392,8.908199999132194,0.15530154852448622,10.279119999904651,0.13120913628828676,nan,nan,7.327179999265354,0.12668347052884782,10.417239999515004,0.23487318134623794,nan,nan,orb,orb,orb,bf_ratio,0.8
hpatches,v_there,viewpoint,v_there_1_to_2,1,2,D:\桌面\IACV\Assigment1\data\hpatches\v_there\1.ppm,D:\桌面\IACV\Assigment1\data\hpatches\v_there\2.ppm,244,1237,660,0.5335489086499596,3.0,0.689198941166693,1237,244,217,27,660,0.19725141471301536,0.889344262295082,0.17542441390460792,0.3287878787878788,0.5335489086499596,3.0,1.0778118324362085,1.0109003295932923,True,215,0.8811475409836066,1.023751410635603,7.8111000009812415,0.4590553009401496,1238,1238,1238,39616,32,uint8,32,1262,1262,1262,40384,8.653460002096836,0.21848339570511421,6.965939998917747,0.1486544955917286,nan,nan,8.764879999216646,0.23654166206363786,13.680419998127036,0.07468928699418056,nan,nan,orb,orb,orb,bf_ratio,0.8
hpatches,v_there,viewpoint,v_there_1_to_3,1,3,D:\桌面\IACV\Assigment1\data\hpatches\v_there\1.ppm,D:\桌面\IACV\Assigment1\data\hpatches\v_there\3.ppm,18,1238,173,0.13974151857835218,3.0,36.183611927116374,1238,18,8,10,173,0.014539579967689823,0.4444444444444444,0.006462035541195477,0.046242774566473986,0.13974151857835218,3.0,1.081607862456267,0.9250596040608685,True,9,0.5,0.9773149026582395,11.486020000302233,0.15809729120991864,1238,1238,1238,39616,32,uint8,32,2048,2048,2048,65536,8.653460002096836,0.21848339570511421,6.965939998917747,0.1486544955917286,nan,nan,10.309900001448113,1.9861502358289662,8.036039998114575,0.13509881833883136,nan,nan,orb,orb,orb,bf_ratio,0.8
hpatches,v_there,viewpoint,v_there_1_to_4,1,4,D:\桌面\IACV\Assigment1\data\hpatches\v_there\1.ppm,D:\桌面\IACV\Assigment1\data\hpatches\v_there\4.ppm,14,1238,113,0.0912762520193861,3.0,2064.586040308901,1238,14,0,14,113,0.011308562197092083,0.0,0.0,0.0,0.0912762520193861,3.0,nan,nan,True,4,0.2857142857142857,2.809869533101811e-13,12.128479999955744,0.7419037203675051,1238,1238,1238,39616,32,uint8,32,2048,2048,2048,65536,8.653460002096836,0.21848339570511421,6.965939998917747,0.1486544955917286,nan,nan,12.944219999189954,0.19856299043210293,10.990559999481775,3.1875468135860765,nan,nan,orb,orb,orb,bf_ratio,0.8
hpatches,v_there,viewpoint,v_there_1_to_5,1,5,D:\桌面\IACV\Assigment1\data\hpatches\v_there\1.ppm,D:\桌面\IACV\Assigment1\data\hpatches\v_there\5.ppm,26,1238,72,0.05815831987075929,3.0,533.2444576082102,1238,26,0,26,72,0.0210016155088853,0.0,0.0,0.0,0.05815831987075929,3.0,nan,nan,True,6,0.23076923076923078,0.11989314508949872,11.654220001946669,0.2083454308912003,1238,1238,1238,39616,32,uint8,32,2048,2048,2048,65536,8.653460002096836,0.21848339570511421,6.965939998917747,0.1486544955917286,nan,nan,12.715519999619573,0.09031911126768143,14.464400001452304,0.17892477704177162,nan,nan,orb,orb,orb,bf_ratio,0.8
hpatches,v_there,viewpoint,v_there_1_to_6,1,6,D:\桌面\IACV\Assigment1\data\hpatches\v_there\1.ppm,D:\桌面\IACV\Assigment1\data\hpatches\v_there\6.ppm,10,1238,48,0.03877221324717286,3.0,650.5655710078105,1238,10,0,10,48,0.008077544426494346,0.0,0.0,0.0,0.03877221324717286,3.0,nan,nan,True,4,0.4,1.6327807239490012e-12,11.82323999964865,0.4222138669395789,1238,1238,1238,39616,32,uint8,32,2048,2048,2048,65536,8.653460002096836,0.21848339570511421,6.965939998917747,0.1486544955917286,nan,nan,12.753880000673234,0.18107107565599687,14.14692000253126,0.1900016571717052,nan,nan,orb,orb,orb,bf_ratio,0.8
hpatches,v_underground,viewpoint,v_underground_1_to_2,1,2,D:\桌面\IACV\Assigment1\data\hpatches\v_underground\1.ppm,D:\桌面\IACV\Assigment1\data\hpatches\v_underground\2.ppm,721,2046,1659,0.8108504398826979,3.0,1.2878317087142968,2046,721,645,76,1659,0.35239491691104596,0.8945908460471568,0.3152492668621701,0.3887884267631103,0.8108504398826979,3.0,0.9920971371887721,0.8116905832943602,True,645,0.8945908460471568,0.9805566924945015,19.397840001329314,0.5933350823644511,2048,2048,2048,65536,32,uint8,32,2048,2048,2048,65536,18.30251999926986,0.15326488794865856,14.303980002296157,0.24097983592294606,nan,nan,17.771439999341965,0.1596975438901935,14.337920001707971,0.23999951103447884,nan,nan,orb,orb,orb,bf_ratio,0.8
hpatches,v_underground,viewpoint,v_underground_1_to_3,1,3,D:\桌面\IACV\Assigment1\data\hpatches\v_underground\1.ppm,D:\桌面\IACV\Assigment1\data\hpatches\v_underground\3.ppm,232,1983,1413,0.7125567322239031,3.0,8.354499734328682,1983,230,165,65,1413,0.11598587997982854,0.717391304347826,0.0832072617246596,0.11677282377919321,0.7125567322239031,3.0,1.2097203635108367,1.1081802941526784,True,160,0.6896551724137931,1.0899772357066482,19.482140001491643,0.38020941801204766,2048,2048,2048,65536,32,uint8,32,2048,2048,2048,65536,18.30251999926986,0.15326488794865856,14.303980002296157,0.24097983592294606,nan,nan,16.843440002412535,0.2641686193440306,7.529760000761598,0.21168083907886454,nan,nan,orb,orb,orb,bf_ratio,0.8
hpatches,v_underground,viewpoint,v_underground_1_to_4,1,4,D:\桌面\IACV\Assigment1\data\hpatches\v_underground\1.ppm,D:\桌面\IACV\Assigment1\data\hpatches\v_underground\4.ppm,135,1946,1257,0.6459403905447071,3.0,15.318744795491325,1946,128,43,85,1257,0.065775950668037,0.3359375,0.022096608427543678,0.03420843277645187,0.6459403905447071,3.0,1.2371321185347801,1.1544968527850805,True,43,0.31851851851851853,1.132634423166204,19.167580000066664,0.18554764665895523,2048,2048,2048,65536,32,uint8,32,2048,2048,2048,65536,18.30251999926986,0.15326488794865856,14.303980002296157,0.24097983592294606,nan,nan,15.28935999958776,0.35227316898165933,14.048680000996683,0.20565675889526805,nan,nan,orb,orb,orb,bf_ratio,0.8
hpatches,v_underground,viewpoint,v_underground_1_to_5,1,5,D:\桌面\IACV\Assigment1\data\hpatches\v_underground\1.ppm,D:\桌面\IACV\Assigment1\data\hpatches\v_underground\5.ppm,53,1354,832,0.6144756277695717,3.0,1206.5869827061092,1354,44,2,42,832,0.03249630723781388,0.045454545454545456,0.0014771048744460858,0.002403846153846154,0.6144756277695717,3.0,1.6066491273811263,1.6066491273811263,True,6,0.11320754716981132,0.4861381150626998,19.51322000095388,0.7201163511408888,2048,2048,2048,65536,32,uint8,32,2048,2048,2048,65536,18.30251999926986,0.15326488794865856,14.303980002296157,0.24097983592294606,nan,nan,13.860740000382066,0.15503499829175052,14.168580001569353,0.15500904895434117,nan,nan,orb,orb,orb,bf_ratio,0.8
hpatches,v_underground,viewpoint,v_underground_1_to_6,1,6,D:\桌面\IACV\Assigment1\data\hpatches\v_underground\1.ppm,D:\桌面\IACV\Assigment1\data\hpatches\v_underground\6.ppm,36,1365,724,0.5304029304029304,3.0,nan,1365,26,0,26,724,0.01904761904761905,0.0,0.0,0.0,0.5304029304029304,3.0,nan,nan,False,0,0.0,nan,19.33145999937551,0.2356058930933643,2048,2048,2048,65536,32,uint8,32,2048,2048,2048,65536,18.30251999926986,0.15326488794865856,14.303980002296157,0.24097983592294606,nan,nan,11.365939999814145,1.1378437317343482,14.272720001463313,0.16391013887870534,nan,nan,orb,orb,orb,bf_ratio,0.8
hpatches,v_vitro,viewpoint,v_vitro_1_to_2,1,2,D:\桌面\IACV\Assigment1\data\hpatches\v_vitro\1.ppm,D:\桌面\IACV\Assigment1\data\hpatches\v_vitro\2.ppm,488,2048,1440,0.703125,3.0,0.42578668579612733,2048,488,383,105,1440,0.23828125,0.7848360655737705,0.18701171875,0.2659722222222222,0.703125,3.0,0.9584337218548047,0.8435593094418016,True,384,0.7868852459016393,0.9339024932299512,19.050719997903798,0.9016302187215002,2048,2048,2048,65536,32,uint8,32,2048,2048,2048,65536,15.547840000363067,2.591901188338817,10.002239998721052,1.9407123911529371,nan,nan,18.79657999961637,0.33015834790092125,8.741960000770632,1.8527489702418651,nan,nan,orb,orb,orb,bf_ratio,0.8
hpatches,v_vitro,viewpoint,v_vitro_1_to_3,1,3,D:\桌面\IACV\Assigment1\data\hpatches\v_vitro\1.ppm,D:\桌面\IACV\Assigment1\data\hpatches\v_vitro\3.ppm,301,2044,1211,0.5924657534246576,3.0,1.3000724022007815,2044,301,197,104,1211,0.14726027397260275,0.654485049833887,0.09637964774951076,0.16267547481420314,0.5924657534246576,3.0,1.2389654482365957,1.1597953179931866,True,195,0.6478405315614618,1.0620880240048725,19.25549999868963,0.2540399026964961,2048,2048,2048,65536,32,uint8,32,2048,2048,2048,65536,15.547840000363067,2.591901188338817,10.002239998721052,1.9407123911529371,nan,nan,17.411380002158694,0.17536703703279993,10.15812000259757,0.2802361088024877,nan,nan,orb,orb,orb,bf_ratio,0.8
hpatches,v_vitro,viewpoint,v_vitro_1_to_4,1,4,D:\桌面\IACV\Assigment1\data\hpatches\v_vitro\1.ppm,D:\桌面\IACV\Assigment1\data\hpatches\v_vitro\4.ppm,145,2025,952,0.47012345679012346,3.0,2.4373529483618386,2025,145,52,93,952,0.07160493827160494,0.3586206896551724,0.02567901234567901,0.0546218487394958,0.47012345679012346,3.0,1.2869250534432897,1.2152732114391303,True,53,0.36551724137931035,1.0671672871619855,20.73567999905208,0.9300411320464355,2048,2048,2048,65536,32,uint8,32,2048,2048,2048,65536,15.547840000363067,2.591901188338817,10.002239998721052,1.9407123911529371,nan,nan,16.823480000311974,0.3694762410954832,11.206620001757983,0.30758508071524926,nan,nan,orb,orb,orb,bf_ratio,0.8
hpatches,v_vitro,viewpoint,v_vitro_1_to_5,1,5,D:\桌面\IACV\Assigment1\data\hpatches\v_vitro\1.ppm,D:\桌面\IACV\Assigment1\data\hpatches\v_vitro\5.ppm,436,1969,1373,0.6973082783138649,3.0,3.0077146447887477,1969,434,331,103,1373,0.22041645505332655,0.7626728110599078,0.1681056373793804,0.24107793153678078,0.6973082783138649,3.0,1.1796759102789367,0.9920280999073589,True,335,0.768348623853211,1.1470713377749513,20.455759999458678,0.19982098695510728,2048,2048,2048,65536,32,uint8,32,2048,2048,2048,65536,15.547840000363067,2.591901188338817,10.002239998721052,1.9407123911529371,nan,nan,20.51814000151353,0.3676695603986034,10.519499999645632,0.12534456547998424,nan,nan,orb,orb,orb,bf_ratio,0.8
hpatches,v_vitro,viewpoint,v_vitro_1_to_6,1,6,D:\桌面\IACV\Assigment1\data\hpatches\v_vitro\1.ppm,D:\桌面\IACV\Assigment1\data\hpatches\v_vitro\6.ppm,239,1972,1071,0.5431034482758621,3.0,4.413986539512449,1972,238,136,102,1071,0.1206896551724138,0.5714285714285714,0.06896551724137931,0.12698412698412698,0.5431034482758621,3.0,1.3459778653429038,1.2618971821032172,True,131,0.5481171548117155,1.3347569561886266,19.259079999756068,0.3608128184529159,2048,2048,2048,65536,32,uint8,32,2048,2048,2048,65536,15.547840000363067,2.591901188338817,10.002239998721052,1.9407123911529371,nan,nan,15.611679998983163,2.551131605679986,10.254820001136977,0.1022968495734945,nan,nan,orb,orb,orb,bf_ratio,0.8
hpatches,v_wall,viewpoint,v_wall_1_to_2,1,2,D:\桌面\IACV\Assigment1\data\hpatches\v_wall\1.ppm,D:\桌面\IACV\Assigment1\data\hpatches\v_wall\2.ppm,770,2048,1397,0.68212890625,3.0,3.3235255823073135,2048,770,726,44,1397,0.3759765625,0.9428571428571428,0.3544921875,0.5196850393700787,0.68212890625,3.0,1.2381019929639066,1.1396931828142802,True,722,0.9376623376623376,1.1876650331478502,19.815399999788497,0.23091732668054044,2048,2048,2048,65536,32,uint8,32,2047,2047,2047,65504,4.854339998564683,0.19478981250574512,4.499740000755992,0.1241264607821803,nan,nan,6.234519999998156,0.3129596411430605,7.846259998041205,0.12445302362887742,nan,nan,orb,orb,orb,bf_ratio,0.8
hpatches,v_wall,viewpoint,v_wall_1_to_3,1,3,D:\桌面\IACV\Assigment1\data\hpatches\v_wall\1.ppm,D:\桌面\IACV\Assigment1\data\hpatches\v_wall\3.ppm,495,2041,964,0.4723174914257717,3.0,11.940223672932012,2041,495,382,113,964,0.2425281724644782,0.7717171717171717,0.18716315531602157,0.3962655601659751,0.4723174914257717,3.0,1.455173869746597,1.3495923353045185,True,364,0.7353535353535353,1.4187747443714636,19.519500000751577,0.14072873089324567,2048,2048,2048,65536,32,uint8,32,2048,2048,2048,65536,4.854339998564683,0.19478981250574512,4.499740000755992,0.1241264607821803,nan,nan,6.495099999301601,0.15296106682238253,8.074979999219067,0.17859243356040913,nan,nan,orb,orb,orb,bf_ratio,0.8
hpatches,v_wall,viewpoint,v_wall_1_to_4,1,4,D:\桌面\IACV\Assigment1\data\hpatches\v_wall\1.ppm,D:\桌面\IACV\Assigment1\data\hpatches\v_wall\4.ppm,905,2048,1475,0.72021484375,3.0,2.064738526775298,2048,905,872,33,1475,0.44189453125,0.96353591160221,0.42578125,0.5911864406779661,0.72021484375,3.0,1.0598883835392874,0.9098773044350018,True,866,0.9569060773480663,1.0246629631956594,20.187999999325257,0.17631332650252807,2048,2048,2048,65536,32,uint8,32,2048,2048,2048,65536,4.854339998564683,0.19478981250574512,4.499740000755992,0.1241264607821803,nan,nan,7.129120000172406,0.3643581218196816,8.224380000319798,0.0992390111253969,nan,nan,orb,orb,orb,bf_ratio,0.8
hpatches,v_wall,viewpoint,v_wall_1_to_5,1,5,D:\桌面\IACV\Assigment1\data\hpatches\v_wall\1.ppm,D:\桌面\IACV\Assigment1\data\hpatches\v_wall\5.ppm,221,2033,1135,0.558288243974422,3.0,5.634081874175321,2033,221,184,37,1135,0.10870634530250861,0.832579185520362,0.09050664043285785,0.16211453744493393,0.558288243974422,3.0,1.3474461904546096,1.2921472976521797,True,188,0.8506787330316742,1.1760782244044206,19.210920001205523,0.3283522475710748,2048,2048,2048,65536,32,uint8,32,2048,2048,2048,65536,4.854339998564683,0.19478981250574512,4.499740000755992,0.1241264607821803,nan,nan,6.014659999345895,1.0832189460758068,8.469619999232236,0.16822390249705768,nan,nan,orb,orb,orb,bf_ratio,0.8
hpatches,v_wall,viewpoint,v_wall_1_to_6,1,6,D:\桌面\IACV\Assigment1\data\hpatches\v_wall\1.ppm,D:\桌面\IACV\Assigment1\data\hpatches\v_wall\6.ppm,347,2005,727,0.36259351620947633,3.0,10.419467538933759,2005,347,238,109,727,0.17306733167082294,0.6858789625360231,0.11870324189526185,0.32737276478679506,0.36259351620947633,3.0,1.3223671497527034,1.1698058892087724,True,243,0.7002881844380403,1.1588309178111662,19.322999997530133,0.17710232046489205,2048,2048,2048,65536,32,uint8,32,2048,2048,2048,65536,4.854339998564683,0.19478981250574512,4.499740000755992,0.1241264607821803,nan,nan,6.631759999436326,0.1441266897465101,8.058840002922807,0.174139906305985,nan,nan,orb,orb,orb,bf_ratio,0.8
hpatches,v_wapping,viewpoint,v_wapping_1_to_2,1,2,D:\桌面\IACV\Assigment1\data\hpatches\v_wapping\1.ppm,D:\桌面\IACV\Assigment1\data\hpatches\v_wapping\2.ppm,391,2008,1077,0.5363545816733067,3.0,1.7897215173876586,2008,387,332,55,1077,0.19272908366533864,0.8578811369509044,0.16533864541832669,0.308263695450325,0.5363545816733067,3.0,1.272785214304204,1.1669279600811966,True,329,0.8414322250639387,1.263181116674945,19.27464000036707,0.21149137651773797,2048,2048,2048,65536,32,uint8,32,2048,2048,2048,65536,33.02295999892522,0.23591173227962378,12.38920000178041,0.2509300467955622,nan,nan,25.572960000135936,0.24330934523171635,6.570299998566043,0.33193422261828226,nan,nan,orb,orb,orb,bf_ratio,0.8
hpatches,v_wapping,viewpoint,v_wapping_1_to_3,1,3,D:\桌面\IACV\Assigment1\data\hpatches\v_wapping\1.ppm,D:\桌面\IACV\Assigment1\data\hpatches\v_wapping\3.ppm,102,2048,466,0.2275390625,3.0,9.047278896168036,2048,102,65,37,466,0.0498046875,0.6372549019607843,0.03173828125,0.13948497854077252,0.2275390625,3.0,1.4336359899968893,1.358063082333786,True,66,0.6470588235294118,1.4365419318170778,19.00422000180697,0.3738986517061715,2048,2048,2048,65536,32,uint8,32,2048,2048,2048,65536,33.02295999892522,0.23591173227962378,12.38920000178041,0.2509300467955622,nan,nan,32.2396799994749,0.17654991747304868,12.297120000584982,0.10074368244633561,nan,nan,orb,orb,orb,bf_ratio,0.8
hpatches,v_wapping,viewpoint,v_wapping_1_to_4,1,4,D:\桌面\IACV\Assigment1\data\hpatches\v_wapping\1.ppm,D:\桌面\IACV\Assigment1\data\hpatches\v_wapping\4.ppm,93,1979,548,0.2769075290550783,3.0,11.838912511079686,1979,92,45,47,548,0.046488125315816066,0.4891304347826087,0.022738756947953513,0.08211678832116788,0.2769075290550783,3.0,1.3237145847241434,1.2872266779116153,True,47,0.5053763440860215,0.9243190299816276,19.123759999638423,0.252107487464798,2048,2048,2048,65536,32,uint8,32,2048,2048,2048,65536,33.02295999892522,0.23591173227962378,12.38920000178041,0.2509300467955622,nan,nan,26.430160002200864,0.1240515775784752,12.660080000932794,0.18606660524121804,nan,nan,orb,orb,orb,bf_ratio,0.8
hpatches,v_wapping,viewpoint,v_wapping_1_to_5,1,5,D:\桌面\IACV\Assigment1\data\hpatches\v_wapping\1.ppm,D:\桌面\IACV\Assigment1\data\hpatches\v_wapping\5.ppm,59,2048,354,0.1728515625,3.0,7.973994206065898,2048,59,29,30,354,0.02880859375,0.4915254237288136,0.01416015625,0.08192090395480225,0.1728515625,3.0,1.6076202238837403,1.7029950932216726,True,31,0.5254237288135594,1.345359677151149,19.63770000002114,0.3718289133508803,2048,2048,2048,65536,32,uint8,32,2048,2048,2048,65536,33.02295999892522,0.23591173227962378,12.38920000178041,0.2509300467955622,nan,nan,26.18580000125803,2.453177613259057,12.662480003200471,0.31703583446093087,nan,nan,orb,orb,orb,bf_ratio,0.8
hpatches,v_wapping,viewpoint,v_wapping_1_to_6,1,6,D:\桌面\IACV\Assigment1\data\hpatches\v_wapping\1.ppm,D:\桌面\IACV\Assigment1\data\hpatches\v_wapping\6.ppm,30,2048,310,0.1513671875,3.0,2150.4800192628427,2048,30,3,27,310,0.0146484375,0.1,0.00146484375,0.00967741935483871,0.1513671875,3.0,1.9104830726111253,1.7625797973582409,True,6,0.2,0.6483965866511143,19.090739999955986,0.31197917099661376,2048,2048,2048,65536,32,uint8,32,2048,2048,2048,65536,33.02295999892522,0.23591173227962378,12.38920000178041,0.2509300467955622,nan,nan,19.62193999934243,2.925016432828262,12.610039998253342,0.18859210412172028,nan,nan,orb,orb,orb,bf_ratio,0.8
hpatches,v_war,viewpoint,v_war_1_to_2,1,2,D:\桌面\IACV\Assigment1\data\hpatches\v_war\1.ppm,D:\桌面\IACV\Assigment1\data\hpatches\v_war\2.ppm,285,2003,1125,0.5616575137294059,3.0,4.1715347374877645,2003,283,188,95,1125,0.14128806789815276,0.6643109540636042,0.09385921118322517,0.1671111111111111,0.5616575137294059,3.0,1.719867628500736,1.744596750157739,True,206,0.7228070175438597,1.36574724125154,19.397340001887642,0.3458727998726617,2048,2048,2048,65536,32,uint8,32,2048,2048,2048,65536,14.440360000298824,0.37156340222175727,9.47355999960564,1.7402435300952719,nan,nan,12.669579999055713,0.16493120193823424,10.585260001244023,0.12098638988398895,nan,nan,orb,orb,orb,bf_ratio,0.8
hpatches,v_war,viewpoint,v_war_1_to_3,1,3,D:\桌面\IACV\Assigment1\data\hpatches\v_war\1.ppm,D:\桌面\IACV\Assigment1\data\hpatches\v_war\3.ppm,105,1989,920,0.4625439919557567,3.0,8.055948820486348,1989,103,47,56,920,0.05178481649069885,0.4563106796116505,0.023629964806435394,0.051086956521739134,0.4625439919557567,3.0,1.69172162472218,1.7632284607513042,True,55,0.5238095238095238,1.5419242406657057,18.815580001682974,0.07999523702147567,2048,2048,2048,65536,32,uint8,32,2048,2048,2048,65536,14.440360000298824,0.37156340222175727,9.47355999960564,1.7402435300952719,nan,nan,10.884480000822805,1.2426672811449246,10.627880001266021,0.31872047783694346,nan,nan,orb,orb,orb,bf_ratio,0.8
hpatches,v_war,viewpoint,v_war_1_to_4,1,4,D:\桌面\IACV\Assigment1\data\hpatches\v_war\1.ppm,D:\桌面\IACV\Assigment1\data\hpatches\v_war\4.ppm,864,2048,1541,0.75244140625,3.0,2.172344542611369,2048,864,815,49,1541,0.421875,0.9432870370370371,0.39794921875,0.5288773523685918,0.75244140625,3.0,1.2725280648518627,1.1969999752694378,True,773,0.8946759259259259,1.2559726542785261,19.43407999788178,0.14357164622984012,2048,2048,2048,65536,32,uint8,32,2048,2048,2048,65536,14.440360000298824,0.37156340222175727,9.47355999960564,1.7402435300952719,nan,nan,12.245520000578836,0.24633987468550061,10.311820001516026,0.4570227104013657,nan,nan,orb,orb,orb,bf_ratio,0.8
hpatches,v_war,viewpoint,v_war_1_to_5,1,5,D:\桌面\IACV\Assigment1\data\hpatches\v_war\1.ppm,D:\桌面\IACV\Assigment1\data\hpatches\v_war\5.ppm,471,2048,1373,0.67041015625,3.0,3.720247324415336,2048,471,388,83,1373,0.22998046875,0.8237791932059448,0.189453125,0.2825928623452294,0.67041015625,3.0,1.5221629111278316,1.4508866411173167,True,407,0.8641188959660298,1.36134594751583,19.082439999328926,0.15516941067576007,2048,2048,2048,65536,32,uint8,32,2048,2048,2048,65536,14.440360000298824,0.37156340222175727,9.47355999960564,1.7402435300952719,nan,nan,12.062239997612778,0.1008622720111975,9.952959998918232,0.12035397299903441,nan,nan,orb,orb,orb,bf_ratio,0.8
hpatches,v_war,viewpoint,v_war_1_to_6,1,6,D:\桌面\IACV\Assigment1\data\hpatches\v_war\1.ppm,D:\桌面\IACV\Assigment1\data\hpatches\v_war\6.ppm,57,1996,903,0.45240480961923846,3.0,17.061992895043204,1996,54,13,41,903,0.027054108216432865,0.24074074074074073,0.006513026052104208,0.014396456256921373,0.45240480961923846,3.0,1.9611226628595095,2.2050419148712184,True,18,0.3157894736842105,1.252062690296888,18.89728000096511,0.0913126155578158,2048,2048,2048,65536,32,uint8,32,2048,2048,2048,65536,14.440360000298824,0.37156340222175727,9.47355999960564,1.7402435300952719,nan,nan,10.834439998143353,0.1978627485932781,9.92924000020139,0.19555116498314706,nan,nan,orb,orb,orb,bf_ratio,0.8
hpatches,v_weapons,viewpoint,v_weapons_1_to_2,1,2,D:\桌面\IACV\Assigment1\data\hpatches\v_weapons\1.ppm,D:\桌面\IACV\Assigment1\data\hpatches\v_weapons\2.ppm,668,1741,1096,0.6295232624928202,3.0,1.369640043256294,1741,633,569,64,1096,0.36358414704192993,0.8988941548183255,0.32682366456059736,0.5191605839416058,0.6295232624928202,3.0,1.0412303596685948,0.9629516894368093,True,570,0.8532934131736527,0.9932289853421518,19.71179999964079,0.541748958103305,2048,2048,2048,65536,32,uint8,32,2048,2048,2048,65536,12.374519999139011,0.26630123030334674,12.232339997717645,0.12579619488581367,nan,nan,14.929219998884946,0.9207302929511098,12.678120001510251,0.5302955919585773,nan,nan,orb,orb,orb,bf_ratio,0.8
hpatches,v_weapons,viewpoint,v_weapons_1_to_3,1,3,D:\桌面\IACV\Assigment1\data\hpatches\v_weapons\1.ppm,D:\桌面\IACV\Assigment1\data\hpatches\v_weapons\3.ppm,198,1378,874,0.6342525399129173,3.0,3.219961662250341,1378,182,155,27,874,0.1320754716981132,0.8516483516483516,0.11248185776487664,0.17734553775743708,0.6342525399129173,3.0,1.0720136732401209,0.8947290420467985,True,153,0.7727272727272727,1.0319913832123375,19.952559999364894,0.19448152367279017,2048,2048,2048,65536,32,uint8,32,2048,2048,2048,65536,12.374519999139011,0.26630123030334674,12.232339997717645,0.12579619488581367,nan,nan,14.185200000065379,0.3969688302164897,12.99453999963589,0.27779162352569636,nan,nan,orb,orb,orb,bf_ratio,0.8
hpatches,v_weapons,viewpoint,v_weapons_1_to_4,1,4,D:\桌面\IACV\Assigment1\data\hpatches\v_weapons\1.ppm,D:\桌面\IACV\Assigment1\data\hpatches\v_weapons\4.ppm,418,842,648,0.7695961995249406,3.0,2.503987422051617,842,405,374,31,648,0.4809976247030879,0.9234567901234568,0.44418052256532065,0.5771604938271605,0.7695961995249406,3.0,1.3658145481622799,1.2724214607543392,True,375,0.8971291866028708,1.252185176200684,20.212400001764763,0.3211781326479867,2048,2048,2048,65536,32,uint8,32,2048,2048,2048,65536,12.374519999139011,0.26630123030334674,12.232339997717645,0.12579619488581367,nan,nan,14.525920001324266,0.2996173989784272,13.069740000355523,0.4577285056832067,nan,nan,orb,orb,orb,bf_ratio,0.8
hpatches,v_weapons,viewpoint,v_weapons_1_to_5,1,5,D:\桌面\IACV\Assigment1\data\hpatches\v_weapons\1.ppm,D:\桌面\IACV\Assigment1\data\hpatches\v_weapons\5.ppm,367,2048,1382,0.6748046875,3.0,5.362394677651604,2048,367,286,81,1382,0.17919921875,0.779291553133515,0.1396484375,0.20694645441389292,0.6748046875,3.0,1.143980845102563,0.9889348228543422,True,277,0.7547683923705722,1.1269918122896836,19.520679996639956,0.27655802559567255,2048,2048,2048,65536,32,uint8,32,2048,2048,2048,65536,12.374519999139011,0.26630123030334674,12.232339997717645,0.12579619488581367,nan,nan,12.343219999456778,0.2141036558245082,12.424220000684727,0.15048120735731252,nan,nan,orb,orb,orb,bf_ratio,0.8
hpatches,v_weapons,viewpoint,v_weapons_1_to_6,1,6,D:\桌面\IACV\Assigment1\data\hpatches\v_weapons\1.ppm,D:\桌面\IACV\Assigment1\data\hpatches\v_weapons\6.ppm,179,2048,1236,0.603515625,3.0,10.909158803628552,2048,179,131,48,1236,0.08740234375,0.7318435754189944,0.06396484375,0.10598705501618123,0.603515625,3.0,1.2406759903417812,1.0667608672572266,True,133,0.7430167597765364,1.2880337012216605,19.12744000001112,0.07746631866125296,2048,2048,2048,65536,32,uint8,32,2048,2048,2048,65536,12.374519999139011,0.26630123030334674,12.232339997717645,0.12579619488581367,nan,nan,11.884539999300614,0.16540414077408155,12.518880001152866,0.10919423770125249,nan,nan,orb,orb,orb,bf_ratio,0.8
hpatches,v_woman,viewpoint,v_woman_1_to_2,1,2,D:\桌面\IACV\Assigment1\data\hpatches\v_woman\1.ppm,D:\桌面\IACV\Assigment1\data\hpatches\v_woman\2.ppm,218,2048,486,0.2373046875,3.0,0.9738230567210729,2048,218,185,33,486,0.1064453125,0.8486238532110092,0.09033203125,0.38065843621399176,0.2373046875,3.0,0.9648503801111052,0.9066302927620828,True,186,0.8532110091743119,0.9576563727019954,19.005380001908634,0.5822821522028006,2048,2048,2048,65536,32,uint8,32,2048,2048,2048,65536,8.895839999604505,0.05380106355494031,9.369519999017939,0.25629802716019395,nan,nan,13.600160002533812,0.13316492884987124,10.596399998757988,0.10581445840840133,nan,nan,orb,orb,orb,bf_ratio,0.8
hpatches,v_woman,viewpoint,v_woman_1_to_3,1,3,D:\桌面\IACV\Assigment1\data\hpatches\v_woman\1.ppm,D:\桌面\IACV\Assigment1\data\hpatches\v_woman\3.ppm,329,1333,738,0.5536384096024006,3.0,4.269153706689376,1333,324,274,50,738,0.24306076519129782,0.845679012345679,0.20555138784696175,0.3712737127371274,0.5536384096024006,3.0,1.2957477408355615,1.2252969498077206,True,276,0.8389057750759878,1.200762998678635,19.349620000866707,0.8490119343483532,2048,2048,2048,65536,32,uint8,32,2048,2048,2048,65536,8.895839999604505,0.05380106355494031,9.369519999017939,0.25629802716019395,nan,nan,10.966079999343492,0.3965628484635775,10.08952000120189,0.5692257231879675,nan,nan,orb,orb,orb,bf_ratio,0.8
hpatches,v_woman,viewpoint,v_woman_1_to_4,1,4,D:\桌面\IACV\Assigment1\data\hpatches\v_woman\1.ppm,D:\桌面\IACV\Assigment1\data\hpatches\v_woman\4.ppm,182,1324,455,0.34365558912386707,3.0,10.700338368080395,1324,177,134,43,455,0.1336858006042296,0.7570621468926554,0.10120845921450151,0.2945054945054945,0.34365558912386707,3.0,1.4537429874790864,1.4568820715433002,True,139,0.7637362637362637,1.3360893966953677,19.025699999474455,0.1656519234885185,2048,2048,2048,65536,32,uint8,32,2048,2048,2048,65536,8.895839999604505,0.05380106355494031,9.369519999017939,0.25629802716019395,nan,nan,12.716140001430176,0.0917151579474716,10.499479999998584,0.22235104927212584,nan,nan,orb,orb,orb,bf_ratio,0.8
hpatches,v_woman,viewpoint,v_woman_1_to_5,1,5,D:\桌面\IACV\Assigment1\data\hpatches\v_woman\1.ppm,D:\桌面\IACV\Assigment1\data\hpatches\v_woman\5.ppm,151,1731,376,0.21721548238012708,3.0,6.667464740629345,1731,149,117,32,376,0.08607741190063548,0.785234899328859,0.06759098786828423,0.31117021276595747,0.21721548238012708,3.0,1.1170906117002692,1.0541736617566817,True,118,0.7814569536423841,1.0011928300330704,18.85623999987729,0.5204820916681201,2048,2048,2048,65536,32,uint8,32,2048,2048,2048,65536,8.895839999604505,0.05380106355494031,9.369519999017939,0.25629802716019395,nan,nan,14.441639999859035,0.16113356697709239,10.731820001092274,0.33623706232870276,nan,nan,orb,orb,orb,bf_ratio,0.8
hpatches,v_woman,viewpoint,v_woman_1_to_6,1,6,D:\桌面\IACV\Assigment1\data\hpatches\v_woman\1.ppm,D:\桌面\IACV\Assigment1\data\hpatches\v_woman\6.ppm,58,2042,326,0.15964740450538686,3.0,16.00160374426291,2042,58,27,31,326,0.02840352595494613,0.46551724137931033,0.013222331047992164,0.08282208588957055,0.15964740450538686,3.0,1.5206713780189844,1.46339737182699,True,31,0.5344827586206896,1.364775380510286,19.019100001605693,0.29892977129313647,2048,2048,2048,65536,32,uint8,32,2048,2048,2048,65536,8.895839999604505,0.05380106355494031,9.369519999017939,0.25629802716019395,nan,nan,10.352519997104537,0.22481200450988909,10.793739998189267,1.03177739083645,nan,nan,orb,orb,orb,bf_ratio,0.8
hpatches,v_wormhole,viewpoint,v_wormhole_1_to_2,1,2,D:\桌面\IACV\Assigment1\data\hpatches\v_wormhole\1.ppm,D:\桌面\IACV\Assigment1\data\hpatches\v_wormhole\2.ppm,458,2047,1093,0.5339521250610649,3.0,3.2711708769027195,2047,458,407,51,1093,0.2237420615534929,0.888646288209607,0.1988275525158769,0.37236962488563585,0.5339521250610649,3.0,1.3862305079321904,1.2779809310145385,True,424,0.925764192139738,1.2829913209828439,19.388839999737684,0.3689317892953392,2048,2048,2048,65536,32,uint8,32,2048,2048,2048,65536,10.745259998657275,0.0509542757309042,8.073620000504889,0.19024748479828404,nan,nan,11.30128000077093,0.07837681976169567,8.036660001380369,0.21989933833082576,nan,nan,orb,orb,orb,bf_ratio,0.8
hpatches,v_wormhole,viewpoint,v_wormhole_1_to_3,1,3,D:\桌面\IACV\Assigment1\data\hpatches\v_wormhole\1.ppm,D:\桌面\IACV\Assigment1\data\hpatches\v_wormhole\3.ppm,533,1883,1121,0.5953266064790228,3.0,3.440135025233938,1883,532,443,89,1121,0.2825278810408922,0.8327067669172933,0.23526287838555496,0.3951828724353256,0.5953266064790228,3.0,1.5670838827521032,1.5182490590725002,True,446,0.8367729831144465,1.2778201247837553,20.25225999968825,0.05320261417299342,2048,2048,2048,65536,32,uint8,32,2048,2048,2048,65536,10.745259998657275,0.0509542757309042,8.073620000504889,0.19024748479828404,nan,nan,10.435059999872465,0.2079215665765991,8.371800000895746,0.22555206801866856,nan,nan,orb,orb,orb,bf_ratio,0.8
hpatches,v_wormhole,viewpoint,v_wormhole_1_to_4,1,4,D:\桌面\IACV\Assigment1\data\hpatches\v_wormhole\1.ppm,D:\桌面\IACV\Assigment1\data\hpatches\v_wormhole\4.ppm,775,2046,1413,0.6906158357771262,3.0,4.929799248562512,2046,775,712,63,1413,0.3787878787878788,0.9187096774193548,0.3479960899315738,0.5038924274593064,0.6906158357771262,3.0,1.404474340809609,1.3218859375481733,True,688,0.8877419354838709,1.2897477146694956,19.967439997708425,0.34433942956361524,2048,2048,2048,65536,32,uint8,32,2048,2048,2048,65536,10.745259998657275,0.0509542757309042,8.073620000504889,0.19024748479828404,nan,nan,11.40601999941282,0.18302508309067314,7.9616999995778315,0.10854923284254298,nan,nan,orb,orb,orb,bf_ratio,0.8
hpatches,v_wormhole,viewpoint,v_wormhole_1_to_5,1,5,D:\桌面\IACV\Assigment1\data\hpatches\v_wormhole\1.ppm,D:\桌面\IACV\Assigment1\data\hpatches\v_wormhole\5.ppm,232,1783,1070,0.6001121704991588,3.0,13.265491438520398,1783,229,158,71,1070,0.12843522153673584,0.6899563318777293,0.0886146943353898,0.14766355140186915,0.6001121704991588,3.0,1.5552752820538407,1.5431658790601641,True,179,0.771551724137931,1.525356121592897,19.98940000194125,0.3317826760213569,2048,2048,2048,65536,32,uint8,32,2048,2048,2048,65536,10.745259998657275,0.0509542757309042,8.073620000504889,0.19024748479828404,nan,nan,10.518680002132896,0.2106029388814676,7.91857999865897,0.11508260490554725,nan,nan,orb,orb,orb,bf_ratio,0.8
hpatches,v_wormhole,viewpoint,v_wormhole_1_to_6,1,6,D:\桌面\IACV\Assigment1\data\hpatches\v_wormhole\1.ppm,D:\桌面\IACV\Assigment1\data\hpatches\v_wormhole\6.ppm,50,1690,705,0.4171597633136095,3.0,41.28044124072293,1690,39,16,23,705,0.023076923076923078,0.41025641025641024,0.009467455621301775,0.02269503546099291,0.4171597633136095,3.0,1.8335605632265053,1.776545881697288,True,18,0.36,1.464665006397758,19.75770000135526,0.32284655900409537,2048,2048,2048,65536,32,uint8,32,2048,2048,2048,65536,10.745259998657275,0.0509542757309042,8.073620000504889,0.19024748479828404,nan,nan,9.427640003559645,0.14415592216117756,8.151879999786615,0.0557536141783636,nan,nan,orb,orb,orb,bf_ratio,0.8
hpatches,v_wounded,viewpoint,v_wounded_1_to_2,1,2,D:\桌面\IACV\Assigment1\data\hpatches\v_wounded\1.ppm,D:\桌面\IACV\Assigment1\data\hpatches\v_wounded\2.ppm,158,2048,249,0.12158203125,3.0,32.640209573657756,2048,158,106,52,249,0.0771484375,0.6708860759493671,0.0517578125,0.42570281124497994,0.12158203125,3.0,1.5635746040002698,1.463170355256826,True,97,0.6139240506329114,1.4878178571030884,19.181500001286622,0.1601409746597281,2048,2048,2048,65536,32,uint8,32,2048,2048,2048,65536,11.94934000086505,0.27593404037797287,12.229760002810508,0.23254186261453133,nan,nan,12.929420000000391,0.17263915519973738,10.750019998522475,2.275699866630124,nan,nan,orb,orb,orb,bf_ratio,0.8
hpatches,v_wounded,viewpoint,v_wounded_1_to_3,1,3,D:\桌面\IACV\Assigment1\data\hpatches\v_wounded\1.ppm,D:\桌面\IACV\Assigment1\data\hpatches\v_wounded\3.ppm,141,554,357,0.644404332129964,3.0,41.080294909861536,554,82,47,35,357,0.148014440433213,0.573170731707317,0.08483754512635379,0.13165266106442577,0.644404332129964,3.0,1.5977886416457932,1.7286852412579619,True,38,0.2695035460992908,1.3588541410188462,19.25351999962004,0.5368682088583687,2048,2048,2048,65536,32,uint8,32,2048,2048,2048,65536,11.94934000086505,0.27593404037797287,12.229760002810508,0.23254186261453133,nan,nan,10.560179999447428,0.14688511462856071,12.260080002306495,0.08472065625330574,nan,nan,orb,orb,orb,bf_ratio,0.8
hpatches,v_wounded,viewpoint,v_wounded_1_to_4,1,4,D:\桌面\IACV\Assigment1\data\hpatches\v_wounded\1.ppm,D:\桌面\IACV\Assigment1\data\hpatches\v_wounded\4.ppm,27,312,192,0.6153846153846154,3.0,nan,312,4,0,4,192,0.01282051282051282,0.0,0.0,0.0,0.6153846153846154,3.0,nan,nan,False,0,0.0,nan,16.98277999967104,0.18881310780050245,2048,2048,2048,65536,32,uint8,32,1831,1831,1831,58592,11.94934000086505,0.27593404037797287,12.229760002810508,0.23254186261453133,nan,nan,7.1673400001600385,0.14742467515686605,10.062960001232568,2.730062228586619,nan,nan,orb,orb,orb,bf_ratio,0.8
hpatches,v_wounded,viewpoint,v_wounded_1_to_5,1,5,D:\桌面\IACV\Assigment1\data\hpatches\v_wounded\1.ppm,D:\桌面\IACV\Assigment1\data\hpatches\v_wounded\5.ppm,139,943,430,0.4559915164369035,3.0,8.505256462532751,943,74,20,54,430,0.0784729586426299,0.2702702702702703,0.021208907741251327,0.046511627906976744,0.4559915164369035,3.0,1.4890391475163889,1.3924768047953862,True,22,0.15827338129496402,1.458999660613892,19.168079999508336,0.29593989509519547,2048,2048,2048,65536,32,uint8,32,2048,2048,2048,65536,11.94934000086505,0.27593404037797287,12.229760002810508,0.23254186261453133,nan,nan,9.242680000897963,0.47888700772301435,12.368420000711922,0.12452202167613806,nan,nan,orb,orb,orb,bf_ratio,0.8
hpatches,v_wounded,viewpoint,v_wounded_1_to_6,1,6,D:\桌面\IACV\Assigment1\data\hpatches\v_wounded\1.ppm,D:\桌面\IACV\Assigment1\data\hpatches\v_wounded\6.ppm,43,341,224,0.656891495601173,3.0,1197.6531377215558,341,5,1,4,224,0.01466275659824047,0.2,0.002932551319648094,0.004464285714285714,0.656891495601173,3.0,2.512050767310973,2.512050767310973,True,7,0.16279069767441862,0.7607550305329188,18.961999997554813,0.06498821302833983,2048,2048,2048,65536,32,uint8,32,2048,2048,2048,65536,11.94934000086505,0.27593404037797287,12.229760002810508,0.23254186261453133,nan,nan,8.614640001906082,0.20869261316480706,8.355520000623073,2.3963234301419534,nan,nan,orb,orb,orb,bf_ratio,0.8
hpatches,v_yard,viewpoint,v_yard_1_to_2,1,2,D:\桌面\IACV\Assigment1\data\hpatches\v_yard\1.ppm,D:\桌面\IACV\Assigment1\data\hpatches\v_yard\2.ppm,474,1988,907,0.4562374245472837,3.0,1.5045010249167752,1988,474,425,49,907,0.23843058350100604,0.8966244725738397,0.2137826961770624,0.4685777287761852,0.4562374245472837,3.0,1.2772986669841397,1.2169720717305474,True,426,0.8987341772151899,1.2594815084682796,19.945020000159275,0.33513151141941466,2048,2048,2048,65536,32,uint8,32,2048,2048,2048,65536,15.045839999220334,0.11449995084791818,10.481639998033643,0.19629634493504547,nan,nan,17.017920002399478,1.214152128159994,10.2325199986808,0.1899322337978833,nan,nan,orb,orb,orb,bf_ratio,0.8
hpatches,v_yard,viewpoint,v_yard_1_to_3,1,3,D:\桌面\IACV\Assigment1\data\hpatches\v_yard\1.ppm,D:\桌面\IACV\Assigment1\data\hpatches\v_yard\3.ppm,228,881,574,0.6515323496027242,3.0,17.406707201320188,881,211,168,43,574,0.2395005675368899,0.7962085308056872,0.19069239500567536,0.2926829268292683,0.6515323496027242,3.0,1.5005146908532088,1.4791287030434535,True,154,0.6754385964912281,1.5317934190385385,19.8636399989482,0.1816656546250527,2048,2048,2048,65536,32,uint8,32,2048,2048,2048,65536,15.045839999220334,0.11449995084791818,10.481639998033643,0.19629634493504547,nan,nan,15.244960000563879,0.18258037937646537,10.368139999627601,0.2972009403064034,nan,nan,orb,orb,orb,bf_ratio,0.8
hpatches,v_yard,viewpoint,v_yard_1_to_4,1,4,D:\桌面\IACV\Assigment1\data\hpatches\v_yard\1.ppm,D:\桌面\IACV\Assigment1\data\hpatches\v_yard\4.ppm,384,1902,1090,0.573080967402734,3.0,1.7220403016948542,1902,382,335,47,1090,0.20084121976866456,0.8769633507853403,0.176130389064143,0.3073394495412844,0.573080967402734,3.0,1.3315929901067611,1.2262874014997074,True,324,0.84375,1.3045225285628763,20.132760000706185,0.22360029971721743,2048,2048,2048,65536,32,uint8,32,2048,2048,2048,65536,15.045839999220334,0.11449995084791818,10.481639998033643,0.19629634493504547,nan,nan,16.132199999992736,0.12128275965471236,10.284960000717547,0.08472877990778946,nan,nan,orb,orb,orb,bf_ratio,0.8
hpatches,v_yard,viewpoint,v_yard_1_to_5,1,5,D:\桌面\IACV\Assigment1\data\hpatches\v_yard\1.ppm,D:\桌面\IACV\Assigment1\data\hpatches\v_yard\5.ppm,145,1734,775,0.4469434832756632,3.0,5.444547218117501,1734,138,74,64,775,0.07958477508650519,0.5362318840579711,0.04267589388696655,0.09548387096774194,0.4469434832756632,3.0,1.826656318958437,1.8518990545855432,True,77,0.5310344827586206,1.5288836776261094,19.362819999514613,0.5411442226226156,2048,2048,2048,65536,32,uint8,32,2048,2048,2048,65536,15.045839999220334,0.11449995084791818,10.481639998033643,0.19629634493504547,nan,nan,16.08760000235634,0.15224585526010248,10.275280001224019,0.17589731632168473,nan,nan,orb,orb,orb,bf_ratio,0.8
hpatches,v_yard,viewpoint,v_yard_1_to_6,1,6,D:\桌面\IACV\Assigment1\data\hpatches\v_yard\1.ppm,D:\桌面\IACV\Assigment1\data\hpatches\v_yard\6.ppm,58,1742,456,0.2617680826636051,3.0,31.695802720434678,1742,53,18,35,456,0.030424799081515498,0.33962264150943394,0.010332950631458095,0.039473684210526314,0.2617680826636051,3.0,1.796157065934374,1.7528494167277997,True,19,0.3275862068965517,1.1090565405624138,19.87959999969462,0.04983087443260241,2048,2048,2048,65536,32,uint8,32,2048,2048,2048,65536,15.045839999220334,0.11449995084791818,10.481639998033643,0.19629634493504547,nan,nan,13.656080001965165,0.28182589155204635,10.369560000253841,0.08338847891451552,nan,nan,orb,orb,orb,bf_ratio,0.8
hpatches,v_yuri,viewpoint,v_yuri_1_to_2,1,2,D:\桌面\IACV\Assigment1\data\hpatches\v_yuri\1.ppm,D:\桌面\IACV\Assigment1\data\hpatches\v_yuri\2.ppm,493,2048,965,0.47119140625,3.0,4.03415333542084,2048,493,450,43,965,0.24072265625,0.9127789046653144,0.2197265625,0.46632124352331605,0.47119140625,3.0,1.0871129813927911,0.9568957429133074,True,450,0.9127789046653144,1.0711488968316925,19.998459999624174,0.47362088653429907,2048,2048,2048,65536,32,uint8,32,2048,2048,2048,65536,8.857360002002679,0.08871247007668638,14.243780000833794,0.15918158516775308,nan,nan,11.163120000855997,0.18217630383607086,14.277079998282716,0.12915386681806315,nan,nan,orb,orb,orb,bf_ratio,0.8
hpatches,v_yuri,viewpoint,v_yuri_1_to_3,1,3,D:\桌面\IACV\Assigment1\data\hpatches\v_yuri\1.ppm,D:\桌面\IACV\Assigment1\data\hpatches\v_yuri\3.ppm,338,1402,912,0.6504992867332382,3.0,84.93075604955676,1402,328,252,76,912,0.23395149786019973,0.7682926829268293,0.1797432239657632,0.27631578947368424,0.6504992867332382,3.0,1.555914026900589,1.5545905676734217,True,240,0.7100591715976331,1.4884624722498359,16.50511999905575,0.3173675808783806,2048,2048,2048,65536,32,uint8,32,1721,1721,1721,55072,8.857360002002679,0.08871247007668638,14.243780000833794,0.15918158516775308,nan,nan,8.634679998795036,0.16125586373101314,14.102519999141805,0.3075449509036379,nan,nan,orb,orb,orb,bf_ratio,0.8
hpatches,v_yuri,viewpoint,v_yuri_1_to_4,1,4,D:\桌面\IACV\Assigment1\data\hpatches\v_yuri\1.ppm,D:\桌面\IACV\Assigment1\data\hpatches\v_yuri\4.ppm,88,1884,827,0.43895966029723993,3.0,125.17926002148306,1884,84,24,60,827,0.044585987261146494,0.2857142857142857,0.012738853503184714,0.02902055622732769,0.43895966029723993,3.0,2.1563308954935567,2.4367274506013077,True,37,0.42045454545454547,1.5224005867550665,15.98874000046635,0.5546943520161924,2048,2048,2048,65536,32,uint8,32,1702,1702,1702,54464,8.857360002002679,0.08871247007668638,14.243780000833794,0.15918158516775308,nan,nan,7.070499996189028,1.0250091591846928,14.11043999978574,0.305132120654244,nan,nan,orb,orb,orb,bf_ratio,0.8
hpatches,v_yuri,viewpoint,v_yuri_1_to_5,1,5,D:\桌面\IACV\Assigment1\data\hpatches\v_yuri\1.ppm,D:\桌面\IACV\Assigment1\data\hpatches\v_yuri\5.ppm,371,1808,763,0.42201327433628316,3.0,5.704695119505616,1808,369,293,76,763,0.2040929203539823,0.7940379403794038,0.1620575221238938,0.3840104849279161,0.42201327433628316,3.0,1.6606071661790762,1.6868914689045449,True,286,0.77088948787062,1.660115972723682,9.657899999001529,0.42242681075563876,2048,2048,2048,65536,32,uint8,32,943,943,943,30176,8.857360002002679,0.08871247007668638,14.243780000833794,0.15918158516775308,nan,nan,7.40617999836104,0.1920947004690348,6.784320001315791,0.31346588502106815,nan,nan,orb,orb,orb,bf_ratio,0.8
hpatches,v_yuri,viewpoint,v_yuri_1_to_6,1,6,D:\桌面\IACV\Assigment1\data\hpatches\v_yuri\1.ppm,D:\桌面\IACV\Assigment1\data\hpatches\v_yuri\6.ppm,180,1839,594,0.32300163132137033,3.0,139.7591208465046,1839,176,84,92,594,0.0957041870581838,0.4772727272727273,0.04567699836867863,0.1414141414141414,0.32300163132137033,3.0,1.8701875282550071,1.8853369953232848,True,84,0.4666666666666667,1.4992786797222541,9.657539999170695,0.4749583241611714,2048,2048,2048,65536,32,uint8,32,932,932,932,29824,8.857360002002679,0.08871247007668638,14.243780000833794,0.15918158516775308,nan,nan,7.774879998760298,0.17465075500997906,13.28364000073634,0.16702402832089877,nan,nan,orb,orb,orb,bf_ratio,0.8
hpatches,i_ajuntament,illumination,i_ajuntament_1_to_2,1,2,D:\桌面\IACV\Assigment1\data\hpatches\i_ajuntament\1.ppm,D:\桌面\IACV\Assigment1\data\hpatches\i_ajuntament\2.ppm,272,490,335,0.6836734693877551,3.0,0.3036585520943657,490,272,261,11,335,0.5551020408163265,0.9595588235294118,0.5326530612244897,0.7791044776119403,0.6836734693877551,3.0,0.5956677366216933,0.45361081159635924,True,262,0.9632352941176471,0.4924297653174741,1.319359999615699,0.10702391575500579,490,490,490,125440,64,float32,256,447,447,447,114432,211.14067999878898,11.021079059774763,156.8983200020739,4.0094600255660815,nan,nan,208.39921999868238,4.061981184898422,154.4114600023022,0.8829403587958076,nan,nan,kaze,kaze,kaze,bf_ratio,0.8
hpatches,i_ajuntament,illumination,i_ajuntament_1_to_3,1,3,D:\桌面\IACV\Assigment1\data\hpatches\i_ajuntament\1.ppm,D:\桌面\IACV\Assigment1\data\hpatches\i_ajuntament\3.ppm,37,490,140,0.2857142857142857,3.0,2.1691876107865222,490,37,20,17,140,0.07551020408163266,0.5405405405405406,0.04081632653061224,0.14285714285714285,0.2857142857142857,3.0,0.8501956940559307,0.6836583653659541,True,20,0.5405405405405406,0.7494304068742451,1.114239999151323,0.01235096795757319,490,490,490,125440,64,float32,256,399,399,399,102144,211.14067999878898,11.021079059774763,156.8983200020739,4.0094600255660815,nan,nan,198.87764000159223,4.9399263584653355,151.77185999928042,2.316269250785827,nan,nan,kaze,kaze,kaze,bf_ratio,0.8
hpatches,i_ajuntament,illumination,i_ajuntament_1_to_4,1,4,D:\桌面\IACV\Assigment1\data\hpatches\i_ajuntament\1.ppm,D:\桌面\IACV\Assigment1\data\hpatches\i_ajuntament\4.ppm,11,490,61,0.12448979591836734,3.0,1227.2954480236565,490,11,5,6,61,0.022448979591836733,0.45454545454545453,0.01020408163265306,0.08196721311475409,0.12448979591836734,3.0,0.9329180163847951,0.8209782634880296,True,6,0.5454545454545454,0.5366293292033107,0.7799600003636442,0.06010569567753909,490,490,490,125440,64,float32,256,240,240,240,61440,211.14067999878898,11.021079059774763,156.8983200020739,4.0094600255660815,nan,nan,200.21066000044812,1.7791571395845296,147.78594000235898,1.9236680080174668,nan,nan,kaze,kaze,kaze,bf_ratio,0.8
hpatches,i_ajuntament,illumination,i_ajuntament_1_to_5,1,5,D:\桌面\IACV\Assigment1\data\hpatches\i_ajuntament\1.ppm,D:\桌面\IACV\Assigment1\data\hpatches\i_ajuntament\5.ppm,13,490,67,0.13673469387755102,3.0,84.43471256061213,490,13,7,6,67,0.026530612244897958,0.5384615384615384,0.014285714285714285,0.1044776119402985,0.13673469387755102,3.0,1.0245851803349175,1.0469081667905624,True,7,0.5384615384615384,0.4919492712571151,0.7716000021900982,0.03500759899495453,490,490,490,125440,64,float32,256,259,259,259,66304,211.14067999878898,11.021079059774763,156.8983200020739,4.0094600255660815,nan,nan,202.2755000012694,2.190120513216865,145.89878000115277,8.108059727371458,nan,nan,kaze,kaze,kaze,bf_ratio,0.8
hpatches,i_ajuntament,illumination,i_ajuntament_1_to_6,1,6,D:\桌面\IACV\Assigment1\data\hpatches\i_ajuntament\1.ppm,D:\桌面\IACV\Assigment1\data\hpatches\i_ajuntament\6.ppm,13,490,69,0.14081632653061224,3.0,179.249456858018,490,13,5,8,69,0.026530612244897958,0.38461538461538464,0.01020408163265306,0.07246376811594203,0.14081632653061224,3.0,0.7951830232694842,0.5070510813724418,True,5,0.38461538461538464,0.5614517030090174,0.7826200002455153,0.05300891858850216,490,490,490,125440,64,float32,256,252,252,252,64512,211.14067999878898,11.021079059774763,156.8983200020739,4.0094600255660815,nan,nan,202.22673999815015,2.830956387821441,156.77487999928417,11.730796667138176,nan,nan,kaze,kaze,kaze,bf_ratio,0.8
hpatches,i_autannes,illumination,i_autannes_1_to_2,1,2,D:\桌面\IACV\Assigment1\data\hpatches\i_autannes\1.ppm,D:\桌面\IACV\Assigment1\data\hpatches\i_autannes\2.ppm,305,833,399,0.4789915966386555,3.0,0.615289967769646,833,305,287,18,399,0.36614645858343337,0.940983606557377,0.3445378151260504,0.7192982456140351,0.4789915966386555,3.0,0.413895402054512,0.2673883600544202,True,286,0.9377049180327869,0.37753754679890733,5.943600001046434,0.3510406711662061,833,833,833,213248,64,float32,256,1617,1617,1617,413952,700.2054199998383,15.262130961297304,497.2737399992184,8.340593581681276,nan,nan,686.8567600016831,11.656831218421013,507.8152799978852,7.393417080028384,nan,nan,kaze,kaze,kaze,bf_ratio,0.8
hpatches,i_autannes,illumination,i_autannes_1_to_3,1,3,D:\桌面\IACV\Assigment1\data\hpatches\i_autannes\1.ppm,D:\桌面\IACV\Assigment1\data\hpatches\i_autannes\3.ppm,189,833,294,0.35294117647058826,3.0,2.1441105153413806,833,189,160,29,294,0.226890756302521,0.8465608465608465,0.19207683073229292,0.54421768707483,0.35294117647058826,3.0,0.43766559702923047,0.27680055948825066,True,157,0.8306878306878307,0.3505395444895342,6.972699998004828,0.36190000239364967,833,833,833,213248,64,float32,256,1977,1977,1977,506112,700.2054199998383,15.262130961297304,497.2737399992184,8.340593581681276,nan,nan,688.5323399998015,10.147173131537942,518.064800000866,0.8163064770238858,nan,nan,kaze,kaze,kaze,bf_ratio,0.8
hpatches,i_autannes,illumination,i_autannes_1_to_4,1,4,D:\桌面\IACV\Assigment1\data\hpatches\i_autannes\1.ppm,D:\桌面\IACV\Assigment1\data\hpatches\i_autannes\4.ppm,64,833,180,0.21608643457382953,3.0,17.291593741524583,833,64,32,32,180,0.07683073229291716,0.5,0.03841536614645858,0.17777777777777778,0.21608643457382953,3.0,1.7112459786386633,1.579621483000802,True,39,0.609375,1.0162292918115523,6.860580001375638,0.1815043844406984,833,833,833,213248,64,float32,256,2234,2048,2048,524288,700.2054199998383,15.262130961297304,497.2737399992184,8.340593581681276,nan,nan,684.7408000016003,8.135881238857879,517.9198000012548,3.5266807166859113,nan,nan,kaze,kaze,kaze,bf_ratio,0.8
hpatches,i_autannes,illumination,i_autannes_1_to_5,1,5,D:\桌面\IACV\Assigment1\data\hpatches\i_autannes\1.ppm,D:\桌面\IACV\Assigment1\data\hpatches\i_autannes\5.ppm,47,833,237,0.2845138055222089,3.0,8.387476543090775,833,47,28,19,237,0.056422569027611044,0.5957446808510638,0.03361344537815126,0.11814345991561181,0.2845138055222089,3.0,1.1610780406181613,0.959239906492583,True,28,0.5957446808510638,0.8423831355350478,6.744379999872763,0.2620759682528132,833,833,833,213248,64,float32,256,2072,2048,2048,524288,700.2054199998383,15.262130961297304,497.2737399992184,8.340593581681276,nan,nan,680.395079999289,13.117520142047432,512.5074399984442,8.886261770820143,nan,nan,kaze,kaze,kaze,bf_ratio,0.8
hpatches,i_autannes,illumination,i_autannes_1_to_6,1,6,D:\桌面\IACV\Assigment1\data\hpatches\i_autannes\1.ppm,D:\桌面\IACV\Assigment1\data\hpatches\i_autannes\6.ppm,234,833,401,0.48139255702280914,3.0,2.50812444774763,833,234,199,35,401,0.2809123649459784,0.8504273504273504,0.2388955582232893,0.49625935162094764,0.48139255702280914,3.0,1.0858906038958507,1.1283253970567304,True,197,0.8418803418803419,0.7549731081487885,2.619240000785794,0.0675272594359067,833,833,833,213248,64,float32,256,633,633,633,162048,700.2054199998383,15.262130961297304,497.2737399992184,8.340593581681276,nan,nan,681.0196799997357,18.076864488111177,485.4097000003094,7.224427051651432,nan,nan,kaze,kaze,kaze,bf_ratio,0.8
hpatches,i_bologna,illumination,i_bologna_1_to_2,1,2,D:\桌面\IACV\Assigment1\data\hpatches\i_bologna\1.ppm,D:\桌面\IACV\Assigment1\data\hpatches\i_bologna\2.ppm,21,80,61,0.7625,3.0,16.089912622344023,80,21,19,2,61,0.2625,0.9047619047619048,0.2375,0.3114754098360656,0.7625,3.0,0.6596069297519753,0.5874298268434558,True,19,0.9047619047619048,0.5534885445070665,0.1447400005417876,0.005765966970585622,80,80,80,20480,64,float32,256,300,300,300,76800,182.05467999941902,2.250514668963245,136.82803999981843,1.1352844874621837,nan,nan,181.92438000114635,2.287247001022449,142.0717400003923,4.29675677112765,nan,nan,kaze,kaze,kaze,bf_ratio,0.8
hpatches,i_bologna,illumination,i_bologna_1_to_3,1,3,D:\桌面\IACV\Assigment1\data\hpatches\i_bologna\1.ppm,D:\桌面\IACV\Assigment1\data\hpatches\i_bologna\3.ppm,10,80,62,0.775,3.0,74.62239655862385,80,10,10,0,62,0.125,1.0,0.125,0.16129032258064516,0.775,3.0,0.8563184322218923,0.3581708998949422,True,10,1.0,0.5387341488538656,0.20815999887418002,0.012880776314277384,80,80,80,20480,64,float32,256,491,491,491,125696,182.05467999941902,2.250514668963245,136.82803999981843,1.1352844874621837,nan,nan,184.0877199996612,1.7881912501519164,145.74359999969602,2.7652016393070755,nan,nan,kaze,kaze,kaze,bf_ratio,0.8
hpatches,i_bologna,illumination,i_bologna_1_to_4,1,4,D:\桌面\IACV\Assigment1\data\hpatches\i_bologna\1.ppm,D:\桌面\IACV\Assigment1\data\hpatches\i_bologna\4.ppm,16,80,61,0.7625,3.0,14.061279559166334,80,16,15,1,61,0.2,0.9375,0.1875,0.2459016393442623,0.7625,3.0,0.9188636045169196,0.6707830107674903,True,13,0.8125,0.5255459902622304,0.292099999205675,0.008472308398604654,80,80,80,20480,64,float32,256,637,637,637,163072,182.05467999941902,2.250514668963245,136.82803999981843,1.1352844874621837,nan,nan,184.26373999973293,1.534523240065708,143.7489000003552,4.388396934503305,nan,nan,kaze,kaze,kaze,bf_ratio,0.8
hpatches,i_bologna,illumination,i_bologna_1_to_5,1,5,D:\桌面\IACV\Assigment1\data\hpatches\i_bologna\1.ppm,D:\桌面\IACV\Assigment1\data\hpatches\i_bologna\5.ppm,7,80,62,0.775,3.0,28.63502229062343,80,7,7,0,62,0.0875,1.0,0.0875,0.11290322580645161,0.775,3.0,0.8089356628450475,0.7268481878592249,True,7,1.0,0.4878465101834788,0.3319600014947355,0.005288705060745438,80,80,80,20480,64,float32,256,826,826,826,211456,182.05467999941902,2.250514668963245,136.82803999981843,1.1352844874621837,nan,nan,187.44027999782702,7.50301653214488,146.91800000000512,4.288209337707662,nan,nan,kaze,kaze,kaze,bf_ratio,0.8
hpatches,i_bologna,illumination,i_bologna_1_to_6,1,6,D:\桌面\IACV\Assigment1\data\hpatches\i_bologna\1.ppm,D:\桌面\IACV\Assigment1\data\hpatches\i_bologna\6.ppm,9,80,61,0.7625,3.0,130.48514559592525,80,9,8,1,61,0.1125,0.8888888888888888,0.1,0.13114754098360656,0.7625,3.0,0.9730034309928193,1.0964658409111492,True,8,0.8888888888888888,0.6123807440676068,0.35213999944971874,0.007390696941337965,80,80,80,20480,64,float32,256,897,897,897,229632,182.05467999941902,2.250514668963245,136.82803999981843,1.1352844874621837,nan,nan,184.92236000020057,5.6739525750185145,150.64669999992475,3.9367453323467467,nan,nan,kaze,kaze,kaze,bf_ratio,0.8
hpatches,i_books,illumination,i_books_1_to_2,1,2,D:\桌面\IACV\Assigment1\data\hpatches\i_books\1.ppm,D:\桌面\IACV\Assigment1\data\hpatches\i_books\2.ppm,336,810,501,0.6185185185185185,3.0,0.48918520826723,810,336,299,37,501,0.4148148148148148,0.8898809523809523,0.3691358024691358,0.5968063872255489,0.6185185185185185,3.0,0.2943284330546322,0.15854867385029123,True,299,0.8898809523809523,0.307806862798884,2.8899000011733733,0.10592318262796074,810,810,810,207360,64,float32,256,699,699,699,178944,297.7406999998493,1.5650328045348993,238.9385200003744,7.89371156918684,nan,nan,301.54203999991296,5.426108049777038,237.13106000068365,6.765716670422656,nan,nan,kaze,kaze,kaze,bf_ratio,0.8
hpatches,i_books,illumination,i_books_1_to_3,1,3,D:\桌面\IACV\Assigment1\data\hpatches\i_books\1.ppm,D:\桌面\IACV\Assigment1\data\hpatches\i_books\3.ppm,285,810,469,0.5790123456790124,3.0,1.4736933811680037,810,285,255,30,469,0.35185185185185186,0.8947368421052632,0.3148148148148148,0.5437100213219617,0.5790123456790124,3.0,0.27933222227506016,0.14281294213535392,True,254,0.8912280701754386,0.34019061799157674,6.451559999550227,0.09700211501776217,810,810,810,207360,64,float32,256,1922,1922,1922,492032,297.7406999998493,1.5650328045348993,238.9385200003744,7.89371156918684,nan,nan,303.7486000015633,7.281705913975182,251.02656000090064,5.619198466557497,nan,nan,kaze,kaze,kaze,bf_ratio,0.8
hpatches,i_books,illumination,i_books_1_to_4,1,4,D:\桌面\IACV\Assigment1\data\hpatches\i_books\1.ppm,D:\桌面\IACV\Assigment1\data\hpatches\i_books\4.ppm,315,810,513,0.6333333333333333,3.0,1.2999548615555572,810,315,287,28,513,0.3888888888888889,0.9111111111111111,0.35432098765432096,0.5594541910331384,0.6333333333333333,3.0,0.26584901152295076,0.1446419516252672,True,286,0.9079365079365079,0.31382599839617525,5.5021600011968985,0.20625454867850457,810,810,810,207360,64,float32,256,1563,1563,1563,400128,297.7406999998493,1.5650328045348993,238.9385200003744,7.89371156918684,nan,nan,312.99178000190295,4.137790116095072,254.48293999943417,4.244005620906286,nan,nan,kaze,kaze,kaze,bf_ratio,0.8
hpatches,i_books,illumination,i_books_1_to_5,1,5,D:\桌面\IACV\Assigment1\data\hpatches\i_books\1.ppm,D:\桌面\IACV\Assigment1\data\hpatches\i_books\5.ppm,354,810,564,0.6962962962962963,3.0,0.3408241656923344,810,354,335,19,564,0.43703703703703706,0.9463276836158192,0.41358024691358025,0.5939716312056738,0.6962962962962963,3.0,0.23700907192412513,0.12114396995873451,True,335,0.9463276836158192,0.25281565488597835,4.069940000772476,0.09426909500130766,810,810,810,207360,64,float32,256,1107,1107,1107,283392,297.7406999998493,1.5650328045348993,238.9385200003744,7.89371156918684,nan,nan,310.3678400017088,5.232043409049518,235.65377999912016,3.785739965293453,nan,nan,kaze,kaze,kaze,bf_ratio,0.8
hpatches,i_books,illumination,i_books_1_to_6,1,6,D:\桌面\IACV\Assigment1\data\hpatches\i_books\1.ppm,D:\桌面\IACV\Assigment1\data\hpatches\i_books\6.ppm,384,810,545,0.6728395061728395,3.0,0.5352648343645544,810,384,356,28,545,0.4740740740740741,0.9270833333333334,0.43950617283950616,0.653211009174312,0.6728395061728395,3.0,0.17435648739488532,0.077316919411177,True,356,0.9270833333333334,0.17916360909735202,2.933380000467878,0.1144566357476319,810,810,810,207360,64,float32,256,761,761,761,194816,297.7406999998493,1.5650328045348993,238.9385200003744,7.89371156918684,nan,nan,308.6862199997995,4.71465219580945,243.91863999917405,3.4042818008200406,nan,nan,kaze,kaze,kaze,bf_ratio,0.8
hpatches,i_boutique,illumination,i_boutique_1_to_2,1,2,D:\桌面\IACV\Assigment1\data\hpatches\i_boutique\1.ppm,D:\桌面\IACV\Assigment1\data\hpatches\i_boutique\2.ppm,969,2048,1489,0.72705078125,3.0,1.0318147182041726,2048,969,906,63,1489,0.47314453125,0.934984520123839,0.4423828125,0.6084620550705171,0.72705078125,3.0,0.6332084960178201,0.448583583850645,True,915,0.9442724458204335,0.7627923635752119,17.66429999988759,0.33934091979707287,2530,2048,2048,524288,64,float32,256,2420,2048,2048,524288,311.7927800005418,4.444926247396211,257.8116799995769,3.26743578310783,nan,nan,318.41004000016255,4.250079988663431,254.0296400009538,5.487605391078604,nan,nan,kaze,kaze,kaze,bf_ratio,0.8
hpatches,i_boutique,illumination,i_boutique_1_to_3,1,3,D:\桌面\IACV\Assigment1\data\hpatches\i_boutique\1.ppm,D:\桌面\IACV\Assigment1\data\hpatches\i_boutique\3.ppm,414,2048,1223,0.59716796875,3.0,0.6411528943186346,2048,414,368,46,1223,0.2021484375,0.8888888888888888,0.1796875,0.3008994276369583,0.59716796875,3.0,0.9253069085737226,0.7625629228084064,True,372,0.8985507246376812,0.905591251088757,17.198960001405794,0.7827480074931997,2530,2048,2048,524288,64,float32,256,3214,2048,2048,524288,311.7927800005418,4.444926247396211,257.8116799995769,3.26743578310783,nan,nan,317.43142000050284,5.919895963945453,261.4215800000238,6.133661965256328,nan,nan,kaze,kaze,kaze,bf_ratio,0.8
hpatches,i_boutique,illumination,i_boutique_1_to_4,1,4,D:\桌面\IACV\Assigment1\data\hpatches\i_boutique\1.ppm,D:\桌面\IACV\Assigment1\data\hpatches\i_boutique\4.ppm,465,2048,1207,0.58935546875,3.0,1.4958440944559983,2048,465,406,59,1207,0.22705078125,0.8731182795698925,0.1982421875,0.3363711681855841,0.58935546875,3.0,0.8851670994157714,0.6888328627841963,True,406,0.8731182795698925,0.8735021488067664,17.472779999661725,0.596923005109291,2530,2048,2048,524288,64,float32,256,2822,2048,2048,524288,311.7927800005418,4.444926247396211,257.8116799995769,3.26743578310783,nan,nan,309.19209999992745,5.253657673774787,255.2932199992938,3.160942858189899,nan,nan,kaze,kaze,kaze,bf_ratio,0.8
hpatches,i_boutique,illumination,i_boutique_1_to_5,1,5,D:\桌面\IACV\Assigment1\data\hpatches\i_boutique\1.ppm,D:\桌面\IACV\Assigment1\data\hpatches\i_boutique\5.ppm,84,2048,625,0.30517578125,3.0,7.604388876750351,2048,84,41,43,625,0.041015625,0.4880952380952381,0.02001953125,0.0656,0.30517578125,3.0,1.4730899238401731,1.3157142285261676,True,47,0.5595238095238095,0.7860347311293311,16.75441999832401,0.5098194948169597,2530,2048,2048,524288,64,float32,256,3203,2048,2048,524288,311.7927800005418,4.444926247396211,257.8116799995769,3.26743578310783,nan,nan,315.85782000329345,6.757536460012491,260.131059998821,3.9976970731903436,nan,nan,kaze,kaze,kaze,bf_ratio,0.8
hpatches,i_boutique,illumination,i_boutique_1_to_6,1,6,D:\桌面\IACV\Assigment1\data\hpatches\i_boutique\1.ppm,D:\桌面\IACV\Assigment1\data\hpatches\i_boutique\6.ppm,70,2048,586,0.2861328125,3.0,7.352320316747011,2048,70,37,33,586,0.0341796875,0.5285714285714286,0.01806640625,0.06313993174061433,0.2861328125,3.0,1.4462316065758778,1.2853178276950266,True,42,0.6,0.8822319145223225,16.710759997658897,0.2979885754018103,2530,2048,2048,524288,64,float32,256,3166,2048,2048,524288,311.7927800005418,4.444926247396211,257.8116799995769,3.26743578310783,nan,nan,320.6341600001906,9.190034426634861,264.2400400000042,12.061489322877549,nan,nan,kaze,kaze,kaze,bf_ratio,0.8
hpatches,i_bridger,illumination,i_bridger_1_to_2,1,2,D:\桌面\IACV\Assigment1\data\hpatches\i_bridger\1.ppm,D:\桌面\IACV\Assigment1\data\hpatches\i_bridger\2.ppm,770,2048,1124,0.548828125,3.0,0.519646436595315,2048,770,698,72,1124,0.3759765625,0.9064935064935065,0.3408203125,0.6209964412811388,0.548828125,3.0,0.8472623054838162,0.6685117505510061,True,700,0.9090909090909091,0.5966131205856772,18.213440002000425,0.4499425516050264,5231,2048,2048,524288,64,float32,256,5889,2048,2048,524288,572.158759998274,11.300374067711621,414.2009799994412,8.524963264560835,nan,nan,577.6630200009095,22.44286901725486,422.47868000122253,4.55565969075654,nan,nan,kaze,kaze,kaze,bf_ratio,0.8
hpatches,i_bridger,illumination,i_bridger_1_to_3,1,3,D:\桌面\IACV\Assigment1\data\hpatches\i_bridger\1.ppm,D:\桌面\IACV\Assigment1\data\hpatches\i_bridger\3.ppm,611,2048,1013,0.49462890625,3.0,0.7266475692597947,2048,611,554,57,1013,0.29833984375,0.9067103109656302,0.2705078125,0.5468904244817374,0.49462890625,3.0,0.7009232428189273,0.5413682291410902,True,561,0.9181669394435352,0.6705781499718926,17.02466000133427,0.3597350165159111,5231,2048,2048,524288,64,float32,256,4999,2048,2048,524288,572.158759998274,11.300374067711621,414.2009799994412,8.524963264560835,nan,nan,589.8221200011903,38.25469149319487,439.0445199984242,21.386544420460353,nan,nan,kaze,kaze,kaze,bf_ratio,0.8
hpatches,i_bridger,illumination,i_bridger_1_to_4,1,4,D:\桌面\IACV\Assigment1\data\hpatches\i_bridger\1.ppm,D:\桌面\IACV\Assigment1\data\hpatches\i_bridger\4.ppm,580,2048,994,0.4853515625,3.0,0.34750886625820737,2048,580,542,38,994,0.283203125,0.9344827586206896,0.2646484375,0.545271629778672,0.4853515625,3.0,0.7551725405637384,0.5957186109462831,True,538,0.9275862068965517,0.6490013495246107,17.330739999306388,1.175413162879346,5231,2048,2048,524288,64,float32,256,2078,2048,2048,524288,572.158759998274,11.300374067711621,414.2009799994412,8.524963264560835,nan,nan,568.9624400009052,31.078550806393945,423.44752000062726,9.460488917975644,nan,nan,kaze,kaze,kaze,bf_ratio,0.8
hpatches,i_bridger,illumination,i_bridger_1_to_5,1,5,D:\桌面\IACV\Assigment1\data\hpatches\i_bridger\1.ppm,D:\桌面\IACV\Assigment1\data\hpatches\i_bridger\5.ppm,200,2048,385,0.18798828125,3.0,0.3807539440797146,2048,200,162,38,385,0.09765625,0.81,0.0791015625,0.42077922077922075,0.18798828125,3.0,0.7184089278515692,0.5671879284878254,True,163,0.815,0.7154021096872087,6.942739999794867,0.2852477479984507,5231,2048,2048,524288,64,float32,256,769,769,769,196864,572.158759998274,11.300374067711621,414.2009799994412,8.524963264560835,nan,nan,542.0494199977838,4.384643131802311,400.63885999989,2.2318425063856897,nan,nan,kaze,kaze,kaze,bf_ratio,0.8
hpatches,i_bridger,illumination,i_bridger_1_to_6,1,6,D:\桌面\IACV\Assigment1\data\hpatches\i_bridger\1.ppm,D:\桌面\IACV\Assigment1\data\hpatches\i_bridger\6.ppm,23,2048,18,0.0087890625,3.0,809.0182252024316,2048,23,5,18,18,0.01123046875,0.21739130434782608,0.00244140625,0.2777777777777778,0.0087890625,3.0,0.4700495806490711,0.46025179071672323,True,7,0.30434782608695654,1.0091559368202891,1.9588600014685653,0.08624332037685742,5231,2048,2048,524288,64,float32,256,127,127,127,32512,572.158759998274,11.300374067711621,414.2009799994412,8.524963264560835,nan,nan,552.9561999996076,26.909281356035255,391.04819999920437,8.227840210674785,nan,nan,kaze,kaze,kaze,bf_ratio,0.8
hpatches,i_brooklyn,illumination,i_brooklyn_1_to_2,1,2,D:\桌面\IACV\Assigment1\data\hpatches\i_brooklyn\1.ppm,D:\桌面\IACV\Assigment1\data\hpatches\i_brooklyn\2.ppm,624,2048,1172,0.572265625,3.0,0.633168238404615,2048,624,599,25,1172,0.3046875,0.9599358974358975,0.29248046875,0.5110921501706485,0.572265625,3.0,0.8051469988201153,0.7008287897432357,True,603,0.9663461538461539,0.5019225016370025,17.380239999329206,0.33315327794846933,3605,2048,2048,524288,64,float32,256,6256,2048,2048,524288,640.2474200018332,12.60761988720811,489.4926000008127,9.478831465304102,nan,nan,686.9350599983591,14.740129700327405,489.3015600027866,8.733729770212713,nan,nan,kaze,kaze,kaze,bf_ratio,0.8
hpatches,i_brooklyn,illumination,i_brooklyn_1_to_3,1,3,D:\桌面\IACV\Assigment1\data\hpatches\i_brooklyn\1.ppm,D:\桌面\IACV\Assigment1\data\hpatches\i_brooklyn\3.ppm,1198,2048,503,0.24560546875,3.0,3.3809950951903622,2048,1198,123,1075,503,0.5849609375,0.10267111853088481,0.06005859375,0.24453280318091453,0.24560546875,3.0,2.6651884976787636,2.805256351587101,True,1174,0.9799666110183639,0.35245601246003844,16.68056000053184,0.7718703490618775,3605,2048,2048,524288,64,float32,256,2810,2048,2048,524288,640.2474200018332,12.60761988720811,489.4926000008127,9.478831465304102,nan,nan,633.437340000819,23.095602893379606,491.75537999835797,7.162710374956313,nan,nan,kaze,kaze,kaze,bf_ratio,0.8
hpatches,i_brooklyn,illumination,i_brooklyn_1_to_4,1,4,D:\桌面\IACV\Assigment1\data\hpatches\i_brooklyn\1.ppm,D:\桌面\IACV\Assigment1\data\hpatches\i_brooklyn\4.ppm,140,2048,404,0.197265625,3.0,2.9849196671732683,2048,140,89,51,404,0.068359375,0.6357142857142857,0.04345703125,0.2202970297029703,0.197265625,3.0,2.2911814884194923,2.409442521238351,True,113,0.8071428571428572,0.832843495110734,17.571320000570267,0.6064891183894644,3605,2048,2048,524288,64,float32,256,3454,2048,2048,524288,640.2474200018332,12.60761988720811,489.4926000008127,9.478831465304102,nan,nan,656.4936200011289,15.87083239301704,477.02186000242364,12.196204477792385,nan,nan,kaze,kaze,kaze,bf_ratio,0.8
hpatches,i_brooklyn,illumination,i_brooklyn_1_to_5,1,5,D:\桌面\IACV\Assigment1\data\hpatches\i_brooklyn\1.ppm,D:\桌面\IACV\Assigment1\data\hpatches\i_brooklyn\5.ppm,1207,2048,306,0.1494140625,3.0,3.842474176669785,2048,1207,19,1188,306,0.58935546875,0.015741507870753936,0.00927734375,0.06209150326797386,0.1494140625,3.0,2.3803735966953408,2.5755022898588,True,1180,0.9776304888152444,0.3134749738351586,17.27462000126252,1.140257176236549,3605,2048,2048,524288,64,float32,256,2503,2048,2048,524288,640.2474200018332,12.60761988720811,489.4926000008127,9.478831465304102,nan,nan,638.9296199995442,12.66101006118973,478.09632000280544,12.420624113912485,nan,nan,kaze,kaze,kaze,bf_ratio,0.8
hpatches,i_brooklyn,illumination,i_brooklyn_1_to_6,1,6,D:\桌面\IACV\Assigment1\data\hpatches\i_brooklyn\1.ppm,D:\桌面\IACV\Assigment1\data\hpatches\i_brooklyn\6.ppm,592,2048,310,0.1513671875,3.0,3.5877249658909833,2048,592,23,569,310,0.2890625,0.03885135135135135,0.01123046875,0.07419354838709677,0.1513671875,3.0,2.609308834366658,2.673812735245416,True,568,0.9594594594594594,0.491880178596453,17.170559997612145,0.9067674814549849,3605,2048,2048,524288,64,float32,256,4860,2048,2048,524288,640.2474200018332,12.60761988720811,489.4926000008127,9.478831465304102,nan,nan,670.3432000009343,27.25889186572508,481.36307999811834,13.434266897047504,nan,nan,kaze,kaze,kaze,bf_ratio,0.8
hpatches,i_castle,illumination,i_castle_1_to_2,1,2,D:\桌面\IACV\Assigment1\data\hpatches\i_castle\1.ppm,D:\桌面\IACV\Assigment1\data\hpatches\i_castle\2.ppm,104,1746,716,0.41008018327605955,3.0,2.3797154559747904,1746,104,67,37,716,0.05956471935853379,0.6442307692307693,0.03837342497136312,0.0935754189944134,0.41008018327605955,3.0,0.869960449260921,0.622790852773179,True,69,0.6634615384615384,0.8991655605918987,14.07127999846125,0.804454887117819,1746,1746,1746,446976,64,float32,256,1951,1951,1951,499456,206.36990000057267,8.618007054636886,168.99384000134887,1.2229141436813193,nan,nan,197.79679999919608,6.473824236095491,174.7886399985873,3.736180342931183,nan,nan,kaze,kaze,kaze,bf_ratio,0.8
hpatches,i_castle,illumination,i_castle_1_to_3,1,3,D:\桌面\IACV\Assigment1\data\hpatches\i_castle\1.ppm,D:\桌面\IACV\Assigment1\data\hpatches\i_castle\3.ppm,117,1746,486,0.27835051546391754,3.0,1.0193278286981213,1746,117,87,30,486,0.06701030927835051,0.7435897435897436,0.04982817869415808,0.17901234567901234,0.27835051546391754,3.0,0.8186803500032799,0.7149225052199338,True,88,0.7521367521367521,0.7408804329878258,6.839060001948383,0.3107425461060875,1746,1746,1746,446976,64,float32,256,914,914,914,233984,206.36990000057267,8.618007054636886,168.99384000134887,1.2229141436813193,nan,nan,199.78635999723338,2.006655895240754,155.51111999957357,1.0328338396556425,nan,nan,kaze,kaze,kaze,bf_ratio,0.8
hpatches,i_castle,illumination,i_castle_1_to_4,1,4,D:\桌面\IACV\Assigment1\data\hpatches\i_castle\1.ppm,D:\桌面\IACV\Assigment1\data\hpatches\i_castle\4.ppm,98,1746,291,0.16666666666666666,3.0,3.344984015011687,1746,98,69,29,291,0.056128293241695305,0.7040816326530612,0.03951890034364261,0.23711340206185566,0.16666666666666666,3.0,0.8985892291304693,0.7522563546254206,True,67,0.6836734693877551,0.8347014981980216,4.141059999528807,0.19278301288328542,1746,1746,1746,446976,64,float32,256,468,468,468,119808,206.36990000057267,8.618007054636886,168.99384000134887,1.2229141436813193,nan,nan,195.32248000032268,2.637344440965306,150.17647999920882,2.4353226496389735,nan,nan,kaze,kaze,kaze,bf_ratio,0.8
hpatches,i_castle,illumination,i_castle_1_to_5,1,5,D:\桌面\IACV\Assigment1\data\hpatches\i_castle\1.ppm,D:\桌面\IACV\Assigment1\data\hpatches\i_castle\5.ppm,28,1746,259,0.14833906071019473,3.0,26.318839817196498,1746,28,8,20,259,0.016036655211912942,0.2857142857142857,0.004581901489117984,0.03088803088803089,0.14833906071019473,3.0,1.6624537776058703,1.6720724236592988,True,10,0.35714285714285715,0.8687528389702297,5.483880000247154,0.18643082946061448,1746,1746,1746,446976,64,float32,256,681,681,681,174336,206.36990000057267,8.618007054636886,168.99384000134887,1.2229141436813193,nan,nan,196.99033999931999,2.610083914333408,156.30825999978697,5.307404956315849,nan,nan,kaze,kaze,kaze,bf_ratio,0.8
hpatches,i_castle,illumination,i_castle_1_to_6,1,6,D:\桌面\IACV\Assigment1\data\hpatches\i_castle\1.ppm,D:\桌面\IACV\Assigment1\data\hpatches\i_castle\6.ppm,58,1746,490,0.2806414662084765,3.0,1.9612663985990269,1746,58,32,26,490,0.033218785796105384,0.5517241379310345,0.018327605956471937,0.0653061224489796,0.2806414662084765,3.0,0.9329197178201679,0.8350243018720724,True,32,0.5517241379310345,0.813520219513945,9.690599999157712,0.39174897527609087,1746,1746,1746,446976,64,float32,256,1295,1295,1295,331520,206.36990000057267,8.618007054636886,168.99384000134887,1.2229141436813193,nan,nan,198.54581999970833,1.4115189901497,162.895440000284,2.870110983594351,nan,nan,kaze,kaze,kaze,bf_ratio,0.8
hpatches,i_chestnuts,illumination,i_chestnuts_1_to_2,1,2,D:\桌面\IACV\Assigment1\data\hpatches\i_chestnuts\1.ppm,D:\桌面\IACV\Assigment1\data\hpatches\i_chestnuts\2.ppm,594,1747,1072,0.6136233543216943,3.0,0.8612276093923008,1747,594,561,33,1072,0.340011448196909,0.9444444444444444,0.3211219232970807,0.523320895522388,0.6136233543216943,3.0,0.38833272782348377,0.20572836288262938,True,562,0.9461279461279462,0.40744276268335305,14.234980000765063,0.3527118448060998,1747,1747,1747,447232,64,float32,256,2641,2048,2048,524288,316.1470399994869,6.989745634859726,244.01311999972677,4.983376768697608,nan,nan,307.5226000000839,6.63556960029265,257.9509000002872,10.56754344782803,nan,nan,kaze,kaze,kaze,bf_ratio,0.8
hpatches,i_chestnuts,illumination,i_chestnuts_1_to_3,1,3,D:\桌面\IACV\Assigment1\data\hpatches\i_chestnuts\1.ppm,D:\桌面\IACV\Assigment1\data\hpatches\i_chestnuts\3.ppm,604,1747,1066,0.6101888952489983,3.0,0.7744249608603314,1747,604,575,29,1066,0.3457355466514024,0.9519867549668874,0.3291356611333715,0.5393996247654784,0.6101888952489983,3.0,0.3951468101118413,0.16342565422911173,True,576,0.9536423841059603,0.41337497260857553,14.850460000161547,0.46422871363526674,1747,1747,1747,447232,64,float32,256,2638,2048,2048,524288,316.1470399994869,6.989745634859726,244.01311999972677,4.983376768697608,nan,nan,307.0374200004153,19.563020048780867,243.44638000038685,17.67523213039719,nan,nan,kaze,kaze,kaze,bf_ratio,0.8
hpatches,i_chestnuts,illumination,i_chestnuts_1_to_4,1,4,D:\桌面\IACV\Assigment1\data\hpatches\i_chestnuts\1.ppm,D:\桌面\IACV\Assigment1\data\hpatches\i_chestnuts\4.ppm,622,1747,1093,0.6256439610761305,3.0,0.6826634506608664,1747,622,598,24,1093,0.35603892386949054,0.9614147909967846,0.34230108757870636,0.5471180237877402,0.6256439610761305,3.0,0.3792438681635136,0.1642993580296857,True,599,0.9630225080385852,0.39539391334794155,16.196659997513052,0.5422673907430412,1747,1747,1747,447232,64,float32,256,2335,2048,2048,524288,316.1470399994869,6.989745634859726,244.01311999972677,4.983376768697608,nan,nan,315.3401599978679,8.534358625302193,250.44362000044202,3.6650562327289053,nan,nan,kaze,kaze,kaze,bf_ratio,0.8
hpatches,i_chestnuts,illumination,i_chestnuts_1_to_5,1,5,D:\桌面\IACV\Assigment1\data\hpatches\i_chestnuts\1.ppm,D:\桌面\IACV\Assigment1\data\hpatches\i_chestnuts\5.ppm,424,1747,947,0.5420721236405266,3.0,0.14578248095715327,1747,424,402,22,947,0.24270177447052088,0.9481132075471698,0.23010875787063537,0.4244984160506864,0.5420721236405266,3.0,0.4499122722021649,0.18582448571323903,True,402,0.9481132075471698,0.4552533690808696,13.239240000257269,0.43436330403181095,1747,1747,1747,447232,64,float32,256,1790,1790,1790,458240,316.1470399994869,6.989745634859726,244.01311999972677,4.983376768697608,nan,nan,312.83734000317054,5.087034933583922,244.24223999812966,7.711899877871404,nan,nan,kaze,kaze,kaze,bf_ratio,0.8
hpatches,i_chestnuts,illumination,i_chestnuts_1_to_6,1,6,D:\桌面\IACV\Assigment1\data\hpatches\i_chestnuts\1.ppm,D:\桌面\IACV\Assigment1\data\hpatches\i_chestnuts\6.ppm,130,1747,677,0.38752146536920434,3.0,1.8208601659823014,1747,130,103,27,677,0.07441327990841443,0.7923076923076923,0.0589582140812822,0.15214180206794684,0.38752146536920434,3.0,0.5781748064945001,0.3194705099211096,True,103,0.7923076923076923,0.7263906865926641,13.869060001161415,0.41639463253275977,1747,1747,1747,447232,64,float32,256,1636,1636,1636,418816,316.1470399994869,6.989745634859726,244.01311999972677,4.983376768697608,nan,nan,299.49387999949977,11.421927386304711,242.0475000020815,5.316250150964468,nan,nan,kaze,kaze,kaze,bf_ratio,0.8
hpatches,i_contruction,illumination,i_contruction_1_to_2,1,2,D:\桌面\IACV\Assigment1\data\hpatches\i_contruction\1.ppm,D:\桌面\IACV\Assigment1\data\hpatches\i_contruction\2.ppm,1638,2048,1856,0.90625,3.0,0.273715767199666,2048,1638,1627,11,1856,0.7998046875,0.9932844932844933,0.79443359375,0.8766163793103449,0.90625,3.0,0.1833013541105689,0.11703564023185538,True,1627,0.9932844932844933,0.18601319730464316,9.435560001293197,0.13831572115735302,4521,2048,2048,524288,64,float32,256,4476,2048,2048,524288,1267.1809000021312,29.39243505520303,1031.6728999998304,33.85564637847711,nan,nan,1268.1466199996066,36.58476324894135,1009.4247799992445,16.07748791692237,nan,nan,kaze,kaze,kaze,bf_ratio,0.8
hpatches,i_contruction,illumination,i_contruction_1_to_3,1,3,D:\桌面\IACV\Assigment1\data\hpatches\i_contruction\1.ppm,D:\桌面\IACV\Assigment1\data\hpatches\i_contruction\3.ppm,1606,2048,1834,0.8955078125,3.0,0.06826519869792899,2048,1606,1591,15,1834,0.7841796875,0.9906600249066002,0.77685546875,0.8675027262813523,0.8955078125,3.0,0.18586297745265898,0.11988816486441166,True,1591,0.9906600249066002,0.18185906316826012,9.731320000719279,0.3178738576211453,4521,2048,2048,524288,64,float32,256,4419,2048,2048,524288,1267.1809000021312,29.39243505520303,1031.6728999998304,33.85564637847711,nan,nan,1245.4410800011829,16.98972183537541,1013.2811999996193,20.799277365236726,nan,nan,kaze,kaze,kaze,bf_ratio,0.8
hpatches,i_contruction,illumination,i_contruction_1_to_4,1,4,D:\桌面\IACV\Assigment1\data\hpatches\i_contruction\1.ppm,D:\桌面\IACV\Assigment1\data\hpatches\i_contruction\4.ppm,1198,2048,1543,0.75341796875,3.0,0.32475644760536965,2048,1198,1167,31,1543,0.5849609375,0.9741235392320534,0.56982421875,0.7563188593648736,0.75341796875,3.0,0.3417656495600559,0.22548075283826932,True,1168,0.9749582637729549,0.3434198679444913,9.332480000739451,0.21119135142986875,4521,2048,2048,524288,64,float32,256,4068,2048,2048,524288,1267.1809000021312,29.39243505520303,1031.6728999998304,33.85564637847711,nan,nan,1278.5398399995756,50.187566442212535,1000.751599999785,25.44955572537499,nan,nan,kaze,kaze,kaze,bf_ratio,0.8
hpatches,i_contruction,illumination,i_contruction_1_to_5,1,5,D:\桌面\IACV\Assigment1\data\hpatches\i_contruction\1.ppm,D:\桌面\IACV\Assigment1\data\hpatches\i_contruction\5.ppm,331,2048,747,0.36474609375,3.0,0.7743526625719397,2048,331,299,32,747,0.16162109375,0.9033232628398792,0.14599609375,0.4002677376171352,0.36474609375,3.0,0.7867048443662611,0.6416819651259009,True,299,0.9033232628398792,0.7739308477529592,8.728599997994024,0.47134742852676126,4521,2048,2048,524288,64,float32,256,5048,2048,2048,524288,1267.1809000021312,29.39243505520303,1031.6728999998304,33.85564637847711,nan,nan,1349.679859999742,95.55625862517321,1033.903239997744,20.19743831371565,nan,nan,kaze,kaze,kaze,bf_ratio,0.8
hpatches,i_contruction,illumination,i_contruction_1_to_6,1,6,D:\桌面\IACV\Assigment1\data\hpatches\i_contruction\1.ppm,D:\桌面\IACV\Assigment1\data\hpatches\i_contruction\6.ppm,157,2048,495,0.24169921875,3.0,0.6027809399718354,2048,157,128,29,495,0.07666015625,0.8152866242038217,0.0625,0.2585858585858586,0.24169921875,3.0,0.9757811415992768,0.839338340776735,True,128,0.8152866242038217,0.9083783085345725,8.375399999204092,0.14696897812905166,4521,2048,2048,524288,64,float32,256,4487,2048,2048,524288,1267.1809000021312,29.39243505520303,1031.6728999998304,33.85564637847711,nan,nan,1256.3020400004461,27.575677281352522,990.8113400029833,18.068475666653132,nan,nan,kaze,kaze,kaze,bf_ratio,0.8
hpatches,i_crownday,illumination,i_crownday_1_to_2,1,2,D:\桌面\IACV\Assigment1\data\hpatches\i_crownday\1.ppm,D:\桌面\IACV\Assigment1\data\hpatches\i_crownday\2.ppm,80,983,368,0.3743641912512716,3.0,1.4106105181966873,983,80,54,26,368,0.08138351983723296,0.675,0.054933875890132246,0.14673913043478262,0.3743641912512716,3.0,0.6806978795114674,0.46100700945679113,True,54,0.675,0.6226487247324651,4.241400001046713,0.3099711133368799,983,983,983,251648,64,float32,256,2007,2007,2007,513792,547.725240001455,15.866797621805707,445.51705999911064,23.25973477043994,nan,nan,976.380740001332,259.7093640144287,556.9783799990546,102.62021631220338,nan,nan,kaze,kaze,kaze,bf_ratio,0.8
hpatches,i_crownday,illumination,i_crownday_1_to_3,1,3,D:\桌面\IACV\Assigment1\data\hpatches\i_crownday\1.ppm,D:\桌面\IACV\Assigment1\data\hpatches\i_crownday\3.ppm,143,983,441,0.4486266531027467,3.0,1.3541308351752444,983,143,120,23,441,0.14547304170905392,0.8391608391608392,0.12207527975584945,0.272108843537415,0.4486266531027467,3.0,0.7449753754895246,0.499758216968191,True,119,0.8321678321678322,0.7016547502759214,3.2878200014238246,0.1305087787768634,983,983,983,251648,64,float32,256,1610,1610,1610,412160,547.725240001455,15.866797621805707,445.51705999911064,23.25973477043994,nan,nan,584.8347400009516,38.07801850411849,486.6044200025499,21.518643138636154,nan,nan,kaze,kaze,kaze,bf_ratio,0.8
hpatches,i_crownday,illumination,i_crownday_1_to_4,1,4,D:\桌面\IACV\Assigment1\data\hpatches\i_crownday\1.ppm,D:\桌面\IACV\Assigment1\data\hpatches\i_crownday\4.ppm,267,983,520,0.5289928789420142,3.0,1.841983804707138,983,267,237,30,520,0.271617497456765,0.8876404494382022,0.24109867751780265,0.45576923076923076,0.5289928789420142,3.0,0.7684747236141439,0.6477866630058668,True,240,0.898876404494382,0.7349374573087407,3.042839998670388,0.08797534877411196,983,983,983,251648,64,float32,256,1365,1365,1365,349440,547.725240001455,15.866797621805707,445.51705999911064,23.25973477043994,nan,nan,595.3948800015496,52.150605431343465,465.3221400003531,7.688545268212074,nan,nan,kaze,kaze,kaze,bf_ratio,0.8
hpatches,i_crownday,illumination,i_crownday_1_to_5,1,5,D:\桌面\IACV\Assigment1\data\hpatches\i_crownday\1.ppm,D:\桌面\IACV\Assigment1\data\hpatches\i_crownday\5.ppm,416,983,559,0.5686673448626653,3.0,0.7902596890680724,983,416,369,47,559,0.4231943031536114,0.8870192307692307,0.37538148524923703,0.6601073345259392,0.5686673448626653,3.0,0.7633063386342664,0.5984006372358186,True,370,0.8894230769230769,0.5588531034870182,2.191140002105385,0.07582465541896176,983,983,983,251648,64,float32,256,912,912,912,233472,547.725240001455,15.866797621805707,445.51705999911064,23.25973477043994,nan,nan,608.76675999898,17.329044618834665,460.7219199970132,23.953771721188286,nan,nan,kaze,kaze,kaze,bf_ratio,0.8
hpatches,i_crownday,illumination,i_crownday_1_to_6,1,6,D:\桌面\IACV\Assigment1\data\hpatches\i_crownday\1.ppm,D:\桌面\IACV\Assigment1\data\hpatches\i_crownday\6.ppm,82,983,347,0.35300101729399797,3.0,1.4081454578781827,983,82,60,22,347,0.08341810783316378,0.7317073170731707,0.061037639877924724,0.1729106628242075,0.35300101729399797,3.0,0.8210543334143582,0.7564556956177582,True,59,0.7195121951219512,0.5173526114768825,4.047399999399204,0.2404003485096889,983,983,983,251648,64,float32,256,1968,1968,1968,503808,547.725240001455,15.866797621805707,445.51705999911064,23.25973477043994,nan,nan,582.0915400006925,19.41012952062209,469.28596000070684,33.1804413683316,nan,nan,kaze,kaze,kaze,bf_ratio,0.8
hpatches,i_crownnight,illumination,i_crownnight_1_to_2,1,2,D:\桌面\IACV\Assigment1\data\hpatches\i_crownnight\1.ppm,D:\桌面\IACV\Assigment1\data\hpatches\i_crownnight\2.ppm,367,2048,784,0.3828125,3.0,0.7315076145172337,2048,367,318,49,784,0.17919921875,0.8664850136239782,0.1552734375,0.40561224489795916,0.3828125,3.0,0.7909683002628327,0.6105728798361432,True,319,0.8692098092643051,0.7359741327574654,18.43271999969147,0.2908876939411898,3881,2048,2048,524288,64,float32,256,2500,2048,2048,524288,1255.407660000492,13.951697810899912,994.0334599989001,43.62622276199942,nan,nan,1251.2599600027897,34.01418423320246,919.3274400007795,48.73797927237957,nan,nan,kaze,kaze,kaze,bf_ratio,0.8
hpatches,i_crownnight,illumination,i_crownnight_1_to_3,1,3,D:\桌面\IACV\Assigment1\data\hpatches\i_crownnight\1.ppm,D:\桌面\IACV\Assigment1\data\hpatches\i_crownnight\3.ppm,335,2048,744,0.36328125,3.0,0.3033593260620079,2048,335,281,54,744,0.16357421875,0.8388059701492537,0.13720703125,0.37768817204301075,0.36328125,3.0,0.8294571126090362,0.6432833487685046,True,280,0.835820895522388,0.7362272630211072,18.06834000017261,0.7542128207185093,3881,2048,2048,524288,64,float32,256,2674,2048,2048,524288,1255.407660000492,13.951697810899912,994.0334599989001,43.62622276199942,nan,nan,1235.0202200002968,19.502216729749208,909.9172999995062,34.15825582917291,nan,nan,kaze,kaze,kaze,bf_ratio,0.8
hpatches,i_crownnight,illumination,i_crownnight_1_to_4,1,4,D:\桌面\IACV\Assigment1\data\hpatches\i_crownnight\1.ppm,D:\桌面\IACV\Assigment1\data\hpatches\i_crownnight\4.ppm,293,2048,692,0.337890625,3.0,1.0155796602924818,2048,293,228,65,692,0.14306640625,0.7781569965870307,0.111328125,0.32947976878612717,0.337890625,3.0,0.8681106746616821,0.6664254681665903,True,228,0.7781569965870307,0.8098257575406093,18.119939998723567,0.6309841589594829,3881,2048,2048,524288,64,float32,256,2721,2048,2048,524288,1255.407660000492,13.951697810899912,994.0334599989001,43.62622276199942,nan,nan,1285.775100000319,24.657802884661113,905.2795799987507,15.560874682301925,nan,nan,kaze,kaze,kaze,bf_ratio,0.8
hpatches,i_crownnight,illumination,i_crownnight_1_to_5,1,5,D:\桌面\IACV\Assigment1\data\hpatches\i_crownnight\1.ppm,D:\桌面\IACV\Assigment1\data\hpatches\i_crownnight\5.ppm,167,2048,459,0.22412109375,3.0,2.1229603115063886,2048,167,118,49,459,0.08154296875,0.7065868263473054,0.0576171875,0.2570806100217865,0.22412109375,3.0,0.8562847063970935,0.6565787845022413,True,117,0.7005988023952096,0.7365125691752634,13.588800000434276,0.5557562336017152,3881,2048,2048,524288,64,float32,256,1539,1539,1539,393984,1255.407660000492,13.951697810899912,994.0334599989001,43.62622276199942,nan,nan,1263.6009199995897,21.97704772335113,916.3474999979371,22.228179624216057,nan,nan,kaze,kaze,kaze,bf_ratio,0.8
hpatches,i_crownnight,illumination,i_crownnight_1_to_6,1,6,D:\桌面\IACV\Assigment1\data\hpatches\i_crownnight\1.ppm,D:\桌面\IACV\Assigment1\data\hpatches\i_crownnight\6.ppm,21,2048,16,0.0078125,3.0,1145.7429452992837,2048,21,0,21,16,0.01025390625,0.0,0.0,0.0,0.0078125,3.0,nan,nan,True,4,0.19047619047619047,3.706522952820465e-13,4.752480000024661,0.14232707911253722,3881,2048,2048,524288,64,float32,256,492,492,492,125952,1255.407660000492,13.951697810899912,994.0334599989001,43.62622276199942,nan,nan,1193.9825400011614,13.855422937291312,853.35136000067,29.23333880327224,nan,nan,kaze,kaze,kaze,bf_ratio,0.8
