dataset,sequence,category,pair,reference_index,target_index,image1,image2,raw_putative_matches,detector_n_features,detector_n_correspondences,detector_repeatability,ransac_threshold_px,homography_error_px,n_features,n_putative,n_correct,n_incorrect,n_correspondences,pmr,precision,matching_score,recall,repeatability,correctness_threshold_px,mean_correct_gt_error_px,median_correct_gt_error_px,homography_success,ransac_inliers,ransac_inlier_ratio,ransac_reprojection_error_px,matching_ms,matching_std_ms,detected_before_limit_image1,detected_keypoints_image1,features_image1_total,descriptor_memory_bytes_image1,descriptor_dim,descriptor_dtype,bytes_per_descriptor,detected_before_limit_image2,detected_keypoints_image2,features_image2_total,descriptor_memory_bytes_image2,detection_ms_image1,detection_std_ms_image1,description_ms_image1,description_std_ms_image1,joint_extraction_ms_image1,joint_extraction_std_ms_image1,detection_ms_image2,detection_std_ms_image2,description_ms_image2,description_std_ms_image2,joint_extraction_ms_image2,joint_extraction_std_ms_image2,method,detector,descriptor,matcher,ratio_threshold
hpatches,i_ajuntament,illumination,i_ajuntament_1_to_2,1,2,D:\桌面\IACV\Assigment1\data\hpatches\i_ajuntament\1.ppm,D:\桌面\IACV\Assigment1\data\hpatches\i_ajuntament\2.ppm,587,954,680,0.7127882599580713,3.0,0.8042026415898997,954,587,540,47,680,0.6153039832285115,0.919931856899489,0.5660377358490566,0.7941176470588235,0.7127882599580713,3.0,0.9568965255887747,1.0,True,540,0.919931856899489,1.0155349476751607,6.099820000235923,0.179533009227335,nan,954,954,976896,256,float32,1024,nan,909,909,930816,nan,nan,nan,nan,9.353059998829849,0.12995521684605593,nan,nan,nan,nan,9.496440000657458,0.336743283549214,superpoint,superpoint,superpoint,bf_ratio,0.8
hpatches,i_ajuntament,illumination,i_ajuntament_1_to_3,1,3,D:\桌面\IACV\Assigment1\data\hpatches\i_ajuntament\1.ppm,D:\桌面\IACV\Assigment1\data\hpatches\i_ajuntament\3.ppm,114,954,474,0.4968553459119497,3.0,1.1434455172927191,954,114,89,25,474,0.11949685534591195,0.7807017543859649,0.09329140461215933,0.1877637130801688,0.4968553459119497,3.0,1.2577162594377576,1.0,True,90,0.7894736842105263,1.3032954894254112,6.118980000610463,0.12881814131023628,nan,954,954,976896,256,float32,1024,nan,946,946,968704,nan,nan,nan,nan,9.353059998829849,0.12995521684605593,nan,nan,nan,nan,10.150159998738673,1.5246713888890613,superpoint,superpoint,superpoint,bf_ratio,0.8
hpatches,i_ajuntament,illumination,i_ajuntament_1_to_4,1,4,D:\桌面\IACV\Assigment1\data\hpatches\i_ajuntament\1.ppm,D:\桌面\IACV\Assigment1\data\hpatches\i_ajuntament\4.ppm,42,954,292,0.3060796645702306,3.0,6.321190283955068,954,42,30,12,292,0.0440251572327044,0.7142857142857143,0.031446540880503145,0.10273972602739725,0.3060796645702306,3.0,1.253589962303701,1.2071067811865475,True,34,0.8095238095238095,1.3971580098130454,4.182440000295173,0.11754110000881834,nan,954,954,976896,256,float32,1024,nan,645,645,660480,nan,nan,nan,nan,9.353059998829849,0.12995521684605593,nan,nan,nan,nan,9.348120001959614,0.10433805487599557,superpoint,superpoint,superpoint,bf_ratio,0.8
hpatches,i_ajuntament,illumination,i_ajuntament_1_to_5,1,5,D:\桌面\IACV\Assigment1\data\hpatches\i_ajuntament\1.ppm,D:\桌面\IACV\Assigment1\data\hpatches\i_ajuntament\5.ppm,61,954,299,0.31341719077568136,3.0,3.4672739396361067,954,61,51,10,299,0.0639412997903564,0.8360655737704918,0.05345911949685535,0.1705685618729097,0.31341719077568136,3.0,1.2071591411441016,1.0,True,53,0.8688524590163934,1.29277396542261,4.096059997391421,0.15707523865388826,nan,954,954,976896,256,float32,1024,nan,623,623,637952,nan,nan,nan,nan,9.353059998829849,0.12995521684605593,nan,nan,nan,nan,9.320959998876788,0.13398654562857876,superpoint,superpoint,superpoint,bf_ratio,0.8
hpatches,i_ajuntament,illumination,i_ajuntament_1_to_6,1,6,D:\桌面\IACV\Assigment1\data\hpatches\i_ajuntament\1.ppm,D:\桌面\IACV\Assigment1\data\hpatches\i_ajuntament\6.ppm,40,954,301,0.31551362683438156,3.0,2.6524302087595726,954,40,30,10,301,0.041928721174004195,0.75,0.031446540880503145,0.09966777408637874,0.31551362683438156,3.0,1.3480899567825568,1.4142135623730951,True,30,0.75,1.0225454669998706,4.459319997113198,0.13599446109708985,nan,954,954,976896,256,float32,1024,nan,633,633,648192,nan,nan,nan,nan,9.353059998829849,0.12995521684605593,nan,nan,nan,nan,9.227619999728631,0.7981619591549219,superpoint,superpoint,superpoint,bf_ratio,0.8
hpatches,i_autannes,illumination,i_autannes_1_to_2,1,2,D:\桌面\IACV\Assigment1\data\hpatches\i_autannes\1.ppm,D:\桌面\IACV\Assigment1\data\hpatches\i_autannes\2.ppm,719,2048,1046,0.5107421875,3.0,0.402959739449527,2048,719,663,56,1046,0.35107421875,0.9221140472878998,0.32373046875,0.6338432122370937,0.5107421875,3.0,0.9130193557847764,1.0,True,659,0.9165507649513213,0.9333464908203533,29.53117999859387,0.5565474427046315,nan,2048,2048,2097152,256,float32,1024,nan,2048,2048,2097152,nan,nan,nan,nan,28.12017999967793,0.18658818052099965,nan,nan,nan,nan,28.369939999538474,0.2709366633828439,superpoint,superpoint,superpoint,bf_ratio,0.8
hpatches,i_autannes,illumination,i_autannes_1_to_3,1,3,D:\桌面\IACV\Assigment1\data\hpatches\i_autannes\1.ppm,D:\桌面\IACV\Assigment1\data\hpatches\i_autannes\3.ppm,552,2048,933,0.45556640625,3.0,4.170923453439514,2048,552,503,49,933,0.26953125,0.9112318840579711,0.24560546875,0.5391211146838156,0.45556640625,3.0,0.9539082943684672,1.0,True,480,0.8695652173913043,1.1142304807937733,31.101459999626968,0.8803403075028599,nan,2048,2048,2097152,256,float32,1024,nan,2048,2048,2097152,nan,nan,nan,nan,28.12017999967793,0.18658818052099965,nan,nan,nan,nan,27.935699999216013,0.26149934612015074,superpoint,superpoint,superpoint,bf_ratio,0.8
hpatches,i_autannes,illumination,i_autannes_1_to_4,1,4,D:\桌面\IACV\Assigment1\data\hpatches\i_autannes\1.ppm,D:\桌面\IACV\Assigment1\data\hpatches\i_autannes\4.ppm,130,2048,330,0.1611328125,3.0,5.526421490143955,2048,130,66,64,330,0.0634765625,0.5076923076923077,0.0322265625,0.2,0.1611328125,3.0,1.7210488323099842,1.7071067811865475,True,97,0.7461538461538462,1.3361525322111696,30.38539999979548,1.1413311568576283,nan,2048,2048,2097152,256,float32,1024,nan,2048,2048,2097152,nan,nan,nan,nan,28.12017999967793,0.18658818052099965,nan,nan,nan,nan,28.460139999515377,0.0858303101160333,superpoint,superpoint,superpoint,bf_ratio,0.8
hpatches,i_autannes,illumination,i_autannes_1_to_5,1,5,D:\桌面\IACV\Assigment1\data\hpatches\i_autannes\1.ppm,D:\桌面\IACV\Assigment1\data\hpatches\i_autannes\5.ppm,143,2048,440,0.21484375,3.0,2.8277135611029567,2048,143,105,38,440,0.06982421875,0.7342657342657343,0.05126953125,0.23863636363636365,0.21484375,3.0,1.435599345388661,1.4142135623730951,True,106,0.7412587412587412,1.5081051984838578,30.999860001611523,0.44030834386902057,nan,2048,2048,2097152,256,float32,1024,nan,2048,2048,2097152,nan,nan,nan,nan,28.12017999967793,0.18658818052099965,nan,nan,nan,nan,28.446500000427477,0.2943816222096428,superpoint,superpoint,superpoint,bf_ratio,0.8
hpatches,i_autannes,illumination,i_autannes_1_to_6,1,6,D:\桌面\IACV\Assigment1\data\hpatches\i_autannes\1.ppm,D:\桌面\IACV\Assigment1\data\hpatches\i_autannes\6.ppm,485,2048,946,0.4619140625,3.0,2.121798757412483,2048,485,417,68,946,0.23681640625,0.8597938144329897,0.20361328125,0.4408033826638478,0.4619140625,3.0,1.2439510084197312,1.0,True,407,0.8391752577319588,1.2329319651577757,30.583640000259038,1.1590548399832434,nan,2048,2048,2097152,256,float32,1024,nan,2048,2048,2097152,nan,nan,nan,nan,28.12017999967793,0.18658818052099965,nan,nan,nan,nan,28.31960000039544,0.15089335194370937,superpoint,superpoint,superpoint,bf_ratio,0.8
hpatches,i_bologna,illumination,i_bologna_1_to_2,1,2,D:\桌面\IACV\Assigment1\data\hpatches\i_bologna\1.ppm,D:\桌面\IACV\Assigment1\data\hpatches\i_bologna\2.ppm,359,648,497,0.7669753086419753,3.0,1.1980019503204344,648,359,343,16,497,0.5540123456790124,0.9554317548746518,0.529320987654321,0.6901408450704225,0.7669753086419753,3.0,0.7846143078036725,1.0,True,342,0.9526462395543176,0.8702442731608276,3.5117000006721355,0.12235415778421474,nan,648,648,663552,256,float32,1024,nan,759,759,777216,nan,nan,nan,nan,7.503539999015629,0.04695200338910343,nan,nan,nan,nan,7.511979997798335,0.05425850769909474,superpoint,superpoint,superpoint,bf_ratio,0.8
hpatches,i_bologna,illumination,i_bologna_1_to_3,1,3,D:\桌面\IACV\Assigment1\data\hpatches\i_bologna\1.ppm,D:\桌面\IACV\Assigment1\data\hpatches\i_bologna\3.ppm,251,648,465,0.7175925925925926,3.0,0.7878034270306542,648,251,237,14,465,0.3873456790123457,0.9442231075697212,0.36574074074074076,0.5096774193548387,0.7175925925925926,3.0,0.7928301144675869,1.0,True,238,0.9482071713147411,0.8511923297769735,3.8214200001675636,0.12781468681714925,nan,648,648,663552,256,float32,1024,nan,772,772,790528,nan,nan,nan,nan,7.503539999015629,0.04695200338910343,nan,nan,nan,nan,7.887820000178181,0.5362003441101736,superpoint,superpoint,superpoint,bf_ratio,0.8
hpatches,i_bologna,illumination,i_bologna_1_to_4,1,4,D:\桌面\IACV\Assigment1\data\hpatches\i_bologna\1.ppm,D:\桌面\IACV\Assigment1\data\hpatches\i_bologna\4.ppm,198,648,481,0.7422839506172839,3.0,0.3791779870239582,648,198,190,8,481,0.3055555555555556,0.9595959595959596,0.2932098765432099,0.39501039501039503,0.7422839506172839,3.0,0.7966301456030456,1.0,True,191,0.9646464646464646,0.8458340471121031,3.9645600016228855,0.1987469018567179,nan,648,648,663552,256,float32,1024,nan,844,844,864256,nan,nan,nan,nan,7.503539999015629,0.04695200338910343,nan,nan,nan,nan,8.66336000035517,1.3912375773235797,superpoint,superpoint,superpoint,bf_ratio,0.8
hpatches,i_bologna,illumination,i_bologna_1_to_5,1,5,D:\桌面\IACV\Assigment1\data\hpatches\i_bologna\1.ppm,D:\桌面\IACV\Assigment1\data\hpatches\i_bologna\5.ppm,160,648,433,0.6682098765432098,3.0,1.1298232369160164,648,160,144,16,433,0.24691358024691357,0.9,0.2222222222222222,0.3325635103926097,0.6682098765432098,3.0,0.836870750752419,1.0,True,143,0.89375,0.854026928842463,3.738499997416511,0.12692308083605913,nan,648,648,663552,256,float32,1024,nan,809,809,828416,nan,nan,nan,nan,7.503539999015629,0.04695200338910343,nan,nan,nan,nan,8.275819999107625,1.4457199674085617,superpoint,superpoint,superpoint,bf_ratio,0.8
hpatches,i_bologna,illumination,i_bologna_1_to_6,1,6,D:\桌面\IACV\Assigment1\data\hpatches\i_bologna\1.ppm,D:\桌面\IACV\Assigment1\data\hpatches\i_bologna\6.ppm,131,648,435,0.6712962962962963,3.0,2.758394757049433,648,131,118,13,435,0.2021604938271605,0.9007633587786259,0.18209876543209877,0.271264367816092,0.6712962962962963,3.0,1.0113374172296148,1.0,True,116,0.8854961832061069,1.058130413040031,3.5516599993570708,0.0954298192858707,nan,648,648,663552,256,float32,1024,nan,818,818,837632,nan,nan,nan,nan,7.503539999015629,0.04695200338910343,nan,nan,nan,nan,8.07351999974344,0.8274498288218373,superpoint,superpoint,superpoint,bf_ratio,0.8
hpatches,i_books,illumination,i_books_1_to_2,1,2,D:\桌面\IACV\Assigment1\data\hpatches\i_books\1.ppm,D:\桌面\IACV\Assigment1\data\hpatches\i_books\2.ppm,725,1387,1008,0.7267483777937995,3.0,0.12050668355772154,1387,725,668,57,1008,0.5227108868060563,0.9213793103448276,0.4816149963950973,0.6626984126984127,0.7267483777937995,3.0,0.6261173162630815,0.0,True,663,0.9144827586206896,0.6371934472959498,13.906300000962801,0.13631316975405652,nan,1387,1387,1420288,256,float32,1024,nan,1400,1400,1433600,nan,nan,nan,nan,13.10747999814339,0.14702898343046125,nan,nan,nan,nan,13.319359999150038,0.1352798245453558,superpoint,superpoint,superpoint,bf_ratio,0.8
hpatches,i_books,illumination,i_books_1_to_3,1,3,D:\桌面\IACV\Assigment1\data\hpatches\i_books\1.ppm,D:\桌面\IACV\Assigment1\data\hpatches\i_books\3.ppm,596,1387,969,0.6986301369863014,3.0,0.2059348266296151,1387,596,551,45,969,0.4297043979812545,0.924496644295302,0.3972602739726027,0.5686274509803921,0.6986301369863014,3.0,0.5837976117116955,0.0,True,549,0.9211409395973155,0.6292696798515961,14.07887999957893,0.3504695773698993,nan,1387,1387,1420288,256,float32,1024,nan,1397,1397,1430528,nan,nan,nan,nan,13.10747999814339,0.14702898343046125,nan,nan,nan,nan,13.138200000685174,0.23237895896388938,superpoint,superpoint,superpoint,bf_ratio,0.8
hpatches,i_books,illumination,i_books_1_to_4,1,4,D:\桌面\IACV\Assigment1\data\hpatches\i_books\1.ppm,D:\桌面\IACV\Assigment1\data\hpatches\i_books\4.ppm,719,1387,996,0.7180966113914924,3.0,0.14010898060296348,1387,719,675,44,996,0.5183850036049027,0.9388038942976356,0.48666186012977647,0.677710843373494,0.7180966113914924,3.0,0.566674518197247,0.0,True,673,0.9360222531293463,0.6014427929473776,13.69785999704618,0.259686368950354,nan,1387,1387,1420288,256,float32,1024,nan,1377,1377,1410048,nan,nan,nan,nan,13.10747999814339,0.14702898343046125,nan,nan,nan,nan,13.124400001834147,0.10953052687300496,superpoint,superpoint,superpoint,bf_ratio,0.8
hpatches,i_books,illumination,i_books_1_to_5,1,5,D:\桌面\IACV\Assigment1\data\hpatches\i_books\1.ppm,D:\桌面\IACV\Assigment1\data\hpatches\i_books\5.ppm,808,1387,1012,0.7296322999279019,3.0,0.19722791456035477,1387,808,768,40,1012,0.5825522710886806,0.9504950495049505,0.5537130497476568,0.758893280632411,0.7296322999279019,3.0,0.599215119639788,0.0,True,767,0.9492574257425742,0.6452296266646326,13.403819999075495,0.15770890347140037,nan,1387,1387,1420288,256,float32,1024,nan,1351,1351,1383424,nan,nan,nan,nan,13.10747999814339,0.14702898343046125,nan,nan,nan,nan,13.011680000636261,0.09705710379081438,superpoint,superpoint,superpoint,bf_ratio,0.8
hpatches,i_books,illumination,i_books_1_to_6,1,6,D:\桌面\IACV\Assigment1\data\hpatches\i_books\1.ppm,D:\桌面\IACV\Assigment1\data\hpatches\i_books\6.ppm,765,1387,1014,0.7310742609949531,3.0,0.1429069310127038,1387,765,718,47,1014,0.55155010814708,0.938562091503268,0.517664023071377,0.7080867850098619,0.7310742609949531,3.0,0.5209711147130841,0.0,True,716,0.9359477124183007,0.5493185263124597,14.222520001931116,0.5849467888994693,nan,1387,1387,1420288,256,float32,1024,nan,1404,1404,1437696,nan,nan,nan,nan,13.10747999814339,0.14702898343046125,nan,nan,nan,nan,13.121819999651052,0.10005975066135804,superpoint,superpoint,superpoint,bf_ratio,0.8
hpatches,i_boutique,illumination,i_boutique_1_to_2,1,2,D:\桌面\IACV\Assigment1\data\hpatches\i_boutique\1.ppm,D:\桌面\IACV\Assigment1\data\hpatches\i_boutique\2.ppm,931,2048,1363,0.66552734375,3.0,0.38435962069605323,2048,931,854,77,1363,0.45458984375,0.9172932330827067,0.4169921875,0.6265590608950844,0.66552734375,3.0,0.7478988851068926,1.0,True,855,0.9183673469387755,0.8280409546106123,29.928139998810366,0.6184805528564776,nan,2048,2048,2097152,256,float32,1024,nan,2048,2048,2097152,nan,nan,nan,nan,13.229379999393132,0.13433947296177956,nan,nan,nan,nan,13.12414000130957,0.061894931860094905,superpoint,superpoint,superpoint,bf_ratio,0.8
hpatches,i_boutique,illumination,i_boutique_1_to_3,1,3,D:\桌面\IACV\Assigment1\data\hpatches\i_boutique\1.ppm,D:\桌面\IACV\Assigment1\data\hpatches\i_boutique\3.ppm,664,2048,1261,0.61572265625,3.0,0.16962285335518368,2048,664,599,65,1261,0.32421875,0.9021084337349398,0.29248046875,0.47501982553528943,0.61572265625,3.0,0.878030840845709,1.0,True,595,0.8960843373493976,0.9074152137390569,29.800960001011845,0.6843209138008081,nan,2048,2048,2097152,256,float32,1024,nan,2048,2048,2097152,nan,nan,nan,nan,13.229379999393132,0.13433947296177956,nan,nan,nan,nan,13.377020000189077,0.2922613173165478,superpoint,superpoint,superpoint,bf_ratio,0.8
hpatches,i_boutique,illumination,i_boutique_1_to_4,1,4,D:\桌面\IACV\Assigment1\data\hpatches\i_boutique\1.ppm,D:\桌面\IACV\Assigment1\data\hpatches\i_boutique\4.ppm,706,2048,1231,0.60107421875,3.0,0.6295082851505348,2048,706,618,88,1231,0.3447265625,0.8753541076487252,0.3017578125,0.5020308692120228,0.60107421875,3.0,0.8919793382669111,1.0,True,617,0.8739376770538244,1.0079513218657072,30.31576000212226,0.8097682392679737,nan,2048,2048,2097152,256,float32,1024,nan,2048,2048,2097152,nan,nan,nan,nan,13.229379999393132,0.13433947296177956,nan,nan,nan,nan,14.50829999812413,0.692803228966599,superpoint,superpoint,superpoint,bf_ratio,0.8
hpatches,i_boutique,illumination,i_boutique_1_to_5,1,5,D:\桌面\IACV\Assigment1\data\hpatches\i_boutique\1.ppm,D:\桌面\IACV\Assigment1\data\hpatches\i_boutique\5.ppm,185,2048,1013,0.49462890625,3.0,0.6127793444326686,2048,185,144,41,1013,0.09033203125,0.7783783783783784,0.0703125,0.14215202369200394,0.49462890625,3.0,1.1260109174900208,1.0,True,145,0.7837837837837838,1.1692816357602225,30.172160001529846,0.4710657662270622,nan,2048,2048,2097152,256,float32,1024,nan,2048,2048,2097152,nan,nan,nan,nan,13.229379999393132,0.13433947296177956,nan,nan,nan,nan,13.34672000084538,0.24263900066944405,superpoint,superpoint,superpoint,bf_ratio,0.8
hpatches,i_boutique,illumination,i_boutique_1_to_6,1,6,D:\桌面\IACV\Assigment1\data\hpatches\i_boutique\1.ppm,D:\桌面\IACV\Assigment1\data\hpatches\i_boutique\6.ppm,178,2048,990,0.4833984375,3.0,2.323664492785051,2048,178,141,37,990,0.0869140625,0.7921348314606742,0.06884765625,0.14242424242424243,0.4833984375,3.0,1.0756981288195988,1.0,True,134,0.7528089887640449,1.2497056338903125,30.893919996742625,0.3282603545284872,nan,2048,2048,2097152,256,float32,1024,nan,2048,2048,2097152,nan,nan,nan,nan,13.229379999393132,0.13433947296177956,nan,nan,nan,nan,13.173659998574294,0.16893036121333266,superpoint,superpoint,superpoint,bf_ratio,0.8
hpatches,i_bridger,illumination,i_bridger_1_to_2,1,2,D:\桌面\IACV\Assigment1\data\hpatches\i_bridger\1.ppm,D:\桌面\IACV\Assigment1\data\hpatches\i_bridger\2.ppm,1080,2048,1166,0.5693359375,3.0,0.6461788530153537,2048,1080,936,144,1166,0.52734375,0.8666666666666667,0.45703125,0.8027444253859348,0.5693359375,3.0,1.144099219237404,1.0,True,952,0.8814814814814815,1.1240681160000765,30.661300002248026,1.0093007853821514,nan,2048,2048,2097152,256,float32,1024,nan,2048,2048,2097152,nan,nan,nan,nan,23.12316000025021,0.12572376902691865,nan,nan,nan,nan,22.994759998982772,0.10979042786170484,superpoint,superpoint,superpoint,bf_ratio,0.8
hpatches,i_bridger,illumination,i_bridger_1_to_3,1,3,D:\桌面\IACV\Assigment1\data\hpatches\i_bridger\1.ppm,D:\桌面\IACV\Assigment1\data\hpatches\i_bridger\3.ppm,827,2048,1048,0.51171875,3.0,1.2196093991913426,2048,827,719,108,1048,0.40380859375,0.8694074969770254,0.35107421875,0.6860687022900763,0.51171875,3.0,1.0887724664082432,1.0,True,713,0.8621523579201935,1.16631648536041,31.2145200005034,0.8594733905743035,nan,2048,2048,2097152,256,float32,1024,nan,2048,2048,2097152,nan,nan,nan,nan,23.12316000025021,0.12572376902691865,nan,nan,nan,nan,23.44913999841083,0.26423087222621355,superpoint,superpoint,superpoint,bf_ratio,0.8
hpatches,i_bridger,illumination,i_bridger_1_to_4,1,4,D:\桌面\IACV\Assigment1\data\hpatches\i_bridger\1.ppm,D:\桌面\IACV\Assigment1\data\hpatches\i_bridger\4.ppm,822,2048,1069,0.52197265625,3.0,0.8554988131062438,2048,822,711,111,1069,0.4013671875,0.864963503649635,0.34716796875,0.6651075771749299,0.52197265625,3.0,1.1755906292152138,1.0,True,714,0.8686131386861314,1.2025056661164026,31.04666000144789,0.9114516937382702,nan,2048,2048,2097152,256,float32,1024,nan,2048,2048,2097152,nan,nan,nan,nan,23.12316000025021,0.12572376902691865,nan,nan,nan,nan,23.370459997386206,0.1297041816299453,superpoint,superpoint,superpoint,bf_ratio,0.8
hpatches,i_bridger,illumination,i_bridger_1_to_5,1,5,D:\桌面\IACV\Assigment1\data\hpatches\i_bridger\1.ppm,D:\桌面\IACV\Assigment1\data\hpatches\i_bridger\5.ppm,442,2048,814,0.3974609375,3.0,0.293811088899244,2048,442,380,62,814,0.2158203125,0.8597285067873304,0.185546875,0.4668304668304668,0.3974609375,3.0,1.221744603099499,1.0,True,373,0.8438914027149321,1.201748877373527,32.15637999965111,0.6488849910666982,nan,2048,2048,2097152,256,float32,1024,nan,2048,2048,2097152,nan,nan,nan,nan,23.12316000025021,0.12572376902691865,nan,nan,nan,nan,23.24636000121245,0.2083896606013918,superpoint,superpoint,superpoint,bf_ratio,0.8
hpatches,i_bridger,illumination,i_bridger_1_to_6,1,6,D:\桌面\IACV\Assigment1\data\hpatches\i_bridger\1.ppm,D:\桌面\IACV\Assigment1\data\hpatches\i_bridger\6.ppm,27,2048,358,0.1748046875,3.0,6.072818624445038,2048,27,16,11,358,0.01318359375,0.5925925925925926,0.0078125,0.0446927374301676,0.1748046875,3.0,1.3612044840228028,1.4142135623730951,True,16,0.5925925925925926,1.259966035991034,31.226199997763615,0.5414632991837196,nan,2048,2048,2097152,256,float32,1024,nan,2048,2048,2097152,nan,nan,nan,nan,23.12316000025021,0.12572376902691865,nan,nan,nan,nan,23.134280000522267,0.18311256158250325,superpoint,superpoint,superpoint,bf_ratio,0.8
hpatches,i_brooklyn,illumination,i_brooklyn_1_to_2,1,2,D:\桌面\IACV\Assigment1\data\hpatches\i_brooklyn\1.ppm,D:\桌面\IACV\Assigment1\data\hpatches\i_brooklyn\2.ppm,719,2048,1300,0.634765625,3.0,0.4094415666609723,2048,719,658,61,1300,0.35107421875,0.9151599443671766,0.3212890625,0.5061538461538462,0.634765625,3.0,1.0471803877026287,1.0,True,665,0.9248956884561892,1.0162991883908858,31.303579999075737,0.8061459170592636,nan,2048,2048,2097152,256,float32,1024,nan,2048,2048,2097152,nan,nan,nan,nan,26.80209999671206,0.2540129210179873,nan,nan,nan,nan,26.930640000500716,0.16946194378186227,superpoint,superpoint,superpoint,bf_ratio,0.8
hpatches,i_brooklyn,illumination,i_brooklyn_1_to_3,1,3,D:\桌面\IACV\Assigment1\data\hpatches\i_brooklyn\1.ppm,D:\桌面\IACV\Assigment1\data\hpatches\i_brooklyn\3.ppm,1572,2048,608,0.296875,3.0,3.4719659679163555,2048,1572,536,1036,608,0.767578125,0.34096692111959287,0.26171875,0.881578947368421,0.296875,3.0,2.768956963128624,3.0,True,1526,0.9707379134860051,0.8987514492404459,32.17315999936545,0.3415814781817719,nan,2048,2048,2097152,256,float32,1024,nan,2048,2048,2097152,nan,nan,nan,nan,26.80209999671206,0.2540129210179873,nan,nan,nan,nan,26.81929999962449,0.22129366132146439,superpoint,superpoint,superpoint,bf_ratio,0.8
hpatches,i_brooklyn,illumination,i_brooklyn_1_to_4,1,4,D:\桌面\IACV\Assigment1\data\hpatches\i_brooklyn\1.ppm,D:\桌面\IACV\Assigment1\data\hpatches\i_brooklyn\4.ppm,417,2048,853,0.41650390625,3.0,2.661269158356025,2048,417,245,172,853,0.20361328125,0.5875299760191847,0.11962890625,0.28722157092614303,0.41650390625,3.0,2.171457933331525,2.23606797749979,True,377,0.9040767386091128,1.160332258372717,30.460040000616573,0.8860916414067901,nan,2048,2048,2097152,256,float32,1024,nan,2048,2048,2097152,nan,nan,nan,nan,26.80209999671206,0.2540129210179873,nan,nan,nan,nan,27.15366000047652,0.11785225827623641,superpoint,superpoint,superpoint,bf_ratio,0.8
hpatches,i_brooklyn,illumination,i_brooklyn_1_to_5,1,5,D:\桌面\IACV\Assigment1\data\hpatches\i_brooklyn\1.ppm,D:\桌面\IACV\Assigment1\data\hpatches\i_brooklyn\5.ppm,1592,2048,297,0.14501953125,3.0,3.824089025217422,2048,1592,253,1339,297,0.77734375,0.15891959798994976,0.12353515625,0.8518518518518519,0.14501953125,3.0,2.7507208248338597,3.0,True,1526,0.9585427135678392,0.9033607220781804,31.31759999814676,1.113764880334328,nan,2048,2048,2097152,256,float32,1024,nan,2048,2048,2097152,nan,nan,nan,nan,26.80209999671206,0.2540129210179873,nan,nan,nan,nan,27.125400000659283,0.2575590874044489,superpoint,superpoint,superpoint,bf_ratio,0.8
hpatches,i_brooklyn,illumination,i_brooklyn_1_to_6,1,6,D:\桌面\IACV\Assigment1\data\hpatches\i_brooklyn\1.ppm,D:\桌面\IACV\Assigment1\data\hpatches\i_brooklyn\6.ppm,805,2048,377,0.18408203125,3.0,3.7052158102122443,2048,805,180,625,377,0.39306640625,0.2236024844720497,0.087890625,0.47745358090185674,0.18408203125,3.0,2.633498541842042,3.0,True,751,0.9329192546583851,1.0011283213858655,31.609679998655338,0.5794111305385367,nan,2048,2048,2097152,256,float32,1024,nan,2048,2048,2097152,nan,nan,nan,nan,26.80209999671206,0.2540129210179873,nan,nan,nan,nan,27.167120001104195,0.2865414532046208,superpoint,superpoint,superpoint,bf_ratio,0.8
hpatches,i_castle,illumination,i_castle_1_to_2,1,2,D:\桌面\IACV\Assigment1\data\hpatches\i_castle\1.ppm,D:\桌面\IACV\Assigment1\data\hpatches\i_castle\2.ppm,188,1881,1017,0.5406698564593302,3.0,1.333211041005177,1881,188,171,17,1017,0.09994683678894205,0.9095744680851063,0.09090909090909091,0.168141592920354,0.5406698564593302,3.0,1.0861995647276903,1.0,True,171,0.9095744680851063,1.082021378892659,23.566979997849558,0.4033158287299636,nan,1881,1881,1926144,256,float32,1024,nan,1727,1727,1768448,nan,nan,nan,nan,8.764239998708945,0.30053198369366707,nan,nan,nan,nan,8.66597999993246,0.07402217099060504,superpoint,superpoint,superpoint,bf_ratio,0.8
hpatches,i_castle,illumination,i_castle_1_to_3,1,3,D:\桌面\IACV\Assigment1\data\hpatches\i_castle\1.ppm,D:\桌面\IACV\Assigment1\data\hpatches\i_castle\3.ppm,338,1881,1040,0.5528973950026581,3.0,0.6946970846272246,1881,338,313,25,1040,0.1796916533758639,0.9260355029585798,0.16640085061137694,0.30096153846153845,0.5528973950026581,3.0,1.013028564861117,1.0,True,312,0.9230769230769231,1.0439816753414686,21.801960001175757,1.0580192655055327,nan,1881,1881,1926144,256,float32,1024,nan,1567,1567,1604608,nan,nan,nan,nan,8.764239998708945,0.30053198369366707,nan,nan,nan,nan,8.481780001602601,0.11673875592715405,superpoint,superpoint,superpoint,bf_ratio,0.8
hpatches,i_castle,illumination,i_castle_1_to_4,1,4,D:\桌面\IACV\Assigment1\data\hpatches\i_castle\1.ppm,D:\桌面\IACV\Assigment1\data\hpatches\i_castle\4.ppm,282,1881,973,0.5172780435938331,3.0,2.0333438883080017,1881,282,259,23,973,0.14992025518341306,0.9184397163120568,0.13769271664008506,0.26618705035971224,0.5172780435938331,3.0,1.0935138085917397,1.0,True,262,0.9290780141843972,1.112823903212788,18.735319998813793,0.572628118396715,nan,1881,1881,1926144,256,float32,1024,nan,1421,1421,1455104,nan,nan,nan,nan,8.764239998708945,0.30053198369366707,nan,nan,nan,nan,8.802199998172,0.20446346304366525,superpoint,superpoint,superpoint,bf_ratio,0.8
hpatches,i_castle,illumination,i_castle_1_to_5,1,5,D:\桌面\IACV\Assigment1\data\hpatches\i_castle\1.ppm,D:\桌面\IACV\Assigment1\data\hpatches\i_castle\5.ppm,134,1881,946,0.5029239766081871,3.0,2.211491019270288,1881,134,120,14,946,0.07123870281765018,0.8955223880597015,0.06379585326953748,0.12684989429175475,0.5029239766081871,3.0,1.1196096246246596,1.0,True,122,0.9104477611940298,1.148090778694773,19.336580000526737,0.4631466567658376,nan,1881,1881,1926144,256,float32,1024,nan,1458,1458,1492992,nan,nan,nan,nan,8.764239998708945,0.30053198369366707,nan,nan,nan,nan,8.716579999600071,0.12874146888255444,superpoint,superpoint,superpoint,bf_ratio,0.8
hpatches,i_castle,illumination,i_castle_1_to_6,1,6,D:\桌面\IACV\Assigment1\data\hpatches\i_castle\1.ppm,D:\桌面\IACV\Assigment1\data\hpatches\i_castle\6.ppm,154,1881,1024,0.5443912812333865,3.0,1.3659503188576447,1881,154,142,12,1024,0.08187134502923976,0.922077922077922,0.07549175970228601,0.138671875,0.5443912812333865,3.0,1.0519216414353356,1.0,True,144,0.935064935064935,1.1467356049452055,22.681800001009833,0.5005120916397965,nan,1881,1881,1926144,256,float32,1024,nan,1698,1698,1738752,nan,nan,nan,nan,8.764239998708945,0.30053198369366707,nan,nan,nan,nan,8.801440001116134,0.21840139573535988,superpoint,superpoint,superpoint,bf_ratio,0.8
hpatches,i_chestnuts,illumination,i_chestnuts_1_to_2,1,2,D:\桌面\IACV\Assigment1\data\hpatches\i_chestnuts\1.ppm,D:\桌面\IACV\Assigment1\data\hpatches\i_chestnuts\2.ppm,1118,2048,1438,0.7021484375,3.0,0.9149786031280341,2048,1118,1047,71,1438,0.5458984375,0.9364937388193202,0.51123046875,0.7280945757997218,0.7021484375,3.0,0.7135378532567839,1.0,True,1040,0.9302325581395349,0.8112122559417322,30.06477999733761,0.4954500130178791,nan,2048,2048,2097152,256,float32,1024,nan,2048,2048,2097152,nan,nan,nan,nan,13.268759998027235,0.10499915351516244,nan,nan,nan,nan,13.585839996812865,0.2745180970582215,superpoint,superpoint,superpoint,bf_ratio,0.8
hpatches,i_chestnuts,illumination,i_chestnuts_1_to_3,1,3,D:\桌面\IACV\Assigment1\data\hpatches\i_chestnuts\1.ppm,D:\桌面\IACV\Assigment1\data\hpatches\i_chestnuts\3.ppm,1097,2048,1444,0.705078125,3.0,0.42176243635993566,2048,1097,1031,66,1444,0.53564453125,0.9398359161349134,0.50341796875,0.71398891966759,0.705078125,3.0,0.7120084433263552,1.0,True,1023,0.9325432999088423,0.7393860510872844,31.95090000081109,0.3748793450204511,nan,2048,2048,2097152,256,float32,1024,nan,2048,2048,2097152,nan,nan,nan,nan,13.268759998027235,0.10499915351516244,nan,nan,nan,nan,13.446339999791235,0.21701378511099625,superpoint,superpoint,superpoint,bf_ratio,0.8
hpatches,i_chestnuts,illumination,i_chestnuts_1_to_4,1,4,D:\桌面\IACV\Assigment1\data\hpatches\i_chestnuts\1.ppm,D:\桌面\IACV\Assigment1\data\hpatches\i_chestnuts\4.ppm,1029,2048,1409,0.68798828125,3.0,0.17699392931062793,2048,1029,961,68,1409,0.50244140625,0.9339164237123421,0.46923828125,0.6820440028388929,0.68798828125,3.0,0.6836829931116245,1.0,True,953,0.9261418853255587,0.6857630300330702,30.72181999887107,0.21619844893734086,nan,2048,2048,2097152,256,float32,1024,nan,2048,2048,2097152,nan,nan,nan,nan,13.268759998027235,0.10499915351516244,nan,nan,nan,nan,13.448699997388758,0.24664640406136426,superpoint,superpoint,superpoint,bf_ratio,0.8
hpatches,i_chestnuts,illumination,i_chestnuts_1_to_5,1,5,D:\桌面\IACV\Assigment1\data\hpatches\i_chestnuts\1.ppm,D:\桌面\IACV\Assigment1\data\hpatches\i_chestnuts\5.ppm,923,2048,1379,0.67333984375,3.0,0.7479024399702795,2048,923,868,55,1379,0.45068359375,0.9404117009750813,0.423828125,0.6294416243654822,0.67333984375,3.0,0.6798388747866371,1.0,True,867,0.9393282773564464,0.7925562935931676,30.982519999088254,0.6910891610709063,nan,2048,2048,2097152,256,float32,1024,nan,2048,2048,2097152,nan,nan,nan,nan,13.268759998027235,0.10499915351516244,nan,nan,nan,nan,13.235920001170598,0.09434440063490272,superpoint,superpoint,superpoint,bf_ratio,0.8
hpatches,i_chestnuts,illumination,i_chestnuts_1_to_6,1,6,D:\桌面\IACV\Assigment1\data\hpatches\i_chestnuts\1.ppm,D:\桌面\IACV\Assigment1\data\hpatches\i_chestnuts\6.ppm,745,2048,1270,0.6201171875,3.0,0.3147408374893196,2048,745,707,38,1270,0.36376953125,0.9489932885906041,0.34521484375,0.5566929133858268,0.6201171875,3.0,0.7107898930789706,1.0,True,703,0.9436241610738255,0.7420437327921875,30.55480000039097,0.7082453993932759,nan,2048,2048,2097152,256,float32,1024,nan,2028,2028,2076672,nan,nan,nan,nan,13.268759998027235,0.10499915351516244,nan,nan,nan,nan,14.13847999938298,0.8130652658739198,superpoint,superpoint,superpoint,bf_ratio,0.8
hpatches,i_contruction,illumination,i_contruction_1_to_2,1,2,D:\桌面\IACV\Assigment1\data\hpatches\i_contruction\1.ppm,D:\桌面\IACV\Assigment1\data\hpatches\i_contruction\2.ppm,1649,2048,1641,0.80126953125,3.0,0.11418225641614335,2048,1649,1634,15,1641,0.80517578125,0.9909035779260158,0.7978515625,0.9957343083485679,0.80126953125,3.0,0.4512154733200644,0.0,True,1634,0.9909035779260158,0.47264889356883555,31.829159997869283,0.3853403779298085,nan,2048,2048,2097152,256,float32,1024,nan,2048,2048,2097152,nan,nan,nan,nan,76.87976000015624,0.14553675342750552,nan,nan,nan,nan,77.67317999823717,0.4827426098697327,superpoint,superpoint,superpoint,bf_ratio,0.8
hpatches,i_contruction,illumination,i_contruction_1_to_3,1,3,D:\桌面\IACV\Assigment1\data\hpatches\i_contruction\1.ppm,D:\桌面\IACV\Assigment1\data\hpatches\i_contruction\3.ppm,1601,2048,1618,0.7900390625,3.0,0.1808987173698148,2048,1601,1591,10,1618,0.78173828125,0.9937539038101186,0.77685546875,0.9833127317676144,0.7900390625,3.0,0.472122025194142,0.0,True,1590,0.9931292941911305,0.496658841282135,31.612320001295302,0.8285022826927322,nan,2048,2048,2097152,256,float32,1024,nan,2048,2048,2097152,nan,nan,nan,nan,76.87976000015624,0.14553675342750552,nan,nan,nan,nan,77.66975999984425,0.23635338380614773,superpoint,superpoint,superpoint,bf_ratio,0.8
hpatches,i_contruction,illumination,i_contruction_1_to_4,1,4,D:\桌面\IACV\Assigment1\data\hpatches\i_contruction\1.ppm,D:\桌面\IACV\Assigment1\data\hpatches\i_contruction\4.ppm,1336,2048,1422,0.6943359375,3.0,0.1732134296974101,2048,1336,1319,17,1422,0.65234375,0.9872754491017964,0.64404296875,0.9275668073136427,0.6943359375,3.0,0.5275603879558405,0.0,True,1320,0.9880239520958084,0.5757037126780011,31.964660000812728,0.9675791860867166,nan,2048,2048,2097152,256,float32,1024,nan,2048,2048,2097152,nan,nan,nan,nan,76.87976000015624,0.14553675342750552,nan,nan,nan,nan,77.30212000169558,0.16266758022916192,superpoint,superpoint,superpoint,bf_ratio,0.8
hpatches,i_contruction,illumination,i_contruction_1_to_5,1,5,D:\桌面\IACV\Assigment1\data\hpatches\i_contruction\1.ppm,D:\桌面\IACV\Assigment1\data\hpatches\i_contruction\5.ppm,563,2048,827,0.40380859375,3.0,0.49410783900531924,2048,563,553,10,827,0.27490234375,0.9822380106571936,0.27001953125,0.6686819830713422,0.40380859375,3.0,0.816572249854823,1.0,True,553,0.9822380106571936,0.8720068855963082,31.550460000289604,0.4248125162996579,nan,2048,2048,2097152,256,float32,1024,nan,2048,2048,2097152,nan,nan,nan,nan,76.87976000015624,0.14553675342750552,nan,nan,nan,nan,77.6912200031802,0.33393822570937826,superpoint,superpoint,superpoint,bf_ratio,0.8
hpatches,i_contruction,illumination,i_contruction_1_to_6,1,6,D:\桌面\IACV\Assigment1\data\hpatches\i_contruction\1.ppm,D:\桌面\IACV\Assigment1\data\hpatches\i_contruction\6.ppm,317,2048,686,0.3349609375,3.0,1.0857308602664515,2048,317,293,24,686,0.15478515625,0.9242902208201893,0.14306640625,0.4271137026239067,0.3349609375,3.0,0.9025582303579637,1.0,True,293,0.9242902208201893,0.9803004598999421,31.307180000294466,0.18804658127353624,nan,2048,2048,2097152,256,float32,1024,nan,2048,2048,2097152,nan,nan,nan,nan,76.87976000015624,0.14553675342750552,nan,nan,nan,nan,77.33813999802805,0.3546774037712807,superpoint,superpoint,superpoint,bf_ratio,0.8
hpatches,i_crownday,illumination,i_crownday_1_to_2,1,2,D:\桌面\IACV\Assigment1\data\hpatches\i_crownday\1.ppm,D:\桌面\IACV\Assigment1\data\hpatches\i_crownday\2.ppm,472,2048,1031,0.50341796875,3.0,0.4880623474034795,2048,472,421,51,1031,0.23046875,0.8919491525423728,0.20556640625,0.40834141610087293,0.50341796875,3.0,0.9930234944452546,1.0,True,423,0.8961864406779662,1.0197227136213458,29.72657999926014,1.5101394984269307,nan,2048,2048,2097152,256,float32,1024,nan,2048,2048,2097152,nan,nan,nan,nan,36.558420000073966,0.20822865034171636,nan,nan,nan,nan,36.510520002048,0.15596449955229527,superpoint,superpoint,superpoint,bf_ratio,0.8
hpatches,i_crownday,illumination,i_crownday_1_to_3,1,3,D:\桌面\IACV\Assigment1\data\hpatches\i_crownday\1.ppm,D:\桌面\IACV\Assigment1\data\hpatches\i_crownday\3.ppm,698,2048,1171,0.57177734375,3.0,0.38598762165753187,2048,698,652,46,1171,0.3408203125,0.9340974212034384,0.318359375,0.5567890691716482,0.57177734375,3.0,0.9412432488362098,1.0,True,651,0.9326647564469914,0.9711929693182066,30.683280002267566,0.671981278077624,nan,2048,2048,2097152,256,float32,1024,nan,2048,2048,2097152,nan,nan,nan,nan,36.558420000073966,0.20822865034171636,nan,nan,nan,nan,36.373399998410605,0.11966799067533097,superpoint,superpoint,superpoint,bf_ratio,0.8
hpatches,i_crownday,illumination,i_crownday_1_to_4,1,4,D:\桌面\IACV\Assigment1\data\hpatches\i_crownday\1.ppm,D:\桌面\IACV\Assigment1\data\hpatches\i_crownday\4.ppm,925,2048,1270,0.6201171875,3.0,1.1737452630362841,2048,925,870,55,1270,0.45166015625,0.9405405405405406,0.4248046875,0.6850393700787402,0.6201171875,3.0,0.9179286299766051,1.0,True,866,0.9362162162162162,0.9789715511589133,31.605300000228453,0.8450311680551186,nan,2048,2048,2097152,256,float32,1024,nan,2048,2048,2097152,nan,nan,nan,nan,36.558420000073966,0.20822865034171636,nan,nan,nan,nan,36.40504000213696,0.42654087914847694,superpoint,superpoint,superpoint,bf_ratio,0.8
hpatches,i_crownday,illumination,i_crownday_1_to_5,1,5,D:\桌面\IACV\Assigment1\data\hpatches\i_crownday\1.ppm,D:\桌面\IACV\Assigment1\data\hpatches\i_crownday\5.ppm,1200,2048,1335,0.65185546875,3.0,0.7704936012634238,2048,1200,1121,79,1335,0.5859375,0.9341666666666667,0.54736328125,0.8397003745318352,0.65185546875,3.0,0.9494161025667435,1.0,True,1121,0.9341666666666667,0.9585858464104905,32.195640000281855,0.5905405848358347,nan,2048,2048,2097152,256,float32,1024,nan,2048,2048,2097152,nan,nan,nan,nan,36.558420000073966,0.20822865034171636,nan,nan,nan,nan,36.41784000210464,0.13636108891692245,superpoint,superpoint,superpoint,bf_ratio,0.8
hpatches,i_crownday,illumination,i_crownday_1_to_6,1,6,D:\桌面\IACV\Assigment1\data\hpatches\i_crownday\1.ppm,D:\桌面\IACV\Assigment1\data\hpatches\i_crownday\6.ppm,420,2048,966,0.4716796875,3.0,2.265227287648732,2048,420,380,40,966,0.205078125,0.9047619047619048,0.185546875,0.39337474120082816,0.4716796875,3.0,1.1507496358139309,1.0,True,378,0.9,1.1602383151182458,31.157959999109153,0.3998347067978982,nan,2048,2048,2097152,256,float32,1024,nan,2048,2048,2097152,nan,nan,nan,nan,36.558420000073966,0.20822865034171636,nan,nan,nan,nan,36.35814000153914,0.06736297528615703,superpoint,superpoint,superpoint,bf_ratio,0.8
hpatches,i_crownnight,illumination,i_crownnight_1_to_2,1,2,D:\桌面\IACV\Assigment1\data\hpatches\i_crownnight\1.ppm,D:\桌面\IACV\Assigment1\data\hpatches\i_crownnight\2.ppm,837,2048,964,0.470703125,3.0,0.6547039956608489,2048,837,765,72,964,0.40869140625,0.9139784946236559,0.37353515625,0.7935684647302904,0.470703125,3.0,0.9559868348555142,1.0,True,766,0.9151732377538829,0.9868962593842106,31.161540001630783,0.7000784380199481,nan,2048,2048,2097152,256,float32,1024,nan,2048,2048,2097152,nan,nan,nan,nan,49.92487999988953,0.22083755544754166,nan,nan,nan,nan,49.72121999890078,0.18073274605074202,superpoint,superpoint,superpoint,bf_ratio,0.8
hpatches,i_crownnight,illumination,i_crownnight_1_to_3,1,3,D:\桌面\IACV\Assigment1\data\hpatches\i_crownnight\1.ppm,D:\桌面\IACV\Assigment1\data\hpatches\i_crownnight\3.ppm,789,2048,973,0.47509765625,3.0,0.5107533160170086,2048,789,732,57,973,0.38525390625,0.9277566539923955,0.357421875,0.7523124357656732,0.47509765625,3.0,0.9440933563671255,1.0,True,736,0.9328263624841572,0.9824694692649938,30.6916799992905,1.9593440954769705,nan,2048,2048,2097152,256,float32,1024,nan,2048,2048,2097152,nan,nan,nan,nan,49.92487999988953,0.22083755544754166,nan,nan,nan,nan,49.9500200006878,0.051545759997323345,superpoint,superpoint,superpoint,bf_ratio,0.8
hpatches,i_crownnight,illumination,i_crownnight_1_to_4,1,4,D:\桌面\IACV\Assigment1\data\hpatches\i_crownnight\1.ppm,D:\桌面\IACV\Assigment1\data\hpatches\i_crownnight\4.ppm,768,2048,942,0.4599609375,3.0,0.9029243214511313,2048,768,704,64,942,0.375,0.9166666666666666,0.34375,0.7473460721868365,0.4599609375,3.0,0.9534460188984452,1.0,True,701,0.9127604166666666,1.0496760916589587,30.43731999787269,0.21251824825723808,nan,2048,2048,2097152,256,float32,1024,nan,2048,2048,2097152,nan,nan,nan,nan,49.92487999988953,0.22083755544754166,nan,nan,nan,nan,50.11252000113018,0.25436707066986236,superpoint,superpoint,superpoint,bf_ratio,0.8
hpatches,i_crownnight,illumination,i_crownnight_1_to_5,1,5,D:\桌面\IACV\Assigment1\data\hpatches\i_crownnight\1.ppm,D:\桌面\IACV\Assigment1\data\hpatches\i_crownnight\5.ppm,617,2048,835,0.40771484375,3.0,0.44094083042630006,2048,617,563,54,835,0.30126953125,0.9124797406807131,0.27490234375,0.6742514970059881,0.40771484375,3.0,1.0131901334326916,1.0,True,558,0.9043760129659644,1.022539006342042,33.0675400007749,0.9327545688088865,nan,2048,2048,2097152,256,float32,1024,nan,2048,2048,2097152,nan,nan,nan,nan,49.92487999988953,0.22083755544754166,nan,nan,nan,nan,49.99962000147207,0.31675326218843114,superpoint,superpoint,superpoint,bf_ratio,0.8
hpatches,i_crownnight,illumination,i_crownnight_1_to_6,1,6,D:\桌面\IACV\Assigment1\data\hpatches\i_crownnight\1.ppm,D:\桌面\IACV\Assigment1\data\hpatches\i_crownnight\6.ppm,27,2048,190,0.0927734375,3.0,36.831367282089204,2048,27,12,15,190,0.01318359375,0.4444444444444444,0.005859375,0.06315789473684211,0.0927734375,3.0,1.4131181107698458,1.4142135623730951,True,12,0.4444444444444444,1.0246811381012597,32.40015999908792,0.7539477408155832,nan,2048,2048,2097152,256,float32,1024,nan,2048,2048,2097152,nan,nan,nan,nan,49.92487999988953,0.22083755544754166,nan,nan,nan,nan,49.847479999880306,0.07476387832279469,superpoint,superpoint,superpoint,bf_ratio,0.8
hpatches,i_dc,illumination,i_dc_1_to_2,1,2,D:\桌面\IACV\Assigment1\data\hpatches\i_dc\1.ppm,D:\桌面\IACV\Assigment1\data\hpatches\i_dc\2.ppm,341,2048,597,0.29150390625,3.0,1.5181974565579734,2048,341,315,26,597,0.16650390625,0.9237536656891495,0.15380859375,0.5276381909547738,0.29150390625,3.0,0.952562731314268,1.0,True,317,0.9296187683284457,0.9556216191915421,29.939639999065548,0.6842457470485512,nan,2048,2048,2097152,256,float32,1024,nan,2048,2048,2097152,nan,nan,nan,nan,981.1627600007341,1.0761216050703237,nan,nan,nan,nan,982.0558600011282,2.70077159652531,superpoint,superpoint,superpoint,bf_ratio,0.8
hpatches,i_dc,illumination,i_dc_1_to_3,1,3,D:\桌面\IACV\Assigment1\data\hpatches\i_dc\1.ppm,D:\桌面\IACV\Assigment1\data\hpatches\i_dc\3.ppm,308,2048,581,0.28369140625,3.0,1.4808402390306128,2048,308,271,37,581,0.150390625,0.8798701298701299,0.13232421875,0.4664371772805508,0.28369140625,3.0,1.3846567854492424,1.4142135623730951,True,277,0.8993506493506493,0.9014617092471077,30.050920000940096,0.22032051455465904,nan,2048,2048,2097152,256,float32,1024,nan,2048,2048,2097152,nan,nan,nan,nan,981.1627600007341,1.0761216050703237,nan,nan,nan,nan,980.6493799987948,0.8252408017299614,superpoint,superpoint,superpoint,bf_ratio,0.8
hpatches,i_dc,illumination,i_dc_1_to_4,1,4,D:\桌面\IACV\Assigment1\data\hpatches\i_dc\1.ppm,D:\桌面\IACV\Assigment1\data\hpatches\i_dc\4.ppm,285,2048,534,0.2607421875,3.0,2.4734057486177634,2048,285,253,32,534,0.13916015625,0.887719298245614,0.12353515625,0.4737827715355805,0.2607421875,3.0,1.7121083660923135,2.0,True,265,0.9298245614035088,0.948182769467398,30.527519999304786,0.4845798575064839,nan,2048,2048,2097152,256,float32,1024,nan,2048,2048,2097152,nan,nan,nan,nan,981.1627600007341,1.0761216050703237,nan,nan,nan,nan,985.236660001101,9.395924840930123,superpoint,superpoint,superpoint,bf_ratio,0.8
hpatches,i_dc,illumination,i_dc_1_to_5,1,5,D:\桌面\IACV\Assigment1\data\hpatches\i_dc\1.ppm,D:\桌面\IACV\Assigment1\data\hpatches\i_dc\5.ppm,283,2048,473,0.23095703125,3.0,3.1717940581515944,2048,283,228,55,473,0.13818359375,0.8056537102473498,0.111328125,0.4820295983086681,0.23095703125,3.0,2.07000097539566,2.23606797749979,True,268,0.9469964664310954,0.9791664955964934,31.27424000267638,0.05733374490540969,nan,2048,2048,2097152,256,float32,1024,nan,2048,2048,2097152,nan,nan,nan,nan,981.1627600007341,1.0761216050703237,nan,nan,nan,nan,981.7417599988403,2.7412184802082087,superpoint,superpoint,superpoint,bf_ratio,0.8
hpatches,i_dc,illumination,i_dc_1_to_6,1,6,D:\桌面\IACV\Assigment1\data\hpatches\i_dc\1.ppm,D:\桌面\IACV\Assigment1\data\hpatches\i_dc\6.ppm,353,2048,475,0.23193359375,3.0,3.094908336210863,2048,353,252,101,475,0.17236328125,0.7138810198300283,0.123046875,0.5305263157894737,0.23193359375,3.0,2.2070000681803363,2.23606797749979,True,321,0.9093484419263456,0.8501441065928496,30.755879999196623,0.8736899613041,nan,2048,2048,2097152,256,float32,1024,nan,2048,2048,2097152,nan,nan,nan,nan,981.1627600007341,1.0761216050703237,nan,nan,nan,nan,983.4262400021544,0.818335430741686,superpoint,superpoint,superpoint,bf_ratio,0.8
hpatches,i_dome,illumination,i_dome_1_to_2,1,2,D:\桌面\IACV\Assigment1\data\hpatches\i_dome\1.ppm,D:\桌面\IACV\Assigment1\data\hpatches\i_dome\2.ppm,1261,2048,1672,0.81640625,3.0,0.12908959655982558,2048,1261,1222,39,1672,0.61572265625,0.9690721649484536,0.5966796875,0.7308612440191388,0.81640625,3.0,0.5743471046743135,0.0,True,1220,0.9674861221252974,0.5994564851523565,30.360880002263002,1.0359662821863314,nan,2048,2048,2097152,256,float32,1024,nan,2048,2048,2097152,nan,nan,nan,nan,30.21327999740606,0.1554760993770703,nan,nan,nan,nan,29.823379997105803,0.1646059089339548,superpoint,superpoint,superpoint,bf_ratio,0.8
hpatches,i_dome,illumination,i_dome_1_to_3,1,3,D:\桌面\IACV\Assigment1\data\hpatches\i_dome\1.ppm,D:\桌面\IACV\Assigment1\data\hpatches\i_dome\3.ppm,176,2048,910,0.4443359375,3.0,1.4940594077311768,2048,176,140,36,910,0.0859375,0.7954545454545454,0.068359375,0.15384615384615385,0.4443359375,3.0,1.3480811325442137,1.4142135623730951,True,137,0.7784090909090909,1.280459652510998,29.500019998522475,1.0361034349658107,nan,2048,2048,2097152,256,float32,1024,nan,2048,2048,2097152,nan,nan,nan,nan,30.21327999740606,0.1554760993770703,nan,nan,nan,nan,29.900800001632888,0.3086414889437309,superpoint,superpoint,superpoint,bf_ratio,0.8
hpatches,i_dome,illumination,i_dome_1_to_4,1,4,D:\桌面\IACV\Assigment1\data\hpatches\i_dome\1.ppm,D:\桌面\IACV\Assigment1\data\hpatches\i_dome\4.ppm,172,2048,919,0.44873046875,3.0,2.458289433620597,2048,172,136,36,919,0.083984375,0.7906976744186046,0.06640625,0.14798694232861806,0.44873046875,3.0,1.321096012915953,1.0,True,133,0.7732558139534884,1.299837582782523,31.243859998357948,0.5983263331562322,nan,2048,2048,2097152,256,float32,1024,nan,2048,2048,2097152,nan,nan,nan,nan,30.21327999740606,0.1554760993770703,nan,nan,nan,nan,29.9620199992205,0.15553064598031913,superpoint,superpoint,superpoint,bf_ratio,0.8
hpatches,i_dome,illumination,i_dome_1_to_5,1,5,D:\桌面\IACV\Assigment1\data\hpatches\i_dome\1.ppm,D:\桌面\IACV\Assigment1\data\hpatches\i_dome\5.ppm,184,2048,924,0.451171875,3.0,2.7046862983422977,2048,184,153,31,924,0.08984375,0.8315217391304348,0.07470703125,0.16558441558441558,0.451171875,3.0,1.3051553979439743,1.0,True,145,0.7880434782608695,1.2945409525229157,30.964799999492243,0.2921298565859426,nan,2048,2048,2097152,256,float32,1024,nan,2048,2048,2097152,nan,nan,nan,nan,30.21327999740606,0.1554760993770703,nan,nan,nan,nan,30.166380002629012,0.2559538602652101,superpoint,superpoint,superpoint,bf_ratio,0.8
hpatches,i_dome,illumination,i_dome_1_to_6,1,6,D:\桌面\IACV\Assigment1\data\hpatches\i_dome\1.ppm,D:\桌面\IACV\Assigment1\data\hpatches\i_dome\6.ppm,480,2048,1273,0.62158203125,3.0,1.907039770813189,2048,480,438,42,1273,0.234375,0.9125,0.2138671875,0.3440691280439906,0.62158203125,3.0,0.9720150912165478,1.0,True,436,0.9083333333333333,1.0739904963925058,31.515340000623837,0.44424939117574797,nan,2048,2048,2097152,256,float32,1024,nan,2048,2048,2097152,nan,nan,nan,nan,30.21327999740606,0.1554760993770703,nan,nan,nan,nan,30.067959998268634,0.13404519488931935,superpoint,superpoint,superpoint,bf_ratio,0.8
hpatches,i_duda,illumination,i_duda_1_to_2,1,2,D:\桌面\IACV\Assigment1\data\hpatches\i_duda\1.ppm,D:\桌面\IACV\Assigment1\data\hpatches\i_duda\2.ppm,1704,2048,1740,0.849609375,3.0,0.4214181722802609,2048,1704,1653,51,1740,0.83203125,0.9700704225352113,0.80712890625,0.95,0.849609375,3.0,0.6585032546562105,1.0,True,1652,0.9694835680751174,0.7474309559970741,33.183939997979905,1.183561012633029,nan,2048,2048,2097152,256,float32,1024,nan,2048,2048,2097152,nan,nan,nan,nan,19.70351999916602,0.5508902891243622,nan,nan,nan,nan,19.746980001218617,0.18265859361349235,superpoint,superpoint,superpoint,bf_ratio,0.8
hpatches,i_duda,illumination,i_duda_1_to_3,1,3,D:\桌面\IACV\Assigment1\data\hpatches\i_duda\1.ppm,D:\桌面\IACV\Assigment1\data\hpatches\i_duda\3.ppm,1517,2048,1645,0.80322265625,3.0,0.5276554736712238,2048,1517,1454,63,1645,0.74072265625,0.958470665787739,0.7099609375,0.8838905775075988,0.80322265625,3.0,0.7469765197339495,1.0,True,1458,0.9611074489123269,0.8086756841606793,31.77402000001166,1.1028327834879226,nan,2048,2048,2097152,256,float32,1024,nan,2027,2027,2075648,nan,nan,nan,nan,19.70351999916602,0.5508902891243622,nan,nan,nan,nan,19.748939998680726,0.11007391281983617,superpoint,superpoint,superpoint,bf_ratio,0.8
hpatches,i_duda,illumination,i_duda_1_to_4,1,4,D:\桌面\IACV\Assigment1\data\hpatches\i_duda\1.ppm,D:\桌面\IACV\Assigment1\data\hpatches\i_duda\4.ppm,1338,2048,1561,0.76220703125,3.0,0.7672617408246986,2048,1338,1264,74,1561,0.6533203125,0.9446935724962631,0.6171875,0.8097373478539398,0.76220703125,3.0,0.8469167276360194,1.0,True,1272,0.9506726457399103,0.9008450855044737,29.987040000560228,0.48044820197439236,nan,2048,2048,2097152,256,float32,1024,nan,1988,1988,2035712,nan,nan,nan,nan,19.70351999916602,0.5508902891243622,nan,nan,nan,nan,19.556439999723807,0.33037353746245157,superpoint,superpoint,superpoint,bf_ratio,0.8
hpatches,i_duda,illumination,i_duda_1_to_5,1,5,D:\桌面\IACV\Assigment1\data\hpatches\i_duda\1.ppm,D:\桌面\IACV\Assigment1\data\hpatches\i_duda\5.ppm,1144,2048,1470,0.7177734375,3.0,0.613095208280561,2048,1144,1081,63,1470,0.55859375,0.9449300699300699,0.52783203125,0.7353741496598639,0.7177734375,3.0,1.0188280141426076,1.0,True,1085,0.9484265734265734,0.96516789885771,30.558919998293277,0.2666135287238038,nan,2048,2048,2097152,256,float32,1024,nan,1937,1937,1983488,nan,nan,nan,nan,19.70351999916602,0.5508902891243622,nan,nan,nan,nan,19.83429999963846,0.21968443669833543,superpoint,superpoint,superpoint,bf_ratio,0.8
hpatches,i_duda,illumination,i_duda_1_to_6,1,6,D:\桌面\IACV\Assigment1\data\hpatches\i_duda\1.ppm,D:\桌面\IACV\Assigment1\data\hpatches\i_duda\6.ppm,719,2048,1310,0.6396484375,3.0,0.340376837345476,2048,719,672,47,1310,0.35107421875,0.9346314325452016,0.328125,0.5129770992366413,0.6396484375,3.0,0.8305499559048606,1.0,True,672,0.9346314325452016,0.8820733073937852,28.538040001876652,0.4109114240212157,nan,2048,2048,2097152,256,float32,1024,nan,1827,1827,1870848,nan,nan,nan,nan,19.70351999916602,0.5508902891243622,nan,nan,nan,nan,19.625200002337806,0.25056170600853067,superpoint,superpoint,superpoint,bf_ratio,0.8
hpatches,i_fenis,illumination,i_fenis_1_to_2,1,2,D:\桌面\IACV\Assigment1\data\hpatches\i_fenis\1.ppm,D:\桌面\IACV\Assigment1\data\hpatches\i_fenis\2.ppm,786,1253,876,0.699122106943336,3.0,1.7026762815239893,1253,786,735,51,876,0.627294493216281,0.9351145038167938,0.5865921787709497,0.839041095890411,0.699122106943336,3.0,0.8300549989008659,1.0,True,741,0.9427480916030534,1.0678479783223462,11.186720001569483,0.24509978591786816,nan,1253,1253,1283072,256,float32,1024,nan,1230,1230,1259520,nan,nan,nan,nan,7.676020002691075,0.1045159973937671,nan,nan,nan,nan,7.999680000648368,0.17441257010201333,superpoint,superpoint,superpoint,bf_ratio,0.8
hpatches,i_fenis,illumination,i_fenis_1_to_3,1,3,D:\桌面\IACV\Assigment1\data\hpatches\i_fenis\1.ppm,D:\桌面\IACV\Assigment1\data\hpatches\i_fenis\3.ppm,400,1253,758,0.6049481245011972,3.0,0.4888768862800759,1253,400,373,27,758,0.3192338387869114,0.9325,0.29768555466879487,0.4920844327176781,0.6049481245011972,3.0,0.9111982055623403,1.0,True,375,0.9375,1.0067894106917117,11.119879999023397,0.3542560218242374,nan,1253,1253,1283072,256,float32,1024,nan,1223,1223,1252352,nan,nan,nan,nan,7.676020002691075,0.1045159973937671,nan,nan,nan,nan,8.57899999973597,0.876498973782481,superpoint,superpoint,superpoint,bf_ratio,0.8
hpatches,i_fenis,illumination,i_fenis_1_to_4,1,4,D:\桌面\IACV\Assigment1\data\hpatches\i_fenis\1.ppm,D:\桌面\IACV\Assigment1\data\hpatches\i_fenis\4.ppm,125,1253,602,0.48044692737430167,3.0,0.6263119486841942,1253,125,114,11,602,0.09976057462090981,0.912,0.09098164405426976,0.1893687707641196,0.48044692737430167,3.0,0.8786512487529888,1.0,True,113,0.904,0.9340905386607716,9.900219998962712,0.4310240354524582,nan,1253,1253,1283072,256,float32,1024,nan,1150,1150,1177600,nan,nan,nan,nan,7.676020002691075,0.1045159973937671,nan,nan,nan,nan,7.92084000131581,0.5942058556009719,superpoint,superpoint,superpoint,bf_ratio,0.8
hpatches,i_fenis,illumination,i_fenis_1_to_5,1,5,D:\桌面\IACV\Assigment1\data\hpatches\i_fenis\1.ppm,D:\桌面\IACV\Assigment1\data\hpatches\i_fenis\5.ppm,90,1253,480,0.3830806065442937,3.0,0.7011269136312697,1253,90,84,6,480,0.07182761372705507,0.9333333333333333,0.0670391061452514,0.175,0.3830806065442937,3.0,0.8232250313806676,1.0,True,83,0.9222222222222223,0.8055600892316587,8.286219999718014,0.274926865871586,nan,1253,1253,1283072,256,float32,1024,nan,928,928,950272,nan,nan,nan,nan,7.676020002691075,0.1045159973937671,nan,nan,nan,nan,8.410239999648184,1.5466631203956858,superpoint,superpoint,superpoint,bf_ratio,0.8
hpatches,i_fenis,illumination,i_fenis_1_to_6,1,6,D:\桌面\IACV\Assigment1\data\hpatches\i_fenis\1.ppm,D:\桌面\IACV\Assigment1\data\hpatches\i_fenis\6.ppm,109,1253,483,0.3854748603351955,3.0,0.5616935390654646,1253,109,99,10,483,0.08699122106943336,0.908256880733945,0.07901037509976057,0.20496894409937888,0.3854748603351955,3.0,0.8214391465780798,1.0,True,98,0.8990825688073395,0.8585833866294079,7.090879998577293,0.22028557378463176,nan,1253,1253,1283072,256,float32,1024,nan,810,810,829440,nan,nan,nan,nan,7.676020002691075,0.1045159973937671,nan,nan,nan,nan,7.651659999100957,0.0813130628844223,superpoint,superpoint,superpoint,bf_ratio,0.8
hpatches,i_fog,illumination,i_fog_1_to_2,1,2,D:\桌面\IACV\Assigment1\data\hpatches\i_fog\1.ppm,D:\桌面\IACV\Assigment1\data\hpatches\i_fog\2.ppm,346,884,492,0.5565610859728507,3.0,1.2425734939796855,884,346,322,24,492,0.3914027149321267,0.930635838150289,0.36425339366515835,0.6544715447154471,0.5565610859728507,3.0,0.9807159103758472,1.0,True,322,0.930635838150289,1.0946609157978007,5.387080000946298,0.1694334489038914,nan,884,884,905216,256,float32,1024,nan,823,823,842752,nan,nan,nan,nan,8.213579998118803,1.0407800415300807,nan,nan,nan,nan,7.177100000262726,0.09938617677883986,superpoint,superpoint,superpoint,bf_ratio,0.8
hpatches,i_fog,illumination,i_fog_1_to_3,1,3,D:\桌面\IACV\Assigment1\data\hpatches\i_fog\1.ppm,D:\桌面\IACV\Assigment1\data\hpatches\i_fog\3.ppm,200,884,451,0.5101809954751131,3.0,0.4105597281830642,884,200,189,11,451,0.22624434389140272,0.945,0.21380090497737556,0.4190687361419069,0.5101809954751131,3.0,0.9854289797986843,1.0,True,187,0.935,0.9918156186288033,4.957040000590496,0.05245667279800695,nan,884,884,905216,256,float32,1024,nan,743,743,760832,nan,nan,nan,nan,8.213579998118803,1.0407800415300807,nan,nan,nan,nan,7.218860001012217,0.11142557426021178,superpoint,superpoint,superpoint,bf_ratio,0.8
hpatches,i_fog,illumination,i_fog_1_to_4,1,4,D:\桌面\IACV\Assigment1\data\hpatches\i_fog\1.ppm,D:\桌面\IACV\Assigment1\data\hpatches\i_fog\4.ppm,160,884,348,0.3936651583710407,3.0,1.6980109271356074,884,160,144,16,348,0.18099547511312217,0.9,0.16289592760180996,0.41379310344827586,0.3936651583710407,3.0,0.9031886429502285,1.0,True,146,0.9125,1.106940719166657,4.123400000389665,0.062154259090736484,nan,884,884,905216,256,float32,1024,nan,600,600,614400,nan,nan,nan,nan,8.213579998118803,1.0407800415300807,nan,nan,nan,nan,7.574819998990279,0.7532405753546417,superpoint,superpoint,superpoint,bf_ratio,0.8
hpatches,i_fog,illumination,i_fog_1_to_5,1,5,D:\桌面\IACV\Assigment1\data\hpatches\i_fog\1.ppm,D:\桌面\IACV\Assigment1\data\hpatches\i_fog\5.ppm,126,884,322,0.36425339366515835,3.0,1.0481032195513926,884,126,117,9,322,0.1425339366515837,0.9285714285714286,0.1323529411764706,0.36335403726708076,0.36425339366515835,3.0,1.0361601492315102,1.0,True,117,0.9285714285714286,1.0740248512549482,3.973880001285579,0.12605083743470658,nan,884,884,905216,256,float32,1024,nan,635,635,650240,nan,nan,nan,nan,8.213579998118803,1.0407800415300807,nan,nan,nan,nan,7.745300001988653,0.6404958712216576,superpoint,superpoint,superpoint,bf_ratio,0.8
hpatches,i_fog,illumination,i_fog_1_to_6,1,6,D:\桌面\IACV\Assigment1\data\hpatches\i_fog\1.ppm,D:\桌面\IACV\Assigment1\data\hpatches\i_fog\6.ppm,105,884,289,0.3269230769230769,3.0,1.7158952702689054,884,105,92,13,289,0.11877828054298642,0.8761904761904762,0.10407239819004525,0.31833910034602075,0.3269230769230769,3.0,0.9147551667999522,1.0,True,89,0.8476190476190476,0.9759639906161656,3.535199999168981,0.10178102114388969,nan,884,884,905216,256,float32,1024,nan,549,549,562176,nan,nan,nan,nan,8.213579998118803,1.0407800415300807,nan,nan,nan,nan,8.028320001903921,1.1907500713082044,superpoint,superpoint,superpoint,bf_ratio,0.8
hpatches,i_fruits,illumination,i_fruits_1_to_2,1,2,D:\桌面\IACV\Assigment1\data\hpatches\i_fruits\1.ppm,D:\桌面\IACV\Assigment1\data\hpatches\i_fruits\2.ppm,713,1192,715,0.5998322147651006,3.0,0.5867196256347809,1192,713,633,80,715,0.5981543624161074,0.8877980364656382,0.5310402684563759,0.8853146853146853,0.5998322147651006,3.0,0.932025900951841,1.0,True,630,0.8835904628330996,0.998888295138496,10.248839999258053,0.477009015745929,nan,1192,1192,1220608,256,float32,1024,nan,1235,1235,1264640,nan,nan,nan,nan,8.320459998503793,1.3059712902499403,nan,nan,nan,nan,7.700379999005236,0.10825553788334272,superpoint,superpoint,superpoint,bf_ratio,0.8
hpatches,i_fruits,illumination,i_fruits_1_to_3,1,3,D:\桌面\IACV\Assigment1\data\hpatches\i_fruits\1.ppm,D:\桌面\IACV\Assigment1\data\hpatches\i_fruits\3.ppm,649,1192,689,0.5780201342281879,3.0,0.5988272326853714,1192,649,581,68,689,0.5444630872483222,0.8952234206471494,0.4874161073825503,0.8432510885341074,0.5780201342281879,3.0,0.9312937476388102,1.0,True,579,0.8921417565485362,0.9945734005897028,10.539940001035575,0.13342698977086595,nan,1192,1192,1220608,256,float32,1024,nan,1191,1191,1219584,nan,nan,nan,nan,8.320459998503793,1.3059712902499403,nan,nan,nan,nan,8.330880000721663,1.2814227546214618,superpoint,superpoint,superpoint,bf_ratio,0.8
hpatches,i_fruits,illumination,i_fruits_1_to_4,1,4,D:\桌面\IACV\Assigment1\data\hpatches\i_fruits\1.ppm,D:\桌面\IACV\Assigment1\data\hpatches\i_fruits\4.ppm,640,1192,709,0.5947986577181208,3.0,0.2716670135575674,1192,640,562,78,709,0.5369127516778524,0.878125,0.4714765100671141,0.7926657263751763,0.5947986577181208,3.0,0.8642817048408612,1.0,True,560,0.875,0.9226724983276954,11.335760001384187,0.49639361612628646,nan,1192,1192,1220608,256,float32,1024,nan,1290,1290,1320960,nan,nan,nan,nan,8.320459998503793,1.3059712902499403,nan,nan,nan,nan,9.509160000015981,0.8490155959854351,superpoint,superpoint,superpoint,bf_ratio,0.8
hpatches,i_fruits,illumination,i_fruits_1_to_5,1,5,D:\桌面\IACV\Assigment1\data\hpatches\i_fruits\1.ppm,D:\桌面\IACV\Assigment1\data\hpatches\i_fruits\5.ppm,581,1192,690,0.5788590604026845,3.0,0.5770017283352287,1192,581,525,56,690,0.4874161073825503,0.9036144578313253,0.44043624161073824,0.7608695652173914,0.5788590604026845,3.0,0.964241788984128,1.0,True,520,0.8950086058519794,1.0063374637553342,10.7505800013314,0.3984471819135886,nan,1192,1192,1220608,256,float32,1024,nan,1219,1219,1248256,nan,nan,nan,nan,8.320459998503793,1.3059712902499403,nan,nan,nan,nan,8.422419999260455,1.065252387696217,superpoint,superpoint,superpoint,bf_ratio,0.8
hpatches,i_fruits,illumination,i_fruits_1_to_6,1,6,D:\桌面\IACV\Assigment1\data\hpatches\i_fruits\1.ppm,D:\桌面\IACV\Assigment1\data\hpatches\i_fruits\6.ppm,621,1192,697,0.584731543624161,3.0,0.9648751186574375,1192,621,546,75,697,0.5209731543624161,0.8792270531400966,0.45805369127516776,0.7833572453371592,0.584731543624161,3.0,0.9591299956813344,1.0,True,548,0.8824476650563607,1.1439149586270663,10.802960001456086,0.2773694347093497,nan,1192,1192,1220608,256,float32,1024,nan,1216,1216,1245184,nan,nan,nan,nan,8.320459998503793,1.3059712902499403,nan,nan,nan,nan,8.523540000896901,1.712681536569212,superpoint,superpoint,superpoint,bf_ratio,0.8
hpatches,i_gonnenberg,illumination,i_gonnenberg_1_to_2,1,2,D:\桌面\IACV\Assigment1\data\hpatches\i_gonnenberg\1.ppm,D:\桌面\IACV\Assigment1\data\hpatches\i_gonnenberg\2.ppm,685,1019,719,0.7055937193326791,3.0,0.8288122476652251,1019,685,645,40,719,0.6722276741903828,0.9416058394160584,0.6329735034347399,0.8970792767732962,0.7055937193326791,3.0,0.7827772376530207,1.0,True,636,0.9284671532846716,0.8736374015056604,7.868520000192802,0.2037196767104478,nan,1019,1019,1043456,256,float32,1024,nan,1074,1074,1099776,nan,nan,nan,nan,7.6378200014005415,0.5623517328701476,nan,nan,nan,nan,7.456199997977819,0.29023484188841364,superpoint,superpoint,superpoint,bf_ratio,0.8
hpatches,i_gonnenberg,illumination,i_gonnenberg_1_to_3,1,3,D:\桌面\IACV\Assigment1\data\hpatches\i_gonnenberg\1.ppm,D:\桌面\IACV\Assigment1\data\hpatches\i_gonnenberg\3.ppm,691,1019,711,0.6977428851815506,3.0,0.2956825475172064,1019,691,647,44,711,0.6781157998037292,0.9363241678726484,0.634936211972522,0.909985935302391,0.6977428851815506,3.0,0.8362186304635693,1.0,True,643,0.9305354558610709,0.8747845532711999,7.440579999820329,0.21925193035097373,nan,1019,1019,1043456,256,float32,1024,nan,1043,1043,1068032,nan,nan,nan,nan,7.6378200014005415,0.5623517328701476,nan,nan,nan,nan,7.417659998463932,0.15321201678897858,superpoint,superpoint,superpoint,bf_ratio,0.8
hpatches,i_gonnenberg,illumination,i_gonnenberg_1_to_4,1,4,D:\桌面\IACV\Assigment1\data\hpatches\i_gonnenberg\1.ppm,D:\桌面\IACV\Assigment1\data\hpatches\i_gonnenberg\4.ppm,576,1019,663,0.6506378802747792,3.0,0.15945204879145763,1019,576,534,42,663,0.5652600588812562,0.9270833333333334,0.5240431795878312,0.8054298642533937,0.6506378802747792,3.0,0.9143682926975168,1.0,True,528,0.9166666666666666,0.9078546961260675,7.953979999001604,0.1664359029903543,nan,1019,1019,1043456,256,float32,1024,nan,1077,1077,1102848,nan,nan,nan,nan,7.6378200014005415,0.5623517328701476,nan,nan,nan,nan,8.418119997077156,1.4179195778001115,superpoint,superpoint,superpoint,bf_ratio,0.8
hpatches,i_gonnenberg,illumination,i_gonnenberg_1_to_5,1,5,D:\桌面\IACV\Assigment1\data\hpatches\i_gonnenberg\1.ppm,D:\桌面\IACV\Assigment1\data\hpatches\i_gonnenberg\5.ppm,581,1019,628,0.6162904808635917,3.0,0.20869116578162708,1019,581,537,44,628,0.5701668302257115,0.9242685025817556,0.5269872423945045,0.8550955414012739,0.6162904808635917,3.0,0.8684159171454154,1.0,True,535,0.9208261617900172,0.8881197644408921,6.935760001942981,0.14164878507751855,nan,1019,1019,1043456,256,float32,1024,nan,944,944,966656,nan,nan,nan,nan,7.6378200014005415,0.5623517328701476,nan,nan,nan,nan,7.984340000257362,1.2312125232410713,superpoint,superpoint,superpoint,bf_ratio,0.8
hpatches,i_gonnenberg,illumination,i_gonnenberg_1_to_6,1,6,D:\桌面\IACV\Assigment1\data\hpatches\i_gonnenberg\1.ppm,D:\桌面\IACV\Assigment1\data\hpatches\i_gonnenberg\6.ppm,616,1019,674,0.661432777232581,3.0,0.31188664018654716,1019,616,581,35,674,0.6045142296368989,0.9431818181818182,0.5701668302257115,0.8620178041543026,0.661432777232581,3.0,0.8371219150571287,1.0,True,577,0.9366883116883117,0.8569144403593131,8.06946000084281,0.21211861135147447,nan,1019,1019,1043456,256,float32,1024,nan,1054,1054,1079296,nan,nan,nan,nan,7.6378200014005415,0.5623517328701476,nan,nan,nan,nan,8.215659997949842,1.1989753213733405,superpoint,superpoint,superpoint,bf_ratio,0.8
hpatches,i_greenhouse,illumination,i_greenhouse_1_to_2,1,2,D:\桌面\IACV\Assigment1\data\hpatches\i_greenhouse\1.ppm,D:\桌面\IACV\Assigment1\data\hpatches\i_greenhouse\2.ppm,550,1931,1102,0.5706887622993267,3.0,0.20026322050088644,1931,550,505,45,1102,0.28482651475919213,0.9181818181818182,0.2615225271879855,0.45825771324863884,0.5706887622993267,3.0,0.878116078381627,1.0,True,498,0.9054545454545454,0.8777341515594879,24.961179999809247,0.3039665092098512,nan,1931,1931,1977344,256,float32,1024,nan,1729,1729,1770496,nan,nan,nan,nan,9.060060000047088,1.3711524563120885,nan,nan,nan,nan,8.390319999307394,0.03106911098832945,superpoint,superpoint,superpoint,bf_ratio,0.8
hpatches,i_greenhouse,illumination,i_greenhouse_1_to_3,1,3,D:\桌面\IACV\Assigment1\data\hpatches\i_greenhouse\1.ppm,D:\桌面\IACV\Assigment1\data\hpatches\i_greenhouse\3.ppm,710,1931,1202,0.6224754013464526,3.0,0.6909943628352553,1931,710,642,68,1202,0.36768513723459345,0.9042253521126761,0.3324702226825479,0.5341098169717138,0.6224754013464526,3.0,1.0708746129902216,1.0,True,641,0.9028169014084507,1.1492034635064756,27.827960001013707,0.4839921756462016,nan,1931,1931,1977344,256,float32,1024,nan,1929,1929,1975296,nan,nan,nan,nan,9.060060000047088,1.3711524563120885,nan,nan,nan,nan,8.524520001083147,0.0463200775941218,superpoint,superpoint,superpoint,bf_ratio,0.8
hpatches,i_greenhouse,illumination,i_greenhouse_1_to_4,1,4,D:\桌面\IACV\Assigment1\data\hpatches\i_greenhouse\1.ppm,D:\桌面\IACV\Assigment1\data\hpatches\i_greenhouse\4.ppm,589,1931,1144,0.5924391506991197,3.0,0.45198215305985445,1931,589,536,53,1144,0.3050233039875712,0.9100169779286927,0.2775763852925945,0.46853146853146854,0.5924391506991197,3.0,1.1013513210172914,1.0,True,539,0.9151103565365025,1.1306282004709327,26.614280001376756,1.4430177340536015,nan,1931,1931,1977344,256,float32,1024,nan,1883,1883,1928192,nan,nan,nan,nan,9.060060000047088,1.3711524563120885,nan,nan,nan,nan,9.22969999955967,1.579478678645307,superpoint,superpoint,superpoint,bf_ratio,0.8
hpatches,i_greenhouse,illumination,i_greenhouse_1_to_5,1,5,D:\桌面\IACV\Assigment1\data\hpatches\i_greenhouse\1.ppm,D:\桌面\IACV\Assigment1\data\hpatches\i_greenhouse\5.ppm,508,1931,1064,0.5510098394614189,3.0,0.8468985030413205,1931,508,453,55,1064,0.26307612635939925,0.8917322834645669,0.23459347488348006,0.4257518796992481,0.5510098394614189,3.0,1.303532603853804,1.0,True,452,0.889763779527559,1.244133343653285,25.658640000619926,0.5886858990382369,nan,1931,1931,1977344,256,float32,1024,nan,1782,1782,1824768,nan,nan,nan,nan,9.060060000047088,1.3711524563120885,nan,nan,nan,nan,8.441560000937898,0.0837346673683316,superpoint,superpoint,superpoint,bf_ratio,0.8
hpatches,i_greenhouse,illumination,i_greenhouse_1_to_6,1,6,D:\桌面\IACV\Assigment1\data\hpatches\i_greenhouse\1.ppm,D:\桌面\IACV\Assigment1\data\hpatches\i_greenhouse\6.ppm,374,1931,1021,0.5287415846711548,3.0,1.0255950537479093,1931,374,326,48,1021,0.19368203003625065,0.8716577540106952,0.16882444329363025,0.31929480901077373,0.5287415846711548,3.0,1.2655418977625774,1.0,True,335,0.8957219251336899,1.1857050782053824,24.56081999989692,0.7950285039758497,nan,1931,1931,1977344,256,float32,1024,nan,1740,1740,1781760,nan,nan,nan,nan,9.060060000047088,1.3711524563120885,nan,nan,nan,nan,8.594900000025518,0.1377058605849281,superpoint,superpoint,superpoint,bf_ratio,0.8
hpatches,i_greentea,illumination,i_greentea_1_to_2,1,2,D:\桌面\IACV\Assigment1\data\hpatches\i_greentea\1.ppm,D:\桌面\IACV\Assigment1\data\hpatches\i_greentea\2.ppm,872,1959,1285,0.6559469116896376,3.0,0.605803527474764,1959,872,832,40,1285,0.4451250638080653,0.9541284403669725,0.42470648289943846,0.6474708171206226,0.6559469116896376,3.0,0.5668222184181078,0.0,True,833,0.9552752293577982,0.6648221480512225,25.89301999832969,0.4607217515975013,nan,1959,1959,2006016,256,float32,1024,nan,1808,1808,1851392,nan,nan,nan,nan,13.36495999712497,0.2570772397146612,nan,nan,nan,nan,13.315280000097118,0.1258260469911874,superpoint,superpoint,superpoint,bf_ratio,0.8
hpatches,i_greentea,illumination,i_greentea_1_to_3,1,3,D:\桌面\IACV\Assigment1\data\hpatches\i_greentea\1.ppm,D:\桌面\IACV\Assigment1\data\hpatches\i_greentea\3.ppm,1168,1959,1503,0.7672281776416539,3.0,0.09275206975569561,1959,1168,1119,49,1503,0.5962225625319041,0.9580479452054794,0.5712098009188361,0.7445109780439122,0.7672281776416539,3.0,0.5957150516692564,0.0,True,1112,0.952054794520548,0.6101367282631803,30.57991999812657,0.5571811426720453,nan,1959,1959,2006016,256,float32,1024,nan,2048,2048,2097152,nan,nan,nan,nan,13.36495999712497,0.2570772397146612,nan,nan,nan,nan,13.295839999045711,0.1265110053309929,superpoint,superpoint,superpoint,bf_ratio,0.8
hpatches,i_greentea,illumination,i_greentea_1_to_4,1,4,D:\桌面\IACV\Assigment1\data\hpatches\i_greentea\1.ppm,D:\桌面\IACV\Assigment1\data\hpatches\i_greentea\4.ppm,1270,1959,1541,0.7866258295048494,3.0,0.15274656174944057,1959,1270,1220,50,1541,0.6482899438489025,0.9606299212598425,0.622766717713119,0.791693705386113,0.7866258295048494,3.0,0.6197354744040144,0.0,True,1216,0.9574803149606299,0.6358018402795478,31.089799998153467,0.29736662092739163,nan,1959,1959,2006016,256,float32,1024,nan,2048,2048,2097152,nan,nan,nan,nan,13.36495999712497,0.2570772397146612,nan,nan,nan,nan,13.394220001646318,0.1103132695815591,superpoint,superpoint,superpoint,bf_ratio,0.8
hpatches,i_greentea,illumination,i_greentea_1_to_5,1,5,D:\桌面\IACV\Assigment1\data\hpatches\i_greentea\1.ppm,D:\桌面\IACV\Assigment1\data\hpatches\i_greentea\5.ppm,1254,1959,1553,0.7927514037774375,3.0,0.161221251638541,1959,1254,1203,51,1553,0.6401225114854517,0.9593301435406698,0.6140888208269525,0.7746297488731487,0.7927514037774375,3.0,0.6518755353095508,0.0,True,1196,0.9537480063795853,0.6818124511137823,30.597559998568613,1.1348352925367564,nan,1959,1959,2006016,256,float32,1024,nan,2041,2041,2089984,nan,nan,nan,nan,13.36495999712497,0.2570772397146612,nan,nan,nan,nan,13.288340000144672,0.29366430284571454,superpoint,superpoint,superpoint,bf_ratio,0.8
hpatches,i_greentea,illumination,i_greentea_1_to_6,1,6,D:\桌面\IACV\Assigment1\data\hpatches\i_greentea\1.ppm,D:\桌面\IACV\Assigment1\data\hpatches\i_greentea\6.ppm,1008,1959,1435,0.7325165900969882,3.0,0.43364333476477473,1959,1008,937,71,1435,0.5145482388973966,0.9295634920634921,0.478305257784584,0.6529616724738676,0.7325165900969882,3.0,0.6993809172465495,1.0,True,931,0.9236111111111112,0.7550178477933326,29.34135999821592,1.0806456263267759,nan,1959,1959,2006016,256,float32,1024,nan,1946,1946,1992704,nan,nan,nan,nan,13.36495999712497,0.2570772397146612,nan,nan,nan,nan,13.129400002071634,0.10541832461891547,superpoint,superpoint,superpoint,bf_ratio,0.8
hpatches,i_indiana,illumination,i_indiana_1_to_2,1,2,D:\桌面\IACV\Assigment1\data\hpatches\i_indiana\1.ppm,D:\桌面\IACV\Assigment1\data\hpatches\i_indiana\2.ppm,823,2048,1155,0.56396484375,3.0,0.6408285349831802,2048,823,735,88,1155,0.40185546875,0.8930741190765492,0.35888671875,0.6363636363636364,0.56396484375,3.0,1.0085094999259987,1.0,True,732,0.8894289185905225,1.0456396195487305,32.641599999624304,0.747489564745605,nan,2048,2048,2097152,256,float32,1024,nan,2048,2048,2097152,nan,nan,nan,nan,23.3607000001939,0.3427225476096632,nan,nan,nan,nan,23.55035999935353,0.13126884943744319,superpoint,superpoint,superpoint,bf_ratio,0.8
hpatches,i_indiana,illumination,i_indiana_1_to_3,1,3,D:\桌面\IACV\Assigment1\data\hpatches\i_indiana\1.ppm,D:\桌面\IACV\Assigment1\data\hpatches\i_indiana\3.ppm,616,2048,1098,0.5361328125,3.0,1.7325067806710104,2048,616,546,70,1098,0.30078125,0.8863636363636364,0.2666015625,0.4972677595628415,0.5361328125,3.0,1.0869205655442733,1.0,True,528,0.8571428571428571,1.203318866153797,32.66884000040591,0.9166688304685127,nan,2048,2048,2097152,256,float32,1024,nan,2048,2048,2097152,nan,nan,nan,nan,23.3607000001939,0.3427225476096632,nan,nan,nan,nan,23.5560599991004,0.12728355049239004,superpoint,superpoint,superpoint,bf_ratio,0.8
hpatches,i_indiana,illumination,i_indiana_1_to_4,1,4,D:\桌面\IACV\Assigment1\data\hpatches\i_indiana\1.ppm,D:\桌面\IACV\Assigment1\data\hpatches\i_indiana\4.ppm,401,2048,987,0.48193359375,3.0,0.6862539011008549,2048,401,351,50,987,0.19580078125,0.8753117206982544,0.17138671875,0.3556231003039514,0.48193359375,3.0,1.1414242466861364,1.0,True,345,0.8603491271820449,1.1721415236101351,31.33149999921443,1.5011255898254596,nan,2048,2048,2097152,256,float32,1024,nan,2048,2048,2097152,nan,nan,nan,nan,23.3607000001939,0.3427225476096632,nan,nan,nan,nan,23.538580001331866,0.34961388599548154,superpoint,superpoint,superpoint,bf_ratio,0.8
hpatches,i_indiana,illumination,i_indiana_1_to_5,1,5,D:\桌面\IACV\Assigment1\data\hpatches\i_indiana\1.ppm,D:\桌面\IACV\Assigment1\data\hpatches\i_indiana\5.ppm,341,2048,949,0.46337890625,3.0,0.5410516572635284,2048,341,300,41,949,0.16650390625,0.8797653958944281,0.146484375,0.31612223393045313,0.46337890625,3.0,1.1639542025558127,1.0,True,301,0.8826979472140762,1.1753331841578274,33.948680000321474,0.7257719039227931,nan,2048,2048,2097152,256,float32,1024,nan,2048,2048,2097152,nan,nan,nan,nan,23.3607000001939,0.3427225476096632,nan,nan,nan,nan,23.600980003539007,0.14046419232947316,superpoint,superpoint,superpoint,bf_ratio,0.8
hpatches,i_indiana,illumination,i_indiana_1_to_6,1,6,D:\桌面\IACV\Assigment1\data\hpatches\i_indiana\1.ppm,D:\桌面\IACV\Assigment1\data\hpatches\i_indiana\6.ppm,265,2048,932,0.455078125,3.0,0.7951813159202477,2048,265,228,37,932,0.12939453125,0.8603773584905661,0.111328125,0.2446351931330472,0.455078125,3.0,1.2732356006436207,1.0,True,225,0.8490566037735849,1.2435937093456353,33.49563999945531,0.9899958620728354,nan,2048,2048,2097152,256,float32,1024,nan,2048,2048,2097152,nan,nan,nan,nan,23.3607000001939,0.3427225476096632,nan,nan,nan,nan,23.49304000090342,0.2502583426142124,superpoint,superpoint,superpoint,bf_ratio,0.8
hpatches,i_kions,illumination,i_kions_1_to_2,1,2,D:\桌面\IACV\Assigment1\data\hpatches\i_kions\1.ppm,D:\桌面\IACV\Assigment1\data\hpatches\i_kions\2.ppm,193,1020,521,0.5107843137254902,3.0,1.2921779599808825,1020,193,159,34,521,0.1892156862745098,0.8238341968911918,0.15588235294117647,0.30518234165067176,0.5107843137254902,3.0,1.650234408135349,1.4142135623730951,True,169,0.8756476683937824,1.2355004150768676,9.449419997690711,0.130894881364184,nan,1020,1020,1044480,256,float32,1024,nan,1154,1154,1181696,nan,nan,nan,nan,9.300100003019907,0.08931304524868437,nan,nan,nan,nan,9.274699998786673,0.29262678015218946,superpoint,superpoint,superpoint,bf_ratio,0.8
hpatches,i_kions,illumination,i_kions_1_to_3,1,3,D:\桌面\IACV\Assigment1\data\hpatches\i_kions\1.ppm,D:\桌面\IACV\Assigment1\data\hpatches\i_kions\3.ppm,104,1020,532,0.5215686274509804,3.0,1.028477260441069,1020,104,87,17,532,0.10196078431372549,0.8365384615384616,0.08529411764705883,0.16353383458646617,0.5215686274509804,3.0,1.0405644395081244,1.0,True,86,0.8269230769230769,1.0125096150210489,10.087239999847952,0.24305718315999783,nan,1020,1020,1044480,256,float32,1024,nan,1411,1411,1444864,nan,nan,nan,nan,9.300100003019907,0.08931304524868437,nan,nan,nan,nan,9.898340002109762,1.6563372101177232,superpoint,superpoint,superpoint,bf_ratio,0.8
hpatches,i_kions,illumination,i_kions_1_to_4,1,4,D:\桌面\IACV\Assigment1\data\hpatches\i_kions\1.ppm,D:\桌面\IACV\Assigment1\data\hpatches\i_kions\4.ppm,109,1020,408,0.4,3.0,1.561198422430288,1020,109,85,24,408,0.10686274509803921,0.7798165137614679,0.08333333333333333,0.20833333333333334,0.4,3.0,1.3065010808848634,1.0,True,86,0.7889908256880734,1.3409538515861081,8.174919999146368,1.5744396901569173,nan,1020,1020,1044480,256,float32,1024,nan,860,860,880640,nan,nan,nan,nan,9.300100003019907,0.08931304524868437,nan,nan,nan,nan,9.0386199997738,0.10093485881414876,superpoint,superpoint,superpoint,bf_ratio,0.8
hpatches,i_kions,illumination,i_kions_1_to_5,1,5,D:\桌面\IACV\Assigment1\data\hpatches\i_kions\1.ppm,D:\桌面\IACV\Assigment1\data\hpatches\i_kions\5.ppm,90,1020,401,0.3931372549019608,3.0,3.1411299670457877,1020,90,77,13,401,0.08823529411764706,0.8555555555555555,0.07549019607843137,0.19201995012468828,0.3931372549019608,3.0,1.3849993639280493,1.4142135623730951,True,78,0.8666666666666667,1.2840513397187767,6.266699996194802,0.12825087957351228,nan,1020,1020,1044480,256,float32,1024,nan,796,796,815104,nan,nan,nan,nan,9.300100003019907,0.08931304524868437,nan,nan,nan,nan,9.354279999388382,0.5866088294746216,superpoint,superpoint,superpoint,bf_ratio,0.8
hpatches,i_kions,illumination,i_kions_1_to_6,1,6,D:\桌面\IACV\Assigment1\data\hpatches\i_kions\1.ppm,D:\桌面\IACV\Assigment1\data\hpatches\i_kions\6.ppm,99,1020,529,0.5186274509803922,3.0,3.4113221586835802,1020,99,79,20,529,0.09705882352941177,0.797979797979798,0.07745098039215687,0.14933837429111532,0.5186274509803922,3.0,0.9967501491547149,1.0,True,77,0.7777777777777778,1.1798727086723837,10.753539997676853,0.3101938388851559,nan,1020,1020,1044480,256,float32,1024,nan,1424,1424,1458176,nan,nan,nan,nan,9.300100003019907,0.08931304524868437,nan,nan,nan,nan,9.082460000354331,0.19806380562861833,superpoint,superpoint,superpoint,bf_ratio,0.8
hpatches,i_ktirio,illumination,i_ktirio_1_to_2,1,2,D:\桌面\IACV\Assigment1\data\hpatches\i_ktirio\1.ppm,D:\桌面\IACV\Assigment1\data\hpatches\i_ktirio\2.ppm,700,1041,753,0.723342939481268,3.0,0.3993956506250985,1041,700,660,40,753,0.6724303554274735,0.9428571428571428,0.6340057636887608,0.8764940239043825,0.723342939481268,3.0,0.605256499730302,0.0,True,660,0.9428571428571428,0.6559904323452524,8.982659998582676,0.10498284551908907,nan,1041,1041,1065984,256,float32,1024,nan,1121,1121,1147904,nan,nan,nan,nan,9.008759999414906,0.6142984907141968,nan,nan,nan,nan,8.803159998205956,0.13477718911047037,superpoint,superpoint,superpoint,bf_ratio,0.8
hpatches,i_ktirio,illumination,i_ktirio_1_to_3,1,3,D:\桌面\IACV\Assigment1\data\hpatches\i_ktirio\1.ppm,D:\桌面\IACV\Assigment1\data\hpatches\i_ktirio\3.ppm,279,1041,528,0.5072046109510087,3.0,0.7740804735711393,1041,279,252,27,528,0.2680115273775216,0.9032258064516129,0.2420749279538905,0.4772727272727273,0.5072046109510087,3.0,0.9406985252779582,1.0,True,256,0.9175627240143369,1.0749678193676273,8.126420000917278,0.06868570133363887,nan,1041,1041,1065984,256,float32,1024,nan,1060,1060,1085440,nan,nan,nan,nan,9.008759999414906,0.6142984907141968,nan,nan,nan,nan,9.72446000232594,1.58709478673513,superpoint,superpoint,superpoint,bf_ratio,0.8
hpatches,i_ktirio,illumination,i_ktirio_1_to_4,1,4,D:\桌面\IACV\Assigment1\data\hpatches\i_ktirio\1.ppm,D:\桌面\IACV\Assigment1\data\hpatches\i_ktirio\4.ppm,112,1041,459,0.4409221902017291,3.0,4.824620813777495,1041,112,85,27,459,0.10758885686839577,0.7589285714285714,0.08165225744476465,0.18518518518518517,0.4409221902017291,3.0,1.0746398581495766,1.0,True,83,0.7410714285714286,1.261961094267932,8.834100000967737,0.1589886656862208,nan,1041,1041,1065984,256,float32,1024,nan,1118,1118,1144832,nan,nan,nan,nan,9.008759999414906,0.6142984907141968,nan,nan,nan,nan,9.079819999169558,0.41485583842635626,superpoint,superpoint,superpoint,bf_ratio,0.8
hpatches,i_ktirio,illumination,i_ktirio_1_to_5,1,5,D:\桌面\IACV\Assigment1\data\hpatches\i_ktirio\1.ppm,D:\桌面\IACV\Assigment1\data\hpatches\i_ktirio\5.ppm,229,1041,511,0.4908741594620557,3.0,0.8283424198604665,1041,229,202,27,511,0.21998078770413065,0.8820960698689956,0.19404418828049952,0.3953033268101761,0.4908741594620557,3.0,0.9439713028505375,1.0,True,200,0.8733624454148472,1.01038311865173,7.507699998677708,0.4528859030716738,nan,1041,1041,1065984,256,float32,1024,nan,962,962,985088,nan,nan,nan,nan,9.008759999414906,0.6142984907141968,nan,nan,nan,nan,9.361779998289421,1.3055992510297951,superpoint,superpoint,superpoint,bf_ratio,0.8
hpatches,i_ktirio,illumination,i_ktirio_1_to_6,1,6,D:\桌面\IACV\Assigment1\data\hpatches\i_ktirio\1.ppm,D:\桌面\IACV\Assigment1\data\hpatches\i_ktirio\6.ppm,96,1041,445,0.4274735830931796,3.0,1.835620053986184,1041,96,72,24,445,0.09221902017291066,0.75,0.069164265129683,0.16179775280898875,0.4274735830931796,3.0,1.21234249795435,1.4142135623730951,True,70,0.7291666666666666,1.252914708581073,8.404620000510477,0.6141337244253158,nan,1041,1041,1065984,256,float32,1024,nan,1113,1113,1139712,nan,nan,nan,nan,9.008759999414906,0.6142984907141968,nan,nan,nan,nan,8.780180000758264,0.18104297014781986,superpoint,superpoint,superpoint,bf_ratio,0.8
hpatches,i_kurhaus,illumination,i_kurhaus_1_to_2,1,2,D:\桌面\IACV\Assigment1\data\hpatches\i_kurhaus\1.ppm,D:\桌面\IACV\Assigment1\data\hpatches\i_kurhaus\2.ppm,1498,2048,1515,0.73974609375,3.0,0.7850245658977639,2048,1498,1422,76,1515,0.7314453125,0.9492656875834445,0.6943359375,0.9386138613861386,0.73974609375,3.0,0.6285212993291706,0.0,True,1417,0.9459279038718291,0.7122114660481231,32.53361999959452,0.884910746689591,nan,2048,2048,2097152,256,float32,1024,nan,2048,2048,2097152,nan,nan,nan,nan,27.741599998262245,0.2594922644341532,nan,nan,nan,nan,28.02491999900667,0.2603320756315821,superpoint,superpoint,superpoint,bf_ratio,0.8
hpatches,i_kurhaus,illumination,i_kurhaus_1_to_3,1,3,D:\桌面\IACV\Assigment1\data\hpatches\i_kurhaus\1.ppm,D:\桌面\IACV\Assigment1\data\hpatches\i_kurhaus\3.ppm,1262,2048,1362,0.6650390625,3.0,0.6592153227016304,2048,1262,1185,77,1362,0.6162109375,0.938985736925515,0.57861328125,0.8700440528634361,0.6650390625,3.0,0.7314481559971165,1.0,True,1175,0.9310618066561014,0.8844429889088311,31.69601999979932,0.6159605878822629,nan,2048,2048,2097152,256,float32,1024,nan,2048,2048,2097152,nan,nan,nan,nan,27.741599998262245,0.2594922644341532,nan,nan,nan,nan,27.90036000078544,0.18534817717552746,superpoint,superpoint,superpoint,bf_ratio,0.8
hpatches,i_kurhaus,illumination,i_kurhaus_1_to_4,1,4,D:\桌面\IACV\Assigment1\data\hpatches\i_kurhaus\1.ppm,D:\桌面\IACV\Assigment1\data\hpatches\i_kurhaus\4.ppm,1154,2048,1252,0.611328125,3.0,0.8834640277613518,2048,1154,1052,102,1252,0.5634765625,0.9116117850953206,0.513671875,0.8402555910543131,0.611328125,3.0,0.7895685487996392,1.0,True,1052,0.9116117850953206,0.9455352174125222,32.037979998858646,0.237802300355164,nan,2048,2048,2097152,256,float32,1024,nan,2048,2048,2097152,nan,nan,nan,nan,27.741599998262245,0.2594922644341532,nan,nan,nan,nan,27.936400000180583,0.10998547174035224,superpoint,superpoint,superpoint,bf_ratio,0.8
hpatches,i_kurhaus,illumination,i_kurhaus_1_to_5,1,5,D:\桌面\IACV\Assigment1\data\hpatches\i_kurhaus\1.ppm,D:\桌面\IACV\Assigment1\data\hpatches\i_kurhaus\5.ppm,996,2048,1175,0.57373046875,3.0,0.4856946652236487,2048,996,909,87,1175,0.486328125,0.9126506024096386,0.44384765625,0.7736170212765957,0.57373046875,3.0,0.9276571891264586,1.0,True,909,0.9126506024096386,0.9700307946143552,32.07684000080917,1.4772957479384976,nan,2048,2048,2097152,256,float32,1024,nan,2048,2048,2097152,nan,nan,nan,nan,27.741599998262245,0.2594922644341532,nan,nan,nan,nan,27.84000000101514,0.3513895238371466,superpoint,superpoint,superpoint,bf_ratio,0.8
hpatches,i_kurhaus,illumination,i_kurhaus_1_to_6,1,6,D:\桌面\IACV\Assigment1\data\hpatches\i_kurhaus\1.ppm,D:\桌面\IACV\Assigment1\data\hpatches\i_kurhaus\6.ppm,868,2048,1079,0.52685546875,3.0,2.1309156845041977,2048,868,765,103,1079,0.423828125,0.881336405529954,0.37353515625,0.7089898053753475,0.52685546875,3.0,1.016983534004132,1.0,True,751,0.8652073732718893,1.1239440802600533,31.271599998581223,0.9501231246233891,nan,2048,2048,2097152,256,float32,1024,nan,2048,2048,2097152,nan,nan,nan,nan,27.741599998262245,0.2594922644341532,nan,nan,nan,nan,27.81055999948876,0.1747900976530851,superpoint,superpoint,superpoint,bf_ratio,0.8
hpatches,i_leuven,illumination,i_leuven_1_to_2,1,2,D:\桌面\IACV\Assigment1\data\hpatches\i_leuven\1.ppm,D:\桌面\IACV\Assigment1\data\hpatches\i_leuven\2.ppm,1393,2048,1456,0.7109375,3.0,1.3341409940291726,2048,1393,1289,104,1456,0.68017578125,0.9253409906676239,0.62939453125,0.8853021978021978,0.7109375,3.0,1.1192359989706349,0.95716437092711,True,1297,0.9310839913854989,0.9938091526712454,32.07088000053773,0.2885897260304508,nan,2048,2048,2097152,256,float32,1024,nan,2048,2048,2097152,nan,nan,nan,nan,15.013880000333302,0.1866357454058445,nan,nan,nan,nan,15.075820000492968,0.07885111044354494,superpoint,superpoint,superpoint,bf_ratio,0.8
hpatches,i_leuven,illumination,i_leuven_1_to_3,1,3,D:\桌面\IACV\Assigment1\data\hpatches\i_leuven\1.ppm,D:\桌面\IACV\Assigment1\data\hpatches\i_leuven\3.ppm,1310,2043,1360,0.6656877141458639,3.0,1.9966903660214623,2043,1309,1180,129,1360,0.640724424865394,0.9014514896867838,0.5775819872736172,0.8676470588235294,0.6656877141458639,3.0,1.3247597898600332,1.241450213487266,True,1225,0.9351145038167938,1.0419076843923591,31.767640000907704,0.37193352509170774,nan,2048,2048,2097152,256,float32,1024,nan,2048,2048,2097152,nan,nan,nan,nan,15.013880000333302,0.1866357454058445,nan,nan,nan,nan,15.108660000259988,0.12344698375245652,superpoint,superpoint,superpoint,bf_ratio,0.8
hpatches,i_leuven,illumination,i_leuven_1_to_4,1,4,D:\桌面\IACV\Assigment1\data\hpatches\i_leuven\1.ppm,D:\桌面\IACV\Assigment1\data\hpatches\i_leuven\4.ppm,1190,2041,1272,0.6232239098481137,3.0,3.718642005793198,2041,1190,1046,144,1272,0.5830475257226849,0.8789915966386554,0.5124938755512004,0.8223270440251572,0.6232239098481137,3.0,1.396153113454345,1.3361230222476084,True,1089,0.915126050420168,1.1907024868865363,36.21693999884883,2.85894600112822,nan,2048,2048,2097152,256,float32,1024,nan,2048,2048,2097152,nan,nan,nan,nan,15.013880000333302,0.1866357454058445,nan,nan,nan,nan,15.031460000318475,0.14768984393511292,superpoint,superpoint,superpoint,bf_ratio,0.8
hpatches,i_leuven,illumination,i_leuven_1_to_5,1,5,D:\桌面\IACV\Assigment1\data\hpatches\i_leuven\1.ppm,D:\桌面\IACV\Assigment1\data\hpatches\i_leuven\5.ppm,1030,2012,1204,0.5984095427435387,3.0,4.070520790721566,2012,1029,906,123,1204,0.5114314115308151,0.880466472303207,0.45029821073558646,0.7524916943521595,0.5984095427435387,3.0,1.3103041987663075,1.2113862773769437,True,905,0.8786407766990292,1.22942871890945,31.99789999925997,0.8306895975932705,nan,2048,2048,2097152,256,float32,1024,nan,2048,2048,2097152,nan,nan,nan,nan,15.013880000333302,0.1866357454058445,nan,nan,nan,nan,15.1947399994242,0.3240974280112056,superpoint,superpoint,superpoint,bf_ratio,0.8
hpatches,i_leuven,illumination,i_leuven_1_to_6,1,6,D:\桌面\IACV\Assigment1\data\hpatches\i_leuven\1.ppm,D:\桌面\IACV\Assigment1\data\hpatches\i_leuven\6.ppm,696,1985,783,0.39445843828715366,3.0,12.077756840624462,1985,692,365,327,783,0.3486146095717884,0.5274566473988439,0.18387909319899245,0.4661558109833972,0.39445843828715366,3.0,1.5646260329649198,1.50430089620843,True,612,0.8793103448275862,1.2577219620428854,32.1529000022565,0.7185786296995351,nan,2048,2048,2097152,256,float32,1024,nan,2048,2048,2097152,nan,nan,nan,nan,15.013880000333302,0.1866357454058445,nan,nan,nan,nan,15.184699998644646,0.26214015240625704,superpoint,superpoint,superpoint,bf_ratio,0.8
hpatches,i_lionday,illumination,i_lionday_1_to_2,1,2,D:\桌面\IACV\Assigment1\data\hpatches\i_lionday\1.ppm,D:\桌面\IACV\Assigment1\data\hpatches\i_lionday\2.ppm,209,1351,806,0.5965951147298297,3.0,2.158102552892038,1351,209,157,52,806,0.154700222057735,0.7511961722488039,0.11621021465581051,0.19478908188585609,0.5965951147298297,3.0,1.518250690840996,1.4142135623730951,True,167,0.7990430622009569,1.3152466086483436,16.327919998730067,0.1561517533519943,nan,1351,1351,1383424,256,float32,1024,nan,1585,1585,1623040,nan,nan,nan,nan,8.775259999674745,0.08744483074038804,nan,nan,nan,nan,8.815100000356324,0.07352971936030894,superpoint,superpoint,superpoint,bf_ratio,0.8
hpatches,i_lionday,illumination,i_lionday_1_to_3,1,3,D:\桌面\IACV\Assigment1\data\hpatches\i_lionday\1.ppm,D:\桌面\IACV\Assigment1\data\hpatches\i_lionday\3.ppm,281,1351,738,0.5462620281273131,3.0,2.231574470475492,1351,281,214,67,738,0.20799407846039972,0.7615658362989324,0.15840118430792005,0.2899728997289973,0.5462620281273131,3.0,1.4768372571616528,1.4142135623730951,True,220,0.7829181494661922,1.3299746308579974,14.82607999787433,0.8748553253350092,nan,1351,1351,1383424,256,float32,1024,nan,1460,1460,1495040,nan,nan,nan,nan,8.775259999674745,0.08744483074038804,nan,nan,nan,nan,9.57366000075126,1.625336314060895,superpoint,superpoint,superpoint,bf_ratio,0.8
hpatches,i_lionday,illumination,i_lionday_1_to_4,1,4,D:\桌面\IACV\Assigment1\data\hpatches\i_lionday\1.ppm,D:\桌面\IACV\Assigment1\data\hpatches\i_lionday\4.ppm,55,1351,688,0.5092524056254626,3.0,3.3676665437087387,1351,55,26,29,688,0.04071058475203553,0.4727272727272727,0.01924500370096225,0.0377906976744186,0.5092524056254626,3.0,2.0462404738070417,2.23606797749979,True,38,0.6909090909090909,1.3403836376658964,20.385420000820886,0.5089119877575744,nan,1351,1351,1383424,256,float32,1024,nan,2021,2021,2069504,nan,nan,nan,nan,8.775259999674745,0.08744483074038804,nan,nan,nan,nan,9.160220000194386,0.6674879722315157,superpoint,superpoint,superpoint,bf_ratio,0.8
hpatches,i_lionday,illumination,i_lionday_1_to_5,1,5,D:\桌面\IACV\Assigment1\data\hpatches\i_lionday\1.ppm,D:\桌面\IACV\Assigment1\data\hpatches\i_lionday\5.ppm,115,1351,662,0.4900074019245004,3.0,1.8773089866845873,1351,115,71,44,662,0.0851221317542561,0.6173913043478261,0.052553663952627686,0.10725075528700906,0.4900074019245004,3.0,1.6894660114341558,1.4142135623730951,True,90,0.782608695652174,1.3929441245340963,14.834979998704512,0.30920895960949935,nan,1351,1351,1383424,256,float32,1024,nan,1447,1447,1481728,nan,nan,nan,nan,8.775259999674745,0.08744483074038804,nan,nan,nan,nan,8.97980000008829,0.4986068799553591,superpoint,superpoint,superpoint,bf_ratio,0.8
hpatches,i_lionday,illumination,i_lionday_1_to_6,1,6,D:\桌面\IACV\Assigment1\data\hpatches\i_lionday\1.ppm,D:\桌面\IACV\Assigment1\data\hpatches\i_lionday\6.ppm,297,1351,736,0.5447816432272391,3.0,1.831511228583145,1351,297,212,85,736,0.21983715766099185,0.7138047138047138,0.15692079940784603,0.28804347826086957,0.5447816432272391,3.0,1.7026779566685581,2.0,True,223,0.7508417508417509,1.3426749281119001,14.934079999511596,0.4946482308973689,nan,1351,1351,1383424,256,float32,1024,nan,1380,1380,1413120,nan,nan,nan,nan,8.775259999674745,0.08744483074038804,nan,nan,nan,nan,8.804199998849072,0.1385948470171552,superpoint,superpoint,superpoint,bf_ratio,0.8
hpatches,i_lionnight,illumination,i_lionnight_1_to_2,1,2,D:\桌面\IACV\Assigment1\data\hpatches\i_lionnight\1.ppm,D:\桌面\IACV\Assigment1\data\hpatches\i_lionnight\2.ppm,526,2036,876,0.4302554027504912,3.0,0.7934977281212197,2036,526,420,106,876,0.2583497053045187,0.7984790874524715,0.206286836935167,0.4794520547945205,0.4302554027504912,3.0,1.4106940536512573,1.4142135623730951,True,422,0.8022813688212928,1.3409934070667116,29.696079999848735,0.475709741765084,nan,2036,2036,2084864,256,float32,1024,nan,1841,1841,1885184,nan,nan,nan,nan,9.19620000058785,0.8041827350297774,nan,nan,nan,nan,8.7433399996371,0.08745185127281213,superpoint,superpoint,superpoint,bf_ratio,0.8
hpatches,i_lionnight,illumination,i_lionnight_1_to_3,1,3,D:\桌面\IACV\Assigment1\data\hpatches\i_lionnight\1.ppm,D:\桌面\IACV\Assigment1\data\hpatches\i_lionnight\3.ppm,257,2036,780,0.3831041257367387,3.0,3.0112952877478087,2036,257,182,75,780,0.12622789783889982,0.708171206225681,0.0893909626719057,0.23333333333333334,0.3831041257367387,3.0,1.5813629514588632,1.4142135623730951,True,187,0.7276264591439688,1.3709196807668627,31.872460000158753,0.41306511075584046,nan,2036,2036,2084864,256,float32,1024,nan,2048,2048,2097152,nan,nan,nan,nan,9.19620000058785,0.8041827350297774,nan,nan,nan,nan,9.159299999009818,0.20480153314846497,superpoint,superpoint,superpoint,bf_ratio,0.8
hpatches,i_lionnight,illumination,i_lionnight_1_to_4,1,4,D:\桌面\IACV\Assigment1\data\hpatches\i_lionnight\1.ppm,D:\桌面\IACV\Assigment1\data\hpatches\i_lionnight\4.ppm,567,2036,1023,0.5024557956777996,3.0,2.0654263852670107,2036,567,448,119,1023,0.2784872298624754,0.7901234567901234,0.2200392927308448,0.43792766373411535,0.5024557956777996,3.0,1.5047025366538733,1.4142135623730951,True,449,0.7918871252204586,1.31259854233745,31.89954000117723,1.1552976340980277,nan,2036,2036,2084864,256,float32,1024,nan,2048,2048,2097152,nan,nan,nan,nan,9.19620000058785,0.8041827350297774,nan,nan,nan,nan,9.541200000967365,0.15905506979370435,superpoint,superpoint,superpoint,bf_ratio,0.8
hpatches,i_lionnight,illumination,i_lionnight_1_to_5,1,5,D:\桌面\IACV\Assigment1\data\hpatches\i_lionnight\1.ppm,D:\桌面\IACV\Assigment1\data\hpatches\i_lionnight\5.ppm,616,2036,902,0.4430255402750491,3.0,3.611731212315422,2036,616,495,121,902,0.3025540275049116,0.8035714285714286,0.2431237721021611,0.5487804878048781,0.4430255402750491,3.0,1.4316475955418075,1.4142135623730951,True,468,0.7597402597402597,1.318544577911613,26.851420001185033,0.5866489019814474,nan,2036,2036,2084864,256,float32,1024,nan,1744,1744,1785856,nan,nan,nan,nan,9.19620000058785,0.8041827350297774,nan,nan,nan,nan,9.683679998852313,0.5976566899536128,superpoint,superpoint,superpoint,bf_ratio,0.8
hpatches,i_lionnight,illumination,i_lionnight_1_to_6,1,6,D:\桌面\IACV\Assigment1\data\hpatches\i_lionnight\1.ppm,D:\桌面\IACV\Assigment1\data\hpatches\i_lionnight\6.ppm,631,2036,881,0.43271119842829076,3.0,1.5858410400064824,2036,631,513,118,881,0.3099214145383104,0.8129952456418383,0.25196463654223966,0.5822928490351873,0.43271119842829076,3.0,1.4863577425657641,1.4142135623730951,True,515,0.8161648177496038,1.3631719685308366,22.005460000946186,1.0786917261192948,nan,2036,2036,2084864,256,float32,1024,nan,1561,1561,1598464,nan,nan,nan,nan,9.19620000058785,0.8041827350297774,nan,nan,nan,nan,10.330259999318514,0.7302843784327443,superpoint,superpoint,superpoint,bf_ratio,0.8
hpatches,i_londonbridge,illumination,i_londonbridge_1_to_2,1,2,D:\桌面\IACV\Assigment1\data\hpatches\i_londonbridge\1.ppm,D:\桌面\IACV\Assigment1\data\hpatches\i_londonbridge\2.ppm,1644,2048,342,0.1669921875,3.0,3.690969242213165,2048,1644,295,1349,342,0.802734375,0.1794403892944039,0.14404296875,0.8625730994152047,0.1669921875,3.0,2.170490173316858,2.23606797749979,True,1552,0.9440389294403893,0.9456639717783649,33.25283999874955,0.49494737048289683,nan,2048,2048,2097152,256,float32,1024,nan,2048,2048,2097152,nan,nan,nan,nan,37.703079999482725,0.491265631264402,nan,nan,nan,nan,36.95945999788819,0.26136742381679867,superpoint,superpoint,superpoint,bf_ratio,0.8
hpatches,i_londonbridge,illumination,i_londonbridge_1_to_3,1,3,D:\桌面\IACV\Assigment1\data\hpatches\i_londonbridge\1.ppm,D:\桌面\IACV\Assigment1\data\hpatches\i_londonbridge\3.ppm,1387,2048,815,0.39794921875,3.0,2.4891875954947102,2048,1387,751,636,815,0.67724609375,0.5414563806777217,0.36669921875,0.9214723926380368,0.39794921875,3.0,2.16332031161863,2.23606797749979,True,1272,0.9170872386445565,1.1680758026811144,31.76172000094084,0.7611174996513145,nan,2048,2048,2097152,256,float32,1024,nan,2048,2048,2097152,nan,nan,nan,nan,37.703079999482725,0.491265631264402,nan,nan,nan,nan,37.04586000239942,0.2802444816869358,superpoint,superpoint,superpoint,bf_ratio,0.8
hpatches,i_londonbridge,illumination,i_londonbridge_1_to_4,1,4,D:\桌面\IACV\Assigment1\data\hpatches\i_londonbridge\1.ppm,D:\桌面\IACV\Assigment1\data\hpatches\i_londonbridge\4.ppm,1084,2048,411,0.20068359375,3.0,4.0763042984703866,2048,1084,286,798,411,0.529296875,0.26383763837638374,0.1396484375,0.6958637469586375,0.20068359375,3.0,2.346189928960677,2.23606797749979,True,841,0.775830258302583,0.9638906104407419,31.98176000150852,0.8816535965603758,nan,2048,2048,2097152,256,float32,1024,nan,2048,2048,2097152,nan,nan,nan,nan,37.703079999482725,0.491265631264402,nan,nan,nan,nan,36.952440002642106,0.16806318498283182,superpoint,superpoint,superpoint,bf_ratio,0.8
hpatches,i_londonbridge,illumination,i_londonbridge_1_to_5,1,5,D:\桌面\IACV\Assigment1\data\hpatches\i_londonbridge\1.ppm,D:\桌面\IACV\Assigment1\data\hpatches\i_londonbridge\5.ppm,321,2048,121,0.05908203125,3.0,8.039709134747437,2048,321,3,318,121,0.15673828125,0.009345794392523364,0.00146484375,0.024793388429752067,0.05908203125,3.0,2.35483170074866,2.23606797749979,True,225,0.7009345794392523,1.1228515815562072,32.76711999933468,0.9454134318597426,nan,2048,2048,2097152,256,float32,1024,nan,2048,2048,2097152,nan,nan,nan,nan,37.703079999482725,0.491265631264402,nan,nan,nan,nan,36.83684000134235,0.25990240802989834,superpoint,superpoint,superpoint,bf_ratio,0.8
hpatches,i_londonbridge,illumination,i_londonbridge_1_to_6,1,6,D:\桌面\IACV\Assigment1\data\hpatches\i_londonbridge\1.ppm,D:\桌面\IACV\Assigment1\data\hpatches\i_londonbridge\6.ppm,772,2048,925,0.45166015625,3.0,1.9304888918274872,2048,772,630,142,925,0.376953125,0.8160621761658031,0.3076171875,0.6810810810810811,0.45166015625,3.0,1.7782855698139068,2.0,True,686,0.8886010362694301,1.1216923137665524,32.03575999941677,0.6940186533099314,nan,2048,2048,2097152,256,float32,1024,nan,2048,2048,2097152,nan,nan,nan,nan,37.703079999482725,0.491265631264402,nan,nan,nan,nan,36.87252000090666,0.27615120269728605,superpoint,superpoint,superpoint,bf_ratio,0.8
hpatches,i_melon,illumination,i_melon_1_to_2,1,2,D:\桌面\IACV\Assigment1\data\hpatches\i_melon\1.ppm,D:\桌面\IACV\Assigment1\data\hpatches\i_melon\2.ppm,848,1243,900,0.7240547063555913,3.0,1.0826230940425496,1243,848,774,74,900,0.6822204344328238,0.9127358490566038,0.6226870474658085,0.86,0.7240547063555913,3.0,0.8039941143632696,1.0,True,773,0.9115566037735849,0.9763027620151463,11.658399998850655,0.263289604823091,nan,1243,1243,1272832,256,float32,1024,nan,1271,1271,1301504,nan,nan,nan,nan,13.343560000066645,0.39939150619877434,nan,nan,nan,nan,13.379080001323018,0.33126910110253577,superpoint,superpoint,superpoint,bf_ratio,0.8
hpatches,i_melon,illumination,i_melon_1_to_3,1,3,D:\桌面\IACV\Assigment1\data\hpatches\i_melon\1.ppm,D:\桌面\IACV\Assigment1\data\hpatches\i_melon\3.ppm,583,1243,774,0.6226870474658085,3.0,0.3436899861166699,1243,583,526,57,774,0.4690265486725664,0.902229845626072,0.4231697506033789,0.6795865633074936,0.6226870474658085,3.0,0.9059291545326386,1.0,True,524,0.8987993138936535,0.9480097428955435,12.769660000049043,0.2948857782225885,nan,1243,1243,1272832,256,float32,1024,nan,1288,1288,1318912,nan,nan,nan,nan,13.343560000066645,0.39939150619877434,nan,nan,nan,nan,13.316040000063367,0.2633665863477735,superpoint,superpoint,superpoint,bf_ratio,0.8
hpatches,i_melon,illumination,i_melon_1_to_4,1,4,D:\桌面\IACV\Assigment1\data\hpatches\i_melon\1.ppm,D:\桌面\IACV\Assigment1\data\hpatches\i_melon\4.ppm,191,1243,558,0.4489139179404666,3.0,2.059786943052111,1243,191,161,30,558,0.15366049879324215,0.8429319371727748,0.12952534191472245,0.2885304659498208,0.4489139179404666,3.0,1.2308675705134955,1.0,True,160,0.837696335078534,1.3009606326599634,9.689639999123756,0.07002643898813805,nan,1243,1243,1272832,256,float32,1024,nan,1107,1107,1133568,nan,nan,nan,nan,13.343560000066645,0.39939150619877434,nan,nan,nan,nan,13.227960001677275,0.23677977477604745,superpoint,superpoint,superpoint,bf_ratio,0.8
hpatches,i_melon,illumination,i_melon_1_to_5,1,5,D:\桌面\IACV\Assigment1\data\hpatches\i_melon\1.ppm,D:\桌面\IACV\Assigment1\data\hpatches\i_melon\5.ppm,557,1243,786,0.6323411102172164,3.0,0.8395295684157109,1243,557,492,65,786,0.4481094127111826,0.8833034111310593,0.39581657280772325,0.6259541984732825,0.6323411102172164,3.0,0.9875750810552936,1.0,True,486,0.8725314183123878,1.0408636814284091,12.637840000388678,0.6859723616069751,nan,1243,1243,1272832,256,float32,1024,nan,1293,1293,1324032,nan,nan,nan,nan,13.343560000066645,0.39939150619877434,nan,nan,nan,nan,13.297599999350496,0.16189969592726708,superpoint,superpoint,superpoint,bf_ratio,0.8
hpatches,i_melon,illumination,i_melon_1_to_6,1,6,D:\桌面\IACV\Assigment1\data\hpatches\i_melon\1.ppm,D:\桌面\IACV\Assigment1\data\hpatches\i_melon\6.ppm,456,1243,722,0.580852775543041,3.0,0.37064927541918813,1243,456,393,63,722,0.3668543845534996,0.8618421052631579,0.3161705551086082,0.5443213296398892,0.580852775543041,3.0,0.9013567985865129,1.0,True,390,0.8552631578947368,0.945709408609188,11.09985999937635,0.16514931943800196,nan,1243,1243,1272832,256,float32,1024,nan,1222,1222,1251328,nan,nan,nan,nan,13.343560000066645,0.39939150619877434,nan,nan,nan,nan,13.396839999768417,0.2215390410489792,superpoint,superpoint,superpoint,bf_ratio,0.8
hpatches,i_miniature,illumination,i_miniature_1_to_2,1,2,D:\桌面\IACV\Assigment1\data\hpatches\i_miniature\1.ppm,D:\桌面\IACV\Assigment1\data\hpatches\i_miniature\2.ppm,1436,2048,1575,0.76904296875,3.0,0.1222666661146539,2048,1436,1352,84,1575,0.701171875,0.9415041782729805,0.66015625,0.8584126984126984,0.76904296875,3.0,0.7291217658046931,1.0,True,1344,0.935933147632312,0.7377408570009094,32.24046000104863,0.6014324084681938,nan,2048,2048,2097152,256,float32,1024,nan,2048,2048,2097152,nan,nan,nan,nan,13.268640000023879,0.13685737640788984,nan,nan,nan,nan,13.51857999979984,0.07507780980257153,superpoint,superpoint,superpoint,bf_ratio,0.8
hpatches,i_miniature,illumination,i_miniature_1_to_3,1,3,D:\桌面\IACV\Assigment1\data\hpatches\i_miniature\1.ppm,D:\桌面\IACV\Assigment1\data\hpatches\i_miniature\3.ppm,798,2048,1351,0.65966796875,3.0,1.085638742381438,2048,798,718,80,1351,0.3896484375,0.899749373433584,0.3505859375,0.5314581791265729,0.65966796875,3.0,0.9528118514390532,1.0,True,705,0.8834586466165414,1.073169351786767,31.24843999830773,0.3887199541777682,nan,2048,2048,2097152,256,float32,1024,nan,2048,2048,2097152,nan,nan,nan,nan,13.268640000023879,0.13685737640788984,nan,nan,nan,nan,13.391319999936968,0.12457071043891202,superpoint,superpoint,superpoint,bf_ratio,0.8
hpatches,i_miniature,illumination,i_miniature_1_to_4,1,4,D:\桌面\IACV\Assigment1\data\hpatches\i_miniature\1.ppm,D:\桌面\IACV\Assigment1\data\hpatches\i_miniature\4.ppm,326,2048,1165,0.56884765625,3.0,0.4053514386577234,2048,326,299,27,1165,0.1591796875,0.9171779141104295,0.14599609375,0.25665236051502144,0.56884765625,3.0,1.000140236924372,1.0,True,296,0.9079754601226994,1.0477201302211228,31.59923999919556,0.5663518852192072,nan,2048,2048,2097152,256,float32,1024,nan,2048,2048,2097152,nan,nan,nan,nan,13.268640000023879,0.13685737640788984,nan,nan,nan,nan,13.310639999690466,0.13549929261738947,superpoint,superpoint,superpoint,bf_ratio,0.8
hpatches,i_miniature,illumination,i_miniature_1_to_5,1,5,D:\桌面\IACV\Assigment1\data\hpatches\i_miniature\1.ppm,D:\桌面\IACV\Assigment1\data\hpatches\i_miniature\5.ppm,137,2048,983,0.47998046875,3.0,0.8681630453799106,2048,137,119,18,983,0.06689453125,0.8686131386861314,0.05810546875,0.12105798575788403,0.47998046875,3.0,0.9571490515026728,1.0,True,119,0.8686131386861314,0.9842652730158614,31.28209999849787,1.0271303649455117,nan,2048,2048,2097152,256,float32,1024,nan,1988,1988,2035712,nan,nan,nan,nan,13.268640000023879,0.13685737640788984,nan,nan,nan,nan,13.242159999208525,0.255754853988663,superpoint,superpoint,superpoint,bf_ratio,0.8
hpatches,i_miniature,illumination,i_miniature_1_to_6,1,6,D:\桌面\IACV\Assigment1\data\hpatches\i_miniature\1.ppm,D:\桌面\IACV\Assigment1\data\hpatches\i_miniature\6.ppm,750,2048,1314,0.6416015625,3.0,1.1989609549460818,2048,750,689,61,1314,0.3662109375,0.9186666666666666,0.33642578125,0.5243531202435312,0.6416015625,3.0,0.9236616846112805,1.0,True,680,0.9066666666666666,1.062030040094892,31.702379998750985,0.5893258381252737,nan,2048,2048,2097152,256,float32,1024,nan,2048,2048,2097152,nan,nan,nan,nan,13.268640000023879,0.13685737640788984,nan,nan,nan,nan,13.24254000064684,0.07872927280906045,superpoint,superpoint,superpoint,bf_ratio,0.8
hpatches,i_nescafe,illumination,i_nescafe_1_to_2,1,2,D:\桌面\IACV\Assigment1\data\hpatches\i_nescafe\1.ppm,D:\桌面\IACV\Assigment1\data\hpatches\i_nescafe\2.ppm,917,2048,1274,0.6220703125,3.0,0.3480481587047934,2048,917,848,69,1274,0.44775390625,0.9247546346782988,0.4140625,0.6656200941915228,0.6220703125,3.0,0.6858780437066353,0.0,True,840,0.916030534351145,0.7268324445609778,30.597540002781898,0.3754020491473302,nan,2048,2048,2097152,256,float32,1024,nan,1897,1897,1942528,nan,nan,nan,nan,13.392579997889698,0.3293329216748606,nan,nan,nan,nan,13.72475999960443,0.07443173040853926,superpoint,superpoint,superpoint,bf_ratio,0.8
hpatches,i_nescafe,illumination,i_nescafe_1_to_3,1,3,D:\桌面\IACV\Assigment1\data\hpatches\i_nescafe\1.ppm,D:\桌面\IACV\Assigment1\data\hpatches\i_nescafe\3.ppm,987,2048,1386,0.6767578125,3.0,0.1809538424474538,2048,987,922,65,1386,0.48193359375,0.9341438703140831,0.4501953125,0.6652236652236653,0.6767578125,3.0,0.6826780819258681,1.0,True,921,0.9331306990881459,0.7129486603670183,32.710880000377074,1.1439327936294639,nan,2048,2048,2097152,256,float32,1024,nan,2048,2048,2097152,nan,nan,nan,nan,13.392579997889698,0.3293329216748606,nan,nan,nan,nan,13.283440000668634,0.15763141469946806,superpoint,superpoint,superpoint,bf_ratio,0.8
hpatches,i_nescafe,illumination,i_nescafe_1_to_4,1,4,D:\桌面\IACV\Assigment1\data\hpatches\i_nescafe\1.ppm,D:\桌面\IACV\Assigment1\data\hpatches\i_nescafe\4.ppm,1147,2048,1449,0.70751953125,3.0,0.7255437020110932,2048,1147,1066,81,1449,0.56005859375,0.9293809938971229,0.5205078125,0.7356797791580401,0.70751953125,3.0,0.64228126850166,0.0,True,1057,0.9215344376634699,0.7411711358364559,32.25778000196442,0.38074724146087885,nan,2048,2048,2097152,256,float32,1024,nan,2048,2048,2097152,nan,nan,nan,nan,13.392579997889698,0.3293329216748606,nan,nan,nan,nan,13.270999999076594,0.09114930528955312,superpoint,superpoint,superpoint,bf_ratio,0.8
hpatches,i_nescafe,illumination,i_nescafe_1_to_5,1,5,D:\桌面\IACV\Assigment1\data\hpatches\i_nescafe\1.ppm,D:\桌面\IACV\Assigment1\data\hpatches\i_nescafe\5.ppm,1003,2048,1378,0.6728515625,3.0,0.9406814642330061,2048,1003,923,80,1378,0.48974609375,0.9202392821535393,0.45068359375,0.6698113207547169,0.6728515625,3.0,0.6990517390165754,1.0,True,918,0.9152542372881356,0.8432561398114056,33.584079999127425,0.638087313495214,nan,2048,2048,2097152,256,float32,1024,nan,2048,2048,2097152,nan,nan,nan,nan,13.392579997889698,0.3293329216748606,nan,nan,nan,nan,13.50010000023758,0.23129166177104024,superpoint,superpoint,superpoint,bf_ratio,0.8
hpatches,i_nescafe,illumination,i_nescafe_1_to_6,1,6,D:\桌面\IACV\Assigment1\data\hpatches\i_nescafe\1.ppm,D:\桌面\IACV\Assigment1\data\hpatches\i_nescafe\6.ppm,704,2048,1290,0.6298828125,3.0,1.4372211279645926,2048,704,654,50,1290,0.34375,0.9289772727272727,0.3193359375,0.5069767441860465,0.6298828125,3.0,0.5819411513979299,0.0,True,650,0.9232954545454546,0.7042125487698743,34.375359999830835,0.6224718096509024,nan,2048,2048,2097152,256,float32,1024,nan,2048,2048,2097152,nan,nan,nan,nan,13.392579997889698,0.3293329216748606,nan,nan,nan,nan,13.538479998533148,0.25285995647982834,superpoint,superpoint,superpoint,bf_ratio,0.8
hpatches,i_nijmegen,illumination,i_nijmegen_1_to_2,1,2,D:\桌面\IACV\Assigment1\data\hpatches\i_nijmegen\1.ppm,D:\桌面\IACV\Assigment1\data\hpatches\i_nijmegen\2.ppm,1155,2048,1304,0.63671875,3.0,1.922873605042316,2048,1155,940,215,1304,0.56396484375,0.8138528138528138,0.458984375,0.7208588957055214,0.63671875,3.0,1.9647044304408834,2.0,True,1076,0.9316017316017317,0.9301189570740404,32.7004400009173,1.4536074777925172,nan,2048,2048,2097152,256,float32,1024,nan,2048,2048,2097152,nan,nan,nan,nan,31.132999999681488,0.2500395814461594,nan,nan,nan,nan,31.3693800024339,0.25162906277655994,superpoint,superpoint,superpoint,bf_ratio,0.8
hpatches,i_nijmegen,illumination,i_nijmegen_1_to_3,1,3,D:\桌面\IACV\Assigment1\data\hpatches\i_nijmegen\1.ppm,D:\桌面\IACV\Assigment1\data\hpatches\i_nijmegen\3.ppm,1424,2048,1501,0.73291015625,3.0,1.54075951508269,2048,1424,1252,172,1501,0.6953125,0.8792134831460674,0.611328125,0.8341105929380414,0.73291015625,3.0,1.7948494513700677,2.0,True,1323,0.9290730337078652,0.91907921218198,34.10172000003513,0.7306110727043533,nan,2048,2048,2097152,256,float32,1024,nan,2048,2048,2097152,nan,nan,nan,nan,31.132999999681488,0.2500395814461594,nan,nan,nan,nan,31.257800001185387,0.08182867651953275,superpoint,superpoint,superpoint,bf_ratio,0.8
hpatches,i_nijmegen,illumination,i_nijmegen_1_to_4,1,4,D:\桌面\IACV\Assigment1\data\hpatches\i_nijmegen\1.ppm,D:\桌面\IACV\Assigment1\data\hpatches\i_nijmegen\4.ppm,266,2048,1060,0.517578125,3.0,2.1850764566112284,2048,266,235,31,1060,0.1298828125,0.8834586466165414,0.11474609375,0.22169811320754718,0.517578125,3.0,1.2701100533260377,1.4142135623730951,True,237,0.8909774436090225,1.2972626505932874,33.63850000023376,0.7475058445536128,nan,2048,2048,2097152,256,float32,1024,nan,2048,2048,2097152,nan,nan,nan,nan,31.132999999681488,0.2500395814461594,nan,nan,nan,nan,31.16965999797685,0.2623345918759452,superpoint,superpoint,superpoint,bf_ratio,0.8
hpatches,i_nijmegen,illumination,i_nijmegen_1_to_5,1,5,D:\桌面\IACV\Assigment1\data\hpatches\i_nijmegen\1.ppm,D:\桌面\IACV\Assigment1\data\hpatches\i_nijmegen\5.ppm,1393,2048,1493,0.72900390625,3.0,1.5782384859779393,2048,1393,1231,162,1493,0.68017578125,0.8837042354630295,0.60107421875,0.8245144005358339,0.72900390625,3.0,1.6456866437091637,2.0,True,1289,0.9253409906676239,0.9361416581226498,33.934560000489,1.1076013440865593,nan,2048,2048,2097152,256,float32,1024,nan,2048,2048,2097152,nan,nan,nan,nan,31.132999999681488,0.2500395814461594,nan,nan,nan,nan,30.998359998920932,0.30978127487739493,superpoint,superpoint,superpoint,bf_ratio,0.8
hpatches,i_nijmegen,illumination,i_nijmegen_1_to_6,1,6,D:\桌面\IACV\Assigment1\data\hpatches\i_nijmegen\1.ppm,D:\桌面\IACV\Assigment1\data\hpatches\i_nijmegen\6.ppm,1199,2048,1452,0.708984375,3.0,1.3756441100713943,2048,1199,1080,119,1452,0.58544921875,0.9007506255212677,0.52734375,0.743801652892562,0.708984375,3.0,1.4415619527828094,1.4142135623730951,True,1112,0.9274395329441201,0.9536490665242767,32.061999999859836,0.3251196654226417,nan,2048,2048,2097152,256,float32,1024,nan,2048,2048,2097152,nan,nan,nan,nan,31.132999999681488,0.2500395814461594,nan,nan,nan,nan,31.03879999835044,0.20763023953606724,superpoint,superpoint,superpoint,bf_ratio,0.8
hpatches,i_nuts,illumination,i_nuts_1_to_2,1,2,D:\桌面\IACV\Assigment1\data\hpatches\i_nuts\1.ppm,D:\桌面\IACV\Assigment1\data\hpatches\i_nuts\2.ppm,405,1284,542,0.4221183800623053,3.0,2.2679086406794857,1284,405,278,127,542,0.31542056074766356,0.6864197530864198,0.21651090342679127,0.5129151291512916,0.4221183800623053,3.0,1.2657015375817278,1.0,True,276,0.6814814814814815,1.4010141967406766,12.209859999711625,0.28663462215912655,nan,1284,1284,1314816,256,float32,1024,nan,1289,1289,1319936,nan,nan,nan,nan,7.655619998695329,0.09091080023343229,nan,nan,nan,nan,7.738400000380352,0.13200024393713236,superpoint,superpoint,superpoint,bf_ratio,0.8
hpatches,i_nuts,illumination,i_nuts_1_to_3,1,3,D:\桌面\IACV\Assigment1\data\hpatches\i_nuts\1.ppm,D:\桌面\IACV\Assigment1\data\hpatches\i_nuts\3.ppm,116,1284,519,0.40420560747663553,3.0,0.8397273672105268,1284,116,97,19,519,0.09034267912772585,0.8362068965517241,0.07554517133956386,0.18689788053949905,0.40420560747663553,3.0,1.1801379190433607,1.0,True,96,0.8275862068965517,1.2223325143115145,14.55357999948319,1.4082365876664253,nan,1284,1284,1314816,256,float32,1024,nan,1346,1346,1378304,nan,nan,nan,nan,7.655619998695329,0.09091080023343229,nan,nan,nan,nan,8.179719996405765,0.8129601812037762,superpoint,superpoint,superpoint,bf_ratio,0.8
hpatches,i_nuts,illumination,i_nuts_1_to_4,1,4,D:\桌面\IACV\Assigment1\data\hpatches\i_nuts\1.ppm,D:\桌面\IACV\Assigment1\data\hpatches\i_nuts\4.ppm,56,1284,455,0.3543613707165109,3.0,2.278867107124613,1284,56,36,20,455,0.04361370716510903,0.6428571428571429,0.028037383177570093,0.07912087912087912,0.3543613707165109,3.0,1.2063764801177146,1.0,True,35,0.625,1.1206823668647576,13.32337999920128,0.2613930939781725,nan,1284,1284,1314816,256,float32,1024,nan,1370,1370,1402880,nan,nan,nan,nan,7.655619998695329,0.09091080023343229,nan,nan,nan,nan,8.456160000059754,1.1422158650685679,superpoint,superpoint,superpoint,bf_ratio,0.8
hpatches,i_nuts,illumination,i_nuts_1_to_5,1,5,D:\桌面\IACV\Assigment1\data\hpatches\i_nuts\1.ppm,D:\桌面\IACV\Assigment1\data\hpatches\i_nuts\5.ppm,28,1284,437,0.34034267912772587,3.0,3.3737675045149764,1284,28,21,7,437,0.021806853582554516,0.75,0.016355140186915886,0.04805491990846682,0.34034267912772587,3.0,1.2554789610472263,1.4142135623730951,True,20,0.7142857142857143,1.2118924305070253,12.757099998998456,0.14134117667132673,nan,1284,1284,1314816,256,float32,1024,nan,1336,1336,1368064,nan,nan,nan,nan,7.655619998695329,0.09091080023343229,nan,nan,nan,nan,8.361600000353064,1.3257618817047256,superpoint,superpoint,superpoint,bf_ratio,0.8
hpatches,i_nuts,illumination,i_nuts_1_to_6,1,6,D:\桌面\IACV\Assigment1\data\hpatches\i_nuts\1.ppm,D:\桌面\IACV\Assigment1\data\hpatches\i_nuts\6.ppm,26,1284,428,0.3333333333333333,3.0,3.8913428113316098,1284,26,11,15,428,0.020249221183800622,0.4230769230769231,0.008566978193146417,0.02570093457943925,0.3333333333333333,3.0,1.391557799033206,1.4142135623730951,True,12,0.46153846153846156,1.4143098289923877,12.373399999341927,0.08955239603745076,nan,1284,1284,1314816,256,float32,1024,nan,1292,1292,1323008,nan,nan,nan,nan,7.655619998695329,0.09091080023343229,nan,nan,nan,nan,8.47158000105992,1.51305246283055,superpoint,superpoint,superpoint,bf_ratio,0.8
hpatches,i_objects,illumination,i_objects_1_to_2,1,2,D:\桌面\IACV\Assigment1\data\hpatches\i_objects\1.ppm,D:\桌面\IACV\Assigment1\data\hpatches\i_objects\2.ppm,1059,2048,1149,0.56103515625,3.0,1.46887195519956,2048,1059,942,117,1149,0.51708984375,0.8895184135977338,0.4599609375,0.8198433420365535,0.56103515625,3.0,1.6303883001392994,1.4142135623730951,True,968,0.9140698772426817,0.9239707378368164,31.355999999505002,0.7554373062055306,nan,2048,2048,2097152,256,float32,1024,nan,2048,2048,2097152,nan,nan,nan,nan,26.097659999504685,0.18266231130385988,nan,nan,nan,nan,26.373779999266844,0.2330953826522613,superpoint,superpoint,superpoint,bf_ratio,0.8
hpatches,i_objects,illumination,i_objects_1_to_3,1,3,D:\桌面\IACV\Assigment1\data\hpatches\i_objects\1.ppm,D:\桌面\IACV\Assigment1\data\hpatches\i_objects\3.ppm,836,2048,1096,0.53515625,3.0,1.432715306303433,2048,836,733,103,1096,0.408203125,0.8767942583732058,0.35791015625,0.6687956204379562,0.53515625,3.0,1.5490554373870753,1.4142135623730951,True,765,0.9150717703349283,0.9801685012502777,32.672319999255706,0.8478087270554776,nan,2048,2048,2097152,256,float32,1024,nan,2048,2048,2097152,nan,nan,nan,nan,26.097659999504685,0.18266231130385988,nan,nan,nan,nan,26.073940000787843,0.4355871750136587,superpoint,superpoint,superpoint,bf_ratio,0.8
hpatches,i_objects,illumination,i_objects_1_to_4,1,4,D:\桌面\IACV\Assigment1\data\hpatches\i_objects\1.ppm,D:\桌面\IACV\Assigment1\data\hpatches\i_objects\4.ppm,535,2048,985,0.48095703125,3.0,1.8153741207937797,2048,535,464,71,985,0.26123046875,0.8672897196261682,0.2265625,0.47106598984771575,0.48095703125,3.0,1.578276982801953,1.4142135623730951,True,478,0.8934579439252337,1.0024773940287388,32.13351999875158,0.8139563470259505,nan,2048,2048,2097152,256,float32,1024,nan,2048,2048,2097152,nan,nan,nan,nan,26.097659999504685,0.18266231130385988,nan,nan,nan,nan,26.312199998938013,0.8367689571150987,superpoint,superpoint,superpoint,bf_ratio,0.8
hpatches,i_objects,illumination,i_objects_1_to_5,1,5,D:\桌面\IACV\Assigment1\data\hpatches\i_objects\1.ppm,D:\桌面\IACV\Assigment1\data\hpatches\i_objects\5.ppm,535,2048,978,0.4775390625,3.0,2.088698859354799,2048,535,466,69,978,0.26123046875,0.8710280373831776,0.2275390625,0.47648261758691207,0.4775390625,3.0,1.4681025350409838,1.4142135623730951,True,482,0.9009345794392524,0.9346441332862864,32.07340000226395,1.1322040515863239,nan,2048,2048,2097152,256,float32,1024,nan,2048,2048,2097152,nan,nan,nan,nan,26.097659999504685,0.18266231130385988,nan,nan,nan,nan,25.998199998866767,0.2434367005679314,superpoint,superpoint,superpoint,bf_ratio,0.8
hpatches,i_objects,illumination,i_objects_1_to_6,1,6,D:\桌面\IACV\Assigment1\data\hpatches\i_objects\1.ppm,D:\桌面\IACV\Assigment1\data\hpatches\i_objects\6.ppm,1391,2048,1413,0.68994140625,3.0,0.5171207570185101,2048,1391,1279,112,1413,0.67919921875,0.9194823867721064,0.62451171875,0.9051663128096249,0.68994140625,3.0,0.8762074010737286,1.0,True,1280,0.9202012940330697,0.858913750784601,33.0033199978061,0.3212498191879209,nan,2048,2048,2097152,256,float32,1024,nan,2048,2048,2097152,nan,nan,nan,nan,26.097659999504685,0.18266231130385988,nan,nan,nan,nan,26.131219997478183,0.23262211820603595,superpoint,superpoint,superpoint,bf_ratio,0.8
hpatches,i_parking,illumination,i_parking_1_to_2,1,2,D:\桌面\IACV\Assigment1\data\hpatches\i_parking\1.ppm,D:\桌面\IACV\Assigment1\data\hpatches\i_parking\2.ppm,445,1312,729,0.555640243902439,3.0,0.3842443416968196,1312,445,378,67,729,0.3391768292682927,0.849438202247191,0.28810975609756095,0.5185185185185185,0.555640243902439,3.0,1.126549180413221,1.0,True,378,0.849438202247191,1.167132232387775,16.72243999928469,0.652977432175953,nan,1312,1312,1343488,256,float32,1024,nan,1596,1596,1634304,nan,nan,nan,nan,8.597899999585934,1.2709407443214313,nan,nan,nan,nan,8.066759999201167,0.2651676356680832,superpoint,superpoint,superpoint,bf_ratio,0.8
hpatches,i_parking,illumination,i_parking_1_to_3,1,3,D:\桌面\IACV\Assigment1\data\hpatches\i_parking\1.ppm,D:\桌面\IACV\Assigment1\data\hpatches\i_parking\3.ppm,386,1312,637,0.48551829268292684,3.0,0.4825922976276358,1312,386,338,48,637,0.2942073170731707,0.8756476683937824,0.2576219512195122,0.5306122448979592,0.48551829268292684,3.0,1.201226887252929,1.0,True,334,0.8652849740932642,1.1936558436612588,13.13973999931477,0.2129360640467468,nan,1312,1312,1343488,256,float32,1024,nan,1322,1322,1353728,nan,nan,nan,nan,8.597899999585934,1.2709407443214313,nan,nan,nan,nan,7.853819997399114,0.02882633647196856,superpoint,superpoint,superpoint,bf_ratio,0.8
hpatches,i_parking,illumination,i_parking_1_to_4,1,4,D:\桌面\IACV\Assigment1\data\hpatches\i_parking\1.ppm,D:\桌面\IACV\Assigment1\data\hpatches\i_parking\4.ppm,203,1312,589,0.4489329268292683,3.0,1.5066305564738516,1312,203,150,53,589,0.15472560975609756,0.7389162561576355,0.11432926829268293,0.2546689303904924,0.4489329268292683,3.0,1.4767959820853327,1.4142135623730951,True,166,0.8177339901477833,1.2718999718668884,16.383700001460966,0.13751184853224677,nan,1312,1312,1343488,256,float32,1024,nan,1638,1638,1677312,nan,nan,nan,nan,8.597899999585934,1.2709407443214313,nan,nan,nan,nan,8.482280001044273,1.0656403779298425,superpoint,superpoint,superpoint,bf_ratio,0.8
hpatches,i_parking,illumination,i_parking_1_to_5,1,5,D:\桌面\IACV\Assigment1\data\hpatches\i_parking\1.ppm,D:\桌面\IACV\Assigment1\data\hpatches\i_parking\5.ppm,155,1312,595,0.4535060975609756,3.0,1.0927062116197355,1312,155,131,24,595,0.11814024390243902,0.8451612903225807,0.09984756097560976,0.22016806722689075,0.4535060975609756,3.0,1.323457046441356,1.4142135623730951,True,132,0.8516129032258064,1.1717344701505237,19.87327999959234,2.2957917828429437,nan,1312,1312,1343488,256,float32,1024,nan,1762,1762,1804288,nan,nan,nan,nan,8.597899999585934,1.2709407443214313,nan,nan,nan,nan,7.9660000003059395,0.20117294973560473,superpoint,superpoint,superpoint,bf_ratio,0.8
hpatches,i_parking,illumination,i_parking_1_to_6,1,6,D:\桌面\IACV\Assigment1\data\hpatches\i_parking\1.ppm,D:\桌面\IACV\Assigment1\data\hpatches\i_parking\6.ppm,209,1312,642,0.4893292682926829,3.0,2.014909310765737,1312,209,181,28,642,0.15929878048780488,0.8660287081339713,0.13795731707317074,0.2819314641744548,0.4893292682926829,3.0,1.2952409413164092,1.4142135623730951,True,180,0.861244019138756,1.1808389748240495,18.318139998882543,0.3815118683942707,nan,1312,1312,1343488,256,float32,1024,nan,1714,1714,1755136,nan,nan,nan,nan,8.597899999585934,1.2709407443214313,nan,nan,nan,nan,7.873780000954866,0.11146503415516808,superpoint,superpoint,superpoint,bf_ratio,0.8
hpatches,i_partyfood,illumination,i_partyfood_1_to_2,1,2,D:\桌面\IACV\Assigment1\data\hpatches\i_partyfood\1.ppm,D:\桌面\IACV\Assigment1\data\hpatches\i_partyfood\2.ppm,1126,1329,1140,0.8577878103837472,3.0,0.8454680327945896,1329,1126,1107,19,1140,0.8472535741158767,0.9831261101243339,0.8329571106094809,0.9710526315789474,0.8577878103837472,3.0,0.4718917113644766,0.0,True,1100,0.9769094138543517,0.5316250777965126,12.58782000222709,0.3118050970213654,nan,1329,1329,1360896,256,float32,1024,nan,1288,1288,1318912,nan,nan,nan,nan,19.641740000224672,0.11040847074963638,nan,nan,nan,nan,19.434880001062993,0.05707740016888745,superpoint,superpoint,superpoint,bf_ratio,0.8
hpatches,i_partyfood,illumination,i_partyfood_1_to_3,1,3,D:\桌面\IACV\Assigment1\data\hpatches\i_partyfood\1.ppm,D:\桌面\IACV\Assigment1\data\hpatches\i_partyfood\3.ppm,979,1329,1022,0.7689992475545523,3.0,0.549090004746619,1329,979,949,30,1022,0.7366440933032355,0.9693564862104188,0.7140707298720843,0.9285714285714286,0.7689992475545523,3.0,0.6570512116186209,1.0,True,947,0.9673135852911133,0.7371645772470508,13.402739996672608,0.23320895119865317,nan,1329,1329,1360896,256,float32,1024,nan,1262,1262,1292288,nan,nan,nan,nan,19.641740000224672,0.11040847074963638,nan,nan,nan,nan,19.6338800014928,0.13059169080214375,superpoint,superpoint,superpoint,bf_ratio,0.8
hpatches,i_partyfood,illumination,i_partyfood_1_to_4,1,4,D:\桌面\IACV\Assigment1\data\hpatches\i_partyfood\1.ppm,D:\桌面\IACV\Assigment1\data\hpatches\i_partyfood\4.ppm,836,1329,925,0.6960120391271633,3.0,1.5742194319052167,1329,836,799,37,925,0.6290443942814146,0.9557416267942583,0.6012039127163281,0.8637837837837837,0.6960120391271633,3.0,0.9263174922972282,1.0,True,796,0.9521531100478469,1.0168327020359536,12.467899997136556,0.30874715422180493,nan,1329,1329,1360896,256,float32,1024,nan,1198,1198,1226752,nan,nan,nan,nan,19.641740000224672,0.11040847074963638,nan,nan,nan,nan,19.372840000141878,0.24144487432039374,superpoint,superpoint,superpoint,bf_ratio,0.8
hpatches,i_partyfood,illumination,i_partyfood_1_to_5,1,5,D:\桌面\IACV\Assigment1\data\hpatches\i_partyfood\1.ppm,D:\桌面\IACV\Assigment1\data\hpatches\i_partyfood\5.ppm,771,1329,893,0.671933784800602,3.0,1.2230865997759046,1329,771,731,40,893,0.5801354401805869,0.9481193255512321,0.5500376222723853,0.8185890257558791,0.671933784800602,3.0,0.990263804864214,1.0,True,732,0.9494163424124513,0.9823554457261315,12.35210000158986,1.0044012525221715,nan,1329,1329,1360896,256,float32,1024,nan,1197,1197,1225728,nan,nan,nan,nan,19.641740000224672,0.11040847074963638,nan,nan,nan,nan,19.449759999406524,0.11469044651501652,superpoint,superpoint,superpoint,bf_ratio,0.8
hpatches,i_partyfood,illumination,i_partyfood_1_to_6,1,6,D:\桌面\IACV\Assigment1\data\hpatches\i_partyfood\1.ppm,D:\桌面\IACV\Assigment1\data\hpatches\i_partyfood\6.ppm,623,1329,832,0.6260346124905944,3.0,2.534414115778141,1329,623,581,42,832,0.4687735139202408,0.9325842696629213,0.43717080511662904,0.6983173076923077,0.6260346124905944,3.0,1.0074541662248366,1.0,True,579,0.9293739967897271,1.018533462109185,11.937820000457577,0.19432169539949398,nan,1329,1329,1360896,256,float32,1024,nan,1174,1174,1202176,nan,nan,nan,nan,19.641740000224672,0.11040847074963638,nan,nan,nan,nan,19.48421999695711,0.14763371248660265,superpoint,superpoint,superpoint,bf_ratio,0.8
hpatches,i_pencils,illumination,i_pencils_1_to_2,1,2,D:\桌面\IACV\Assigment1\data\hpatches\i_pencils\1.ppm,D:\桌面\IACV\Assigment1\data\hpatches\i_pencils\2.ppm,573,2048,805,0.39306640625,3.0,0.9178578235864705,2048,573,412,161,805,0.27978515625,0.7190226876090751,0.201171875,0.5118012422360249,0.39306640625,3.0,1.2840594951402122,1.0,True,419,0.731239092495637,1.2218197470376686,33.49902000190923,1.0559377108781582,nan,2048,2048,2097152,256,float32,1024,nan,2048,2048,2097152,nan,nan,nan,nan,49.672919999284204,0.40646689187099416,nan,nan,nan,nan,49.66390000190586,0.09525439694409478,superpoint,superpoint,superpoint,bf_ratio,0.8
hpatches,i_pencils,illumination,i_pencils_1_to_3,1,3,D:\桌面\IACV\Assigment1\data\hpatches\i_pencils\1.ppm,D:\桌面\IACV\Assigment1\data\hpatches\i_pencils\3.ppm,253,2048,146,0.0712890625,3.0,11.613973967386844,2048,253,0,253,146,0.12353515625,0.0,0.0,0.0,0.0712890625,3.0,nan,nan,True,150,0.5928853754940712,1.4564689007356304,33.7141200012411,1.101852732929932,nan,2048,2048,2097152,256,float32,1024,nan,2048,2048,2097152,nan,nan,nan,nan,49.672919999284204,0.40646689187099416,nan,nan,nan,nan,49.87828000157606,0.4627090943479822,superpoint,superpoint,superpoint,bf_ratio,0.8
hpatches,i_pencils,illumination,i_pencils_1_to_4,1,4,D:\桌面\IACV\Assigment1\data\hpatches\i_pencils\1.ppm,D:\桌面\IACV\Assigment1\data\hpatches\i_pencils\4.ppm,551,2048,135,0.06591796875,3.0,9.42204886339783,2048,551,0,551,135,0.26904296875,0.0,0.0,0.0,0.06591796875,3.0,nan,nan,True,371,0.6733212341197822,1.4005080713337714,33.28608000156237,0.573103870789717,nan,2048,2048,2097152,256,float32,1024,nan,2048,2048,2097152,nan,nan,nan,nan,49.672919999284204,0.40646689187099416,nan,nan,nan,nan,49.884439999004826,0.16014124455241377,superpoint,superpoint,superpoint,bf_ratio,0.8
hpatches,i_pencils,illumination,i_pencils_1_to_5,1,5,D:\桌面\IACV\Assigment1\data\hpatches\i_pencils\1.ppm,D:\桌面\IACV\Assigment1\data\hpatches\i_pencils\5.ppm,335,2048,632,0.30859375,3.0,7.379224392182403,2048,335,198,137,632,0.16357421875,0.591044776119403,0.0966796875,0.31329113924050633,0.30859375,3.0,1.8728185685263747,2.0,True,201,0.6,1.4123372179000684,32.20025999908103,0.6434430478427196,nan,2048,2048,2097152,256,float32,1024,nan,2048,2048,2097152,nan,nan,nan,nan,49.672919999284204,0.40646689187099416,nan,nan,nan,nan,49.82480000035139,0.37004034917708606,superpoint,superpoint,superpoint,bf_ratio,0.8
hpatches,i_pencils,illumination,i_pencils_1_to_6,1,6,D:\桌面\IACV\Assigment1\data\hpatches\i_pencils\1.ppm,D:\桌面\IACV\Assigment1\data\hpatches\i_pencils\6.ppm,354,2048,571,0.27880859375,3.0,2.0972032848252193,2048,354,196,158,571,0.1728515625,0.5536723163841808,0.095703125,0.3432574430823117,0.27880859375,3.0,2.0555184671431066,2.23606797749979,True,231,0.652542372881356,1.2923794174180603,31.35958000057144,0.7202055921080842,nan,2048,2048,2097152,256,float32,1024,nan,2048,2048,2097152,nan,nan,nan,nan,49.672919999284204,0.40646689187099416,nan,nan,nan,nan,49.79567999980645,0.2750123874257981,superpoint,superpoint,superpoint,bf_ratio,0.8
hpatches,i_pinard,illumination,i_pinard_1_to_2,1,2,D:\桌面\IACV\Assigment1\data\hpatches\i_pinard\1.ppm,D:\桌面\IACV\Assigment1\data\hpatches\i_pinard\2.ppm,761,1356,921,0.6792035398230089,3.0,0.4049256260669869,1356,761,684,77,921,0.5612094395280236,0.8988173455978975,0.504424778761062,0.742671009771987,0.6792035398230089,3.0,0.7680065689524008,1.0,True,682,0.8961892247043364,0.808891732996804,14.285280001058709,0.7906563291600479,nan,1356,1356,1388544,256,float32,1024,nan,1355,1355,1387520,nan,nan,nan,nan,13.27476000005845,0.2506275354361339,nan,nan,nan,nan,13.521579999360256,0.17704772474460068,superpoint,superpoint,superpoint,bf_ratio,0.8
hpatches,i_pinard,illumination,i_pinard_1_to_3,1,3,D:\桌面\IACV\Assigment1\data\hpatches\i_pinard\1.ppm,D:\桌面\IACV\Assigment1\data\hpatches\i_pinard\3.ppm,353,1356,816,0.6017699115044248,3.0,0.6953170060416842,1356,353,314,39,816,0.2603244837758112,0.8895184135977338,0.23156342182890854,0.38480392156862747,0.6017699115044248,3.0,0.6923680016800857,0.0,True,311,0.8810198300283286,0.759419506811795,14.401679999718908,0.37156224397012033,nan,1356,1356,1388544,256,float32,1024,nan,1483,1483,1518592,nan,nan,nan,nan,13.27476000005845,0.2506275354361339,nan,nan,nan,nan,13.387559998955112,0.1397998954017521,superpoint,superpoint,superpoint,bf_ratio,0.8
hpatches,i_pinard,illumination,i_pinard_1_to_4,1,4,D:\桌面\IACV\Assigment1\data\hpatches\i_pinard\1.ppm,D:\桌面\IACV\Assigment1\data\hpatches\i_pinard\4.ppm,385,1356,805,0.5936578171091446,3.0,0.5487248970448699,1356,385,333,52,805,0.28392330383480824,0.8649350649350649,0.24557522123893805,0.41366459627329194,0.5936578171091446,3.0,0.6396273623867668,0.0,True,332,0.8623376623376623,0.7169973575291623,15.201839999645017,0.22960769599816472,nan,1356,1356,1388544,256,float32,1024,nan,1520,1520,1556480,nan,nan,nan,nan,13.27476000005845,0.2506275354361339,nan,nan,nan,nan,13.178500001959037,0.08314021704976408,superpoint,superpoint,superpoint,bf_ratio,0.8
hpatches,i_pinard,illumination,i_pinard_1_to_5,1,5,D:\桌面\IACV\Assigment1\data\hpatches\i_pinard\1.ppm,D:\桌面\IACV\Assigment1\data\hpatches\i_pinard\5.ppm,440,1356,802,0.5914454277286135,3.0,0.5956886362318523,1356,440,389,51,802,0.32448377581120946,0.884090909090909,0.2868731563421829,0.4850374064837905,0.5914454277286135,3.0,0.6999965785531227,0.0,True,389,0.884090909090909,0.7866429951228674,14.253859997552354,0.2660353098869179,nan,1356,1356,1388544,256,float32,1024,nan,1424,1424,1458176,nan,nan,nan,nan,13.27476000005845,0.2506275354361339,nan,nan,nan,nan,13.245599999208935,0.1163534257771046,superpoint,superpoint,superpoint,bf_ratio,0.8
hpatches,i_pinard,illumination,i_pinard_1_to_6,1,6,D:\桌面\IACV\Assigment1\data\hpatches\i_pinard\1.ppm,D:\桌面\IACV\Assigment1\data\hpatches\i_pinard\6.ppm,506,1356,812,0.5988200589970502,3.0,0.36531331043680165,1356,506,445,61,812,0.37315634218289084,0.8794466403162056,0.3281710914454277,0.5480295566502463,0.5988200589970502,3.0,0.7090105127868215,1.0,True,440,0.8695652173913043,0.7171880215409672,14.066720000118949,0.18651611599221773,nan,1356,1356,1388544,256,float32,1024,nan,1348,1348,1380352,nan,nan,nan,nan,13.27476000005845,0.2506275354361339,nan,nan,nan,nan,13.437600000179373,0.6016636105265732,superpoint,superpoint,superpoint,bf_ratio,0.8
hpatches,i_pool,illumination,i_pool_1_to_2,1,2,D:\桌面\IACV\Assigment1\data\hpatches\i_pool\1.ppm,D:\桌面\IACV\Assigment1\data\hpatches\i_pool\2.ppm,96,2048,553,0.27001953125,3.0,1.8714469513221492,2048,96,72,24,553,0.046875,0.75,0.03515625,0.1301989150090416,0.27001953125,3.0,1.1518079775047352,1.0,True,73,0.7604166666666666,1.3723575440792783,32.775759999640286,0.9895224212949293,nan,2048,2048,2097152,256,float32,1024,nan,2048,2048,2097152,nan,nan,nan,nan,15.589160000672564,0.09580385475028086,nan,nan,nan,nan,15.916539999307133,0.19657951871057788,superpoint,superpoint,superpoint,bf_ratio,0.8
hpatches,i_pool,illumination,i_pool_1_to_3,1,3,D:\桌面\IACV\Assigment1\data\hpatches\i_pool\1.ppm,D:\桌面\IACV\Assigment1\data\hpatches\i_pool\3.ppm,38,2048,467,0.22802734375,3.0,9.850207653096426,2048,38,25,13,467,0.0185546875,0.6578947368421053,0.01220703125,0.05353319057815846,0.22802734375,3.0,1.130056307974577,1.0,True,27,0.7105263157894737,1.3912986957498654,32.3623399992357,0.8711947650587419,nan,2048,2048,2097152,256,float32,1024,nan,2048,2048,2097152,nan,nan,nan,nan,15.589160000672564,0.09580385475028086,nan,nan,nan,nan,15.60849999950733,0.2767776293938991,superpoint,superpoint,superpoint,bf_ratio,0.8
hpatches,i_pool,illumination,i_pool_1_to_4,1,4,D:\桌面\IACV\Assigment1\data\hpatches\i_pool\1.ppm,D:\桌面\IACV\Assigment1\data\hpatches\i_pool\4.ppm,33,2048,470,0.2294921875,3.0,9.80644823434677,2048,33,23,10,470,0.01611328125,0.696969696969697,0.01123046875,0.04893617021276596,0.2294921875,3.0,1.1385614172660194,1.0,True,21,0.6363636363636364,1.117588072928503,32.19325999962166,0.5647818476896876,nan,2048,2048,2097152,256,float32,1024,nan,2048,2048,2097152,nan,nan,nan,nan,15.589160000672564,0.09580385475028086,nan,nan,nan,nan,15.798760001780465,0.2882715717686539,superpoint,superpoint,superpoint,bf_ratio,0.8
hpatches,i_pool,illumination,i_pool_1_to_5,1,5,D:\桌面\IACV\Assigment1\data\hpatches\i_pool\1.ppm,D:\桌面\IACV\Assigment1\data\hpatches\i_pool\5.ppm,61,2048,513,0.25048828125,3.0,1.3684374967993886,2048,61,43,18,513,0.02978515625,0.7049180327868853,0.02099609375,0.08382066276803118,0.25048828125,3.0,1.1548615942353029,1.0,True,43,0.7049180327868853,1.1524743770177204,32.36669999896549,1.005312257892026,nan,2048,2048,2097152,256,float32,1024,nan,2048,2048,2097152,nan,nan,nan,nan,15.589160000672564,0.09580385475028086,nan,nan,nan,nan,15.788720002456103,0.39205686549514673,superpoint,superpoint,superpoint,bf_ratio,0.8
hpatches,i_pool,illumination,i_pool_1_to_6,1,6,D:\桌面\IACV\Assigment1\data\hpatches\i_pool\1.ppm,D:\桌面\IACV\Assigment1\data\hpatches\i_pool\6.ppm,60,2048,494,0.2412109375,3.0,2.271573507874942,2048,60,46,14,494,0.029296875,0.7666666666666667,0.0224609375,0.0931174089068826,0.2412109375,3.0,1.2155398838799194,1.0,True,47,0.7833333333333333,1.267976789712938,32.885299998451956,0.6069405950191484,nan,2048,2048,2097152,256,float32,1024,nan,2048,2048,2097152,nan,nan,nan,nan,15.589160000672564,0.09580385475028086,nan,nan,nan,nan,16.762619999644812,0.5617229500415102,superpoint,superpoint,superpoint,bf_ratio,0.8
hpatches,i_porta,illumination,i_porta_1_to_2,1,2,D:\桌面\IACV\Assigment1\data\hpatches\i_porta\1.ppm,D:\桌面\IACV\Assigment1\data\hpatches\i_porta\2.ppm,261,465,331,0.7118279569892473,3.0,0.439746037325547,465,261,233,28,331,0.5612903225806452,0.89272030651341,0.5010752688172043,0.7039274924471299,0.7118279569892473,3.0,0.9675235612835612,1.0,True,233,0.89272030651341,1.0039095978649677,2.0462600004975684,0.060281927020283045,nan,465,465,476160,256,float32,1024,nan,481,481,492544,nan,nan,nan,nan,8.803139998053666,0.6423106932242334,nan,nan,nan,nan,8.485759999894071,0.12765162971721644,superpoint,superpoint,superpoint,bf_ratio,0.8
hpatches,i_porta,illumination,i_porta_1_to_3,1,3,D:\桌面\IACV\Assigment1\data\hpatches\i_porta\1.ppm,D:\桌面\IACV\Assigment1\data\hpatches\i_porta\3.ppm,274,465,336,0.7225806451612903,3.0,0.35663004363057604,465,274,251,23,336,0.589247311827957,0.916058394160584,0.5397849462365591,0.7470238095238095,0.7225806451612903,3.0,0.7651759545212465,1.0,True,249,0.9087591240875912,0.804604476640928,1.7631200011237524,0.08727666962023854,nan,465,465,476160,256,float32,1024,nan,461,461,472064,nan,nan,nan,nan,8.803139998053666,0.6423106932242334,nan,nan,nan,nan,8.482160000130534,0.08092825460255537,superpoint,superpoint,superpoint,bf_ratio,0.8
hpatches,i_porta,illumination,i_porta_1_to_4,1,4,D:\桌面\IACV\Assigment1\data\hpatches\i_porta\1.ppm,D:\桌面\IACV\Assigment1\data\hpatches\i_porta\4.ppm,158,465,307,0.6602150537634408,3.0,0.9585295391093871,465,158,141,17,307,0.33978494623655914,0.8924050632911392,0.3032258064516129,0.4592833876221498,0.6602150537634408,3.0,1.2058379760545428,1.0,True,141,0.8924050632911392,1.194883938049261,2.2656799977994524,0.09156823445855748,nan,465,465,476160,256,float32,1024,nan,571,571,584704,nan,nan,nan,nan,8.803139998053666,0.6423106932242334,nan,nan,nan,nan,8.693240000866354,0.13985494900133716,superpoint,superpoint,superpoint,bf_ratio,0.8
hpatches,i_porta,illumination,i_porta_1_to_5,1,5,D:\桌面\IACV\Assigment1\data\hpatches\i_porta\1.ppm,D:\桌面\IACV\Assigment1\data\hpatches\i_porta\5.ppm,107,465,295,0.6344086021505376,3.0,0.8838006081361957,465,107,100,7,295,0.23010752688172043,0.9345794392523364,0.21505376344086022,0.3389830508474576,0.6344086021505376,3.0,1.3135315495495916,1.0,True,98,0.9158878504672897,1.2322705999167434,2.5519799994071946,0.11179206445175227,nan,465,465,476160,256,float32,1024,nan,738,738,755712,nan,nan,nan,nan,8.803139998053666,0.6423106932242334,nan,nan,nan,nan,8.912540000164881,0.07925216975546517,superpoint,superpoint,superpoint,bf_ratio,0.8
hpatches,i_porta,illumination,i_porta_1_to_6,1,6,D:\桌面\IACV\Assigment1\data\hpatches\i_porta\1.ppm,D:\桌面\IACV\Assigment1\data\hpatches\i_porta\6.ppm,95,465,241,0.5182795698924731,3.0,1.9912774368644095,465,95,83,12,241,0.20430107526881722,0.8736842105263158,0.17849462365591398,0.34439834024896265,0.5182795698924731,3.0,1.099599366520832,1.0,True,81,0.8526315789473684,1.1787850136333942,2.858679999189917,0.08288139748903497,nan,465,465,476160,256,float32,1024,nan,840,840,860160,nan,nan,nan,nan,8.803139998053666,0.6423106932242334,nan,nan,nan,nan,8.710779999091756,0.16547871588143442,superpoint,superpoint,superpoint,bf_ratio,0.8
hpatches,i_resort,illumination,i_resort_1_to_2,1,2,D:\桌面\IACV\Assigment1\data\hpatches\i_resort\1.ppm,D:\桌面\IACV\Assigment1\data\hpatches\i_resort\2.ppm,991,2048,1298,0.6337890625,3.0,0.17463708312849893,2048,991,923,68,1298,0.48388671875,0.9313824419778002,0.45068359375,0.7110939907550077,0.6337890625,3.0,0.9317632311567606,1.0,True,917,0.9253279515640767,0.9449478879528661,34.373999999661464,0.7654040129366387,nan,2048,2048,2097152,256,float32,1024,nan,2048,2048,2097152,nan,nan,nan,nan,20.257319997472223,0.438506727802915,nan,nan,nan,nan,20.54195999953663,1.3298194467171758,superpoint,superpoint,superpoint,bf_ratio,0.8
hpatches,i_resort,illumination,i_resort_1_to_3,1,3,D:\桌面\IACV\Assigment1\data\hpatches\i_resort\1.ppm,D:\桌面\IACV\Assigment1\data\hpatches\i_resort\3.ppm,1633,2048,1659,0.81005859375,3.0,0.16104930292332775,2048,1633,1592,41,1659,0.79736328125,0.9748928352725046,0.77734375,0.9596142254370102,0.81005859375,3.0,0.6718524755448501,1.0,True,1590,0.9736680955296999,0.7296463949536224,32.19001999968896,1.044334670616352,nan,2048,2048,2097152,256,float32,1024,nan,2048,2048,2097152,nan,nan,nan,nan,20.257319997472223,0.438506727802915,nan,nan,nan,nan,19.973639999807347,0.1619528162799035,superpoint,superpoint,superpoint,bf_ratio,0.8
hpatches,i_resort,illumination,i_resort_1_to_4,1,4,D:\桌面\IACV\Assigment1\data\hpatches\i_resort\1.ppm,D:\桌面\IACV\Assigment1\data\hpatches\i_resort\4.ppm,1567,2048,1624,0.79296875,3.0,0.1962877589372811,2048,1567,1519,48,1624,0.76513671875,0.9693682195277601,0.74169921875,0.9353448275862069,0.79296875,3.0,0.6937567096989178,1.0,True,1513,0.9655392469687301,0.7194898844890798,35.7772199989995,2.0137080560626432,nan,2048,2048,2097152,256,float32,1024,nan,2048,2048,2097152,nan,nan,nan,nan,20.257319997472223,0.438506727802915,nan,nan,nan,nan,20.167619998392183,0.3360291494814868,superpoint,superpoint,superpoint,bf_ratio,0.8
hpatches,i_resort,illumination,i_resort_1_to_5,1,5,D:\桌面\IACV\Assigment1\data\hpatches\i_resort\1.ppm,D:\桌面\IACV\Assigment1\data\hpatches\i_resort\5.ppm,941,2048,1247,0.60888671875,3.0,0.6295541126397588,2048,941,859,82,1247,0.45947265625,0.9128586609989373,0.41943359375,0.6888532477947072,0.60888671875,3.0,1.0927691550857135,1.0,True,859,0.9128586609989373,1.0720698300412477,34.08462000079453,0.9349470014313692,nan,2048,2048,2097152,256,float32,1024,nan,2048,2048,2097152,nan,nan,nan,nan,20.257319997472223,0.438506727802915,nan,nan,nan,nan,20.019399999000598,0.19402127804728192,superpoint,superpoint,superpoint,bf_ratio,0.8
hpatches,i_resort,illumination,i_resort_1_to_6,1,6,D:\桌面\IACV\Assigment1\data\hpatches\i_resort\1.ppm,D:\桌面\IACV\Assigment1\data\hpatches\i_resort\6.ppm,1245,2048,1377,0.67236328125,3.0,1.3588336069572575,2048,1245,1109,136,1377,0.60791015625,0.8907630522088353,0.54150390625,0.8053740014524329,0.67236328125,3.0,1.5567632476641158,1.4142135623730951,True,1158,0.9301204819277108,1.1938198893062542,35.56740000058198,0.9404950292487074,nan,2048,2048,2097152,256,float32,1024,nan,2048,2048,2097152,nan,nan,nan,nan,20.257319997472223,0.438506727802915,nan,nan,nan,nan,19.80894000007538,0.2942787582835021,superpoint,superpoint,superpoint,bf_ratio,0.8
hpatches,i_salon,illumination,i_salon_1_to_2,1,2,D:\桌面\IACV\Assigment1\data\hpatches\i_salon\1.ppm,D:\桌面\IACV\Assigment1\data\hpatches\i_salon\2.ppm,1520,2048,1561,0.76220703125,3.0,0.8723198164015206,2048,1520,1407,113,1561,0.7421875,0.9256578947368421,0.68701171875,0.9013452914798207,0.76220703125,3.0,0.7875502485089854,1.0,True,1400,0.9210526315789473,0.9092023813775257,32.70032000291394,1.6322627851521194,nan,2048,2048,2097152,256,float32,1024,nan,2048,2048,2097152,nan,nan,nan,nan,14.011339997523464,0.4361684764558545,nan,nan,nan,nan,13.593679998302832,0.18475235905094134,superpoint,superpoint,superpoint,bf_ratio,0.8
hpatches,i_salon,illumination,i_salon_1_to_3,1,3,D:\桌面\IACV\Assigment1\data\hpatches\i_salon\1.ppm,D:\桌面\IACV\Assigment1\data\hpatches\i_salon\3.ppm,849,2048,1250,0.6103515625,3.0,0.5216106556721896,2048,849,750,99,1250,0.41455078125,0.8833922261484098,0.3662109375,0.6,0.6103515625,3.0,0.9226895630345371,1.0,True,744,0.8763250883392226,1.0078504857823565,36.024400002497714,1.8871639575273897,nan,2048,2048,2097152,256,float32,1024,nan,2048,2048,2097152,nan,nan,nan,nan,14.011339997523464,0.4361684764558545,nan,nan,nan,nan,13.537400000495836,0.4137715654545207,superpoint,superpoint,superpoint,bf_ratio,0.8
hpatches,i_salon,illumination,i_salon_1_to_4,1,4,D:\桌面\IACV\Assigment1\data\hpatches\i_salon\1.ppm,D:\桌面\IACV\Assigment1\data\hpatches\i_salon\4.ppm,358,2048,1106,0.5400390625,3.0,0.6123032105340059,2048,358,311,47,1106,0.1748046875,0.8687150837988827,0.15185546875,0.28119349005424954,0.5400390625,3.0,1.0013680545306465,1.0,True,309,0.8631284916201117,1.0773307777830399,36.446199999772944,5.8641789538833375,nan,2048,2048,2097152,256,float32,1024,nan,2048,2048,2097152,nan,nan,nan,nan,14.011339997523464,0.4361684764558545,nan,nan,nan,nan,13.553899998078123,0.1710977741577482,superpoint,superpoint,superpoint,bf_ratio,0.8
hpatches,i_salon,illumination,i_salon_1_to_5,1,5,D:\桌面\IACV\Assigment1\data\hpatches\i_salon\1.ppm,D:\桌面\IACV\Assigment1\data\hpatches\i_salon\5.ppm,1108,2048,1415,0.69091796875,3.0,0.23052090085810867,2048,1108,1012,96,1415,0.541015625,0.9133574007220217,0.494140625,0.7151943462897526,0.69091796875,3.0,0.8726817958322338,1.0,True,1011,0.9124548736462094,0.9061177678782419,32.95226000045659,0.5925230863327352,nan,2048,2048,2097152,256,float32,1024,nan,2048,2048,2097152,nan,nan,nan,nan,14.011339997523464,0.4361684764558545,nan,nan,nan,nan,13.500559997919481,0.27188461916297946,superpoint,superpoint,superpoint,bf_ratio,0.8
hpatches,i_salon,illumination,i_salon_1_to_6,1,6,D:\桌面\IACV\Assigment1\data\hpatches\i_salon\1.ppm,D:\桌面\IACV\Assigment1\data\hpatches\i_salon\6.ppm,694,2048,1195,0.58349609375,3.0,0.1969410583301961,2048,694,601,93,1195,0.3388671875,0.8659942363112392,0.29345703125,0.502928870292887,0.58349609375,3.0,1.006651338015049,1.0,True,598,0.861671469740634,1.0234636055362953,33.15560000191908,0.6055148005896356,nan,2048,2048,2097152,256,float32,1024,nan,2048,2048,2097152,nan,nan,nan,nan,14.011339997523464,0.4361684764558545,nan,nan,nan,nan,13.377899999613874,0.1047848835592107,superpoint,superpoint,superpoint,bf_ratio,0.8
hpatches,i_santuario,illumination,i_santuario_1_to_2,1,2,D:\桌面\IACV\Assigment1\data\hpatches\i_santuario\1.ppm,D:\桌面\IACV\Assigment1\data\hpatches\i_santuario\2.ppm,837,2048,887,0.43310546875,3.0,2.2104884618220297,2048,837,553,284,887,0.40869140625,0.6606929510155317,0.27001953125,0.6234498308906427,0.43310546875,3.0,2.064683876630311,2.0,True,707,0.8446833930704899,1.1757534783666086,34.924220001266804,0.7737225661302738,nan,2048,2048,2097152,256,float32,1024,nan,2048,2048,2097152,nan,nan,nan,nan,15.606979999574833,0.27534476831310123,nan,nan,nan,nan,15.700700000161305,0.1226567730392246,superpoint,superpoint,superpoint,bf_ratio,0.8
hpatches,i_santuario,illumination,i_santuario_1_to_3,1,3,D:\桌面\IACV\Assigment1\data\hpatches\i_santuario\1.ppm,D:\桌面\IACV\Assigment1\data\hpatches\i_santuario\3.ppm,824,2048,783,0.38232421875,3.0,2.8364533215584204,2048,824,472,352,783,0.40234375,0.5728155339805825,0.23046875,0.6028097062579821,0.38232421875,3.0,2.2835799116962456,2.23606797749979,True,710,0.8616504854368932,1.1464132196238772,33.57051999919349,0.39871641117521955,nan,2048,2048,2097152,256,float32,1024,nan,2048,2048,2097152,nan,nan,nan,nan,15.606979999574833,0.27534476831310123,nan,nan,nan,nan,15.588679998472799,0.14061432993370304,superpoint,superpoint,superpoint,bf_ratio,0.8
hpatches,i_santuario,illumination,i_santuario_1_to_4,1,4,D:\桌面\IACV\Assigment1\data\hpatches\i_santuario\1.ppm,D:\桌面\IACV\Assigment1\data\hpatches\i_santuario\4.ppm,612,2048,585,0.28564453125,3.0,3.5320943725637752,2048,612,257,355,585,0.298828125,0.4199346405228758,0.12548828125,0.4393162393162393,0.28564453125,3.0,2.305408444589628,2.23606797749979,True,492,0.803921568627451,1.1684608474671097,34.70863999973517,0.7515778850379228,nan,2048,2048,2097152,256,float32,1024,nan,2048,2048,2097152,nan,nan,nan,nan,15.606979999574833,0.27534476831310123,nan,nan,nan,nan,15.633420000085607,0.24153969734924877,superpoint,superpoint,superpoint,bf_ratio,0.8
hpatches,i_santuario,illumination,i_santuario_1_to_5,1,5,D:\桌面\IACV\Assigment1\data\hpatches\i_santuario\1.ppm,D:\桌面\IACV\Assigment1\data\hpatches\i_santuario\5.ppm,771,2048,1093,0.53369140625,3.0,0.6963447389932811,2048,771,663,108,1093,0.37646484375,0.8599221789883269,0.32373046875,0.6065873741994511,0.53369140625,3.0,1.1848478030391185,1.0,True,665,0.8625162127107653,1.1244795864683919,34.108840000408236,0.6622763140550298,nan,2048,2048,2097152,256,float32,1024,nan,2048,2048,2097152,nan,nan,nan,nan,15.606979999574833,0.27534476831310123,nan,nan,nan,nan,15.715260000433773,0.17642601416433612,superpoint,superpoint,superpoint,bf_ratio,0.8
hpatches,i_santuario,illumination,i_santuario_1_to_6,1,6,D:\桌面\IACV\Assigment1\data\hpatches\i_santuario\1.ppm,D:\桌面\IACV\Assigment1\data\hpatches\i_santuario\6.ppm,501,2048,861,0.42041015625,3.0,1.7827426347865243,2048,501,394,107,861,0.24462890625,0.7864271457085829,0.1923828125,0.45760743321718933,0.42041015625,3.0,1.6717226071067144,2.0,True,408,0.8143712574850299,1.201421902424873,32.662840001285076,1.0926533292122822,nan,2048,2048,2097152,256,float32,1024,nan,2048,2048,2097152,nan,nan,nan,nan,15.606979999574833,0.27534476831310123,nan,nan,nan,nan,15.53725999983726,0.18653832267380788,superpoint,superpoint,superpoint,bf_ratio,0.8
hpatches,i_school,illumination,i_school_1_to_2,1,2,D:\桌面\IACV\Assigment1\data\hpatches\i_school\1.ppm,D:\桌面\IACV\Assigment1\data\hpatches\i_school\2.ppm,416,623,453,0.7271268057784912,3.0,0.7241067266261237,623,416,381,35,453,0.6677367576243981,0.9158653846153846,0.6115569823434992,0.8410596026490066,0.7271268057784912,3.0,1.0475611904306525,1.0,True,374,0.8990384615384616,1.1120823923617864,4.891580001276452,0.09109092911625125,nan,623,623,637952,256,float32,1024,nan,967,967,990208,nan,nan,nan,nan,8.794339997984935,0.11542579548847479,nan,nan,nan,nan,8.685979996516835,0.04673501559711464,superpoint,superpoint,superpoint,bf_ratio,0.8
hpatches,i_school,illumination,i_school_1_to_3,1,3,D:\桌面\IACV\Assigment1\data\hpatches\i_school\1.ppm,D:\桌面\IACV\Assigment1\data\hpatches\i_school\3.ppm,416,623,460,0.7383627608346709,3.0,1.2398896097748753,623,416,379,37,460,0.6677367576243981,0.9110576923076923,0.608346709470305,0.8239130434782609,0.7383627608346709,3.0,0.9816756629541589,1.0,True,369,0.8870192307692307,1.0880910761455245,4.853719999664463,0.08075492479201889,nan,623,623,637952,256,float32,1024,nan,1004,1004,1028096,nan,nan,nan,nan,8.794339997984935,0.11542579548847479,nan,nan,nan,nan,8.744400000432506,0.07404622611193394,superpoint,superpoint,superpoint,bf_ratio,0.8
hpatches,i_school,illumination,i_school_1_to_4,1,4,D:\桌面\IACV\Assigment1\data\hpatches\i_school\1.ppm,D:\桌面\IACV\Assigment1\data\hpatches\i_school\4.ppm,224,623,367,0.5890850722311396,3.0,1.085196645393614,623,224,197,27,367,0.3595505617977528,0.8794642857142857,0.3162118780096308,0.5367847411444142,0.5890850722311396,3.0,1.2777970966435375,1.0,True,200,0.8928571428571429,1.096984110446208,4.823319999559317,0.20410025220643305,nan,623,623,637952,256,float32,1024,nan,1014,1014,1038336,nan,nan,nan,nan,8.794339997984935,0.11542579548847479,nan,nan,nan,nan,9.476099998573773,1.55662629632639,superpoint,superpoint,superpoint,bf_ratio,0.8
hpatches,i_school,illumination,i_school_1_to_5,1,5,D:\桌面\IACV\Assigment1\data\hpatches\i_school\1.ppm,D:\桌面\IACV\Assigment1\data\hpatches\i_school\5.ppm,325,623,406,0.651685393258427,3.0,1.382602889199748,623,325,290,35,406,0.521669341894061,0.8923076923076924,0.4654895666131621,0.7142857142857143,0.651685393258427,3.0,1.2887147249344248,1.0,True,292,0.8984615384615384,1.1072456295353008,4.744399996707216,0.16514993234920766,nan,623,623,637952,256,float32,1024,nan,947,947,969728,nan,nan,nan,nan,8.794339997984935,0.11542579548847479,nan,nan,nan,nan,9.267300000647083,0.5354613284283696,superpoint,superpoint,superpoint,bf_ratio,0.8
hpatches,i_school,illumination,i_school_1_to_6,1,6,D:\桌面\IACV\Assigment1\data\hpatches\i_school\1.ppm,D:\桌面\IACV\Assigment1\data\hpatches\i_school\6.ppm,173,623,310,0.49759229534510435,3.0,1.705927130459434,623,173,141,32,310,0.27768860353130015,0.815028901734104,0.22632423756019263,0.45483870967741935,0.49759229534510435,3.0,1.584329128427716,1.4142135623730951,True,153,0.884393063583815,1.0406672932107626,4.9544200010132045,0.11023299414917498,nan,623,623,637952,256,float32,1024,nan,1076,1076,1101824,nan,nan,nan,nan,8.794339997984935,0.11542579548847479,nan,nan,nan,nan,8.710159998736344,0.03418430156574058,superpoint,superpoint,superpoint,bf_ratio,0.8
hpatches,i_ski,illumination,i_ski_1_to_2,1,2,D:\桌面\IACV\Assigment1\data\hpatches\i_ski\1.ppm,D:\桌面\IACV\Assigment1\data\hpatches\i_ski\2.ppm,900,1507,1022,0.6781685467816855,3.0,1.3336738107216817,1507,900,827,73,1022,0.59721300597213,0.9188888888888889,0.5487723954877239,0.8091976516634051,0.6781685467816855,3.0,1.0095795622853352,1.0,True,826,0.9177777777777778,1.1392872814604296,16.98257999814814,0.4928467150787156,nan,1507,1507,1543168,256,float32,1024,nan,1484,1484,1519616,nan,nan,nan,nan,8.722519998264033,0.1353631767854095,nan,nan,nan,nan,8.654220000607893,0.05450729856427893,superpoint,superpoint,superpoint,bf_ratio,0.8
hpatches,i_ski,illumination,i_ski_1_to_3,1,3,D:\桌面\IACV\Assigment1\data\hpatches\i_ski\1.ppm,D:\桌面\IACV\Assigment1\data\hpatches\i_ski\3.ppm,710,1507,911,0.6045122760451228,3.0,0.4865813674616408,1507,710,622,88,911,0.47113470471134705,0.8760563380281691,0.41274054412740546,0.6827661909989023,0.6045122760451228,3.0,1.1409288339117547,1.0,True,635,0.8943661971830986,1.181414265879913,17.332819999137428,0.7198558909983694,nan,1507,1507,1543168,256,float32,1024,nan,1491,1491,1526784,nan,nan,nan,nan,8.722519998264033,0.1353631767854095,nan,nan,nan,nan,8.959120002691634,0.5741468029278095,superpoint,superpoint,superpoint,bf_ratio,0.8
hpatches,i_ski,illumination,i_ski_1_to_4,1,4,D:\桌面\IACV\Assigment1\data\hpatches\i_ski\1.ppm,D:\桌面\IACV\Assigment1\data\hpatches\i_ski\4.ppm,578,1507,882,0.5852687458526875,3.0,0.6990041774766207,1507,578,496,82,882,0.38354346383543464,0.8581314878892734,0.3291307232913072,0.562358276643991,0.5852687458526875,3.0,1.2630769391489065,1.0,True,506,0.8754325259515571,1.220048774555021,17.82470000034664,0.013750345973608122,nan,1507,1507,1543168,256,float32,1024,nan,1484,1484,1519616,nan,nan,nan,nan,8.722519998264033,0.1353631767854095,nan,nan,nan,nan,9.105899999849498,0.6474353169728121,superpoint,superpoint,superpoint,bf_ratio,0.8
hpatches,i_ski,illumination,i_ski_1_to_5,1,5,D:\桌面\IACV\Assigment1\data\hpatches\i_ski\1.ppm,D:\桌面\IACV\Assigment1\data\hpatches\i_ski\5.ppm,452,1507,845,0.5607166556071665,3.0,1.8596638093444997,1507,452,391,61,845,0.29993364299933645,0.8650442477876106,0.2594558725945587,0.46272189349112425,0.5607166556071665,3.0,1.2148328344025898,1.0,True,395,0.8738938053097345,1.2717538204869796,18.520639999769628,0.19476043462078066,nan,1507,1507,1543168,256,float32,1024,nan,1538,1538,1574912,nan,nan,nan,nan,8.722519998264033,0.1353631767854095,nan,nan,nan,nan,8.849320000445005,0.32111867750159934,superpoint,superpoint,superpoint,bf_ratio,0.8
hpatches,i_ski,illumination,i_ski_1_to_6,1,6,D:\桌面\IACV\Assigment1\data\hpatches\i_ski\1.ppm,D:\桌面\IACV\Assigment1\data\hpatches\i_ski\6.ppm,386,1507,809,0.5368281353682813,3.0,2.2192344862101816,1507,386,315,71,809,0.25613802256138024,0.8160621761658031,0.2090245520902455,0.38936959208899874,0.5368281353682813,3.0,1.2550247142721465,1.0,True,317,0.8212435233160622,1.3719138068633547,16.871540001011454,0.6470845256194997,nan,1507,1507,1543168,256,float32,1024,nan,1469,1469,1504256,nan,nan,nan,nan,8.722519998264033,0.1353631767854095,nan,nan,nan,nan,8.85645999951521,0.19461208151713036,superpoint,superpoint,superpoint,bf_ratio,0.8
hpatches,i_smurf,illumination,i_smurf_1_to_2,1,2,D:\桌面\IACV\Assigment1\data\hpatches\i_smurf\1.ppm,D:\桌面\IACV\Assigment1\data\hpatches\i_smurf\2.ppm,782,1666,1052,0.631452581032413,3.0,0.5547963038194695,1666,782,692,90,1052,0.46938775510204084,0.8849104859335039,0.41536614645858344,0.6577946768060836,0.631452581032413,3.0,0.9263348915975758,1.0,True,686,0.8772378516624041,0.9910441555569804,22.88552000100026,0.4553035269786196,nan,1666,1666,1705984,256,float32,1024,nan,1777,1777,1819648,nan,nan,nan,nan,13.42750000039814,0.04067638099408528,nan,nan,nan,nan,13.248920001205988,0.09208564257533094,superpoint,superpoint,superpoint,bf_ratio,0.8
hpatches,i_smurf,illumination,i_smurf_1_to_3,1,3,D:\桌面\IACV\Assigment1\data\hpatches\i_smurf\1.ppm,D:\桌面\IACV\Assigment1\data\hpatches\i_smurf\3.ppm,778,1666,1032,0.6194477791116446,3.0,1.650415857888917,1666,778,686,92,1032,0.4669867947178872,0.8817480719794345,0.4117647058823529,0.6647286821705426,0.6194477791116446,3.0,0.9185041700976219,1.0,True,668,0.8586118251928021,1.047590039213142,24.02113999851281,0.7028832728053199,nan,1666,1666,1705984,256,float32,1024,nan,1741,1741,1782784,nan,nan,nan,nan,13.42750000039814,0.04067638099408528,nan,nan,nan,nan,13.259300000208896,0.14805427282800895,superpoint,superpoint,superpoint,bf_ratio,0.8
hpatches,i_smurf,illumination,i_smurf_1_to_4,1,4,D:\桌面\IACV\Assigment1\data\hpatches\i_smurf\1.ppm,D:\桌面\IACV\Assigment1\data\hpatches\i_smurf\4.ppm,696,1666,969,0.5816326530612245,3.0,0.326708708721394,1666,696,601,95,969,0.4177671068427371,0.8635057471264368,0.3607442977190876,0.6202270381836945,0.5816326530612245,3.0,0.9450763418259981,1.0,True,594,0.853448275862069,0.9647961690116847,23.81893999845488,0.4204399134560593,nan,1666,1666,1705984,256,float32,1024,nan,1727,1727,1768448,nan,nan,nan,nan,13.42750000039814,0.04067638099408528,nan,nan,nan,nan,13.616959999490064,0.49874772776372933,superpoint,superpoint,superpoint,bf_ratio,0.8
hpatches,i_smurf,illumination,i_smurf_1_to_5,1,5,D:\桌面\IACV\Assigment1\data\hpatches\i_smurf\1.ppm,D:\桌面\IACV\Assigment1\data\hpatches\i_smurf\5.ppm,656,1666,959,0.5756302521008403,3.0,0.3364040376849035,1666,656,567,89,959,0.3937575030012005,0.864329268292683,0.3403361344537815,0.5912408759124088,0.5756302521008403,3.0,0.9747701882974831,1.0,True,563,0.8582317073170732,0.9850375491440767,23.794260001159273,0.24421790804252066,nan,1666,1666,1705984,256,float32,1024,nan,1740,1740,1781760,nan,nan,nan,nan,13.42750000039814,0.04067638099408528,nan,nan,nan,nan,13.33576000033645,0.266803049511443,superpoint,superpoint,superpoint,bf_ratio,0.8
hpatches,i_smurf,illumination,i_smurf_1_to_6,1,6,D:\桌面\IACV\Assigment1\data\hpatches\i_smurf\1.ppm,D:\桌面\IACV\Assigment1\data\hpatches\i_smurf\6.ppm,483,1666,872,0.5234093637454982,3.0,0.20756956793943,1666,483,423,60,872,0.28991596638655465,0.8757763975155279,0.2539015606242497,0.48509174311926606,0.5234093637454982,3.0,0.8272484303903883,1.0,True,417,0.8633540372670807,0.81958171316971,24.37665999896126,0.39869537225671303,nan,1666,1666,1705984,256,float32,1024,nan,1772,1772,1814528,nan,nan,nan,nan,13.42750000039814,0.04067638099408528,nan,nan,nan,nan,13.229160000628326,0.10926958658224564,superpoint,superpoint,superpoint,bf_ratio,0.8
hpatches,i_steps,illumination,i_steps_1_to_2,1,2,D:\桌面\IACV\Assigment1\data\hpatches\i_steps\1.ppm,D:\桌面\IACV\Assigment1\data\hpatches\i_steps\2.ppm,1307,2048,1317,0.64306640625,3.0,0.7817679575287803,2048,1307,1177,130,1317,0.63818359375,0.9005355776587605,0.57470703125,0.8936977980258163,0.64306640625,3.0,1.0351483986425063,1.0,True,1175,0.8990053557765876,1.0070833226049158,34.670700000424404,0.9851417108182715,nan,2048,2048,2097152,256,float32,1024,nan,2048,2048,2097152,nan,nan,nan,nan,17.485480001778342,0.2587474779290021,nan,nan,nan,nan,17.5697400001809,0.40570195209320337,superpoint,superpoint,superpoint,bf_ratio,0.8
hpatches,i_steps,illumination,i_steps_1_to_3,1,3,D:\桌面\IACV\Assigment1\data\hpatches\i_steps\1.ppm,D:\桌面\IACV\Assigment1\data\hpatches\i_steps\3.ppm,1323,2048,1340,0.654296875,3.0,0.5845284713118464,2048,1323,1204,119,1340,0.64599609375,0.91005291005291,0.587890625,0.8985074626865671,0.654296875,3.0,1.1894339364589377,1.0,True,1223,0.9244142101284959,1.0124621717422695,33.79156000009971,0.47742795624076023,nan,2048,2048,2097152,256,float32,1024,nan,2048,2048,2097152,nan,nan,nan,nan,17.485480001778342,0.2587474779290021,nan,nan,nan,nan,17.211880000832025,0.17553575708256602,superpoint,superpoint,superpoint,bf_ratio,0.8
hpatches,i_steps,illumination,i_steps_1_to_4,1,4,D:\桌面\IACV\Assigment1\data\hpatches\i_steps\1.ppm,D:\桌面\IACV\Assigment1\data\hpatches\i_steps\4.ppm,1337,2048,1379,0.67333984375,3.0,1.4355952236533311,2048,1337,1228,109,1379,0.65283203125,0.9184741959611069,0.599609375,0.8905003625815808,0.67333984375,3.0,1.2041703632069525,1.0,True,1250,0.9349289454001496,1.008181578534037,34.62190000136616,1.3082758849387506,nan,2048,2048,2097152,256,float32,1024,nan,2048,2048,2097152,nan,nan,nan,nan,17.485480001778342,0.2587474779290021,nan,nan,nan,nan,17.523560000699945,0.09764500044318027,superpoint,superpoint,superpoint,bf_ratio,0.8
hpatches,i_steps,illumination,i_steps_1_to_5,1,5,D:\桌面\IACV\Assigment1\data\hpatches\i_steps\1.ppm,D:\桌面\IACV\Assigment1\data\hpatches\i_steps\5.ppm,695,2048,1135,0.55419921875,3.0,0.9353172010467851,2048,695,603,92,1135,0.33935546875,0.8676258992805755,0.29443359375,0.5312775330396475,0.55419921875,3.0,1.416641898170473,1.4142135623730951,True,615,0.8848920863309353,1.249431358721081,35.44456000090577,0.3684791242934949,nan,2048,2048,2097152,256,float32,1024,nan,2048,2048,2097152,nan,nan,nan,nan,17.485480001778342,0.2587474779290021,nan,nan,nan,nan,17.35138000076404,0.42898282628760526,superpoint,superpoint,superpoint,bf_ratio,0.8
hpatches,i_steps,illumination,i_steps_1_to_6,1,6,D:\桌面\IACV\Assigment1\data\hpatches\i_steps\1.ppm,D:\桌面\IACV\Assigment1\data\hpatches\i_steps\6.ppm,1029,2048,1291,0.63037109375,3.0,1.1904430269633064,2048,1029,915,114,1291,0.50244140625,0.8892128279883382,0.44677734375,0.7087529047250194,0.63037109375,3.0,1.377280686456882,1.4142135623730951,True,928,0.901846452866861,1.1519162648162806,34.8132999977679,0.8164870514394907,nan,2048,2048,2097152,256,float32,1024,nan,2048,2048,2097152,nan,nan,nan,nan,17.485480001778342,0.2587474779290021,nan,nan,nan,nan,17.221680001239292,0.20093566326418189,superpoint,superpoint,superpoint,bf_ratio,0.8
hpatches,i_table,illumination,i_table_1_to_2,1,2,D:\桌面\IACV\Assigment1\data\hpatches\i_table\1.ppm,D:\桌面\IACV\Assigment1\data\hpatches\i_table\2.ppm,1059,2048,1149,0.56103515625,3.0,1.46887195519956,2048,1059,942,117,1149,0.51708984375,0.8895184135977338,0.4599609375,0.8198433420365535,0.56103515625,3.0,1.6303883001392994,1.4142135623730951,True,968,0.9140698772426817,0.9239707378368164,32.909279999148566,0.4529724160695617,nan,2048,2048,2097152,256,float32,1024,nan,2048,2048,2097152,nan,nan,nan,nan,26.26853999972809,0.07586286752976334,nan,nan,nan,nan,26.26390000077663,0.19614235646298023,superpoint,superpoint,superpoint,bf_ratio,0.8
hpatches,i_table,illumination,i_table_1_to_3,1,3,D:\桌面\IACV\Assigment1\data\hpatches\i_table\1.ppm,D:\桌面\IACV\Assigment1\data\hpatches\i_table\3.ppm,836,2048,1096,0.53515625,3.0,1.432715306303433,2048,836,733,103,1096,0.408203125,0.8767942583732058,0.35791015625,0.6687956204379562,0.53515625,3.0,1.5490554373870753,1.4142135623730951,True,765,0.9150717703349283,0.9801685012502777,32.67754000116838,0.6131401278429277,nan,2048,2048,2097152,256,float32,1024,nan,2048,2048,2097152,nan,nan,nan,nan,26.26853999972809,0.07586286752976334,nan,nan,nan,nan,26.16326000133995,0.36476386049295734,superpoint,superpoint,superpoint,bf_ratio,0.8
hpatches,i_table,illumination,i_table_1_to_4,1,4,D:\桌面\IACV\Assigment1\data\hpatches\i_table\1.ppm,D:\桌面\IACV\Assigment1\data\hpatches\i_table\4.ppm,535,2048,985,0.48095703125,3.0,1.8153741207937797,2048,535,464,71,985,0.26123046875,0.8672897196261682,0.2265625,0.47106598984771575,0.48095703125,3.0,1.578276982801953,1.4142135623730951,True,478,0.8934579439252337,1.0024773940287388,33.82917999988422,0.7649968157254607,nan,2048,2048,2097152,256,float32,1024,nan,2048,2048,2097152,nan,nan,nan,nan,26.26853999972809,0.07586286752976334,nan,nan,nan,nan,26.307200000155717,0.27400686148158115,superpoint,superpoint,superpoint,bf_ratio,0.8
hpatches,i_table,illumination,i_table_1_to_5,1,5,D:\桌面\IACV\Assigment1\data\hpatches\i_table\1.ppm,D:\桌面\IACV\Assigment1\data\hpatches\i_table\5.ppm,535,2048,978,0.4775390625,3.0,2.088698859354799,2048,535,466,69,978,0.26123046875,0.8710280373831776,0.2275390625,0.47648261758691207,0.4775390625,3.0,1.4681025350409838,1.4142135623730951,True,482,0.9009345794392524,0.9346441332862864,33.20814000326209,1.4601786199159459,nan,2048,2048,2097152,256,float32,1024,nan,2048,2048,2097152,nan,nan,nan,nan,26.26853999972809,0.07586286752976334,nan,nan,nan,nan,26.180459998431616,0.20824157511939548,superpoint,superpoint,superpoint,bf_ratio,0.8
hpatches,i_table,illumination,i_table_1_to_6,1,6,D:\桌面\IACV\Assigment1\data\hpatches\i_table\1.ppm,D:\桌面\IACV\Assigment1\data\hpatches\i_table\6.ppm,1391,2048,1413,0.68994140625,3.0,0.5171207570185101,2048,1391,1279,112,1413,0.67919921875,0.9194823867721064,0.62451171875,0.9051663128096249,0.68994140625,3.0,0.8762074010737286,1.0,True,1280,0.9202012940330697,0.858913750784601,35.770700000284705,0.7383074895215496,nan,2048,2048,2097152,256,float32,1024,nan,2048,2048,2097152,nan,nan,nan,nan,26.26853999972809,0.07586286752976334,nan,nan,nan,nan,26.02216000086628,0.2825769272181026,superpoint,superpoint,superpoint,bf_ratio,0.8
hpatches,i_tools,illumination,i_tools_1_to_2,1,2,D:\桌面\IACV\Assigment1\data\hpatches\i_tools\1.ppm,D:\桌面\IACV\Assigment1\data\hpatches\i_tools\2.ppm,190,2048,411,0.20068359375,3.0,2.4015805362689626,2048,190,111,79,411,0.0927734375,0.5842105263157895,0.05419921875,0.27007299270072993,0.20068359375,3.0,2.1454866559608337,2.23606797749979,True,161,0.8473684210526315,1.1740995020727487,35.39891999971587,1.0467382979408828,nan,2048,2048,2097152,256,float32,1024,nan,2048,2048,2097152,nan,nan,nan,nan,26.063259999500588,0.262636140606799,nan,nan,nan,nan,26.253099997120444,0.13981879602905212,superpoint,superpoint,superpoint,bf_ratio,0.8
hpatches,i_tools,illumination,i_tools_1_to_3,1,3,D:\桌面\IACV\Assigment1\data\hpatches\i_tools\1.ppm,D:\桌面\IACV\Assigment1\data\hpatches\i_tools\3.ppm,337,2048,432,0.2109375,3.0,3.242258078215807,2048,337,151,186,432,0.16455078125,0.44807121661721067,0.07373046875,0.34953703703703703,0.2109375,3.0,2.2033965736393233,2.23606797749979,True,216,0.6409495548961425,1.3063559197158963,33.4461399979773,0.24818780506646088,nan,2048,2048,2097152,256,float32,1024,nan,2048,2048,2097152,nan,nan,nan,nan,26.063259999500588,0.262636140606799,nan,nan,nan,nan,26.375240000197664,0.24842998508397032,superpoint,superpoint,superpoint,bf_ratio,0.8
hpatches,i_tools,illumination,i_tools_1_to_4,1,4,D:\桌面\IACV\Assigment1\data\hpatches\i_tools\1.ppm,D:\桌面\IACV\Assigment1\data\hpatches\i_tools\4.ppm,170,2048,317,0.15478515625,3.0,2.990208595181808,2048,170,56,114,317,0.0830078125,0.32941176470588235,0.02734375,0.17665615141955837,0.15478515625,3.0,2.510365284289532,2.8284271247461903,True,131,0.7705882352941177,1.132575494134768,34.529740002471954,0.8781635699248125,nan,2048,2048,2097152,256,float32,1024,nan,2048,2048,2097152,nan,nan,nan,nan,26.063259999500588,0.262636140606799,nan,nan,nan,nan,26.32610000000568,0.07827416101068012,superpoint,superpoint,superpoint,bf_ratio,0.8
hpatches,i_tools,illumination,i_tools_1_to_5,1,5,D:\桌面\IACV\Assigment1\data\hpatches\i_tools\1.ppm,D:\桌面\IACV\Assigment1\data\hpatches\i_tools\5.ppm,470,2048,463,0.22607421875,3.0,3.581625040788395,2048,470,202,268,463,0.2294921875,0.4297872340425532,0.0986328125,0.43628509719222464,0.22607421875,3.0,2.430255983375972,2.8284271247461903,True,400,0.851063829787234,1.1085798649025507,34.55466000159504,0.8263490961566707,nan,2048,2048,2097152,256,float32,1024,nan,2048,2048,2097152,nan,nan,nan,nan,26.063259999500588,0.262636140606799,nan,nan,nan,nan,26.34732000005897,0.10079379668106077,superpoint,superpoint,superpoint,bf_ratio,0.8
hpatches,i_tools,illumination,i_tools_1_to_6,1,6,D:\桌面\IACV\Assigment1\data\hpatches\i_tools\1.ppm,D:\桌面\IACV\Assigment1\data\hpatches\i_tools\6.ppm,149,2048,262,0.1279296875,3.0,6.697652408157859,2048,149,11,138,262,0.07275390625,0.0738255033557047,0.00537109375,0.04198473282442748,0.1279296875,3.0,1.7551941626695695,2.0,True,100,0.6711409395973155,1.326829295736616,33.7656399977277,0.8867042483909611,nan,2048,2048,2097152,256,float32,1024,nan,2048,2048,2097152,nan,nan,nan,nan,26.063259999500588,0.262636140606799,nan,nan,nan,nan,26.101080000807997,0.09694623980793571,superpoint,superpoint,superpoint,bf_ratio,0.8
hpatches,i_toy,illumination,i_toy_1_to_2,1,2,D:\桌面\IACV\Assigment1\data\hpatches\i_toy\1.ppm,D:\桌面\IACV\Assigment1\data\hpatches\i_toy\2.ppm,443,787,399,0.5069885641677255,3.0,0.5500881573405868,787,443,342,101,399,0.5628970775095299,0.7720090293453724,0.43456162642947904,0.8571428571428571,0.5069885641677255,3.0,1.1108025283603604,1.0,True,342,0.7720090293453724,1.1604183981351122,4.534539997985121,0.13833768143566066,nan,787,787,805888,256,float32,1024,nan,711,711,728064,nan,nan,nan,nan,8.579779999854509,1.2110668195394094,nan,nan,nan,nan,7.722500000090804,0.06563867756893968,superpoint,superpoint,superpoint,bf_ratio,0.8
hpatches,i_toy,illumination,i_toy_1_to_3,1,3,D:\桌面\IACV\Assigment1\data\hpatches\i_toy\1.ppm,D:\桌面\IACV\Assigment1\data\hpatches\i_toy\3.ppm,344,787,355,0.45108005082592123,3.0,0.3534295501564475,787,344,257,87,355,0.4371029224904701,0.747093023255814,0.32655654383735705,0.723943661971831,0.45108005082592123,3.0,1.1851476276444615,1.0,True,253,0.7354651162790697,1.1674754251129547,4.938680001941975,0.1636369429012612,nan,787,787,805888,256,float32,1024,nan,741,741,758784,nan,nan,nan,nan,8.579779999854509,1.2110668195394094,nan,nan,nan,nan,8.52372000226751,1.5386962025172044,superpoint,superpoint,superpoint,bf_ratio,0.8
hpatches,i_toy,illumination,i_toy_1_to_4,1,4,D:\桌面\IACV\Assigment1\data\hpatches\i_toy\1.ppm,D:\桌面\IACV\Assigment1\data\hpatches\i_toy\4.ppm,196,787,316,0.40152477763659467,3.0,0.7867843824005841,787,196,153,43,316,0.24904701397712833,0.7806122448979592,0.19440914866581957,0.48417721518987344,0.40152477763659467,3.0,1.2248598204414833,1.0,True,148,0.7551020408163265,1.1711289036971284,4.704739998851437,0.2764022471231983,nan,787,787,805888,256,float32,1024,nan,779,779,797696,nan,nan,nan,nan,8.579779999854509,1.2110668195394094,nan,nan,nan,nan,7.728919998044148,0.060247204068258446,superpoint,superpoint,superpoint,bf_ratio,0.8
hpatches,i_toy,illumination,i_toy_1_to_5,1,5,D:\桌面\IACV\Assigment1\data\hpatches\i_toy\1.ppm,D:\桌面\IACV\Assigment1\data\hpatches\i_toy\5.ppm,99,787,258,0.3278271918678526,3.0,0.40425644367685554,787,99,82,17,258,0.12579415501905972,0.8282828282828283,0.10419313850063533,0.3178294573643411,0.3278271918678526,3.0,1.0709064584766823,1.0,True,80,0.8080808080808081,1.0621790860929867,4.561699999612756,0.21730180100260077,nan,787,787,805888,256,float32,1024,nan,733,733,750592,nan,nan,nan,nan,8.579779999854509,1.2110668195394094,nan,nan,nan,nan,8.579319999262225,1.3102098474453157,superpoint,superpoint,superpoint,bf_ratio,0.8
hpatches,i_toy,illumination,i_toy_1_to_6,1,6,D:\桌面\IACV\Assigment1\data\hpatches\i_toy\1.ppm,D:\桌面\IACV\Assigment1\data\hpatches\i_toy\6.ppm,54,787,208,0.26429479034307496,3.0,3.8232183381929983,787,54,38,16,208,0.06861499364675985,0.7037037037037037,0.048284625158831,0.18269230769230768,0.26429479034307496,3.0,1.2156180343878404,1.0,True,39,0.7222222222222222,1.26899637154372,4.517079998913687,0.09030717425281669,nan,787,787,805888,256,float32,1024,nan,767,767,785408,nan,nan,nan,nan,8.579779999854509,1.2110668195394094,nan,nan,nan,nan,8.063759999640752,0.5534117412794161,superpoint,superpoint,superpoint,bf_ratio,0.8
hpatches,i_troulos,illumination,i_troulos_1_to_2,1,2,D:\桌面\IACV\Assigment1\data\hpatches\i_troulos\1.ppm,D:\桌面\IACV\Assigment1\data\hpatches\i_troulos\2.ppm,296,1475,522,0.3538983050847458,3.0,1.4708337848354502,1475,296,253,43,522,0.20067796610169492,0.8547297297297297,0.17152542372881355,0.4846743295019157,0.3538983050847458,3.0,1.137706239215036,1.0,True,260,0.8783783783783784,1.2012509425210274,16.33669999864651,0.5492180742328568,nan,1475,1475,1510400,256,float32,1024,nan,1469,1469,1504256,nan,nan,nan,nan,9.078879999287892,0.08966498520458341,nan,nan,nan,nan,9.178260000771843,0.17753648978792957,superpoint,superpoint,superpoint,bf_ratio,0.8
hpatches,i_troulos,illumination,i_troulos_1_to_3,1,3,D:\桌面\IACV\Assigment1\data\hpatches\i_troulos\1.ppm,D:\桌面\IACV\Assigment1\data\hpatches\i_troulos\3.ppm,131,1475,414,0.28067796610169493,3.0,3.323343184500507,1475,131,30,101,414,0.0888135593220339,0.22900763358778625,0.020338983050847456,0.07246376811594203,0.28067796610169493,3.0,2.2555207087245837,2.23606797749979,True,102,0.7786259541984732,1.3169444812313633,22.045860000071116,0.7214152262463742,nan,1475,1475,1510400,256,float32,1024,nan,1764,1764,1806336,nan,nan,nan,nan,9.078879999287892,0.08966498520458341,nan,nan,nan,nan,9.225560001505073,0.08633526872042468,superpoint,superpoint,superpoint,bf_ratio,0.8
hpatches,i_troulos,illumination,i_troulos_1_to_4,1,4,D:\桌面\IACV\Assigment1\data\hpatches\i_troulos\1.ppm,D:\桌面\IACV\Assigment1\data\hpatches\i_troulos\4.ppm,408,1475,643,0.4359322033898305,3.0,0.9287906436787989,1475,408,375,33,643,0.27661016949152545,0.9191176470588235,0.2542372881355932,0.583203732503888,0.4359322033898305,3.0,1.0544511528831966,1.0,True,373,0.9142156862745098,1.1469413106323278,19.910220000019763,0.6669602908048877,nan,1475,1475,1510400,256,float32,1024,nan,1665,1665,1704960,nan,nan,nan,nan,9.078879999287892,0.08966498520458341,nan,nan,nan,nan,9.703579999040812,0.20992752407951606,superpoint,superpoint,superpoint,bf_ratio,0.8
hpatches,i_troulos,illumination,i_troulos_1_to_5,1,5,D:\桌面\IACV\Assigment1\data\hpatches\i_troulos\1.ppm,D:\桌面\IACV\Assigment1\data\hpatches\i_troulos\5.ppm,116,1475,541,0.36677966101694914,3.0,1.0519914155857202,1475,116,97,19,541,0.07864406779661016,0.8362068965517241,0.06576271186440678,0.17929759704251386,0.36677966101694914,3.0,1.205229998334408,1.0,True,99,0.853448275862069,1.013184391914441,19.162159999541473,0.14595533081728657,nan,1475,1475,1510400,256,float32,1024,nan,1593,1593,1631232,nan,nan,nan,nan,9.078879999287892,0.08966498520458341,nan,nan,nan,nan,9.298219998891,0.08680717195686789,superpoint,superpoint,superpoint,bf_ratio,0.8
hpatches,i_troulos,illumination,i_troulos_1_to_6,1,6,D:\桌面\IACV\Assigment1\data\hpatches\i_troulos\1.ppm,D:\桌面\IACV\Assigment1\data\hpatches\i_troulos\6.ppm,209,1475,496,0.336271186440678,3.0,2.05212203987525,1475,209,162,47,496,0.14169491525423727,0.7751196172248804,0.10983050847457627,0.32661290322580644,0.336271186440678,3.0,1.8715666406483953,2.0,True,180,0.861244019138756,1.1930430088079507,19.179919999442063,0.25217434829459223,nan,1475,1475,1510400,256,float32,1024,nan,1591,1591,1629184,nan,nan,nan,nan,9.078879999287892,0.08966498520458341,nan,nan,nan,nan,9.39141999988351,0.32577029718244316,superpoint,superpoint,superpoint,bf_ratio,0.8
hpatches,i_veggies,illumination,i_veggies_1_to_2,1,2,D:\桌面\IACV\Assigment1\data\hpatches\i_veggies\1.ppm,D:\桌面\IACV\Assigment1\data\hpatches\i_veggies\2.ppm,1218,1787,1237,0.6922216004476777,3.0,0.6084640297551516,1787,1218,1094,124,1237,0.6815892557358701,0.8981937602627258,0.6121992165640738,0.8843977364591754,0.6922216004476777,3.0,0.8847824728914828,1.0,True,1091,0.8957307060755336,0.9411155949860119,26.36540000094101,0.9417086715793747,nan,1787,1787,1829888,256,float32,1024,nan,1785,1785,1827840,nan,nan,nan,nan,13.624959997832775,0.26222835534240085,nan,nan,nan,nan,13.98582000110764,0.36854169509694157,superpoint,superpoint,superpoint,bf_ratio,0.8
hpatches,i_veggies,illumination,i_veggies_1_to_3,1,3,D:\桌面\IACV\Assigment1\data\hpatches\i_veggies\1.ppm,D:\桌面\IACV\Assigment1\data\hpatches\i_veggies\3.ppm,676,1787,967,0.5411303861219922,3.0,0.35779489942679854,1787,676,567,109,967,0.3782876329043089,0.8387573964497042,0.31729155008393956,0.5863495346432265,0.5411303861219922,3.0,0.9782666189390478,1.0,True,563,0.8328402366863905,1.0209891949631211,25.77255999931367,0.7191050952045753,nan,1787,1787,1829888,256,float32,1024,nan,1748,1748,1789952,nan,nan,nan,nan,13.624959997832775,0.26222835534240085,nan,nan,nan,nan,13.362459998461418,0.17365195770595276,superpoint,superpoint,superpoint,bf_ratio,0.8
hpatches,i_veggies,illumination,i_veggies_1_to_4,1,4,D:\桌面\IACV\Assigment1\data\hpatches\i_veggies\1.ppm,D:\桌面\IACV\Assigment1\data\hpatches\i_veggies\4.ppm,761,1787,1014,0.5674314493564634,3.0,0.525826104406602,1787,761,650,111,1014,0.42585338556239505,0.8541392904073587,0.36373810856183547,0.6410256410256411,0.5674314493564634,3.0,0.9784156938459841,1.0,True,643,0.8449408672798949,1.0509534850661684,24.45413999957964,0.6857355204263617,nan,1787,1787,1829888,256,float32,1024,nan,1681,1681,1721344,nan,nan,nan,nan,13.624959997832775,0.26222835534240085,nan,nan,nan,nan,13.43503999960376,0.1384445256216851,superpoint,superpoint,superpoint,bf_ratio,0.8
hpatches,i_veggies,illumination,i_veggies_1_to_5,1,5,D:\桌面\IACV\Assigment1\data\hpatches\i_veggies\1.ppm,D:\桌面\IACV\Assigment1\data\hpatches\i_veggies\5.ppm,287,1787,826,0.4622271964185786,3.0,0.5488154035240758,1787,287,238,49,826,0.16060436485730273,0.8292682926829268,0.1331841074426413,0.288135593220339,0.4622271964185786,3.0,1.0944680140825949,1.0,True,239,0.8327526132404182,1.1749538815038358,26.87766000017291,0.679088957814266,nan,1787,1787,1829888,256,float32,1024,nan,1731,1731,1772544,nan,nan,nan,nan,13.624959997832775,0.26222835534240085,nan,nan,nan,nan,14.1118200001074,0.6597744430405786,superpoint,superpoint,superpoint,bf_ratio,0.8
hpatches,i_veggies,illumination,i_veggies_1_to_6,1,6,D:\桌面\IACV\Assigment1\data\hpatches\i_veggies\1.ppm,D:\桌面\IACV\Assigment1\data\hpatches\i_veggies\6.ppm,216,1787,745,0.41689983212087295,3.0,0.5006924104273176,1787,216,172,44,745,0.1208729714605484,0.7962962962962963,0.09625069949636261,0.23087248322147652,0.41689983212087295,3.0,1.0625954442262386,1.0,True,174,0.8055555555555556,1.1710702276966465,23.513879999518394,0.17555813169789525,nan,1787,1787,1829888,256,float32,1024,nan,1685,1685,1725440,nan,nan,nan,nan,13.624959997832775,0.26222835534240085,nan,nan,nan,nan,13.363440001558047,0.10240926844730885,superpoint,superpoint,superpoint,bf_ratio,0.8
hpatches,i_village,illumination,i_village_1_to_2,1,2,D:\桌面\IACV\Assigment1\data\hpatches\i_village\1.ppm,D:\桌面\IACV\Assigment1\data\hpatches\i_village\2.ppm,314,1618,852,0.5265760197775031,3.0,0.8620166918657916,1618,314,279,35,852,0.19406674907292953,0.8885350318471338,0.17243510506798518,0.3274647887323944,0.5265760197775031,3.0,1.151788769282267,1.0,True,274,0.8726114649681529,1.1646406013663075,15.012639996712096,0.35765037053866494,nan,1618,1618,1656832,256,float32,1024,nan,1273,1273,1303552,nan,nan,nan,nan,8.132640000258107,0.7349525577459312,nan,nan,nan,nan,7.53227999957744,0.1319308998343488,superpoint,superpoint,superpoint,bf_ratio,0.8
hpatches,i_village,illumination,i_village_1_to_3,1,3,D:\桌面\IACV\Assigment1\data\hpatches\i_village\1.ppm,D:\桌面\IACV\Assigment1\data\hpatches\i_village\3.ppm,317,1618,931,0.5754017305315204,3.0,0.6090198639674672,1618,317,277,40,931,0.19592088998763907,0.8738170347003155,0.17119901112484548,0.2975295381310419,0.5754017305315204,3.0,1.1230250570452334,1.0,True,276,0.8706624605678234,1.1495026496890246,19.79365999723086,0.48720888455743117,nan,1618,1618,1656832,256,float32,1024,nan,1609,1609,1647616,nan,nan,nan,nan,8.132640000258107,0.7349525577459312,nan,nan,nan,nan,7.785040000453591,0.5578184826276822,superpoint,superpoint,superpoint,bf_ratio,0.8
hpatches,i_village,illumination,i_village_1_to_4,1,4,D:\桌面\IACV\Assigment1\data\hpatches\i_village\1.ppm,D:\桌面\IACV\Assigment1\data\hpatches\i_village\4.ppm,337,1618,899,0.5556242274412856,3.0,1.6207496877400553,1618,337,294,43,899,0.20828182941903584,0.8724035608308606,0.18170580964153277,0.3270300333704116,0.5556242274412856,3.0,1.0817752749673037,1.0,True,298,0.884272997032641,1.2399878723218511,19.41244000190636,0.489440213113794,nan,1618,1618,1656832,256,float32,1024,nan,1487,1487,1522688,nan,nan,nan,nan,8.132640000258107,0.7349525577459312,nan,nan,nan,nan,7.834159999038093,0.584778656445236,superpoint,superpoint,superpoint,bf_ratio,0.8
hpatches,i_village,illumination,i_village_1_to_5,1,5,D:\桌面\IACV\Assigment1\data\hpatches\i_village\1.ppm,D:\桌面\IACV\Assigment1\data\hpatches\i_village\5.ppm,865,1618,1142,0.7058096415327565,3.0,2.0830009363729816,1618,865,808,57,1142,0.534610630407911,0.9341040462427745,0.49938195302843014,0.7075306479859895,0.7058096415327565,3.0,0.9867580339269129,1.0,True,796,0.9202312138728324,1.0940685361311357,22.52650000154972,0.4617070264120035,nan,1618,1618,1656832,256,float32,1024,nan,1796,1796,1839104,nan,nan,nan,nan,8.132640000258107,0.7349525577459312,nan,nan,nan,nan,8.097779999661725,1.4852801620029554,superpoint,superpoint,superpoint,bf_ratio,0.8
hpatches,i_village,illumination,i_village_1_to_6,1,6,D:\桌面\IACV\Assigment1\data\hpatches\i_village\1.ppm,D:\桌面\IACV\Assigment1\data\hpatches\i_village\6.ppm,326,1618,911,0.5630407911001236,3.0,1.333800555743168,1618,326,270,56,911,0.20148331273176762,0.8282208588957055,0.1668726823238566,0.29637760702524696,0.5630407911001236,3.0,1.151339225751438,1.0,True,272,0.8343558282208589,1.1787340629620844,20.521240000380203,0.3968734448901316,nan,1618,1618,1656832,256,float32,1024,nan,1586,1586,1624064,nan,nan,nan,nan,8.132640000258107,0.7349525577459312,nan,nan,nan,nan,7.428040001832414,0.08179304499347242,superpoint,superpoint,superpoint,bf_ratio,0.8
hpatches,i_whitebuilding,illumination,i_whitebuilding_1_to_2,1,2,D:\桌面\IACV\Assigment1\data\hpatches\i_whitebuilding\1.ppm,D:\桌面\IACV\Assigment1\data\hpatches\i_whitebuilding\2.ppm,1814,2048,1805,0.88134765625,3.0,0.18741284378723846,2048,1814,1793,21,1805,0.8857421875,0.9884233737596472,0.87548828125,0.9933518005540166,0.88134765625,3.0,0.5572636224844195,0.0,True,1792,0.9878721058434399,0.6269854434673798,34.6553200026392,0.6438697089195841,nan,2048,2048,2097152,256,float32,1024,nan,2048,2048,2097152,nan,nan,nan,nan,77.96391999872867,0.3170050489981439,nan,nan,nan,nan,78.63676000124542,0.4141233643193137,superpoint,superpoint,superpoint,bf_ratio,0.8
hpatches,i_whitebuilding,illumination,i_whitebuilding_1_to_3,1,3,D:\桌面\IACV\Assigment1\data\hpatches\i_whitebuilding\1.ppm,D:\桌面\IACV\Assigment1\data\hpatches\i_whitebuilding\3.ppm,1615,2048,1686,0.8232421875,3.0,0.28602073324971866,2048,1615,1588,27,1686,0.78857421875,0.98328173374613,0.775390625,0.9418742586002372,0.8232421875,3.0,0.6685387522921845,1.0,True,1590,0.9845201238390093,0.7391266948605173,34.587780000583734,0.5290805168473885,nan,2048,2048,2097152,256,float32,1024,nan,2048,2048,2097152,nan,nan,nan,nan,77.96391999872867,0.3170050489981439,nan,nan,nan,nan,78.07639999955427,0.2441661005984093,superpoint,superpoint,superpoint,bf_ratio,0.8
hpatches,i_whitebuilding,illumination,i_whitebuilding_1_to_4,1,4,D:\桌面\IACV\Assigment1\data\hpatches\i_whitebuilding\1.ppm,D:\桌面\IACV\Assigment1\data\hpatches\i_whitebuilding\4.ppm,1192,2048,1489,0.72705078125,3.0,0.268096166085378,2048,1192,1152,40,1489,0.58203125,0.9664429530201343,0.5625,0.77367360644728,0.72705078125,3.0,0.7570052377051985,1.0,True,1155,0.9689597315436241,0.8155322560667958,34.9633999998332,1.2130686674822235,nan,2048,2048,2097152,256,float32,1024,nan,2048,2048,2097152,nan,nan,nan,nan,77.96391999872867,0.3170050489981439,nan,nan,nan,nan,78.19166000117548,0.3515071112103626,superpoint,superpoint,superpoint,bf_ratio,0.8
hpatches,i_whitebuilding,illumination,i_whitebuilding_1_to_5,1,5,D:\桌面\IACV\Assigment1\data\hpatches\i_whitebuilding\1.ppm,D:\桌面\IACV\Assigment1\data\hpatches\i_whitebuilding\5.ppm,1340,2048,1554,0.7587890625,3.0,0.6748807948841742,2048,1340,1278,62,1554,0.654296875,0.9537313432835821,0.6240234375,0.8223938223938224,0.7587890625,3.0,0.8198237192378437,1.0,True,1271,0.9485074626865672,0.9116714146858458,34.34022000146797,1.4528158905592456,nan,2048,2048,2097152,256,float32,1024,nan,2048,2048,2097152,nan,nan,nan,nan,77.96391999872867,0.3170050489981439,nan,nan,nan,nan,78.44627999875229,0.14223812954974033,superpoint,superpoint,superpoint,bf_ratio,0.8
hpatches,i_whitebuilding,illumination,i_whitebuilding_1_to_6,1,6,D:\桌面\IACV\Assigment1\data\hpatches\i_whitebuilding\1.ppm,D:\桌面\IACV\Assigment1\data\hpatches\i_whitebuilding\6.ppm,1248,2048,1505,0.73486328125,3.0,0.2518382576930652,2048,1248,1199,49,1505,0.609375,0.9607371794871795,0.58544921875,0.7966777408637874,0.73486328125,3.0,0.8431490603108764,1.0,True,1195,0.9575320512820513,0.8795400355277713,34.23310000071069,0.31039770455304383,nan,2048,2048,2097152,256,float32,1024,nan,2048,2048,2097152,nan,nan,nan,nan,77.96391999872867,0.3170050489981439,nan,nan,nan,nan,78.43675999902189,0.12088545968445498,superpoint,superpoint,superpoint,bf_ratio,0.8
hpatches,i_yellowtent,illumination,i_yellowtent_1_to_2,1,2,D:\桌面\IACV\Assigment1\data\hpatches\i_yellowtent\1.ppm,D:\桌面\IACV\Assigment1\data\hpatches\i_yellowtent\2.ppm,1555,2048,1651,0.80615234375,3.0,0.22076981694742487,2048,1555,1489,66,1651,0.75927734375,0.957556270096463,0.72705078125,0.901877649909146,0.80615234375,3.0,0.7455651125333661,1.0,True,1487,0.9562700964630225,0.8030929743129221,36.80787999910535,1.9166304128410854,nan,2048,2048,2097152,256,float32,1024,nan,2048,2048,2097152,nan,nan,nan,nan,13.67405999917537,0.46251606548669777,nan,nan,nan,nan,13.751919999776874,0.30072002626986827,superpoint,superpoint,superpoint,bf_ratio,0.8
hpatches,i_yellowtent,illumination,i_yellowtent_1_to_3,1,3,D:\桌面\IACV\Assigment1\data\hpatches\i_yellowtent\1.ppm,D:\桌面\IACV\Assigment1\data\hpatches\i_yellowtent\3.ppm,912,2048,1354,0.6611328125,3.0,1.1428257278531118,2048,912,812,100,1354,0.4453125,0.8903508771929824,0.396484375,0.5997045790251108,0.6611328125,3.0,0.9144172934179713,1.0,True,801,0.8782894736842105,1.0076394210786808,33.37723999720765,1.3339311718137983,nan,2048,2048,2097152,256,float32,1024,nan,2048,2048,2097152,nan,nan,nan,nan,13.67405999917537,0.46251606548669777,nan,nan,nan,nan,13.742900000943337,0.09972307798679467,superpoint,superpoint,superpoint,bf_ratio,0.8
hpatches,i_yellowtent,illumination,i_yellowtent_1_to_4,1,4,D:\桌面\IACV\Assigment1\data\hpatches\i_yellowtent\1.ppm,D:\桌面\IACV\Assigment1\data\hpatches\i_yellowtent\4.ppm,483,2048,1163,0.56787109375,3.0,0.28427610214516097,2048,483,416,67,1163,0.23583984375,0.8612836438923396,0.203125,0.3576956147893379,0.56787109375,3.0,0.9659953512808883,1.0,True,414,0.8571428571428571,0.9857610871456485,34.21524000004865,0.42157392995325726,nan,2048,2048,2097152,256,float32,1024,nan,2048,2048,2097152,nan,nan,nan,nan,13.67405999917537,0.46251606548669777,nan,nan,nan,nan,13.520060002338141,0.13020696962034228,superpoint,superpoint,superpoint,bf_ratio,0.8
hpatches,i_yellowtent,illumination,i_yellowtent_1_to_5,1,5,D:\桌面\IACV\Assigment1\data\hpatches\i_yellowtent\1.ppm,D:\桌面\IACV\Assigment1\data\hpatches\i_yellowtent\5.ppm,613,2048,1271,0.62060546875,3.0,0.39874134775419606,2048,613,552,61,1271,0.29931640625,0.9004893964110929,0.26953125,0.43430369787568845,0.62060546875,3.0,0.8944850640798675,1.0,True,545,0.8890701468189234,0.9129185445220519,32.79581999959191,0.5478425765895869,nan,2048,2048,2097152,256,float32,1024,nan,1999,1999,2046976,nan,nan,nan,nan,13.67405999917537,0.46251606548669777,nan,nan,nan,nan,13.58028000104241,0.36189115836985697,superpoint,superpoint,superpoint,bf_ratio,0.8
hpatches,i_yellowtent,illumination,i_yellowtent_1_to_6,1,6,D:\桌面\IACV\Assigment1\data\hpatches\i_yellowtent\1.ppm,D:\桌面\IACV\Assigment1\data\hpatches\i_yellowtent\6.ppm,428,2048,1125,0.54931640625,3.0,0.43881078605445933,2048,428,370,58,1125,0.208984375,0.8644859813084113,0.1806640625,0.3288888888888889,0.54931640625,3.0,1.0815963220911828,1.0,True,363,0.8481308411214953,1.0652850267324128,33.16361999895889,1.989788511196336,nan,2048,2048,2097152,256,float32,1024,nan,2048,2048,2097152,nan,nan,nan,nan,13.67405999917537,0.46251606548669777,nan,nan,nan,nan,13.544060000276659,0.1648164263708593,superpoint,superpoint,superpoint,bf_ratio,0.8
hpatches,i_zion,illumination,i_zion_1_to_2,1,2,D:\桌面\IACV\Assigment1\data\hpatches\i_zion\1.ppm,D:\桌面\IACV\Assigment1\data\hpatches\i_zion\2.ppm,946,1846,1025,0.5552546045503792,3.0,0.579756273548828,1846,946,856,90,1025,0.5124593716143012,0.904862579281184,0.4637053087757313,0.8351219512195122,0.5552546045503792,3.0,1.1865931919014117,1.0,True,856,0.904862579281184,1.205279370854948,28.630999999586493,1.4552085878115204,nan,1846,1846,1890304,256,float32,1024,nan,1900,1900,1945600,nan,nan,nan,nan,19.911219998903107,0.22154263893978027,nan,nan,nan,nan,20.031339999695774,0.19940306166711746,superpoint,superpoint,superpoint,bf_ratio,0.8
hpatches,i_zion,illumination,i_zion_1_to_3,1,3,D:\桌面\IACV\Assigment1\data\hpatches\i_zion\1.ppm,D:\桌面\IACV\Assigment1\data\hpatches\i_zion\3.ppm,413,1846,748,0.40520043336944744,3.0,2.5864379357090805,1846,413,356,57,748,0.223726977248104,0.8619854721549637,0.19284940411700974,0.47593582887700536,0.40520043336944744,3.0,1.3387477294979906,1.4142135623730951,True,332,0.8038740920096852,1.434783135775498,27.575880000949837,1.0585897638179382,nan,1846,1846,1890304,256,float32,1024,nan,1863,1863,1907712,nan,nan,nan,nan,19.911219998903107,0.22154263893978027,nan,nan,nan,nan,20.03160000022035,0.17723220672599824,superpoint,superpoint,superpoint,bf_ratio,0.8
hpatches,i_zion,illumination,i_zion_1_to_4,1,4,D:\桌面\IACV\Assigment1\data\hpatches\i_zion\1.ppm,D:\桌面\IACV\Assigment1\data\hpatches\i_zion\4.ppm,247,1846,606,0.3282773564463705,3.0,1.220889931054036,1846,247,194,53,606,0.13380281690140844,0.7854251012145749,0.10509209100758396,0.3201320132013201,0.3282773564463705,3.0,1.3448781851869887,1.4142135623730951,True,204,0.8259109311740891,1.325419056369638,30.67178000055719,0.7449789317934764,nan,1846,1846,1890304,256,float32,1024,nan,2048,2048,2097152,nan,nan,nan,nan,19.911219998903107,0.22154263893978027,nan,nan,nan,nan,19.886220002081245,0.1604551211777677,superpoint,superpoint,superpoint,bf_ratio,0.8
hpatches,i_zion,illumination,i_zion_1_to_5,1,5,D:\桌面\IACV\Assigment1\data\hpatches\i_zion\1.ppm,D:\桌面\IACV\Assigment1\data\hpatches\i_zion\5.ppm,87,1846,522,0.28277356446370533,3.0,1.3519606228830834,1846,87,61,26,522,0.047128927410617555,0.7011494252873564,0.03304442036836403,0.11685823754789272,0.28277356446370533,3.0,1.3188047099791476,1.0,True,63,0.7241379310344828,1.2289594488662725,30.375379999168217,0.8589914620059326,nan,1846,1846,1890304,256,float32,1024,nan,2048,2048,2097152,nan,nan,nan,nan,19.911219998903107,0.22154263893978027,nan,nan,nan,nan,19.854720000876114,0.2737188576814147,superpoint,superpoint,superpoint,bf_ratio,0.8
hpatches,i_zion,illumination,i_zion_1_to_6,1,6,D:\桌面\IACV\Assigment1\data\hpatches\i_zion\1.ppm,D:\桌面\IACV\Assigment1\data\hpatches\i_zion\6.ppm,100,1846,512,0.27735644637053086,3.0,1.5640170087684762,1846,100,75,25,512,0.05417118093174431,0.75,0.040628385698808236,0.146484375,0.27735644637053086,3.0,1.3246794753644469,1.4142135623730951,True,80,0.8,1.2283581093934164,21.719100000336766,0.9204203227150285,nan,1846,1846,1890304,256,float32,1024,nan,1499,1499,1534976,nan,nan,nan,nan,19.911219998903107,0.22154263893978027,nan,nan,nan,nan,19.895580000593327,0.31430159426841386,superpoint,superpoint,superpoint,bf_ratio,0.8
hpatches,v_abstract,viewpoint,v_abstract_1_to_2,1,2,D:\桌面\IACV\Assigment1\data\hpatches\v_abstract\1.ppm,D:\桌面\IACV\Assigment1\data\hpatches\v_abstract\2.ppm,1459,1934,1473,0.7616339193381593,3.0,1.2742146349033479,1934,1457,1385,72,1473,0.7533609100310238,0.9505833905284832,0.7161323681489141,0.9402579769178547,0.7616339193381593,3.0,1.056635255601187,0.9638478698191564,True,1389,0.9520219328307059,1.1159054970127225,35.301500000059605,0.43756397935299174,nan,2048,2048,2097152,256,float32,1024,nan,2048,2048,2097152,nan,nan,nan,nan,29.123899998376146,0.2611249655818822,nan,nan,nan,nan,29.52993999933824,0.21537912478182716,superpoint,superpoint,superpoint,bf_ratio,0.8
hpatches,v_abstract,viewpoint,v_abstract_1_to_3,1,3,D:\桌面\IACV\Assigment1\data\hpatches\v_abstract\1.ppm,D:\桌面\IACV\Assigment1\data\hpatches\v_abstract\3.ppm,1318,1878,1375,0.7321618743343983,3.0,0.669880123440378,1878,1315,1242,73,1375,0.7002129925452609,0.9444866920152091,0.6613418530351438,0.9032727272727272,0.7321618743343983,3.0,1.1809854423446142,1.0804705675628081,True,1242,0.9423368740515933,1.1615053791695518,34.20905999955721,0.9949346181149803,nan,2048,2048,2097152,256,float32,1024,nan,2048,2048,2097152,nan,nan,nan,nan,29.123899998376146,0.2611249655818822,nan,nan,nan,nan,30.098719999659806,0.7833543572623093,superpoint,superpoint,superpoint,bf_ratio,0.8
hpatches,v_abstract,viewpoint,v_abstract_1_to_4,1,4,D:\桌面\IACV\Assigment1\data\hpatches\v_abstract\1.ppm,D:\桌面\IACV\Assigment1\data\hpatches\v_abstract\4.ppm,611,1735,849,0.4893371757925072,3.0,9.472034266732646,1735,604,469,135,849,0.34812680115273775,0.7764900662251656,0.2703170028818444,0.552414605418139,0.4893371757925072,3.0,1.5081595327278332,1.4553959393866143,True,473,0.7741407528641571,1.5314278401065748,34.30882000102429,1.119291520060751,nan,2048,2048,2097152,256,float32,1024,nan,2048,2048,2097152,nan,nan,nan,nan,29.123899998376146,0.2611249655818822,nan,nan,nan,nan,29.231060000893194,0.17936285629721338,superpoint,superpoint,superpoint,bf_ratio,0.8
hpatches,v_abstract,viewpoint,v_abstract_1_to_5,1,5,D:\桌面\IACV\Assigment1\data\hpatches\v_abstract\1.ppm,D:\桌面\IACV\Assigment1\data\hpatches\v_abstract\5.ppm,1000,1876,1042,0.5554371002132196,3.0,1.0881376482159364,1876,994,794,200,1042,0.5298507462686567,0.7987927565392354,0.4232409381663113,0.761996161228407,0.5554371002132196,3.0,1.4100094024101144,1.357838996272819,True,803,0.803,1.3542127578514331,35.338400000182446,1.9759701312500284,nan,2048,2048,2097152,256,float32,1024,nan,2048,2048,2097152,nan,nan,nan,nan,29.123899998376146,0.2611249655818822,nan,nan,nan,nan,29.494559999147896,0.19062459276717555,superpoint,superpoint,superpoint,bf_ratio,0.8
hpatches,v_abstract,viewpoint,v_abstract_1_to_6,1,6,D:\桌面\IACV\Assigment1\data\hpatches\v_abstract\1.ppm,D:\桌面\IACV\Assigment1\data\hpatches\v_abstract\6.ppm,569,1883,739,0.3924588422729687,3.0,10.291385088388324,1883,565,406,159,739,0.30005310674455654,0.7185840707964601,0.21561338289962825,0.5493910690121786,0.3924588422729687,3.0,1.5570817170446078,1.5005655030600895,True,403,0.7082601054481547,1.5022989295268059,33.44548000168288,1.1985115826436497,nan,2048,2048,2097152,256,float32,1024,nan,2048,2048,2097152,nan,nan,nan,nan,29.123899998376146,0.2611249655818822,nan,nan,nan,nan,29.06354000006104,0.23789235959226335,superpoint,superpoint,superpoint,bf_ratio,0.8
hpatches,v_adam,viewpoint,v_adam_1_to_2,1,2,D:\桌面\IACV\Assigment1\data\hpatches\v_adam\1.ppm,D:\桌面\IACV\Assigment1\data\hpatches\v_adam\2.ppm,522,1074,638,0.5940409683426443,3.0,1.72877589696881,1074,522,474,48,638,0.4860335195530726,0.9080459770114943,0.441340782122905,0.7429467084639498,0.5940409683426443,3.0,1.2572576335063361,1.158808641531126,True,466,0.89272030651341,1.193061859855939,7.363540002552327,0.16260578951188193,nan,1074,1074,1099776,256,float32,1024,nan,841,841,861184,nan,nan,nan,nan,8.028800001193304,0.03016143221554198,nan,nan,nan,nan,8.109659996989649,0.1139323424743101,superpoint,superpoint,superpoint,bf_ratio,0.8
hpatches,v_adam,viewpoint,v_adam_1_to_3,1,3,D:\桌面\IACV\Assigment1\data\hpatches\v_adam\1.ppm,D:\桌面\IACV\Assigment1\data\hpatches\v_adam\3.ppm,446,1074,606,0.5642458100558659,3.0,2.7829748186636323,1074,446,406,40,606,0.41527001862197394,0.9103139013452914,0.3780260707635009,0.66996699669967,0.5642458100558659,3.0,1.292265779702726,1.1961744908367113,True,389,0.8721973094170403,1.2925738825312751,7.0864400011487305,0.22593430445439466,nan,1074,1074,1099776,256,float32,1024,nan,860,860,880640,nan,nan,nan,nan,8.028800001193304,0.03016143221554198,nan,nan,nan,nan,8.04616000095848,0.17096677658020404,superpoint,superpoint,superpoint,bf_ratio,0.8
hpatches,v_adam,viewpoint,v_adam_1_to_4,1,4,D:\桌面\IACV\Assigment1\data\hpatches\v_adam\1.ppm,D:\桌面\IACV\Assigment1\data\hpatches\v_adam\4.ppm,148,1074,401,0.37337057728119183,3.0,4.9133974054918,1074,148,119,29,401,0.1378026070763501,0.8040540540540541,0.11080074487895716,0.2967581047381546,0.37337057728119183,3.0,1.5300442899124325,1.5240965845859233,True,120,0.8108108108108109,1.1687863100954887,5.787979999149684,0.11184513133070728,nan,1074,1074,1099776,256,float32,1024,nan,666,666,681984,nan,nan,nan,nan,8.028800001193304,0.03016143221554198,nan,nan,nan,nan,8.523319999221712,1.059350695344852,superpoint,superpoint,superpoint,bf_ratio,0.8
hpatches,v_adam,viewpoint,v_adam_1_to_5,1,5,D:\桌面\IACV\Assigment1\data\hpatches\v_adam\1.ppm,D:\桌面\IACV\Assigment1\data\hpatches\v_adam\5.ppm,309,1074,499,0.46461824953445063,3.0,2.068453497156535,1074,309,266,43,499,0.2877094972067039,0.86084142394822,0.24767225325884543,0.533066132264529,0.46461824953445063,3.0,1.3692183986144826,1.3229291280697346,True,259,0.8381877022653722,1.3213838752982066,5.99363999790512,0.24383497603588428,nan,1074,1074,1099776,256,float32,1024,nan,711,711,728064,nan,nan,nan,nan,8.028800001193304,0.03016143221554198,nan,nan,nan,nan,7.927879999624565,0.2005593992199453,superpoint,superpoint,superpoint,bf_ratio,0.8
hpatches,v_adam,viewpoint,v_adam_1_to_6,1,6,D:\桌面\IACV\Assigment1\data\hpatches\v_adam\1.ppm,D:\桌面\IACV\Assigment1\data\hpatches\v_adam\6.ppm,317,1074,499,0.46461824953445063,3.0,3.1758872543708563,1074,317,270,47,499,0.2951582867783985,0.8517350157728707,0.25139664804469275,0.5410821643286573,0.46461824953445063,3.0,1.4378392643564444,1.40039975602734,True,263,0.8296529968454258,1.3121959316111333,6.204299999808427,0.19534937621980092,nan,1074,1074,1099776,256,float32,1024,nan,737,737,754688,nan,nan,nan,nan,8.028800001193304,0.03016143221554198,nan,nan,nan,nan,8.719940000446513,1.4095184488852257,superpoint,superpoint,superpoint,bf_ratio,0.8
hpatches,v_apprentices,viewpoint,v_apprentices_1_to_2,1,2,D:\桌面\IACV\Assigment1\data\hpatches\v_apprentices\1.ppm,D:\桌面\IACV\Assigment1\data\hpatches\v_apprentices\2.ppm,1599,1980,1656,0.8363636363636363,3.0,0.7311555738729121,1980,1598,1581,17,1656,0.807070707070707,0.9893617021276596,0.7984848484848485,0.9547101449275363,0.8363636363636363,3.0,0.7913114296601381,0.6896763578354302,True,1577,0.9862414008755472,0.8004856638908653,34.32575999904657,0.3267506852083971,nan,2048,2048,2097152,256,float32,1024,nan,2048,2048,2097152,nan,nan,nan,nan,34.15182000026107,0.1709815125464282,nan,nan,nan,nan,34.13674000184983,0.17925507566643478,superpoint,superpoint,superpoint,bf_ratio,0.8
hpatches,v_apprentices,viewpoint,v_apprentices_1_to_3,1,3,D:\桌面\IACV\Assigment1\data\hpatches\v_apprentices\1.ppm,D:\桌面\IACV\Assigment1\data\hpatches\v_apprentices\3.ppm,1287,1861,1429,0.7678667383127351,3.0,0.6067457669897853,1861,1285,1255,30,1429,0.6904889844169801,0.9766536964980544,0.6743686190220312,0.8782365290412876,0.7678667383127351,3.0,0.9906509982862952,0.8974930206187478,True,1256,0.9759129759129759,0.9808493833180226,34.81967999978224,0.5134366607863543,nan,2048,2048,2097152,256,float32,1024,nan,2048,2048,2097152,nan,nan,nan,nan,34.15182000026107,0.1709815125464282,nan,nan,nan,nan,34.21110000053886,0.35676836161140946,superpoint,superpoint,superpoint,bf_ratio,0.8
hpatches,v_apprentices,viewpoint,v_apprentices_1_to_4,1,4,D:\桌面\IACV\Assigment1\data\hpatches\v_apprentices\1.ppm,D:\桌面\IACV\Assigment1\data\hpatches\v_apprentices\4.ppm,861,1868,1236,0.6616702355460385,3.0,1.2611798305441553,1868,861,814,47,1236,0.4609207708779443,0.9454123112659698,0.43576017130620986,0.6585760517799353,0.6616702355460385,3.0,1.1394768275319136,1.0572305887138378,True,817,0.9488966318234611,1.1044161648028237,36.452859998098575,1.0949847923137863,nan,2048,2048,2097152,256,float32,1024,nan,2048,2048,2097152,nan,nan,nan,nan,34.15182000026107,0.1709815125464282,nan,nan,nan,nan,33.95474000135437,0.18682165187804814,superpoint,superpoint,superpoint,bf_ratio,0.8
hpatches,v_apprentices,viewpoint,v_apprentices_1_to_5,1,5,D:\桌面\IACV\Assigment1\data\hpatches\v_apprentices\1.ppm,D:\桌面\IACV\Assigment1\data\hpatches\v_apprentices\5.ppm,646,1861,1198,0.6437399247716281,3.0,5.3310003431832875,1861,644,609,35,1198,0.3460505104782375,0.9456521739130435,0.3272434175174637,0.508347245409015,0.6437399247716281,3.0,1.179231874261392,1.0877965795778624,True,576,0.891640866873065,1.0200682553193783,35.34831999859307,2.277449696298471,nan,2048,2048,2097152,256,float32,1024,nan,2048,2048,2097152,nan,nan,nan,nan,34.15182000026107,0.1709815125464282,nan,nan,nan,nan,34.15912000054959,0.2378092637532858,superpoint,superpoint,superpoint,bf_ratio,0.8
hpatches,v_apprentices,viewpoint,v_apprentices_1_to_6,1,6,D:\桌面\IACV\Assigment1\data\hpatches\v_apprentices\1.ppm,D:\桌面\IACV\Assigment1\data\hpatches\v_apprentices\6.ppm,545,1931,1180,0.6110823407560849,3.0,3.7960052983427888,1931,544,507,37,1180,0.28171931641636455,0.9319852941176471,0.262558259968928,0.42966101694915254,0.6110823407560849,3.0,1.1017506066948566,1.0395808274489937,True,496,0.9100917431192661,1.0701395276255943,34.74780000105966,1.1518774744016984,nan,2048,2048,2097152,256,float32,1024,nan,2048,2048,2097152,nan,nan,nan,nan,34.15182000026107,0.1709815125464282,nan,nan,nan,nan,33.85695999895688,0.16120099989362516,superpoint,superpoint,superpoint,bf_ratio,0.8
hpatches,v_artisans,viewpoint,v_artisans_1_to_2,1,2,D:\桌面\IACV\Assigment1\data\hpatches\v_artisans\1.ppm,D:\桌面\IACV\Assigment1\data\hpatches\v_artisans\2.ppm,226,2048,758,0.3701171875,3.0,6.012240400793077,2048,226,211,15,758,0.1103515625,0.9336283185840708,0.10302734375,0.2783641160949868,0.3701171875,3.0,0.995002167464475,0.9414840022314548,True,207,0.915929203539823,0.8489753149520386,32.79398000158835,1.2573709131380397,nan,2048,2048,2097152,256,float32,1024,nan,2048,2048,2097152,nan,nan,nan,nan,35.92373999999836,0.48958407524250414,nan,nan,nan,nan,17.65552000142634,0.14607054857395088,superpoint,superpoint,superpoint,bf_ratio,0.8
hpatches,v_artisans,viewpoint,v_artisans_1_to_3,1,3,D:\桌面\IACV\Assigment1\data\hpatches\v_artisans\1.ppm,D:\桌面\IACV\Assigment1\data\hpatches\v_artisans\3.ppm,343,2045,781,0.3819070904645477,3.0,2.892871120210531,2045,343,325,18,781,0.16772616136919316,0.9475218658892128,0.15892420537897312,0.41613316261203587,0.3819070904645477,3.0,1.0611339345104216,0.9630410703973787,True,330,0.9620991253644315,0.8502263472509973,35.57240000081947,0.9398512334842933,nan,2048,2048,2097152,256,float32,1024,nan,2048,2048,2097152,nan,nan,nan,nan,35.92373999999836,0.48958407524250414,nan,nan,nan,nan,17.44163999974262,0.2272253304750994,superpoint,superpoint,superpoint,bf_ratio,0.8
hpatches,v_artisans,viewpoint,v_artisans_1_to_4,1,4,D:\桌面\IACV\Assigment1\data\hpatches\v_artisans\1.ppm,D:\桌面\IACV\Assigment1\data\hpatches\v_artisans\4.ppm,541,1616,873,0.5402227722772277,3.0,9.537716842488642,1616,539,523,16,873,0.33353960396039606,0.9703153988868275,0.32363861386138615,0.5990836197021764,0.5402227722772277,3.0,0.9553202658750416,0.8896784914239152,True,527,0.9741219963031423,0.826730534038928,35.34436000190908,1.2796488575350695,nan,2048,2048,2097152,256,float32,1024,nan,2048,2048,2097152,nan,nan,nan,nan,35.92373999999836,0.48958407524250414,nan,nan,nan,nan,17.857079999521375,0.2935103704698233,superpoint,superpoint,superpoint,bf_ratio,0.8
hpatches,v_artisans,viewpoint,v_artisans_1_to_5,1,5,D:\桌面\IACV\Assigment1\data\hpatches\v_artisans\1.ppm,D:\桌面\IACV\Assigment1\data\hpatches\v_artisans\5.ppm,191,1123,493,0.4390026714158504,3.0,180.92751896913876,1123,188,178,10,493,0.1674087266251113,0.9468085106382979,0.1585040071237756,0.36105476673427994,0.4390026714158504,3.0,1.2823672305112703,1.1369844194950818,True,180,0.9424083769633508,1.1003191196931117,34.5461199991405,1.5250271436876162,nan,2048,2048,2097152,256,float32,1024,nan,2048,2048,2097152,nan,nan,nan,nan,35.92373999999836,0.48958407524250414,nan,nan,nan,nan,17.543320001277607,0.18226991336383672,superpoint,superpoint,superpoint,bf_ratio,0.8
hpatches,v_artisans,viewpoint,v_artisans_1_to_6,1,6,D:\桌面\IACV\Assigment1\data\hpatches\v_artisans\1.ppm,D:\桌面\IACV\Assigment1\data\hpatches\v_artisans\6.ppm,159,1677,709,0.42277877161598093,3.0,1.1731139298827518,1677,158,145,13,709,0.09421586165772212,0.9177215189873418,0.086463923673226,0.20451339915373765,0.42277877161598093,3.0,0.8344543540285786,0.7492704764227677,True,145,0.9119496855345912,0.81721180449444,34.945440001320094,1.3275724759172254,nan,2048,2048,2097152,256,float32,1024,nan,2048,2048,2097152,nan,nan,nan,nan,35.92373999999836,0.48958407524250414,nan,nan,nan,nan,17.329499998595566,0.18978327558747038,superpoint,superpoint,superpoint,bf_ratio,0.8
hpatches,v_astronautis,viewpoint,v_astronautis_1_to_2,1,2,D:\桌面\IACV\Assigment1\data\hpatches\v_astronautis\1.ppm,D:\桌面\IACV\Assigment1\data\hpatches\v_astronautis\2.ppm,1025,1638,1123,0.6855921855921856,3.0,8.992670115153313,1638,1024,907,117,1123,0.6251526251526252,0.8857421875,0.5537240537240538,0.8076580587711487,0.6855921855921856,3.0,1.2934652982979626,1.213661498903921,True,857,0.8360975609756097,1.2885691033626316,34.827420000510756,1.0038529615580294,nan,2048,2048,2097152,256,float32,1024,nan,2048,2048,2097152,nan,nan,nan,nan,31.16699999955017,0.2242404151074508,nan,nan,nan,nan,49.58558000216726,0.10616676496223855,superpoint,superpoint,superpoint,bf_ratio,0.8
hpatches,v_astronautis,viewpoint,v_astronautis_1_to_3,1,3,D:\桌面\IACV\Assigment1\data\hpatches\v_astronautis\1.ppm,D:\桌面\IACV\Assigment1\data\hpatches\v_astronautis\3.ppm,281,1459,519,0.3557230980123372,3.0,24.082953306238004,1459,278,181,97,519,0.19054146675805347,0.6510791366906474,0.12405757368060315,0.348747591522158,0.3557230980123372,3.0,1.6715186625645078,1.6963641114372006,True,164,0.5836298932384342,1.5875604129930454,33.86797999992268,0.8030666352284462,nan,2048,2048,2097152,256,float32,1024,nan,2048,2048,2097152,nan,nan,nan,nan,31.16699999955017,0.2242404151074508,nan,nan,nan,nan,49.57467999774963,0.09694696416366663,superpoint,superpoint,superpoint,bf_ratio,0.8
hpatches,v_astronautis,viewpoint,v_astronautis_1_to_4,1,4,D:\桌面\IACV\Assigment1\data\hpatches\v_astronautis\1.ppm,D:\桌面\IACV\Assigment1\data\hpatches\v_astronautis\4.ppm,690,1664,992,0.5961538461538461,3.0,5.705066829191745,1664,690,629,61,992,0.41466346153846156,0.9115942028985508,0.3780048076923077,0.6340725806451613,0.5961538461538461,3.0,1.2351010947016203,1.0919776273357766,True,621,0.9,1.2892092768740107,35.06039999920176,1.018086868470802,nan,2048,2048,2097152,256,float32,1024,nan,2048,2048,2097152,nan,nan,nan,nan,31.16699999955017,0.2242404151074508,nan,nan,nan,nan,49.517259998538066,0.2464041126595246,superpoint,superpoint,superpoint,bf_ratio,0.8
hpatches,v_astronautis,viewpoint,v_astronautis_1_to_5,1,5,D:\桌面\IACV\Assigment1\data\hpatches\v_astronautis\1.ppm,D:\桌面\IACV\Assigment1\data\hpatches\v_astronautis\5.ppm,275,1574,759,0.4822109275730623,3.0,12.941661380236892,1574,275,230,45,759,0.17471410419313851,0.8363636363636363,0.14612452350698857,0.30303030303030304,0.4822109275730623,3.0,1.3646219524122523,1.224643587742759,True,217,0.7890909090909091,1.2746975997553758,34.04805999889504,0.5424874835327977,nan,2048,2048,2097152,256,float32,1024,nan,2048,2048,2097152,nan,nan,nan,nan,31.16699999955017,0.2242404151074508,nan,nan,nan,nan,49.62888000009116,0.28927362090714953,superpoint,superpoint,superpoint,bf_ratio,0.8
hpatches,v_astronautis,viewpoint,v_astronautis_1_to_6,1,6,D:\桌面\IACV\Assigment1\data\hpatches\v_astronautis\1.ppm,D:\桌面\IACV\Assigment1\data\hpatches\v_astronautis\6.ppm,596,1844,725,0.39316702819956617,3.0,7.161948391890897,1844,596,402,194,725,0.3232104121475054,0.674496644295302,0.21800433839479394,0.5544827586206896,0.39316702819956617,3.0,1.7024966664774448,1.7198727472754882,True,346,0.5805369127516778,1.726645555409484,33.958320000965614,1.5343942536233972,nan,2048,2048,2097152,256,float32,1024,nan,2048,2048,2097152,nan,nan,nan,nan,31.16699999955017,0.2242404151074508,nan,nan,nan,nan,49.98083999962546,0.15227029339187592,superpoint,superpoint,superpoint,bf_ratio,0.8
hpatches,v_azzola,viewpoint,v_azzola_1_to_2,1,2,D:\桌面\IACV\Assigment1\data\hpatches\v_azzola\1.ppm,D:\桌面\IACV\Assigment1\data\hpatches\v_azzola\2.ppm,1157,1906,964,0.5057712486883525,3.0,1.7907246715579728,1906,1157,886,271,964,0.6070304302203567,0.7657735522904062,0.4648478488982162,0.9190871369294605,0.5057712486883525,3.0,1.3730616367605655,1.3106805384109703,True,879,0.759723422644771,1.395753416576341,34.552080000867136,1.2484696124261174,nan,2048,2048,2097152,256,float32,1024,nan,2048,2048,2097152,nan,nan,nan,nan,24.94365999882575,0.23603833378600644,nan,nan,nan,nan,25.06563999922946,0.1786233310950806,superpoint,superpoint,superpoint,bf_ratio,0.8
hpatches,v_azzola,viewpoint,v_azzola_1_to_3,1,3,D:\桌面\IACV\Assigment1\data\hpatches\v_azzola\1.ppm,D:\桌面\IACV\Assigment1\data\hpatches\v_azzola\3.ppm,773,1912,670,0.350418410041841,3.0,5.671177357509445,1912,773,407,366,670,0.4042887029288703,0.5265200517464425,0.21286610878661089,0.6074626865671642,0.350418410041841,3.0,1.6478353170018474,1.6609548908312952,True,441,0.5705045278137129,1.5379734104589753,34.19863999879453,0.8720533242784289,nan,2048,2048,2097152,256,float32,1024,nan,2048,2048,2097152,nan,nan,nan,nan,24.94365999882575,0.23603833378600644,nan,nan,nan,nan,24.814059998607263,0.2385993498472056,superpoint,superpoint,superpoint,bf_ratio,0.8
hpatches,v_azzola,viewpoint,v_azzola_1_to_4,1,4,D:\桌面\IACV\Assigment1\data\hpatches\v_azzola\1.ppm,D:\桌面\IACV\Assigment1\data\hpatches\v_azzola\4.ppm,1256,2048,1171,0.57177734375,3.0,2.0644430869501615,2048,1256,1141,115,1171,0.61328125,0.9084394904458599,0.55712890625,0.9743808710503843,0.57177734375,3.0,1.2001717796550353,1.0610582630072694,True,1102,0.8773885350318471,1.1688332480903112,34.90746000170475,0.6337765411266293,nan,2048,2048,2097152,256,float32,1024,nan,2048,2048,2097152,nan,nan,nan,nan,24.94365999882575,0.23603833378600644,nan,nan,nan,nan,25.022939998598304,0.2447269454647133,superpoint,superpoint,superpoint,bf_ratio,0.8
hpatches,v_azzola,viewpoint,v_azzola_1_to_5,1,5,D:\桌面\IACV\Assigment1\data\hpatches\v_azzola\1.ppm,D:\桌面\IACV\Assigment1\data\hpatches\v_azzola\5.ppm,577,1992,545,0.2735943775100402,3.0,3.3355563073682655,1992,576,314,262,545,0.2891566265060241,0.5451388888888888,0.1576305220883534,0.5761467889908257,0.2735943775100402,3.0,1.7084304891849118,1.7422923603779021,True,326,0.5649913344887348,1.5413210587928596,35.35744000109844,0.7659425028150298,nan,2048,2048,2097152,256,float32,1024,nan,2048,2048,2097152,nan,nan,nan,nan,24.94365999882575,0.23603833378600644,nan,nan,nan,nan,25.181879999581724,0.3060719004754562,superpoint,superpoint,superpoint,bf_ratio,0.8
hpatches,v_azzola,viewpoint,v_azzola_1_to_6,1,6,D:\桌面\IACV\Assigment1\data\hpatches\v_azzola\1.ppm,D:\桌面\IACV\Assigment1\data\hpatches\v_azzola\6.ppm,264,1946,459,0.23586844809866392,3.0,9.86591914988443,1946,264,134,130,459,0.13566289825282632,0.5075757575757576,0.06885919835560124,0.29193899782135074,0.23586844809866392,3.0,1.68279217166014,1.7530353371355765,True,131,0.4962121212121212,1.547391274810544,34.9657600017963,0.734979265551824,nan,2048,2048,2097152,256,float32,1024,nan,2048,2048,2097152,nan,nan,nan,nan,24.94365999882575,0.23603833378600644,nan,nan,nan,nan,24.49798000161536,0.17358696066499082,superpoint,superpoint,superpoint,bf_ratio,0.8
hpatches,v_bark,viewpoint,v_bark_1_to_2,1,2,D:\桌面\IACV\Assigment1\data\hpatches\v_bark\1.ppm,D:\桌面\IACV\Assigment1\data\hpatches\v_bark\2.ppm,30,1085,609,0.5612903225806452,3.0,3.020922383648151,1085,30,23,7,609,0.027649769585253458,0.7666666666666667,0.02119815668202765,0.03776683087027915,0.5612903225806452,3.0,1.4590720430459339,1.4395463725809459,True,24,0.8,1.3416481561748004,16.30652000021655,1.1377700407531037,nan,1232,1232,1261568,256,float32,1024,nan,1655,1655,1694720,nan,nan,nan,nan,11.162359999434557,0.18322835701290638,nan,nan,nan,nan,11.196159999235533,0.1753458715083239,superpoint,superpoint,superpoint,bf_ratio,0.8
hpatches,v_bark,viewpoint,v_bark_1_to_3,1,3,D:\桌面\IACV\Assigment1\data\hpatches\v_bark\1.ppm,D:\桌面\IACV\Assigment1\data\hpatches\v_bark\3.ppm,3,1017,372,0.36578171091445427,3.0,nan,1017,3,0,3,372,0.0029498525073746312,0.0,0.0,0.0,0.36578171091445427,3.0,nan,nan,False,0,0.0,nan,17.5135199984652,0.265027978663703,nan,1232,1232,1261568,256,float32,1024,nan,1693,1693,1733632,nan,nan,nan,nan,11.162359999434557,0.18322835701290638,nan,nan,nan,nan,10.793899997952394,0.06312343607971475,superpoint,superpoint,superpoint,bf_ratio,0.8
hpatches,v_bark,viewpoint,v_bark_1_to_4,1,4,D:\桌面\IACV\Assigment1\data\hpatches\v_bark\1.ppm,D:\桌面\IACV\Assigment1\data\hpatches\v_bark\4.ppm,0,1232,320,0.2597402597402597,3.0,nan,1232,0,0,0,320,0.0,nan,0.0,0.0,0.2597402597402597,3.0,nan,nan,False,0,nan,nan,19.695880002109334,0.49527054157560163,nan,1232,1232,1261568,256,float32,1024,nan,2048,2048,2097152,nan,nan,nan,nan,11.162359999434557,0.18322835701290638,nan,nan,nan,nan,12.052499999117572,1.7278665026287077,superpoint,superpoint,superpoint,bf_ratio,0.8
hpatches,v_bark,viewpoint,v_bark_1_to_5,1,5,D:\桌面\IACV\Assigment1\data\hpatches\v_bark\1.ppm,D:\桌面\IACV\Assigment1\data\hpatches\v_bark\5.ppm,2,1232,207,0.1680194805194805,3.0,nan,1232,2,1,1,207,0.0016233766233766235,0.5,0.0008116883116883117,0.004830917874396135,0.1680194805194805,3.0,1.6334941782589683,1.6334941782589683,False,0,0.0,nan,21.620379998057615,0.5200698868062661,nan,1232,1232,1261568,256,float32,1024,nan,2048,2048,2097152,nan,nan,nan,nan,11.162359999434557,0.18322835701290638,nan,nan,nan,nan,11.139199999161065,0.22666860453287882,superpoint,superpoint,superpoint,bf_ratio,0.8
hpatches,v_bark,viewpoint,v_bark_1_to_6,1,6,D:\桌面\IACV\Assigment1\data\hpatches\v_bark\1.ppm,D:\桌面\IACV\Assigment1\data\hpatches\v_bark\6.ppm,1,1232,116,0.09415584415584416,3.0,nan,1232,1,0,1,116,0.0008116883116883117,0.0,0.0,0.0,0.09415584415584416,3.0,nan,nan,False,0,0.0,nan,20.5517400012468,0.33164275616229155,nan,1232,1232,1261568,256,float32,1024,nan,2048,2048,2097152,nan,nan,nan,nan,11.162359999434557,0.18322835701290638,nan,nan,nan,nan,11.221279999881517,0.10615787257319174,superpoint,superpoint,superpoint,bf_ratio,0.8
hpatches,v_bees,viewpoint,v_bees_1_to_2,1,2,D:\桌面\IACV\Assigment1\data\hpatches\v_bees\1.ppm,D:\桌面\IACV\Assigment1\data\hpatches\v_bees\2.ppm,1447,1958,1382,0.7058222676200204,3.0,1.4153324764664765,1958,1447,1317,130,1382,0.7390194075587334,0.9101589495507948,0.6726251276813074,0.9529667149059334,0.7058222676200204,3.0,1.2352371978624008,1.1583064027341894,True,1287,0.889426399447132,1.352959850557061,36.03111999982502,0.4607221972790354,nan,2048,2048,2097152,256,float32,1024,nan,2048,2048,2097152,nan,nan,nan,nan,25.095020000298973,0.5809218555947245,nan,nan,nan,nan,24.938000000838656,0.1099165696021183,superpoint,superpoint,superpoint,bf_ratio,0.8
hpatches,v_bees,viewpoint,v_bees_1_to_3,1,3,D:\桌面\IACV\Assigment1\data\hpatches\v_bees\1.ppm,D:\桌面\IACV\Assigment1\data\hpatches\v_bees\3.ppm,1589,2013,1498,0.7441629408842524,3.0,1.7790723974552523,2013,1588,1460,128,1498,0.7888723298559364,0.9193954659949622,0.7252856433184302,0.9746328437917223,0.7441629408842524,3.0,1.2108497401163563,1.117267178894329,True,1423,0.8955317809943361,1.2422366395603515,34.97708000068087,1.9044506514435873,nan,2048,2048,2097152,256,float32,1024,nan,2048,2048,2097152,nan,nan,nan,nan,25.095020000298973,0.5809218555947245,nan,nan,nan,nan,24.987400001555216,0.3433106757200392,superpoint,superpoint,superpoint,bf_ratio,0.8
hpatches,v_bees,viewpoint,v_bees_1_to_4,1,4,D:\桌面\IACV\Assigment1\data\hpatches\v_bees\1.ppm,D:\桌面\IACV\Assigment1\data\hpatches\v_bees\4.ppm,1414,2004,1359,0.6781437125748503,3.0,1.0661922810190265,2004,1413,1279,134,1359,0.7050898203592815,0.9051663128096249,0.6382235528942116,0.9411331861662987,0.6781437125748503,3.0,1.2177458933327965,1.1163520253237071,True,1279,0.9045261669024045,1.175268798313572,35.18471999996109,2.6712653383937925,nan,2048,2048,2097152,256,float32,1024,nan,2048,2048,2097152,nan,nan,nan,nan,25.095020000298973,0.5809218555947245,nan,nan,nan,nan,25.127620001148898,0.2453683487833233,superpoint,superpoint,superpoint,bf_ratio,0.8
hpatches,v_bees,viewpoint,v_bees_1_to_5,1,5,D:\桌面\IACV\Assigment1\data\hpatches\v_bees\1.ppm,D:\桌面\IACV\Assigment1\data\hpatches\v_bees\5.ppm,715,1999,884,0.44222111055527763,3.0,4.92640342423649,1999,715,602,113,884,0.35767883941970985,0.8419580419580419,0.30115057528764383,0.6809954751131222,0.44222111055527763,3.0,1.4571365185845184,1.3962315297118313,True,603,0.8433566433566434,1.341635345790391,36.00148000114132,0.8074603975612241,nan,2048,2048,2097152,256,float32,1024,nan,2048,2048,2097152,nan,nan,nan,nan,25.095020000298973,0.5809218555947245,nan,nan,nan,nan,24.833480000961572,0.06617369292475037,superpoint,superpoint,superpoint,bf_ratio,0.8
hpatches,v_bees,viewpoint,v_bees_1_to_6,1,6,D:\桌面\IACV\Assigment1\data\hpatches\v_bees\1.ppm,D:\桌面\IACV\Assigment1\data\hpatches\v_bees\6.ppm,1073,2011,1116,0.5549477871705619,3.0,2.7255701602981395,2011,1073,864,209,1116,0.5335653903530582,0.8052190121155638,0.4296369965191447,0.7741935483870968,0.5549477871705619,3.0,1.4445346680080178,1.3963931817993829,True,844,0.7865796831314072,1.218846971250384,34.866359998704866,0.9010770099175163,nan,2048,2048,2097152,256,float32,1024,nan,2048,2048,2097152,nan,nan,nan,nan,25.095020000298973,0.5809218555947245,nan,nan,nan,nan,25.396260000707116,0.4794804191073687,superpoint,superpoint,superpoint,bf_ratio,0.8
hpatches,v_beyus,viewpoint,v_beyus_1_to_2,1,2,D:\桌面\IACV\Assigment1\data\hpatches\v_beyus\1.ppm,D:\桌面\IACV\Assigment1\data\hpatches\v_beyus\2.ppm,292,2048,759,0.37060546875,3.0,5.761174937810754,2048,292,221,71,759,0.142578125,0.7568493150684932,0.10791015625,0.29117259552042163,0.37060546875,3.0,1.2197710508043622,1.0338867439832187,True,212,0.726027397260274,1.366940146833044,22.318279997853097,0.46279233504730566,nan,2048,2048,2097152,256,float32,1024,nan,1356,1356,1388544,nan,nan,nan,nan,24.860319998697378,0.5129327576853345,nan,nan,nan,nan,24.28916000208119,0.06291850716080934,superpoint,superpoint,superpoint,bf_ratio,0.8
hpatches,v_beyus,viewpoint,v_beyus_1_to_3,1,3,D:\桌面\IACV\Assigment1\data\hpatches\v_beyus\1.ppm,D:\桌面\IACV\Assigment1\data\hpatches\v_beyus\3.ppm,84,1970,654,0.3319796954314721,3.0,4.3913792187806235,1970,83,52,31,654,0.04213197969543147,0.6265060240963856,0.026395939086294416,0.07951070336391437,0.3319796954314721,3.0,1.5093535484761358,1.6247769932049105,True,54,0.6428571428571429,1.2473139628671044,24.28617999976268,0.5017039845286204,nan,2048,2048,2097152,256,float32,1024,nan,1512,1512,1548288,nan,nan,nan,nan,24.860319998697378,0.5129327576853345,nan,nan,nan,nan,24.898119999852497,0.3218907360714938,superpoint,superpoint,superpoint,bf_ratio,0.8
hpatches,v_beyus,viewpoint,v_beyus_1_to_4,1,4,D:\桌面\IACV\Assigment1\data\hpatches\v_beyus\1.ppm,D:\桌面\IACV\Assigment1\data\hpatches\v_beyus\4.ppm,555,2048,912,0.4453125,3.0,0.9608386744821178,2048,555,473,82,912,0.27099609375,0.8522522522522522,0.23095703125,0.518640350877193,0.4453125,3.0,1.1736723759810246,1.0095607948982421,True,475,0.8558558558558559,1.2024704420407506,23.40881999989506,0.23736128843895102,nan,2048,2048,2097152,256,float32,1024,nan,1444,1444,1478656,nan,nan,nan,nan,24.860319998697378,0.5129327576853345,nan,nan,nan,nan,24.37107999867294,0.25079475512717814,superpoint,superpoint,superpoint,bf_ratio,0.8
hpatches,v_beyus,viewpoint,v_beyus_1_to_5,1,5,D:\桌面\IACV\Assigment1\data\hpatches\v_beyus\1.ppm,D:\桌面\IACV\Assigment1\data\hpatches\v_beyus\5.ppm,111,2011,643,0.3197414221780209,3.0,2.0722430558985763,2011,111,79,32,643,0.055196419691695676,0.7117117117117117,0.03928393833913476,0.12286158631415241,0.3197414221780209,3.0,1.3149593071618946,1.277231491966302,True,81,0.7297297297297297,1.2639830695509133,23.41984000086086,0.5069493079383001,nan,2048,2048,2097152,256,float32,1024,nan,1430,1430,1464320,nan,nan,nan,nan,24.860319998697378,0.5129327576853345,nan,nan,nan,nan,24.355199999990873,0.15046279296061862,superpoint,superpoint,superpoint,bf_ratio,0.8
hpatches,v_beyus,viewpoint,v_beyus_1_to_6,1,6,D:\桌面\IACV\Assigment1\data\hpatches\v_beyus\1.ppm,D:\桌面\IACV\Assigment1\data\hpatches\v_beyus\6.ppm,233,2035,759,0.372972972972973,3.0,2.684784737952918,2035,233,188,45,759,0.11449631449631449,0.8068669527896996,0.09238329238329239,0.24769433465085638,0.372972972972973,3.0,1.3333612241290835,1.208997148870088,True,186,0.7982832618025751,1.3958514621064488,22.84427999984473,1.2204709919628303,nan,2048,2048,2097152,256,float32,1024,nan,1394,1394,1427456,nan,nan,nan,nan,24.860319998697378,0.5129327576853345,nan,nan,nan,nan,24.443320000136737,0.30831454953151144,superpoint,superpoint,superpoint,bf_ratio,0.8
hpatches,v_bip,viewpoint,v_bip_1_to_2,1,2,D:\桌面\IACV\Assigment1\data\hpatches\v_bip\1.ppm,D:\桌面\IACV\Assigment1\data\hpatches\v_bip\2.ppm,607,2048,1012,0.494140625,3.0,0.7355055319929302,2048,607,546,61,1012,0.29638671875,0.899505766062603,0.2666015625,0.5395256916996047,0.494140625,3.0,1.009070115947061,0.8688821178019438,True,549,0.9044481054365733,1.0350599644458582,34.21191999950679,0.850573664188271,nan,2048,2048,2097152,256,float32,1024,nan,2048,2048,2097152,nan,nan,nan,nan,12.258499999006744,0.11933044673182304,nan,nan,nan,nan,12.456600001314655,0.2526541823783306,superpoint,superpoint,superpoint,bf_ratio,0.8
hpatches,v_bip,viewpoint,v_bip_1_to_3,1,3,D:\桌面\IACV\Assigment1\data\hpatches\v_bip\1.ppm,D:\桌面\IACV\Assigment1\data\hpatches\v_bip\3.ppm,340,2048,936,0.45703125,3.0,0.8742245696598435,2048,340,292,48,936,0.166015625,0.8588235294117647,0.142578125,0.31196581196581197,0.45703125,3.0,1.0754710243355161,0.9652534620331583,True,295,0.8676470588235294,1.0900834009434515,34.41311999922618,0.8135620483429205,nan,2048,2048,2097152,256,float32,1024,nan,2048,2048,2097152,nan,nan,nan,nan,12.258499999006744,0.11933044673182304,nan,nan,nan,nan,12.240019997989293,0.15554728517318805,superpoint,superpoint,superpoint,bf_ratio,0.8
hpatches,v_bip,viewpoint,v_bip_1_to_4,1,4,D:\桌面\IACV\Assigment1\data\hpatches\v_bip\1.ppm,D:\桌面\IACV\Assigment1\data\hpatches\v_bip\4.ppm,500,2048,948,0.462890625,3.0,1.7127805314310955,2048,500,437,63,948,0.244140625,0.874,0.21337890625,0.4609704641350211,0.462890625,3.0,1.0656406298933672,0.8669430475288104,True,436,0.872,1.1281338129131886,33.82088000216754,0.8733768205446334,nan,2048,2048,2097152,256,float32,1024,nan,2048,2048,2097152,nan,nan,nan,nan,12.258499999006744,0.11933044673182304,nan,nan,nan,nan,12.089859998377506,0.043997299405416614,superpoint,superpoint,superpoint,bf_ratio,0.8
hpatches,v_bip,viewpoint,v_bip_1_to_5,1,5,D:\桌面\IACV\Assigment1\data\hpatches\v_bip\1.ppm,D:\桌面\IACV\Assigment1\data\hpatches\v_bip\5.ppm,13,2048,634,0.3095703125,3.0,32.426666575741265,2048,13,3,10,634,0.00634765625,0.23076923076923078,0.00146484375,0.00473186119873817,0.3095703125,3.0,1.2250850680533163,0.9418913010179022,True,5,0.38461538461538464,0.2202996461854348,34.30405999679351,0.6088772640301449,nan,2048,2048,2097152,256,float32,1024,nan,2048,2048,2097152,nan,nan,nan,nan,12.258499999006744,0.11933044673182304,nan,nan,nan,nan,12.217879999661818,0.09842987999309266,superpoint,superpoint,superpoint,bf_ratio,0.8
hpatches,v_bip,viewpoint,v_bip_1_to_6,1,6,D:\桌面\IACV\Assigment1\data\hpatches\v_bip\1.ppm,D:\桌面\IACV\Assigment1\data\hpatches\v_bip\6.ppm,3,2048,478,0.2333984375,3.0,nan,2048,3,0,3,478,0.00146484375,0.0,0.0,0.0,0.2333984375,3.0,nan,nan,False,0,0.0,nan,36.75189999921713,2.1487020020077217,nan,2048,2048,2097152,256,float32,1024,nan,2048,2048,2097152,nan,nan,nan,nan,12.258499999006744,0.11933044673182304,nan,nan,nan,nan,12.101780001830775,0.11913727106946538,superpoint,superpoint,superpoint,bf_ratio,0.8
hpatches,v_bird,viewpoint,v_bird_1_to_2,1,2,D:\桌面\IACV\Assigment1\data\hpatches\v_bird\1.ppm,D:\桌面\IACV\Assigment1\data\hpatches\v_bird\2.ppm,265,2048,866,0.4228515625,3.0,0.8219242650523264,2048,265,230,35,866,0.12939453125,0.8679245283018868,0.1123046875,0.26558891454965355,0.4228515625,3.0,1.0430931844255193,0.8935977889871802,True,231,0.8716981132075472,1.0351203370711008,35.04295999882743,1.062028417984828,nan,2048,2048,2097152,256,float32,1024,nan,2048,2048,2097152,nan,nan,nan,nan,26.974439999321476,0.34130165454403194,nan,nan,nan,nan,17.191939998883754,0.1396803716130752,superpoint,superpoint,superpoint,bf_ratio,0.8
hpatches,v_bird,viewpoint,v_bird_1_to_3,1,3,D:\桌面\IACV\Assigment1\data\hpatches\v_bird\1.ppm,D:\桌面\IACV\Assigment1\data\hpatches\v_bird\3.ppm,360,1949,830,0.4258594150846588,3.0,6.067280685745803,1949,357,296,61,830,0.1831708568496665,0.8291316526610645,0.15187275525910723,0.3566265060240964,0.4258594150846588,3.0,1.38662641705647,1.307966820492477,True,303,0.8416666666666667,1.1987505655164754,34.623440001450945,1.5834755774366562,nan,2048,2048,2097152,256,float32,1024,nan,2048,2048,2097152,nan,nan,nan,nan,26.974439999321476,0.34130165454403194,nan,nan,nan,nan,17.583700000250246,0.27176170839911595,superpoint,superpoint,superpoint,bf_ratio,0.8
hpatches,v_bird,viewpoint,v_bird_1_to_4,1,4,D:\桌面\IACV\Assigment1\data\hpatches\v_bird\1.ppm,D:\桌面\IACV\Assigment1\data\hpatches\v_bird\4.ppm,405,1899,830,0.4370721432332807,3.0,7.909361368882621,1899,404,329,75,830,0.21274354923644023,0.8143564356435643,0.1732490784623486,0.3963855421686747,0.4370721432332807,3.0,1.499044711133097,1.4319489079787797,True,352,0.8691358024691358,1.1327213371365088,35.29412000061711,1.7080572858141931,nan,2048,2048,2097152,256,float32,1024,nan,2048,2048,2097152,nan,nan,nan,nan,26.974439999321476,0.34130165454403194,nan,nan,nan,nan,16.985440002463292,0.039015002218472886,superpoint,superpoint,superpoint,bf_ratio,0.8
hpatches,v_bird,viewpoint,v_bird_1_to_5,1,5,D:\桌面\IACV\Assigment1\data\hpatches\v_bird\1.ppm,D:\桌面\IACV\Assigment1\data\hpatches\v_bird\5.ppm,559,1657,731,0.4411587205793603,3.0,23.96020553215046,1657,552,385,167,731,0.3331321665660833,0.697463768115942,0.23234761617380809,0.5266757865937073,0.4411587205793603,3.0,1.5518249840626963,1.4687846643096376,True,396,0.7084078711985689,1.3774901743163674,35.32532000244828,1.9109805646514437,nan,2048,2048,2097152,256,float32,1024,nan,2048,2048,2097152,nan,nan,nan,nan,26.974439999321476,0.34130165454403194,nan,nan,nan,nan,25.97770000138553,0.3620285155717193,superpoint,superpoint,superpoint,bf_ratio,0.8
hpatches,v_bird,viewpoint,v_bird_1_to_6,1,6,D:\桌面\IACV\Assigment1\data\hpatches\v_bird\1.ppm,D:\桌面\IACV\Assigment1\data\hpatches\v_bird\6.ppm,143,1522,510,0.33508541392904073,3.0,58.23561584627756,1522,133,74,59,510,0.0873850197109067,0.556390977443609,0.04862023653088042,0.1450980392156863,0.33508541392904073,3.0,1.8101123718124106,1.8614455808272916,True,110,0.7692307692307693,1.1439646736828646,35.095899998850655,0.857376587808813,nan,2048,2048,2097152,256,float32,1024,nan,2048,2048,2097152,nan,nan,nan,nan,26.974439999321476,0.34130165454403194,nan,nan,nan,nan,17.51557999959914,0.27110143692248645,superpoint,superpoint,superpoint,bf_ratio,0.8
hpatches,v_birdwoman,viewpoint,v_birdwoman_1_to_2,1,2,D:\桌面\IACV\Assigment1\data\hpatches\v_birdwoman\1.ppm,D:\桌面\IACV\Assigment1\data\hpatches\v_birdwoman\2.ppm,9,2048,191,0.09326171875,3.0,569.8511778066506,2048,9,2,7,191,0.00439453125,0.2222222222222222,0.0009765625,0.010471204188481676,0.09326171875,3.0,1.2424355550739006,1.2424355550739006,True,4,0.4444444444444444,3.866288007752577e-13,35.57495999993989,0.8741174667773803,nan,2048,2048,2097152,256,float32,1024,nan,2048,2048,2097152,nan,nan,nan,nan,23.1513000006089,0.14610015856319997,nan,nan,nan,nan,17.249399998399895,0.21480827862888777,superpoint,superpoint,superpoint,bf_ratio,0.8
hpatches,v_birdwoman,viewpoint,v_birdwoman_1_to_3,1,3,D:\桌面\IACV\Assigment1\data\hpatches\v_birdwoman\1.ppm,D:\桌面\IACV\Assigment1\data\hpatches\v_birdwoman\3.ppm,69,1989,473,0.23780794369029662,3.0,10.962115159143508,1989,69,45,24,473,0.03469079939668175,0.6521739130434783,0.02262443438914027,0.09513742071881606,0.23780794369029662,3.0,1.5451954558525485,1.4680881576434612,True,45,0.6521739130434783,1.5341506462242784,34.85809999983758,0.7905771931874317,nan,2048,2048,2097152,256,float32,1024,nan,2048,2048,2097152,nan,nan,nan,nan,23.1513000006089,0.14610015856319997,nan,nan,nan,nan,17.93139999936102,0.5697778894223795,superpoint,superpoint,superpoint,bf_ratio,0.8
hpatches,v_birdwoman,viewpoint,v_birdwoman_1_to_4,1,4,D:\桌面\IACV\Assigment1\data\hpatches\v_birdwoman\1.ppm,D:\桌面\IACV\Assigment1\data\hpatches\v_birdwoman\4.ppm,193,1988,632,0.317907444668008,3.0,1.6175623238991461,1988,193,172,21,632,0.09708249496981891,0.8911917098445595,0.08651911468812877,0.2721518987341772,0.317907444668008,3.0,1.1585933578086964,1.0758237153715768,True,172,0.8911917098445595,1.1014320330505456,35.70369999797549,0.9436350936412528,nan,2048,2048,2097152,256,float32,1024,nan,2048,2048,2097152,nan,nan,nan,nan,23.1513000006089,0.14610015856319997,nan,nan,nan,nan,16.962259999127127,0.03927979694226778,superpoint,superpoint,superpoint,bf_ratio,0.8
hpatches,v_birdwoman,viewpoint,v_birdwoman_1_to_5,1,5,D:\桌面\IACV\Assigment1\data\hpatches\v_birdwoman\1.ppm,D:\桌面\IACV\Assigment1\data\hpatches\v_birdwoman\5.ppm,672,1888,1103,0.5842161016949152,3.0,0.862677830026284,1888,672,645,27,1103,0.3559322033898305,0.9598214285714286,0.3416313559322034,0.5847688123300091,0.5842161016949152,3.0,1.0121305716867948,0.8765387755589179,True,646,0.9613095238095238,1.0192793870885115,36.06761999835726,0.7777696633803207,nan,2048,2048,2097152,256,float32,1024,nan,2048,2048,2097152,nan,nan,nan,nan,23.1513000006089,0.14610015856319997,nan,nan,nan,nan,17.038500000489876,0.21444657132761522,superpoint,superpoint,superpoint,bf_ratio,0.8
hpatches,v_birdwoman,viewpoint,v_birdwoman_1_to_6,1,6,D:\桌面\IACV\Assigment1\data\hpatches\v_birdwoman\1.ppm,D:\桌面\IACV\Assigment1\data\hpatches\v_birdwoman\6.ppm,103,2048,505,0.24658203125,3.0,3.261644274864426,2048,103,82,21,505,0.05029296875,0.7961165048543689,0.0400390625,0.16237623762376238,0.24658203125,3.0,1.4340080346502988,1.3397703137495025,True,80,0.7766990291262136,1.3847174372441713,38.829260000784416,6.264594500638518,nan,2048,2048,2097152,256,float32,1024,nan,2048,2048,2097152,nan,nan,nan,nan,23.1513000006089,0.14610015856319997,nan,nan,nan,nan,17.13607999990927,0.15979678791234986,superpoint,superpoint,superpoint,bf_ratio,0.8
hpatches,v_blueprint,viewpoint,v_blueprint_1_to_2,1,2,D:\桌面\IACV\Assigment1\data\hpatches\v_blueprint\1.ppm,D:\桌面\IACV\Assigment1\data\hpatches\v_blueprint\2.ppm,1229,2014,1344,0.6673286991062563,3.0,0.758033213327445,2014,1229,1156,73,1344,0.6102284011916584,0.9406021155410903,0.573982125124131,0.8601190476190477,0.6673286991062563,3.0,1.1515783592866322,1.0601448767652375,True,1145,0.9316517493897477,1.1555211349344254,35.816040000645444,1.480386985595524,nan,2048,2048,2097152,256,float32,1024,nan,2048,2048,2097152,nan,nan,nan,nan,24.417600002198014,0.1342032494981451,nan,nan,nan,nan,24.46184000291396,0.1309868791239848,superpoint,superpoint,superpoint,bf_ratio,0.8
hpatches,v_blueprint,viewpoint,v_blueprint_1_to_3,1,3,D:\桌面\IACV\Assigment1\data\hpatches\v_blueprint\1.ppm,D:\桌面\IACV\Assigment1\data\hpatches\v_blueprint\3.ppm,842,1971,1110,0.563165905631659,3.0,3.2278429819271417,1971,842,676,166,1110,0.4271943176052765,0.8028503562945368,0.34297311009639775,0.609009009009009,0.563165905631659,3.0,1.4773899942183717,1.4200738729927431,True,636,0.7553444180522565,1.4301812059674046,35.34178000263637,0.9435621475957422,nan,2048,2048,2097152,256,float32,1024,nan,2048,2048,2097152,nan,nan,nan,nan,24.417600002198014,0.1342032494981451,nan,nan,nan,nan,24.54730000026757,0.23539852228729458,superpoint,superpoint,superpoint,bf_ratio,0.8
hpatches,v_blueprint,viewpoint,v_blueprint_1_to_4,1,4,D:\桌面\IACV\Assigment1\data\hpatches\v_blueprint\1.ppm,D:\桌面\IACV\Assigment1\data\hpatches\v_blueprint\4.ppm,1075,2013,1240,0.6159960258320915,3.0,0.8412002108763701,2013,1075,1015,60,1240,0.5340288127173373,0.9441860465116279,0.5042225534028812,0.8185483870967742,0.6159960258320915,3.0,1.0972275972991097,0.9914462838305654,True,1025,0.9534883720930233,1.062938080222642,34.92304000101285,0.6722908237273141,nan,2048,2048,2097152,256,float32,1024,nan,2048,2048,2097152,nan,nan,nan,nan,24.417600002198014,0.1342032494981451,nan,nan,nan,nan,24.45494000130566,0.13492063963284104,superpoint,superpoint,superpoint,bf_ratio,0.8
hpatches,v_blueprint,viewpoint,v_blueprint_1_to_5,1,5,D:\桌面\IACV\Assigment1\data\hpatches\v_blueprint\1.ppm,D:\桌面\IACV\Assigment1\data\hpatches\v_blueprint\5.ppm,520,1935,1000,0.5167958656330749,3.0,3.2356465358581894,1935,520,478,42,1000,0.268733850129199,0.9192307692307692,0.2470284237726098,0.478,0.5167958656330749,3.0,1.300778845628961,1.17331470788339,True,472,0.9076923076923077,1.3784598569991315,36.36622000049101,1.029293773834914,nan,2048,2048,2097152,256,float32,1024,nan,2048,2048,2097152,nan,nan,nan,nan,24.417600002198014,0.1342032494981451,nan,nan,nan,nan,24.536419998912606,0.10531065440417849,superpoint,superpoint,superpoint,bf_ratio,0.8
hpatches,v_blueprint,viewpoint,v_blueprint_1_to_6,1,6,D:\桌面\IACV\Assigment1\data\hpatches\v_blueprint\1.ppm,D:\桌面\IACV\Assigment1\data\hpatches\v_blueprint\6.ppm,292,1906,760,0.3987408184679958,3.0,5.9192378367153715,1906,291,226,65,760,0.15267576075550893,0.7766323024054983,0.11857292759706191,0.29736842105263156,0.3987408184679958,3.0,1.4932801682821883,1.478463850261024,True,213,0.7294520547945206,1.447679392047728,35.570220003137365,0.37983282948600156,nan,2048,2048,2097152,256,float32,1024,nan,2048,2048,2097152,nan,nan,nan,nan,24.417600002198014,0.1342032494981451,nan,nan,nan,nan,24.44979999709176,0.09444386678282841,superpoint,superpoint,superpoint,bf_ratio,0.8
hpatches,v_boat,viewpoint,v_boat_1_to_2,1,2,D:\桌面\IACV\Assigment1\data\hpatches\v_boat\1.ppm,D:\桌面\IACV\Assigment1\data\hpatches\v_boat\2.ppm,1198,2039,1284,0.6297204512015694,3.0,1.2610961435993502,2039,1198,1086,112,1284,0.5875429131927415,0.9065108514190318,0.5326140264835704,0.8457943925233645,0.6297204512015694,3.0,1.1542111363872283,1.0270697121087486,True,1071,0.8939899833055092,1.2279815809980559,35.993199999211356,1.0713196710728035,nan,2048,2048,2097152,256,float32,1024,nan,2048,2048,2097152,nan,nan,nan,nan,15.86191999813309,0.2858251320611551,nan,nan,nan,nan,15.716859998065047,0.15048645858325968,superpoint,superpoint,superpoint,bf_ratio,0.8
hpatches,v_boat,viewpoint,v_boat_1_to_3,1,3,D:\桌面\IACV\Assigment1\data\hpatches\v_boat\1.ppm,D:\桌面\IACV\Assigment1\data\hpatches\v_boat\3.ppm,36,2040,1063,0.5210784313725491,3.0,1.1550381322156846,2040,36,29,7,1063,0.01764705882352941,0.8055555555555556,0.014215686274509804,0.027281279397930385,0.5210784313725491,3.0,0.802668626815585,0.6114212423933935,True,29,0.8055555555555556,0.7731545837504455,32.71653999690898,0.5936288217844692,nan,2048,2048,2097152,256,float32,1024,nan,1957,1957,2003968,nan,nan,nan,nan,15.86191999813309,0.2858251320611551,nan,nan,nan,nan,16.041720000794157,0.5138250016368934,superpoint,superpoint,superpoint,bf_ratio,0.8
hpatches,v_boat,viewpoint,v_boat_1_to_4,1,4,D:\桌面\IACV\Assigment1\data\hpatches\v_boat\1.ppm,D:\桌面\IACV\Assigment1\data\hpatches\v_boat\4.ppm,2,2048,673,0.32861328125,3.0,nan,2048,2,1,1,673,0.0009765625,0.5,0.00048828125,0.0014858841010401188,0.32861328125,3.0,1.6394815567056844,1.6394815567056844,False,0,0.0,nan,26.33767999941483,0.5871480375864446,nan,2048,2048,2097152,256,float32,1024,nan,1590,1590,1628160,nan,nan,nan,nan,15.86191999813309,0.2858251320611551,nan,nan,nan,nan,15.420779997657519,0.12334143637845592,superpoint,superpoint,superpoint,bf_ratio,0.8
hpatches,v_boat,viewpoint,v_boat_1_to_5,1,5,D:\桌面\IACV\Assigment1\data\hpatches\v_boat\1.ppm,D:\桌面\IACV\Assigment1\data\hpatches\v_boat\5.ppm,3,2048,571,0.27880859375,3.0,nan,2048,3,0,3,571,0.00146484375,0.0,0.0,0.0,0.27880859375,3.0,nan,nan,False,0,0.0,nan,27.75374000048032,0.7845637452726859,nan,2048,2048,2097152,256,float32,1024,nan,1627,1627,1666048,nan,nan,nan,nan,15.86191999813309,0.2858251320611551,nan,nan,nan,nan,15.722360002109781,0.1835815746393497,superpoint,superpoint,superpoint,bf_ratio,0.8
hpatches,v_boat,viewpoint,v_boat_1_to_6,1,6,D:\桌面\IACV\Assigment1\data\hpatches\v_boat\1.ppm,D:\桌面\IACV\Assigment1\data\hpatches\v_boat\6.ppm,14,2048,389,0.18994140625,3.0,151.70648156278327,2048,14,2,12,389,0.0068359375,0.14285714285714285,0.0009765625,0.005141388174807198,0.18994140625,3.0,1.826323335646704,1.826323335646704,True,6,0.42857142857142855,0.8537681801889544,19.54122000024654,0.6384564907184772,nan,2048,2048,2097152,256,float32,1024,nan,1207,1207,1235968,nan,nan,nan,nan,15.86191999813309,0.2858251320611551,nan,nan,nan,nan,15.60254000214627,0.15511084512875203,superpoint,superpoint,superpoint,bf_ratio,0.8
hpatches,v_bricks,viewpoint,v_bricks_1_to_2,1,2,D:\桌面\IACV\Assigment1\data\hpatches\v_bricks\1.ppm,D:\桌面\IACV\Assigment1\data\hpatches\v_bricks\2.ppm,1374,1907,1408,0.7383324593602517,3.0,0.3917265256899726,1907,1373,1336,37,1408,0.7199790246460409,0.9730517115804806,0.7005768222338752,0.9488636363636364,0.7383324593602517,3.0,0.9567105400729512,0.8408373296954874,True,1336,0.9723435225618632,0.9594423464762784,37.00292000139598,0.9593155564719802,nan,2048,2048,2097152,256,float32,1024,nan,2048,2048,2097152,nan,nan,nan,nan,18.22861999971792,0.10708838428891972,nan,nan,nan,nan,16.117599999415688,0.08458810867871888,superpoint,superpoint,superpoint,bf_ratio,0.8
hpatches,v_bricks,viewpoint,v_bricks_1_to_3,1,3,D:\桌面\IACV\Assigment1\data\hpatches\v_bricks\1.ppm,D:\桌面\IACV\Assigment1\data\hpatches\v_bricks\3.ppm,1168,1934,1304,0.6742502585315409,3.0,1.252988265133155,1934,1167,1135,32,1304,0.6034126163391934,0.9725792630676949,0.5868665977249224,0.870398773006135,0.6742502585315409,3.0,1.0337886593595256,0.9359884329758955,True,1129,0.9666095890410958,1.0652610077193807,34.738360000483226,0.8213006287509123,nan,2048,2048,2097152,256,float32,1024,nan,2048,2048,2097152,nan,nan,nan,nan,18.22861999971792,0.10708838428891972,nan,nan,nan,nan,16.195960000914056,0.08442231137489316,superpoint,superpoint,superpoint,bf_ratio,0.8
hpatches,v_bricks,viewpoint,v_bricks_1_to_4,1,4,D:\桌面\IACV\Assigment1\data\hpatches\v_bricks\1.ppm,D:\桌面\IACV\Assigment1\data\hpatches\v_bricks\4.ppm,759,1784,1048,0.5874439461883408,3.0,1.0489132285325076,1784,758,722,36,1048,0.4248878923766816,0.9525065963060686,0.4047085201793722,0.6889312977099237,0.5874439461883408,3.0,1.1140290543127165,1.0182378252490316,True,720,0.9486166007905138,1.09562370718028,33.50552000047173,0.6774174176816238,nan,2048,2048,2097152,256,float32,1024,nan,2048,2048,2097152,nan,nan,nan,nan,18.22861999971792,0.10708838428891972,nan,nan,nan,nan,16.820699999516364,0.1407216088202682,superpoint,superpoint,superpoint,bf_ratio,0.8
hpatches,v_bricks,viewpoint,v_bricks_1_to_5,1,5,D:\桌面\IACV\Assigment1\data\hpatches\v_bricks\1.ppm,D:\桌面\IACV\Assigment1\data\hpatches\v_bricks\5.ppm,419,1763,885,0.5019852524106636,3.0,2.9592403085297136,1763,418,393,25,885,0.23709585933068633,0.9401913875598086,0.22291548496880317,0.4440677966101695,0.5019852524106636,3.0,1.2133838452874068,1.1197052052038936,True,391,0.9331742243436754,1.2154084926787467,34.934299999440555,0.705312903535191,nan,2048,2048,2097152,256,float32,1024,nan,2048,2048,2097152,nan,nan,nan,nan,18.22861999971792,0.10708838428891972,nan,nan,nan,nan,16.629359997750726,0.3301163530725782,superpoint,superpoint,superpoint,bf_ratio,0.8
hpatches,v_bricks,viewpoint,v_bricks_1_to_6,1,6,D:\桌面\IACV\Assigment1\data\hpatches\v_bricks\1.ppm,D:\桌面\IACV\Assigment1\data\hpatches\v_bricks\6.ppm,99,1670,637,0.38143712574850297,3.0,1.0500200363249925,1670,98,86,12,637,0.058682634730538925,0.8775510204081632,0.05149700598802395,0.13500784929356358,0.38143712574850297,3.0,1.3538137602345393,1.288218649845572,True,84,0.8484848484848485,1.3272971697242661,33.631379999860656,1.1424976878182111,nan,2048,2048,2097152,256,float32,1024,nan,2048,2048,2097152,nan,nan,nan,nan,18.22861999971792,0.10708838428891972,nan,nan,nan,nan,16.383499999938067,0.25578280686494154,superpoint,superpoint,superpoint,bf_ratio,0.8
hpatches,v_busstop,viewpoint,v_busstop_1_to_2,1,2,D:\桌面\IACV\Assigment1\data\hpatches\v_busstop\1.ppm,D:\桌面\IACV\Assigment1\data\hpatches\v_busstop\2.ppm,1189,1955,1159,0.5928388746803069,3.0,1.1668178543720589,1955,1189,1140,49,1159,0.6081841432225064,0.95878889823381,0.5831202046035806,0.9836065573770492,0.5928388746803069,3.0,1.2546493041982483,1.1585469674566902,True,1135,0.9545836837678722,1.1898704772228792,36.66805999819189,2.053435839386754,nan,2048,2048,2097152,256,float32,1024,nan,2048,2048,2097152,nan,nan,nan,nan,33.729440001479816,0.0870642197947305,nan,nan,nan,nan,34.165599998959806,0.6181160019361946,superpoint,superpoint,superpoint,bf_ratio,0.8
hpatches,v_busstop,viewpoint,v_busstop_1_to_3,1,3,D:\桌面\IACV\Assigment1\data\hpatches\v_busstop\1.ppm,D:\桌面\IACV\Assigment1\data\hpatches\v_busstop\3.ppm,896,1727,852,0.493341053850608,3.0,3.589108441616942,1727,896,764,132,852,0.5188187608569774,0.8526785714285714,0.44238563983786916,0.8967136150234741,0.493341053850608,3.0,1.4120654756157058,1.3386213777919804,True,708,0.7901785714285714,1.3294549128902828,36.89766000024974,0.6711836558761053,nan,2048,2048,2097152,256,float32,1024,nan,2048,2048,2097152,nan,nan,nan,nan,33.729440001479816,0.0870642197947305,nan,nan,nan,nan,33.86280000122497,0.21804054676272008,superpoint,superpoint,superpoint,bf_ratio,0.8
hpatches,v_busstop,viewpoint,v_busstop_1_to_4,1,4,D:\桌面\IACV\Assigment1\data\hpatches\v_busstop\1.ppm,D:\桌面\IACV\Assigment1\data\hpatches\v_busstop\4.ppm,945,1886,937,0.4968186638388123,3.0,2.996555875180646,1886,943,808,135,937,0.5,0.8568398727465536,0.4284199363732768,0.8623265741728922,0.4968186638388123,3.0,1.4676723669464122,1.4313925462024102,True,806,0.852910052910053,1.4417818699331362,35.51615999895148,0.9175648052678218,nan,2048,2048,2097152,256,float32,1024,nan,2048,2048,2097152,nan,nan,nan,nan,33.729440001479816,0.0870642197947305,nan,nan,nan,nan,33.74610000028042,0.3172651713991287,superpoint,superpoint,superpoint,bf_ratio,0.8
hpatches,v_busstop,viewpoint,v_busstop_1_to_5,1,5,D:\桌面\IACV\Assigment1\data\hpatches\v_busstop\1.ppm,D:\桌面\IACV\Assigment1\data\hpatches\v_busstop\5.ppm,810,2048,957,0.46728515625,3.0,1.3035708158698738,2048,810,762,48,957,0.3955078125,0.9407407407407408,0.3720703125,0.7962382445141066,0.46728515625,3.0,1.2153411085306287,1.134723503876924,True,764,0.9432098765432099,1.1619647250690266,36.0629600007087,0.6114843140153382,nan,2048,2048,2097152,256,float32,1024,nan,2048,2048,2097152,nan,nan,nan,nan,33.729440001479816,0.0870642197947305,nan,nan,nan,nan,33.79999999888241,0.1725336719691124,superpoint,superpoint,superpoint,bf_ratio,0.8
hpatches,v_busstop,viewpoint,v_busstop_1_to_6,1,6,D:\桌面\IACV\Assigment1\data\hpatches\v_busstop\1.ppm,D:\桌面\IACV\Assigment1\data\hpatches\v_busstop\6.ppm,1182,2043,1201,0.5878609887420461,3.0,1.4452369810895511,2043,1182,1156,26,1201,0.57856093979442,0.9780033840947546,0.5658345570239843,0.9625312239800167,0.5878609887420461,3.0,1.0678177188594524,0.9797430208536387,True,1129,0.955160744500846,1.0833894725016826,34.41898000019137,1.264098200245748,nan,2048,2048,2097152,256,float32,1024,nan,2048,2048,2097152,nan,nan,nan,nan,33.729440001479816,0.0870642197947305,nan,nan,nan,nan,33.627859999251086,0.13784284847176342,superpoint,superpoint,superpoint,bf_ratio,0.8
hpatches,v_calder,viewpoint,v_calder_1_to_2,1,2,D:\桌面\IACV\Assigment1\data\hpatches\v_calder\1.ppm,D:\桌面\IACV\Assigment1\data\hpatches\v_calder\2.ppm,818,2048,1127,0.55029296875,3.0,1.4254635702441363,2048,818,737,81,1127,0.3994140625,0.9009779951100244,0.35986328125,0.6539485359361136,0.55029296875,3.0,1.0871594523597639,0.9141776924823037,True,724,0.8850855745721271,1.1583430778096242,35.54285999853164,0.33754740346408346,nan,2048,2048,2097152,256,float32,1024,nan,2048,2048,2097152,nan,nan,nan,nan,20.897159999003634,0.3284187587067551,nan,nan,nan,nan,20.325819999561645,0.22028499162150664,superpoint,superpoint,superpoint,bf_ratio,0.8
hpatches,v_calder,viewpoint,v_calder_1_to_3,1,3,D:\桌面\IACV\Assigment1\data\hpatches\v_calder\1.ppm,D:\桌面\IACV\Assigment1\data\hpatches\v_calder\3.ppm,1245,1879,1333,0.7094199042043641,3.0,1.5750904116147324,1879,1244,1147,97,1333,0.66205428419372,0.9220257234726688,0.6104310803618946,0.8604651162790697,0.7094199042043641,3.0,1.1510099471080082,1.0544162192368907,True,1144,0.9188755020080321,1.2248710647614183,34.4565599996713,1.1434227928478398,nan,2048,2048,2097152,256,float32,1024,nan,2048,2048,2097152,nan,nan,nan,nan,20.897159999003634,0.3284187587067551,nan,nan,nan,nan,20.892560000356752,0.2790894793276069,superpoint,superpoint,superpoint,bf_ratio,0.8
hpatches,v_calder,viewpoint,v_calder_1_to_4,1,4,D:\桌面\IACV\Assigment1\data\hpatches\v_calder\1.ppm,D:\桌面\IACV\Assigment1\data\hpatches\v_calder\4.ppm,200,2048,911,0.44482421875,3.0,4.202467770207951,2048,200,173,27,911,0.09765625,0.865,0.08447265625,0.18990120746432493,0.44482421875,3.0,1.1908795513754615,1.0945395487241514,True,168,0.84,1.320310956535069,35.317759998724796,1.1695052149878291,nan,2048,2048,2097152,256,float32,1024,nan,2048,2048,2097152,nan,nan,nan,nan,20.897159999003634,0.3284187587067551,nan,nan,nan,nan,20.278079999843612,0.1261578903693733,superpoint,superpoint,superpoint,bf_ratio,0.8
hpatches,v_calder,viewpoint,v_calder_1_to_5,1,5,D:\桌面\IACV\Assigment1\data\hpatches\v_calder\1.ppm,D:\桌面\IACV\Assigment1\data\hpatches\v_calder\5.ppm,215,2048,848,0.4140625,3.0,1.5195390266724718,2048,215,185,30,848,0.10498046875,0.8604651162790697,0.09033203125,0.21816037735849056,0.4140625,3.0,1.2729150126921385,1.1174626819278717,True,181,0.8418604651162791,1.1953842069824767,35.37151999771595,0.37182796323817274,nan,2048,2048,2097152,256,float32,1024,nan,2048,2048,2097152,nan,nan,nan,nan,20.897159999003634,0.3284187587067551,nan,nan,nan,nan,20.519479997165035,0.5257213960591223,superpoint,superpoint,superpoint,bf_ratio,0.8
hpatches,v_calder,viewpoint,v_calder_1_to_6,1,6,D:\桌面\IACV\Assigment1\data\hpatches\v_calder\1.ppm,D:\桌面\IACV\Assigment1\data\hpatches\v_calder\6.ppm,44,2041,706,0.34590886820186184,3.0,1.7446391418494582,2041,44,30,14,706,0.021558059774620286,0.6818181818181818,0.014698677119059285,0.042492917847025496,0.34590886820186184,3.0,1.1442172435575975,1.09529493061883,True,31,0.7045454545454546,1.1409514404705179,34.12143999885302,0.9944856015558609,nan,2048,2048,2097152,256,float32,1024,nan,1953,1953,1999872,nan,nan,nan,nan,20.897159999003634,0.3284187587067551,nan,nan,nan,nan,20.15425999998115,0.22263171882851374,superpoint,superpoint,superpoint,bf_ratio,0.8
hpatches,v_cartooncity,viewpoint,v_cartooncity_1_to_2,1,2,D:\桌面\IACV\Assigment1\data\hpatches\v_cartooncity\1.ppm,D:\桌面\IACV\Assigment1\data\hpatches\v_cartooncity\2.ppm,780,2048,1069,0.52197265625,3.0,0.21403635102288196,2048,780,758,22,1069,0.380859375,0.9717948717948718,0.3701171875,0.7090739008419084,0.52197265625,3.0,0.7406890409435826,0.6773110263282213,True,758,0.9717948717948718,0.7303273504096908,34.21416000055615,0.760196587362743,nan,2048,2048,2097152,256,float32,1024,nan,2048,2048,2097152,nan,nan,nan,nan,25.937280000653118,0.14209407354867576,nan,nan,nan,nan,17.17165999725694,0.20058518970881353,superpoint,superpoint,superpoint,bf_ratio,0.8
hpatches,v_cartooncity,viewpoint,v_cartooncity_1_to_3,1,3,D:\桌面\IACV\Assigment1\data\hpatches\v_cartooncity\1.ppm,D:\桌面\IACV\Assigment1\data\hpatches\v_cartooncity\3.ppm,400,1884,768,0.40764331210191085,3.0,2.7563505143966203,1884,396,374,22,768,0.21019108280254778,0.9444444444444444,0.19851380042462846,0.4869791666666667,0.40764331210191085,3.0,1.0654551941414365,0.955215142763619,True,381,0.9525,0.8720204929358661,33.22536000050604,0.6177130426281637,nan,2048,2048,2097152,256,float32,1024,nan,2048,2048,2097152,nan,nan,nan,nan,25.937280000653118,0.14209407354867576,nan,nan,nan,nan,17.411659999925178,0.09280798710873091,superpoint,superpoint,superpoint,bf_ratio,0.8
hpatches,v_cartooncity,viewpoint,v_cartooncity_1_to_4,1,4,D:\桌面\IACV\Assigment1\data\hpatches\v_cartooncity\1.ppm,D:\桌面\IACV\Assigment1\data\hpatches\v_cartooncity\4.ppm,999,1642,1143,0.6961023142509135,3.0,0.7514171994214347,1642,994,976,18,1143,0.6053593179049939,0.9818913480885312,0.5943970767356882,0.8538932633420823,0.6961023142509135,3.0,0.6910353360430948,0.6358260013852542,True,976,0.9769769769769769,0.6955752696038683,35.17283999972278,0.6234495057139682,nan,2048,2048,2097152,256,float32,1024,nan,2048,2048,2097152,nan,nan,nan,nan,25.937280000653118,0.14209407354867576,nan,nan,nan,nan,17.012300000351388,0.07810523823253018,superpoint,superpoint,superpoint,bf_ratio,0.8
hpatches,v_cartooncity,viewpoint,v_cartooncity_1_to_5,1,5,D:\桌面\IACV\Assigment1\data\hpatches\v_cartooncity\1.ppm,D:\桌面\IACV\Assigment1\data\hpatches\v_cartooncity\5.ppm,360,1857,729,0.3925686591276252,3.0,5.568710908389464,1857,358,293,65,729,0.19278406031233172,0.8184357541899442,0.1577813677975229,0.401920438957476,0.3925686591276252,3.0,1.3897598174776116,1.3242603495521081,True,326,0.9055555555555556,0.8158016289050101,34.62481999886222,1.0600373418667624,nan,2048,2048,2097152,256,float32,1024,nan,2048,2048,2097152,nan,nan,nan,nan,25.937280000653118,0.14209407354867576,nan,nan,nan,nan,17.19495999859646,0.20569500393185652,superpoint,superpoint,superpoint,bf_ratio,0.8
hpatches,v_cartooncity,viewpoint,v_cartooncity_1_to_6,1,6,D:\桌面\IACV\Assigment1\data\hpatches\v_cartooncity\1.ppm,D:\桌面\IACV\Assigment1\data\hpatches\v_cartooncity\6.ppm,362,1898,715,0.3767123287671233,3.0,5.620756154366246,1898,357,321,36,715,0.1880927291886196,0.8991596638655462,0.1691253951527924,0.4489510489510489,0.3767123287671233,3.0,1.1582754708991638,1.0587537064516248,True,333,0.919889502762431,0.8273601147063112,35.96415999927558,0.6729117004435987,nan,2048,2048,2097152,256,float32,1024,nan,2048,2048,2097152,nan,nan,nan,nan,25.937280000653118,0.14209407354867576,nan,nan,nan,nan,17.229040000529494,0.13258049051938858,superpoint,superpoint,superpoint,bf_ratio,0.8
hpatches,v_charing,viewpoint,v_charing_1_to_2,1,2,D:\桌面\IACV\Assigment1\data\hpatches\v_charing\1.ppm,D:\桌面\IACV\Assigment1\data\hpatches\v_charing\2.ppm,403,1569,1132,0.7214786488209051,3.0,12.981667151929724,1569,400,350,50,1132,0.25493945188017847,0.875,0.22307202039515614,0.30918727915194344,0.7214786488209051,3.0,1.2628710930867224,1.1615301358086805,True,345,0.8560794044665012,1.2179878398359671,34.50856000272324,1.2229477138512326,nan,2048,2048,2097152,256,float32,1024,nan,2048,2048,2097152,nan,nan,nan,nan,33.79202000069199,0.4045091929483617,nan,nan,nan,nan,33.74515999894356,0.16011489035435758,superpoint,superpoint,superpoint,bf_ratio,0.8
hpatches,v_charing,viewpoint,v_charing_1_to_3,1,3,D:\桌面\IACV\Assigment1\data\hpatches\v_charing\1.ppm,D:\桌面\IACV\Assigment1\data\hpatches\v_charing\3.ppm,97,1141,697,0.6108676599474145,3.0,31.226520710750613,1141,93,64,29,697,0.08150744960560911,0.6881720430107527,0.056091148115687994,0.09182209469153516,0.6108676599474145,3.0,1.4710694891344938,1.3019324926020537,True,59,0.6082474226804123,1.4144727957434262,34.61589999787975,1.5213405307178258,nan,2048,2048,2097152,256,float32,1024,nan,2048,2048,2097152,nan,nan,nan,nan,33.79202000069199,0.4045091929483617,nan,nan,nan,nan,34.143579997180495,0.35932721182953364,superpoint,superpoint,superpoint,bf_ratio,0.8
hpatches,v_charing,viewpoint,v_charing_1_to_4,1,4,D:\桌面\IACV\Assigment1\data\hpatches\v_charing\1.ppm,D:\桌面\IACV\Assigment1\data\hpatches\v_charing\4.ppm,329,1133,858,0.7572815533980582,3.0,43.70156614593419,1133,325,293,32,858,0.2868490732568402,0.9015384615384615,0.2586054721977052,0.3414918414918415,0.7572815533980582,3.0,1.2964131742425653,1.1903341055613654,True,288,0.8753799392097265,1.3379380732101442,34.09694000147283,2.6641655631986327,nan,2048,2048,2097152,256,float32,1024,nan,2048,2048,2097152,nan,nan,nan,nan,33.79202000069199,0.4045091929483617,nan,nan,nan,nan,34.193619998404756,0.11192024600725685,superpoint,superpoint,superpoint,bf_ratio,0.8
hpatches,v_charing,viewpoint,v_charing_1_to_5,1,5,D:\桌面\IACV\Assigment1\data\hpatches\v_charing\1.ppm,D:\桌面\IACV\Assigment1\data\hpatches\v_charing\5.ppm,261,974,696,0.7145790554414785,3.0,107.7157061052909,974,253,219,34,696,0.2597535934291581,0.8656126482213439,0.22484599589322382,0.3146551724137931,0.7145790554414785,3.0,1.3926060003451493,1.2716181979377807,True,214,0.8199233716475096,1.3134769360071359,36.12388000037754,0.5667267513351874,nan,2048,2048,2097152,256,float32,1024,nan,2048,2048,2097152,nan,nan,nan,nan,33.79202000069199,0.4045091929483617,nan,nan,nan,nan,33.54746000113664,0.07247914384576025,superpoint,superpoint,superpoint,bf_ratio,0.8
hpatches,v_charing,viewpoint,v_charing_1_to_6,1,6,D:\桌面\IACV\Assigment1\data\hpatches\v_charing\1.ppm,D:\桌面\IACV\Assigment1\data\hpatches\v_charing\6.ppm,164,990,680,0.6868686868686869,3.0,457.6993897529412,990,161,117,44,680,0.16262626262626262,0.7267080745341615,0.11818181818181818,0.17205882352941176,0.6868686868686869,3.0,1.5165498700554214,1.469370751595638,True,119,0.725609756097561,1.3152994369445088,34.483340002771,0.8009985910871602,nan,2048,2048,2097152,256,float32,1024,nan,2048,2048,2097152,nan,nan,nan,nan,33.79202000069199,0.4045091929483617,nan,nan,nan,nan,33.95545999810565,0.6215680981125881,superpoint,superpoint,superpoint,bf_ratio,0.8
hpatches,v_churchill,viewpoint,v_churchill_1_to_2,1,2,D:\桌面\IACV\Assigment1\data\hpatches\v_churchill\1.ppm,D:\桌面\IACV\Assigment1\data\hpatches\v_churchill\2.ppm,688,1495,1048,0.7010033444816054,3.0,4.631303156463194,1495,686,589,97,1048,0.4588628762541806,0.858600583090379,0.3939799331103679,0.5620229007633588,0.7010033444816054,3.0,1.310018006950647,1.216986187734772,True,578,0.8401162790697675,1.3820882649146742,29.09485999989556,1.7983245722459464,nan,1783,1783,1825792,256,float32,1024,nan,1910,1910,1955840,nan,nan,nan,nan,20.653859998856205,0.11907803395933145,nan,nan,nan,nan,20.608719998563174,0.054976153949385785,superpoint,superpoint,superpoint,bf_ratio,0.8
hpatches,v_churchill,viewpoint,v_churchill_1_to_3,1,3,D:\桌面\IACV\Assigment1\data\hpatches\v_churchill\1.ppm,D:\桌面\IACV\Assigment1\data\hpatches\v_churchill\3.ppm,389,1490,893,0.5993288590604027,3.0,10.87835059201278,1490,388,328,60,893,0.26040268456375837,0.845360824742268,0.22013422818791947,0.3673012318029115,0.5993288590604027,3.0,1.4257408631644894,1.3635402609921083,True,313,0.8046272493573264,1.3953912929931893,29.674260001047514,0.7515967319803778,nan,1783,1783,1825792,256,float32,1024,nan,1956,1956,2002944,nan,nan,nan,nan,20.653859998856205,0.11907803395933145,nan,nan,nan,nan,20.80437999975402,0.2039564005123173,superpoint,superpoint,superpoint,bf_ratio,0.8
hpatches,v_churchill,viewpoint,v_churchill_1_to_4,1,4,D:\桌面\IACV\Assigment1\data\hpatches\v_churchill\1.ppm,D:\桌面\IACV\Assigment1\data\hpatches\v_churchill\4.ppm,406,1610,852,0.529192546583851,3.0,6.621975322834285,1610,405,335,70,852,0.2515527950310559,0.8271604938271605,0.2080745341614907,0.3931924882629108,0.529192546583851,3.0,1.3609177389509308,1.3086355312781859,True,326,0.8029556650246306,1.4105052963512912,26.997180002217647,0.8171720105906896,nan,1783,1783,1825792,256,float32,1024,nan,1797,1797,1840128,nan,nan,nan,nan,20.653859998856205,0.11907803395933145,nan,nan,nan,nan,20.706840000639204,0.1318713846341127,superpoint,superpoint,superpoint,bf_ratio,0.8
hpatches,v_churchill,viewpoint,v_churchill_1_to_5,1,5,D:\桌面\IACV\Assigment1\data\hpatches\v_churchill\1.ppm,D:\桌面\IACV\Assigment1\data\hpatches\v_churchill\5.ppm,1187,1783,1209,0.67807066741447,3.0,1.2228184653968868,1783,1187,1099,88,1209,0.6657319125070107,0.9258635214827295,0.6163768928771733,0.9090157154673284,0.67807066741447,3.0,1.0608009700163294,0.925571829029873,True,1099,0.9258635214827295,1.1062234168096594,24.108399999386165,0.32409396794653006,nan,1783,1783,1825792,256,float32,1024,nan,1659,1659,1698816,nan,nan,nan,nan,20.653859998856205,0.11907803395933145,nan,nan,nan,nan,20.87696000089636,0.08743687367855114,superpoint,superpoint,superpoint,bf_ratio,0.8
hpatches,v_churchill,viewpoint,v_churchill_1_to_6,1,6,D:\桌面\IACV\Assigment1\data\hpatches\v_churchill\1.ppm,D:\桌面\IACV\Assigment1\data\hpatches\v_churchill\6.ppm,185,1644,681,0.4142335766423358,3.0,12.027891017103594,1644,185,140,45,681,0.11253041362530414,0.7567567567567568,0.0851581508515815,0.2055800293685756,0.4142335766423358,3.0,1.462261108185365,1.4204234714352864,True,137,0.7405405405405405,1.191532785254719,25.259460000961553,0.7094721711393548,nan,1783,1783,1825792,256,float32,1024,nan,1700,1700,1740800,nan,nan,nan,nan,20.653859998856205,0.11907803395933145,nan,nan,nan,nan,20.94342000054894,0.33947809050946204,superpoint,superpoint,superpoint,bf_ratio,0.8
hpatches,v_circus,viewpoint,v_circus_1_to_2,1,2,D:\桌面\IACV\Assigment1\data\hpatches\v_circus\1.ppm,D:\桌面\IACV\Assigment1\data\hpatches\v_circus\2.ppm,1148,2048,1419,0.69287109375,3.0,0.41982585759102603,2048,1148,1088,60,1419,0.560546875,0.9477351916376306,0.53125,0.766737138830162,0.69287109375,3.0,0.9308287757612572,0.7956399669750129,True,1089,0.9486062717770035,0.9301534556219874,37.063940000371076,1.5826949056423416,nan,2048,2048,2097152,256,float32,1024,nan,2048,2048,2097152,nan,nan,nan,nan,34.11070000001928,0.21349065684686921,nan,nan,nan,nan,34.2988599993987,0.18783873614163846,superpoint,superpoint,superpoint,bf_ratio,0.8
hpatches,v_circus,viewpoint,v_circus_1_to_3,1,3,D:\桌面\IACV\Assigment1\data\hpatches\v_circus\1.ppm,D:\桌面\IACV\Assigment1\data\hpatches\v_circus\3.ppm,748,1856,980,0.5280172413793104,3.0,6.522325539481368,1856,748,565,183,980,0.40301724137931033,0.7553475935828877,0.30441810344827586,0.576530612244898,0.5280172413793104,3.0,1.6190574691463002,1.6513382436396125,True,449,0.6002673796791443,1.480286776861314,34.58618000004208,1.4085658852703953,nan,2048,2048,2097152,256,float32,1024,nan,2048,2048,2097152,nan,nan,nan,nan,34.11070000001928,0.21349065684686921,nan,nan,nan,nan,34.24228000221774,0.32501929982717137,superpoint,superpoint,superpoint,bf_ratio,0.8
hpatches,v_circus,viewpoint,v_circus_1_to_4,1,4,D:\桌面\IACV\Assigment1\data\hpatches\v_circus\1.ppm,D:\桌面\IACV\Assigment1\data\hpatches\v_circus\4.ppm,360,1763,768,0.4356211003970505,3.0,6.643234659783156,1763,358,256,102,768,0.20306296086216677,0.7150837988826816,0.1452070334656835,0.3333333333333333,0.4356211003970505,3.0,1.7120125291363624,1.7397396299401273,True,272,0.7555555555555555,1.4363709228097505,38.68861999944784,1.6727328588346508,nan,2048,2048,2097152,256,float32,1024,nan,2048,2048,2097152,nan,nan,nan,nan,34.11070000001928,0.21349065684686921,nan,nan,nan,nan,34.1011399999843,0.14859179783309506,superpoint,superpoint,superpoint,bf_ratio,0.8
hpatches,v_circus,viewpoint,v_circus_1_to_5,1,5,D:\桌面\IACV\Assigment1\data\hpatches\v_circus\1.ppm,D:\桌面\IACV\Assigment1\data\hpatches\v_circus\5.ppm,1049,1957,1245,0.6361778231987736,3.0,1.3161138073280505,1957,1049,893,156,1245,0.5360245273377618,0.8512869399428027,0.4563106796116505,0.7172690763052209,0.6361778231987736,3.0,1.4737245363413716,1.4032708628453097,True,869,0.8284080076263107,1.3752664484476809,37.13188000256196,0.7599332649785826,nan,2048,2048,2097152,256,float32,1024,nan,2048,2048,2097152,nan,nan,nan,nan,34.11070000001928,0.21349065684686921,nan,nan,nan,nan,34.18305999948643,0.13911350042041218,superpoint,superpoint,superpoint,bf_ratio,0.8
hpatches,v_circus,viewpoint,v_circus_1_to_6,1,6,D:\桌面\IACV\Assigment1\data\hpatches\v_circus\1.ppm,D:\桌面\IACV\Assigment1\data\hpatches\v_circus\6.ppm,595,2012,1004,0.4990059642147117,3.0,5.061083986133799,2012,595,459,136,1004,0.2957256461232604,0.7714285714285715,0.22813121272365805,0.45717131474103584,0.4990059642147117,3.0,1.444607197249526,1.3619703136937396,True,442,0.7428571428571429,1.396357724806106,35.25773999863304,0.9085620668060931,nan,2048,2048,2097152,256,float32,1024,nan,2048,2048,2097152,nan,nan,nan,nan,34.11070000001928,0.21349065684686921,nan,nan,nan,nan,34.33900000090944,0.4397072974563628,superpoint,superpoint,superpoint,bf_ratio,0.8
hpatches,v_coffeehouse,viewpoint,v_coffeehouse_1_to_2,1,2,D:\桌面\IACV\Assigment1\data\hpatches\v_coffeehouse\1.ppm,D:\桌面\IACV\Assigment1\data\hpatches\v_coffeehouse\2.ppm,757,2038,932,0.4573110893032385,3.0,0.9886628648641465,2038,757,681,76,932,0.37144259077526987,0.8996036988110965,0.33415112855740925,0.73068669527897,0.4573110893032385,3.0,1.287720631343165,1.2133323881906288,True,691,0.9128137384412153,1.2811476449904233,36.47581999830436,1.6858388060187097,nan,2048,2048,2097152,256,float32,1024,nan,2048,2048,2097152,nan,nan,nan,nan,37.1114999987185,0.28044483246106694,nan,nan,nan,nan,37.50211999868043,0.512925458361857,superpoint,superpoint,superpoint,bf_ratio,0.8
hpatches,v_coffeehouse,viewpoint,v_coffeehouse_1_to_3,1,3,D:\桌面\IACV\Assigment1\data\hpatches\v_coffeehouse\1.ppm,D:\桌面\IACV\Assigment1\data\hpatches\v_coffeehouse\3.ppm,959,2048,1023,0.49951171875,3.0,0.888226200791038,2048,959,864,95,1023,0.46826171875,0.9009384775808134,0.421875,0.844574780058651,0.49951171875,3.0,1.2877877099603965,1.2152116079679383,True,858,0.894681960375391,1.3112108334567163,37.26023999915924,1.6622016916213624,nan,2048,2048,2097152,256,float32,1024,nan,2048,2048,2097152,nan,nan,nan,nan,37.1114999987185,0.28044483246106694,nan,nan,nan,nan,37.2246399987489,0.10269059594779364,superpoint,superpoint,superpoint,bf_ratio,0.8
hpatches,v_coffeehouse,viewpoint,v_coffeehouse_1_to_4,1,4,D:\桌面\IACV\Assigment1\data\hpatches\v_coffeehouse\1.ppm,D:\桌面\IACV\Assigment1\data\hpatches\v_coffeehouse\4.ppm,894,1878,901,0.47976570820021297,3.0,3.7772066291630275,1878,887,639,248,901,0.47231096911608095,0.7204058624577226,0.3402555910543131,0.709211986681465,0.47976570820021297,3.0,1.694185203870929,1.7128202523413978,True,601,0.6722595078299777,1.5064746532579354,37.2793400005321,1.4730601182609073,nan,2048,2048,2097152,256,float32,1024,nan,2048,2048,2097152,nan,nan,nan,nan,37.1114999987185,0.28044483246106694,nan,nan,nan,nan,37.15892000182066,0.19793079986189863,superpoint,superpoint,superpoint,bf_ratio,0.8
hpatches,v_coffeehouse,viewpoint,v_coffeehouse_1_to_5,1,5,D:\桌面\IACV\Assigment1\data\hpatches\v_coffeehouse\1.ppm,D:\桌面\IACV\Assigment1\data\hpatches\v_coffeehouse\5.ppm,587,2048,770,0.3759765625,3.0,2.338755315338208,2048,587,528,59,770,0.28662109375,0.899488926746167,0.2578125,0.6857142857142857,0.3759765625,3.0,1.2492594071915348,1.182610332491219,True,532,0.9063032367972743,1.2705921497306039,35.90051999781281,0.7999508814462364,nan,2048,2048,2097152,256,float32,1024,nan,2048,2048,2097152,nan,nan,nan,nan,37.1114999987185,0.28044483246106694,nan,nan,nan,nan,37.160439998842776,0.39975280835371596,superpoint,superpoint,superpoint,bf_ratio,0.8
hpatches,v_coffeehouse,viewpoint,v_coffeehouse_1_to_6,1,6,D:\桌面\IACV\Assigment1\data\hpatches\v_coffeehouse\1.ppm,D:\桌面\IACV\Assigment1\data\hpatches\v_coffeehouse\6.ppm,559,1882,702,0.37300743889479276,3.0,3.9211098406934415,1882,559,356,203,702,0.2970244420828905,0.6368515205724508,0.1891604675876727,0.5071225071225072,0.37300743889479276,3.0,1.6501853662607668,1.654258679291388,True,363,0.6493738819320215,1.5291939731880766,37.82609999761917,0.7570799523743371,nan,2048,2048,2097152,256,float32,1024,nan,2048,2048,2097152,nan,nan,nan,nan,37.1114999987185,0.28044483246106694,nan,nan,nan,nan,37.34926000033738,0.21755530599219866,superpoint,superpoint,superpoint,bf_ratio,0.8
hpatches,v_colors,viewpoint,v_colors_1_to_2,1,2,D:\桌面\IACV\Assigment1\data\hpatches\v_colors\1.ppm,D:\桌面\IACV\Assigment1\data\hpatches\v_colors\2.ppm,125,1537,1128,0.7338972023422251,3.0,0.7767507010817776,1537,118,73,45,1128,0.07677293428757319,0.6186440677966102,0.04749512036434613,0.06471631205673758,0.7338972023422251,3.0,1.021333520136184,0.7973542053448252,True,74,0.592,1.0305598437194725,27.625279998756014,1.2198862639727317,nan,1740,1740,1781760,256,float32,1024,nan,1900,1900,1945600,nan,nan,nan,nan,40.57223999989219,0.25410750899971496,nan,nan,nan,nan,40.155439999944065,0.2660623503013181,superpoint,superpoint,superpoint,bf_ratio,0.8
hpatches,v_colors,viewpoint,v_colors_1_to_3,1,3,D:\桌面\IACV\Assigment1\data\hpatches\v_colors\1.ppm,D:\桌面\IACV\Assigment1\data\hpatches\v_colors\3.ppm,97,1473,1040,0.7060420909708078,3.0,2.2500908312580807,1473,95,66,29,1040,0.06449422946367957,0.6947368421052632,0.04480651731160896,0.06346153846153846,0.7060420909708078,3.0,1.118940137359799,0.827673360666196,True,66,0.6804123711340206,0.9910915206546365,30.702280001423787,0.8781463889629387,nan,1740,1740,1781760,256,float32,1024,nan,2048,2048,2097152,nan,nan,nan,nan,40.57223999989219,0.25410750899971496,nan,nan,nan,nan,40.245280001545325,0.1729846380140761,superpoint,superpoint,superpoint,bf_ratio,0.8
hpatches,v_colors,viewpoint,v_colors_1_to_4,1,4,D:\桌面\IACV\Assigment1\data\hpatches\v_colors\1.ppm,D:\桌面\IACV\Assigment1\data\hpatches\v_colors\4.ppm,12,1371,64,0.046681254558716266,3.0,13.314034975061002,1371,11,7,4,64,0.008023340627279359,0.6363636363636364,0.005105762217359592,0.109375,0.046681254558716266,3.0,0.7365894440292885,0.8037089191031569,True,7,0.5833333333333334,0.4618779882692929,30.84789999847999,1.4326129264911882,nan,1740,1740,1781760,256,float32,1024,nan,2048,2048,2097152,nan,nan,nan,nan,40.57223999989219,0.25410750899971496,nan,nan,nan,nan,40.29226000129711,0.11024036824785219,superpoint,superpoint,superpoint,bf_ratio,0.8
hpatches,v_colors,viewpoint,v_colors_1_to_5,1,5,D:\桌面\IACV\Assigment1\data\hpatches\v_colors\1.ppm,D:\桌面\IACV\Assigment1\data\hpatches\v_colors\5.ppm,13,1384,63,0.04552023121387283,3.0,87.39836750158213,1384,12,5,7,63,0.008670520231213872,0.4166666666666667,0.0036127167630057803,0.07936507936507936,0.04552023121387283,3.0,0.985260449335376,0.903802878001901,True,5,0.38461538461538464,0.12873645056336577,31.430079996061977,0.47651531415508586,nan,1740,1740,1781760,256,float32,1024,nan,2048,2048,2097152,nan,nan,nan,nan,40.57223999989219,0.25410750899971496,nan,nan,nan,nan,40.1624999998603,0.20103589656240786,superpoint,superpoint,superpoint,bf_ratio,0.8
hpatches,v_colors,viewpoint,v_colors_1_to_6,1,6,D:\桌面\IACV\Assigment1\data\hpatches\v_colors\1.ppm,D:\桌面\IACV\Assigment1\data\hpatches\v_colors\6.ppm,9,1397,64,0.04581245526127416,3.0,1343.6316815583853,1397,8,3,5,64,0.00572655690765927,0.375,0.0021474588403722263,0.046875,0.04581245526127416,3.0,0.49309297708560207,0.39156833471271313,True,4,0.4444444444444444,9.256245549095316e-11,31.017939999583177,0.6212186396946494,nan,1740,1740,1781760,256,float32,1024,nan,2048,2048,2097152,nan,nan,nan,nan,40.57223999989219,0.25410750899971496,nan,nan,nan,nan,40.51490000128979,0.23771079068239567,superpoint,superpoint,superpoint,bf_ratio,0.8
hpatches,v_courses,viewpoint,v_courses_1_to_2,1,2,D:\桌面\IACV\Assigment1\data\hpatches\v_courses\1.ppm,D:\桌面\IACV\Assigment1\data\hpatches\v_courses\2.ppm,1642,2031,1621,0.7981290004923683,3.0,3.423913860211812,2031,1642,1518,124,1621,0.8084687346134909,0.9244823386114495,0.7474150664697193,0.9364589759407773,0.7981290004923683,3.0,1.1888852381858195,1.0775650137657082,True,1508,0.9183922046285018,1.187654564777777,36.770139999862295,0.9153028879300824,nan,2048,2048,2097152,256,float32,1024,nan,2048,2048,2097152,nan,nan,nan,nan,28.957040001114365,1.33636059700369,nan,nan,nan,nan,28.527359999134205,0.22406448465001683,superpoint,superpoint,superpoint,bf_ratio,0.8
hpatches,v_courses,viewpoint,v_courses_1_to_3,1,3,D:\桌面\IACV\Assigment1\data\hpatches\v_courses\1.ppm,D:\桌面\IACV\Assigment1\data\hpatches\v_courses\3.ppm,999,2012,1246,0.6192842942345924,3.0,9.398790093602496,2012,998,747,251,1246,0.4960238568588469,0.748496993987976,0.371272365805169,0.5995184590690209,0.6192842942345924,3.0,1.5218599639949353,1.4413066602077507,True,706,0.7067067067067067,1.5611942458156696,37.1132399974158,1.1764913825926349,nan,2048,2048,2097152,256,float32,1024,nan,2048,2048,2097152,nan,nan,nan,nan,28.957040001114365,1.33636059700369,nan,nan,nan,nan,28.554180002538487,0.31947025938403834,superpoint,superpoint,superpoint,bf_ratio,0.8
hpatches,v_courses,viewpoint,v_courses_1_to_4,1,4,D:\桌面\IACV\Assigment1\data\hpatches\v_courses\1.ppm,D:\桌面\IACV\Assigment1\data\hpatches\v_courses\4.ppm,1146,2046,1255,0.6133919843597263,3.0,3.690205352131485,2046,1146,898,248,1255,0.5601173020527859,0.7835951134380453,0.4389051808406647,0.7155378486055777,0.6133919843597263,3.0,1.5171450175358479,1.453291863537979,True,864,0.7539267015706806,1.4198736459291226,37.022219999926165,1.4396626647788724,nan,2048,2048,2097152,256,float32,1024,nan,2048,2048,2097152,nan,nan,nan,nan,28.957040001114365,1.33636059700369,nan,nan,nan,nan,28.554320000694133,0.2511785707129545,superpoint,superpoint,superpoint,bf_ratio,0.8
hpatches,v_courses,viewpoint,v_courses_1_to_5,1,5,D:\桌面\IACV\Assigment1\data\hpatches\v_courses\1.ppm,D:\桌面\IACV\Assigment1\data\hpatches\v_courses\5.ppm,595,1983,880,0.4437720625315179,3.0,12.633563731071021,1983,594,313,281,880,0.29954614220877457,0.5269360269360269,0.1578416540595058,0.35568181818181815,0.4437720625315179,3.0,1.7950049242201076,1.8737497246687564,True,416,0.6991596638655462,1.5624545152329399,36.05663999915123,0.5685699111920229,nan,2048,2048,2097152,256,float32,1024,nan,2048,2048,2097152,nan,nan,nan,nan,28.957040001114365,1.33636059700369,nan,nan,nan,nan,28.588279998803046,0.2892560500094284,superpoint,superpoint,superpoint,bf_ratio,0.8
hpatches,v_courses,viewpoint,v_courses_1_to_6,1,6,D:\桌面\IACV\Assigment1\data\hpatches\v_courses\1.ppm,D:\桌面\IACV\Assigment1\data\hpatches\v_courses\6.ppm,413,1928,766,0.39730290456431533,3.0,36.31691856353431,1928,410,190,220,766,0.21265560165975103,0.4634146341463415,0.09854771784232365,0.24804177545691905,0.39730290456431533,3.0,1.8321482363388446,1.9505914239379085,True,274,0.6634382566585957,1.6813404931951397,37.251720001222566,1.0447724779153507,nan,2048,2048,2097152,256,float32,1024,nan,2048,2048,2097152,nan,nan,nan,nan,28.957040001114365,1.33636059700369,nan,nan,nan,nan,28.44003999925917,0.1776816327676459,superpoint,superpoint,superpoint,bf_ratio,0.8
hpatches,v_dirtywall,viewpoint,v_dirtywall_1_to_2,1,2,D:\桌面\IACV\Assigment1\data\hpatches\v_dirtywall\1.ppm,D:\桌面\IACV\Assigment1\data\hpatches\v_dirtywall\2.ppm,1245,2047,1283,0.626770884220811,3.0,0.8735094860249665,2047,1245,1187,58,1283,0.6082071323888617,0.9534136546184739,0.5798729848558867,0.9251753702260327,0.626770884220811,3.0,0.9569933019677497,0.8589494862026155,True,1178,0.9461847389558233,1.004494694218833,36.67563999915728,1.086999174968893,nan,2048,2048,2097152,256,float32,1024,nan,2048,2048,2097152,nan,nan,nan,nan,26.097139999910723,0.17695675921333934,nan,nan,nan,nan,26.37904000293929,0.5396379489983447,superpoint,superpoint,superpoint,bf_ratio,0.8
hpatches,v_dirtywall,viewpoint,v_dirtywall_1_to_3,1,3,D:\桌面\IACV\Assigment1\data\hpatches\v_dirtywall\1.ppm,D:\桌面\IACV\Assigment1\data\hpatches\v_dirtywall\3.ppm,895,2037,1080,0.5301914580265096,3.0,0.830677713426413,2037,895,840,55,1080,0.43937162493863524,0.9385474860335196,0.41237113402061853,0.7777777777777778,0.5301914580265096,3.0,1.00804250642516,0.9330572890155411,True,838,0.9363128491620112,1.0137305977900797,35.9470199997304,0.7402090987211386,nan,2048,2048,2097152,256,float32,1024,nan,2048,2048,2097152,nan,nan,nan,nan,26.097139999910723,0.17695675921333934,nan,nan,nan,nan,26.55372000153875,0.22182344575961832,superpoint,superpoint,superpoint,bf_ratio,0.8
hpatches,v_dirtywall,viewpoint,v_dirtywall_1_to_4,1,4,D:\桌面\IACV\Assigment1\data\hpatches\v_dirtywall\1.ppm,D:\桌面\IACV\Assigment1\data\hpatches\v_dirtywall\4.ppm,463,2007,877,0.4369706028898854,3.0,3.116290093817988,2007,463,432,31,877,0.2306925759840558,0.9330453563714903,0.21524663677130046,0.4925883694412771,0.4369706028898854,3.0,1.1902950618984767,1.100273473720006,True,428,0.9244060475161987,1.1324075946316803,36.487839999608696,1.7148426576796227,nan,2048,2048,2097152,256,float32,1024,nan,2048,2048,2097152,nan,nan,nan,nan,26.097139999910723,0.17695675921333934,nan,nan,nan,nan,26.666939997812733,0.3030850996642037,superpoint,superpoint,superpoint,bf_ratio,0.8
hpatches,v_dirtywall,viewpoint,v_dirtywall_1_to_5,1,5,D:\桌面\IACV\Assigment1\data\hpatches\v_dirtywall\1.ppm,D:\桌面\IACV\Assigment1\data\hpatches\v_dirtywall\5.ppm,786,2019,964,0.4774640911342249,3.0,1.50348026700519,2019,786,738,48,964,0.38930163447251115,0.9389312977099237,0.3655274888558692,0.7655601659751037,0.4774640911342249,3.0,1.1147321931847867,1.0014392953348756,True,735,0.9351145038167938,1.0565195602828694,37.5004399989848,1.7548355264631874,nan,2048,2048,2097152,256,float32,1024,nan,2048,2048,2097152,nan,nan,nan,nan,26.097139999910723,0.17695675921333934,nan,nan,nan,nan,26.479880000988487,0.3197456149000383,superpoint,superpoint,superpoint,bf_ratio,0.8
hpatches,v_dirtywall,viewpoint,v_dirtywall_1_to_6,1,6,D:\桌面\IACV\Assigment1\data\hpatches\v_dirtywall\1.ppm,D:\桌面\IACV\Assigment1\data\hpatches\v_dirtywall\6.ppm,215,2046,540,0.26392961876832843,3.0,3.772903590711305,2046,215,180,35,540,0.1050830889540567,0.8372093023255814,0.08797653958944282,0.3333333333333333,0.26392961876832843,3.0,1.3259829021292322,1.1892355227412046,True,173,0.8046511627906977,1.195664066640552,35.34582000138471,1.1515115472777513,nan,2048,2048,2097152,256,float32,1024,nan,2048,2048,2097152,nan,nan,nan,nan,26.097139999910723,0.17695675921333934,nan,nan,nan,nan,26.350020000245422,0.0979327214203024,superpoint,superpoint,superpoint,bf_ratio,0.8
hpatches,v_dogman,viewpoint,v_dogman_1_to_2,1,2,D:\桌面\IACV\Assigment1\data\hpatches\v_dogman\1.ppm,D:\桌面\IACV\Assigment1\data\hpatches\v_dogman\2.ppm,903,1780,1219,0.6848314606741573,3.0,2.8240538232714205,1780,902,810,92,1219,0.5067415730337078,0.8980044345898004,0.4550561797752809,0.6644790812141099,0.6848314606741573,3.0,1.1917338337508887,1.080001210689467,True,799,0.884828349944629,1.1248819399623124,35.887079998792615,1.0730609257747998,nan,2048,2048,2097152,256,float32,1024,nan,2048,2048,2097152,nan,nan,nan,nan,11.75266000063857,0.11596938502010895,nan,nan,nan,nan,11.94258000177797,0.2242655780519511,superpoint,superpoint,superpoint,bf_ratio,0.8
hpatches,v_dogman,viewpoint,v_dogman_1_to_3,1,3,D:\桌面\IACV\Assigment1\data\hpatches\v_dogman\1.ppm,D:\桌面\IACV\Assigment1\data\hpatches\v_dogman\3.ppm,1214,2047,1308,0.6389838788470933,3.0,1.8584921474431564,2047,1214,1103,111,1308,0.5930630190522717,0.9085667215815486,0.5388373229115779,0.8432721712538226,0.6389838788470933,3.0,1.0454499926569412,0.9183825898758797,True,1094,0.9011532125205931,1.0597513138521728,35.68341999925906,1.1698495807316518,nan,2048,2048,2097152,256,float32,1024,nan,2048,2048,2097152,nan,nan,nan,nan,11.75266000063857,0.11596938502010895,nan,nan,nan,nan,12.042659999860916,0.2088527467391818,superpoint,superpoint,superpoint,bf_ratio,0.8
hpatches,v_dogman,viewpoint,v_dogman_1_to_4,1,4,D:\桌面\IACV\Assigment1\data\hpatches\v_dogman\1.ppm,D:\桌面\IACV\Assigment1\data\hpatches\v_dogman\4.ppm,140,1728,687,0.3975694444444444,3.0,4.125961736820184,1728,137,113,24,687,0.07928240740740741,0.8248175182481752,0.06539351851851852,0.16448326055312956,0.3975694444444444,3.0,1.455557193449271,1.4223592823958089,True,116,0.8285714285714286,1.3380320761872564,36.919419998594094,1.7921525241943321,nan,2048,2048,2097152,256,float32,1024,nan,2048,2048,2097152,nan,nan,nan,nan,11.75266000063857,0.11596938502010895,nan,nan,nan,nan,11.833739998110104,0.09037764364674866,superpoint,superpoint,superpoint,bf_ratio,0.8
hpatches,v_dogman,viewpoint,v_dogman_1_to_5,1,5,D:\桌面\IACV\Assigment1\data\hpatches\v_dogman\1.ppm,D:\桌面\IACV\Assigment1\data\hpatches\v_dogman\5.ppm,567,1734,1029,0.5934256055363322,3.0,1.710082258725033,1734,567,471,96,1029,0.32698961937716264,0.8306878306878307,0.27162629757785467,0.4577259475218659,0.5934256055363322,3.0,1.2912735249251708,1.2110517418353588,True,470,0.8289241622574955,1.3042933059759114,35.4901200014865,0.7862906433315987,nan,2048,2048,2097152,256,float32,1024,nan,2048,2048,2097152,nan,nan,nan,nan,11.75266000063857,0.11596938502010895,nan,nan,nan,nan,12.003979999281,0.31584289408380406,superpoint,superpoint,superpoint,bf_ratio,0.8
hpatches,v_dogman,viewpoint,v_dogman_1_to_6,1,6,D:\桌面\IACV\Assigment1\data\hpatches\v_dogman\1.ppm,D:\桌面\IACV\Assigment1\data\hpatches\v_dogman\6.ppm,63,1508,504,0.33421750663129973,3.0,58.85883723817715,1508,63,38,25,504,0.04177718832891247,0.6031746031746031,0.025198938992042442,0.07539682539682539,0.33421750663129973,3.0,1.7771694890209067,1.7093915750164914,True,42,0.6666666666666666,1.4832197846424402,33.05458000104409,1.1323522066956562,nan,2048,2048,2097152,256,float32,1024,nan,1912,1912,1957888,nan,nan,nan,nan,11.75266000063857,0.11596938502010895,nan,nan,nan,nan,11.64252000162378,0.11519307856471937,superpoint,superpoint,superpoint,bf_ratio,0.8
hpatches,v_eastsouth,viewpoint,v_eastsouth_1_to_2,1,2,D:\桌面\IACV\Assigment1\data\hpatches\v_eastsouth\1.ppm,D:\桌面\IACV\Assigment1\data\hpatches\v_eastsouth\2.ppm,783,1261,793,0.6288659793814433,3.0,0.4712747384334469,1261,783,743,40,793,0.6209357652656622,0.9489144316730523,0.5892149088025377,0.9369482976040353,0.6288659793814433,3.0,1.0521480105145127,0.8965391435095893,True,743,0.9489144316730523,1.0496387896975934,13.474319998931605,0.4026221989629612,nan,1261,1261,1291264,256,float32,1024,nan,1245,1245,1274880,nan,nan,nan,nan,15.864619999774732,0.3854950960088132,nan,nan,nan,nan,16.001479999977164,0.3347058111117978,superpoint,superpoint,superpoint,bf_ratio,0.8
hpatches,v_eastsouth,viewpoint,v_eastsouth_1_to_3,1,3,D:\桌面\IACV\Assigment1\data\hpatches\v_eastsouth\1.ppm,D:\桌面\IACV\Assigment1\data\hpatches\v_eastsouth\3.ppm,59,1250,611,0.4888,3.0,0.6326364410054682,1250,59,44,15,611,0.0472,0.7457627118644068,0.0352,0.07201309328968904,0.4888,3.0,0.9771685531762071,0.8036066482150571,True,45,0.7627118644067796,1.0481127507052979,12.399820001155604,0.19201103496748823,nan,1261,1261,1291264,256,float32,1024,nan,1119,1119,1145856,nan,nan,nan,nan,15.864619999774732,0.3854950960088132,nan,nan,nan,nan,15.741580001486,0.05730212455526896,superpoint,superpoint,superpoint,bf_ratio,0.8
hpatches,v_eastsouth,viewpoint,v_eastsouth_1_to_4,1,4,D:\桌面\IACV\Assigment1\data\hpatches\v_eastsouth\1.ppm,D:\桌面\IACV\Assigment1\data\hpatches\v_eastsouth\4.ppm,3,1246,456,0.36597110754414125,3.0,nan,1246,3,0,3,456,0.002407704654895666,0.0,0.0,0.0,0.36597110754414125,3.0,nan,nan,False,0,0.0,nan,11.505819999729283,0.13266471283719888,nan,1261,1261,1291264,256,float32,1024,nan,1129,1129,1156096,nan,nan,nan,nan,15.864619999774732,0.3854950960088132,nan,nan,nan,nan,15.83404000120936,0.2443762469428832,superpoint,superpoint,superpoint,bf_ratio,0.8
hpatches,v_eastsouth,viewpoint,v_eastsouth_1_to_5,1,5,D:\桌面\IACV\Assigment1\data\hpatches\v_eastsouth\1.ppm,D:\桌面\IACV\Assigment1\data\hpatches\v_eastsouth\5.ppm,7,1261,338,0.26804123711340205,3.0,489.5545379230498,1261,7,1,6,338,0.0055511498810467885,0.14285714285714285,0.0007930214115781126,0.0029585798816568047,0.26804123711340205,3.0,2.7889510845594634,2.7889510845594634,True,4,0.5714285714285714,3.4403646457154287e-13,11.791680000897031,0.3051581221059562,nan,1261,1261,1291264,256,float32,1024,nan,1119,1119,1145856,nan,nan,nan,nan,15.864619999774732,0.3854950960088132,nan,nan,nan,nan,15.8436800018535,0.34712687943759185,superpoint,superpoint,superpoint,bf_ratio,0.8
hpatches,v_eastsouth,viewpoint,v_eastsouth_1_to_6,1,6,D:\桌面\IACV\Assigment1\data\hpatches\v_eastsouth\1.ppm,D:\桌面\IACV\Assigment1\data\hpatches\v_eastsouth\6.ppm,8,1261,233,0.18477398889770025,3.0,219.85543163970524,1261,8,3,5,233,0.006344171292624901,0.375,0.0023790642347343376,0.012875536480686695,0.18477398889770025,3.0,0.6652364667586208,0.4904031665488279,True,5,0.625,0.4174855252475661,11.48008000018308,0.25452759022274424,nan,1261,1261,1291264,256,float32,1024,nan,1115,1115,1141760,nan,nan,nan,nan,15.864619999774732,0.3854950960088132,nan,nan,nan,nan,15.84508000232745,0.13729873028772543,superpoint,superpoint,superpoint,bf_ratio,0.8
hpatches,v_feast,viewpoint,v_feast_1_to_2,1,2,D:\桌面\IACV\Assigment1\data\hpatches\v_feast\1.ppm,D:\桌面\IACV\Assigment1\data\hpatches\v_feast\2.ppm,941,2048,1085,0.52978515625,3.0,0.4227414153054097,2048,941,918,23,1085,0.45947265625,0.975557917109458,0.4482421875,0.8460829493087557,0.52978515625,3.0,0.7803053971183126,0.7108535389470171,True,917,0.9744952178533475,0.7810388384582724,36.968639999395236,1.2872404988384498,nan,2048,2048,2097152,256,float32,1024,nan,2048,2048,2097152,nan,nan,nan,nan,34.73740000190446,0.8528815914377824,nan,nan,nan,nan,34.15229999809526,0.2810626978521687,superpoint,superpoint,superpoint,bf_ratio,0.8
hpatches,v_feast,viewpoint,v_feast_1_to_3,1,3,D:\桌面\IACV\Assigment1\data\hpatches\v_feast\1.ppm,D:\桌面\IACV\Assigment1\data\hpatches\v_feast\3.ppm,1100,2048,1032,0.50390625,3.0,2.8596551265246744,2048,1100,926,174,1032,0.537109375,0.8418181818181818,0.4521484375,0.8972868217054264,0.50390625,3.0,1.2508735900383412,1.164230346360464,True,889,0.8081818181818182,1.2142475255904812,36.707160000514705,0.9949786017357027,nan,2048,2048,2097152,256,float32,1024,nan,2048,2048,2097152,nan,nan,nan,nan,34.73740000190446,0.8528815914377824,nan,nan,nan,nan,34.38711999624502,0.1852925499174897,superpoint,superpoint,superpoint,bf_ratio,0.8
hpatches,v_feast,viewpoint,v_feast_1_to_4,1,4,D:\桌面\IACV\Assigment1\data\hpatches\v_feast\1.ppm,D:\桌面\IACV\Assigment1\data\hpatches\v_feast\4.ppm,392,2048,690,0.3369140625,3.0,3.3102878297451825,2048,392,295,97,690,0.19140625,0.7525510204081632,0.14404296875,0.427536231884058,0.3369140625,3.0,1.2369659973250922,1.1577403992568538,True,297,0.7576530612244898,1.2563842417375257,36.13762000022689,0.5318061878033479,nan,2048,2048,2097152,256,float32,1024,nan,2048,2048,2097152,nan,nan,nan,nan,34.73740000190446,0.8528815914377824,nan,nan,nan,nan,34.356799998204224,0.15556232221457955,superpoint,superpoint,superpoint,bf_ratio,0.8
hpatches,v_feast,viewpoint,v_feast_1_to_5,1,5,D:\桌面\IACV\Assigment1\data\hpatches\v_feast\1.ppm,D:\桌面\IACV\Assigment1\data\hpatches\v_feast\5.ppm,873,2039,848,0.41589014222658166,3.0,4.195321309239388,2039,873,700,173,848,0.4281510544384502,0.8018327605956472,0.34330554193231977,0.8254716981132075,0.41589014222658166,3.0,1.3098643216204893,1.2325660606213247,True,665,0.7617411225658648,1.1774613244846972,35.80048000003444,0.8116301557547242,nan,2048,2048,2097152,256,float32,1024,nan,2048,2048,2097152,nan,nan,nan,nan,34.73740000190446,0.8528815914377824,nan,nan,nan,nan,34.59267999860458,0.2901446755892757,superpoint,superpoint,superpoint,bf_ratio,0.8
hpatches,v_feast,viewpoint,v_feast_1_to_6,1,6,D:\桌面\IACV\Assigment1\data\hpatches\v_feast\1.ppm,D:\桌面\IACV\Assigment1\data\hpatches\v_feast\6.ppm,593,2041,695,0.34051935325820676,3.0,4.585881908384701,2041,593,426,167,695,0.2905438510534052,0.718381112984823,0.20872121509064184,0.6129496402877698,0.34051935325820676,3.0,1.3955776231935455,1.3273862062787618,True,451,0.760539629005059,1.3571542423984067,36.57452000188641,1.5423388007617433,nan,2048,2048,2097152,256,float32,1024,nan,2048,2048,2097152,nan,nan,nan,nan,34.73740000190446,0.8528815914377824,nan,nan,nan,nan,34.239340001659,0.19545533087165234,superpoint,superpoint,superpoint,bf_ratio,0.8
hpatches,v_fest,viewpoint,v_fest_1_to_2,1,2,D:\桌面\IACV\Assigment1\data\hpatches\v_fest\1.ppm,D:\桌面\IACV\Assigment1\data\hpatches\v_fest\2.ppm,1244,1602,1239,0.7734082397003745,3.0,1.110160938248203,1602,1242,1204,38,1239,0.7752808988764045,0.9694041867954911,0.7515605493133583,0.9717514124293786,0.7734082397003745,3.0,1.0545420751350272,0.979500304287036,True,1188,0.954983922829582,1.0714728328991963,37.07730000169249,1.1522080845568021,nan,2048,2048,2097152,256,float32,1024,nan,2048,2048,2097152,nan,nan,nan,nan,25.020739997853525,0.02165489402490565,nan,nan,nan,nan,25.23755999864079,0.6078248331708384,superpoint,superpoint,superpoint,bf_ratio,0.8
hpatches,v_fest,viewpoint,v_fest_1_to_3,1,3,D:\桌面\IACV\Assigment1\data\hpatches\v_fest\1.ppm,D:\桌面\IACV\Assigment1\data\hpatches\v_fest\3.ppm,639,1530,797,0.5209150326797386,3.0,4.964340947844715,1530,636,572,64,797,0.41568627450980394,0.89937106918239,0.3738562091503268,0.7176913425345044,0.5209150326797386,3.0,1.5227689584900443,1.5028503423742325,True,544,0.8513302034428795,1.279600304424243,37.23817999998573,1.0448703153575254,nan,2048,2048,2097152,256,float32,1024,nan,2048,2048,2097152,nan,nan,nan,nan,25.020739997853525,0.02165489402490565,nan,nan,nan,nan,25.32043999963207,0.18106337631898536,superpoint,superpoint,superpoint,bf_ratio,0.8
hpatches,v_fest,viewpoint,v_fest_1_to_4,1,4,D:\桌面\IACV\Assigment1\data\hpatches\v_fest\1.ppm,D:\桌面\IACV\Assigment1\data\hpatches\v_fest\4.ppm,965,1365,947,0.6937728937728938,3.0,1.1972990786635749,1365,964,903,61,947,0.7062271062271063,0.9367219917012448,0.6615384615384615,0.9535374868004224,0.6937728937728938,3.0,1.3117830158407042,1.2418003703138232,True,889,0.9212435233160622,1.3384637706208071,37.40319999924395,1.3529031070101323,nan,2048,2048,2097152,256,float32,1024,nan,2048,2048,2097152,nan,nan,nan,nan,25.020739997853525,0.02165489402490565,nan,nan,nan,nan,25.02826000127243,0.20625803860915073,superpoint,superpoint,superpoint,bf_ratio,0.8
hpatches,v_fest,viewpoint,v_fest_1_to_5,1,5,D:\桌面\IACV\Assigment1\data\hpatches\v_fest\1.ppm,D:\桌面\IACV\Assigment1\data\hpatches\v_fest\5.ppm,633,1761,884,0.5019875070982396,3.0,3.4314238888448725,1761,632,577,55,884,0.3588869960249858,0.9129746835443038,0.3276547416240772,0.6527149321266968,0.5019875070982396,3.0,1.4387217276981445,1.3986028347081392,True,578,0.9131121642969984,1.3805709698156536,36.72826000110945,1.3732480273719128,nan,2048,2048,2097152,256,float32,1024,nan,2048,2048,2097152,nan,nan,nan,nan,25.020739997853525,0.02165489402490565,nan,nan,nan,nan,25.201019999803975,0.23049742190440428,superpoint,superpoint,superpoint,bf_ratio,0.8
hpatches,v_fest,viewpoint,v_fest_1_to_6,1,6,D:\桌面\IACV\Assigment1\data\hpatches\v_fest\1.ppm,D:\桌面\IACV\Assigment1\data\hpatches\v_fest\6.ppm,368,1661,738,0.44431065623118604,3.0,5.182680375486323,1661,364,315,49,738,0.21914509331727874,0.8653846153846154,0.1896447922937989,0.4268292682926829,0.44431065623118604,3.0,1.446777199327332,1.4202621094849992,True,318,0.8641304347826086,1.35047856847323,37.16091999813216,1.228905842989565,nan,2048,2048,2097152,256,float32,1024,nan,2048,2048,2097152,nan,nan,nan,nan,25.020739997853525,0.02165489402490565,nan,nan,nan,nan,25.150460001896136,0.17415576578684858,superpoint,superpoint,superpoint,bf_ratio,0.8
hpatches,v_gardens,viewpoint,v_gardens_1_to_2,1,2,D:\桌面\IACV\Assigment1\data\hpatches\v_gardens\1.ppm,D:\桌面\IACV\Assigment1\data\hpatches\v_gardens\2.ppm,874,1927,1237,0.6419304618578101,3.0,3.166100958620095,1927,873,808,65,1237,0.45303580695381424,0.9255441008018328,0.4193046185781007,0.6531932093775262,0.6419304618578101,3.0,1.1392525021494773,1.0234951417747138,True,792,0.9061784897025171,1.1303787325311423,37.13573999993969,1.1098261423038214,nan,2048,2048,2097152,256,float32,1024,nan,2048,2048,2097152,nan,nan,nan,nan,25.117519999912474,0.3108661344977537,nan,nan,nan,nan,25.287940000998788,0.08570061027603604,superpoint,superpoint,superpoint,bf_ratio,0.8
hpatches,v_gardens,viewpoint,v_gardens_1_to_3,1,3,D:\桌面\IACV\Assigment1\data\hpatches\v_gardens\1.ppm,D:\桌面\IACV\Assigment1\data\hpatches\v_gardens\3.ppm,170,1767,707,0.40011318619128466,3.0,22.608538793512892,1767,169,134,35,707,0.09564233163554046,0.7928994082840237,0.07583474816072439,0.18953323903818953,0.40011318619128466,3.0,1.583714361386373,1.5462986103483627,True,129,0.7588235294117647,1.326015016020995,38.09248000034131,0.3932823638355968,nan,2048,2048,2097152,256,float32,1024,nan,2048,2048,2097152,nan,nan,nan,nan,25.117519999912474,0.3108661344977537,nan,nan,nan,nan,25.17072000046028,0.11715249008830059,superpoint,superpoint,superpoint,bf_ratio,0.8
hpatches,v_gardens,viewpoint,v_gardens_1_to_4,1,4,D:\桌面\IACV\Assigment1\data\hpatches\v_gardens\1.ppm,D:\桌面\IACV\Assigment1\data\hpatches\v_gardens\4.ppm,1264,1996,1466,0.7344689378757515,3.0,0.6436168921999387,1996,1264,1220,44,1466,0.6332665330661322,0.9651898734177216,0.6112224448897795,0.8321964529331515,0.7344689378757515,3.0,0.9663421343550578,0.8634927565815802,True,1217,0.9628164556962026,0.9642084134751853,35.665200000221375,1.6374076611821404,nan,2048,2048,2097152,256,float32,1024,nan,2048,2048,2097152,nan,nan,nan,nan,25.117519999912474,0.3108661344977537,nan,nan,nan,nan,25.268040000810288,0.38690695931565794,superpoint,superpoint,superpoint,bf_ratio,0.8
hpatches,v_gardens,viewpoint,v_gardens_1_to_5,1,5,D:\桌面\IACV\Assigment1\data\hpatches\v_gardens\1.ppm,D:\桌面\IACV\Assigment1\data\hpatches\v_gardens\5.ppm,366,1808,866,0.47898230088495575,3.0,14.232927276157344,1808,365,325,40,866,0.20188053097345132,0.8904109589041096,0.17975663716814158,0.37528868360277134,0.47898230088495575,3.0,1.4523715938570407,1.470398320518179,True,287,0.7841530054644809,1.1965357241449612,35.89773999992758,0.7191624625078458,nan,2048,2048,2097152,256,float32,1024,nan,2048,2048,2097152,nan,nan,nan,nan,25.117519999912474,0.3108661344977537,nan,nan,nan,nan,24.845740001183003,0.3094590748358593,superpoint,superpoint,superpoint,bf_ratio,0.8
hpatches,v_gardens,viewpoint,v_gardens_1_to_6,1,6,D:\桌面\IACV\Assigment1\data\hpatches\v_gardens\1.ppm,D:\桌面\IACV\Assigment1\data\hpatches\v_gardens\6.ppm,940,1945,1455,0.7480719794344473,3.0,0.448044979239438,1945,939,900,39,1455,0.48277634961439586,0.9584664536741214,0.46272493573264784,0.6185567010309279,0.7480719794344473,3.0,0.9554169807645227,0.8500774044482144,True,901,0.9585106382978723,0.9519467326944915,36.13199999963399,2.275282496425334,nan,2048,2048,2097152,256,float32,1024,nan,2048,2048,2097152,nan,nan,nan,nan,25.117519999912474,0.3108661344977537,nan,nan,nan,nan,25.288739998359233,0.8797212498678241,superpoint,superpoint,superpoint,bf_ratio,0.8
hpatches,v_grace,viewpoint,v_grace_1_to_2,1,2,D:\桌面\IACV\Assigment1\data\hpatches\v_grace\1.ppm,D:\桌面\IACV\Assigment1\data\hpatches\v_grace\2.ppm,1171,1870,1476,0.7893048128342246,3.0,0.3140402726369152,1870,1170,1108,62,1476,0.6256684491978609,0.947008547008547,0.5925133689839572,0.7506775067750677,0.7893048128342246,3.0,0.9425542802021707,0.822787442162463,True,1106,0.9444918872758327,0.9318213256315724,35.0423400013824,1.1082776415517166,nan,2048,2048,2097152,256,float32,1024,nan,2048,2048,2097152,nan,nan,nan,nan,40.05512000003364,0.32345274986515454,nan,nan,nan,nan,40.408219999517314,0.16907355106521532,superpoint,superpoint,superpoint,bf_ratio,0.8
hpatches,v_grace,viewpoint,v_grace_1_to_3,1,3,D:\桌面\IACV\Assigment1\data\hpatches\v_grace\1.ppm,D:\桌面\IACV\Assigment1\data\hpatches\v_grace\3.ppm,850,1900,1363,0.7173684210526315,3.0,0.7165969408035774,1900,850,795,55,1363,0.4473684210526316,0.9352941176470588,0.41842105263157897,0.5832721936903889,0.7173684210526315,3.0,1.0252754554963879,0.8925285501826438,True,791,0.9305882352941176,1.032626292098366,36.39303999952972,0.5324375625133614,nan,2048,2048,2097152,256,float32,1024,nan,2048,2048,2097152,nan,nan,nan,nan,40.05512000003364,0.32345274986515454,nan,nan,nan,nan,40.528100001392886,0.16460140002139992,superpoint,superpoint,superpoint,bf_ratio,0.8
hpatches,v_grace,viewpoint,v_grace_1_to_4,1,4,D:\桌面\IACV\Assigment1\data\hpatches\v_grace\1.ppm,D:\桌面\IACV\Assigment1\data\hpatches\v_grace\4.ppm,563,1918,1198,0.6246089676746611,3.0,2.167856112092478,1918,562,481,81,1198,0.2930135557872784,0.8558718861209964,0.2507820646506778,0.4015025041736227,0.6246089676746611,3.0,1.055600038289208,0.9409546893552507,True,477,0.8472468916518651,1.0584700112074867,34.08657999971183,1.1201277382985022,nan,2048,2048,2097152,256,float32,1024,nan,2048,2048,2097152,nan,nan,nan,nan,40.05512000003364,0.32345274986515454,nan,nan,nan,nan,40.23781999858329,0.204558682781006,superpoint,superpoint,superpoint,bf_ratio,0.8
hpatches,v_grace,viewpoint,v_grace_1_to_5,1,5,D:\桌面\IACV\Assigment1\data\hpatches\v_grace\1.ppm,D:\桌面\IACV\Assigment1\data\hpatches\v_grace\5.ppm,289,1914,967,0.5052246603970741,3.0,2.3766254566936578,1914,285,230,55,967,0.14890282131661442,0.8070175438596491,0.12016718913270637,0.2378490175801448,0.5052246603970741,3.0,1.0659642601667325,1.0422006946075895,True,231,0.7993079584775087,1.101338836173864,35.584919998655096,1.204105698935024,nan,2048,2048,2097152,256,float32,1024,nan,2048,2048,2097152,nan,nan,nan,nan,40.05512000003364,0.32345274986515454,nan,nan,nan,nan,40.49044000275899,0.2933033194493003,superpoint,superpoint,superpoint,bf_ratio,0.8
hpatches,v_grace,viewpoint,v_grace_1_to_6,1,6,D:\桌面\IACV\Assigment1\data\hpatches\v_grace\1.ppm,D:\桌面\IACV\Assigment1\data\hpatches\v_grace\6.ppm,86,1849,741,0.40075716603569495,3.0,2.4516620688454456,1849,83,49,34,741,0.04488912925905895,0.5903614457831325,0.02650081124932396,0.06612685560053981,0.40075716603569495,3.0,1.3080683203473578,0.9903872339627873,True,47,0.5465116279069767,1.1905837073597305,35.746459997608326,0.4194399813679115,nan,2048,2048,2097152,256,float32,1024,nan,2048,2048,2097152,nan,nan,nan,nan,40.05512000003364,0.32345274986515454,nan,nan,nan,nan,40.52297999878647,0.2778236505593194,superpoint,superpoint,superpoint,bf_ratio,0.8
hpatches,v_graffiti,viewpoint,v_graffiti_1_to_2,1,2,D:\桌面\IACV\Assigment1\data\hpatches\v_graffiti\1.ppm,D:\桌面\IACV\Assigment1\data\hpatches\v_graffiti\2.ppm,735,1930,1105,0.572538860103627,3.0,1.1808891458554016,1930,734,644,90,1105,0.38031088082901554,0.8773841961852861,0.33367875647668394,0.5828054298642534,0.572538860103627,3.0,1.1229446012441828,1.045428828102024,True,646,0.8789115646258503,1.1546367600517944,35.09991999599151,0.5107254462128973,nan,2048,2048,2097152,256,float32,1024,nan,2048,2048,2097152,nan,nan,nan,nan,14.122919998771977,0.26137339187089964,nan,nan,nan,nan,14.567119999264833,0.13759576075301239,superpoint,superpoint,superpoint,bf_ratio,0.8
hpatches,v_graffiti,viewpoint,v_graffiti_1_to_3,1,3,D:\桌面\IACV\Assigment1\data\hpatches\v_graffiti\1.ppm,D:\桌面\IACV\Assigment1\data\hpatches\v_graffiti\3.ppm,431,2014,861,0.4275074478649454,3.0,1.1356061712292749,2014,430,317,113,861,0.2135054617676266,0.7372093023255814,0.15739821251241312,0.3681765389082462,0.4275074478649454,3.0,1.5337349040732169,1.5038497495658505,True,306,0.7099767981438515,1.5137898478352791,37.61110000050394,0.907553733678624,nan,2048,2048,2097152,256,float32,1024,nan,2048,2048,2097152,nan,nan,nan,nan,14.122919998771977,0.26137339187089964,nan,nan,nan,nan,14.305299999250565,0.35677053134481923,superpoint,superpoint,superpoint,bf_ratio,0.8
hpatches,v_graffiti,viewpoint,v_graffiti_1_to_4,1,4,D:\桌面\IACV\Assigment1\data\hpatches\v_graffiti\1.ppm,D:\桌面\IACV\Assigment1\data\hpatches\v_graffiti\4.ppm,32,1944,707,0.3636831275720165,3.0,6.983506481263378,1944,32,17,15,707,0.01646090534979424,0.53125,0.00874485596707819,0.024045261669024046,0.3636831275720165,3.0,1.198837074592571,0.953669107218867,True,21,0.65625,1.3187616744885697,35.47713999869302,1.4660887241665326,nan,2048,2048,2097152,256,float32,1024,nan,2048,2048,2097152,nan,nan,nan,nan,14.122919998771977,0.26137339187089964,nan,nan,nan,nan,14.288639998994768,0.27752963552497373,superpoint,superpoint,superpoint,bf_ratio,0.8
hpatches,v_graffiti,viewpoint,v_graffiti_1_to_5,1,5,D:\桌面\IACV\Assigment1\data\hpatches\v_graffiti\1.ppm,D:\桌面\IACV\Assigment1\data\hpatches\v_graffiti\5.ppm,38,1850,528,0.28540540540540543,3.0,3.9335744184209336,1850,37,15,22,528,0.02,0.40540540540540543,0.008108108108108109,0.028409090909090908,0.28540540540540543,3.0,1.4568886290439778,1.4756134814354243,True,18,0.47368421052631576,1.4701030055052429,37.07734000054188,0.6356020805616273,nan,2048,2048,2097152,256,float32,1024,nan,2048,2048,2097152,nan,nan,nan,nan,14.122919998771977,0.26137339187089964,nan,nan,nan,nan,14.086080002016388,0.15566661128490583,superpoint,superpoint,superpoint,bf_ratio,0.8
hpatches,v_graffiti,viewpoint,v_graffiti_1_to_6,1,6,D:\桌面\IACV\Assigment1\data\hpatches\v_graffiti\1.ppm,D:\桌面\IACV\Assigment1\data\hpatches\v_graffiti\6.ppm,10,1931,456,0.23614707405489382,3.0,522.0910138270601,1931,10,0,10,456,0.005178663904712584,0.0,0.0,0.0,0.23614707405489382,3.0,nan,nan,True,4,0.4,2.446546045505274e-12,37.99109999963548,0.5485428063231561,nan,2048,2048,2097152,256,float32,1024,nan,2048,2048,2097152,nan,nan,nan,nan,14.122919998771977,0.26137339187089964,nan,nan,nan,nan,14.155620000383351,0.13231166700522123,superpoint,superpoint,superpoint,bf_ratio,0.8
hpatches,v_home,viewpoint,v_home_1_to_2,1,2,D:\桌面\IACV\Assigment1\data\hpatches\v_home\1.ppm,D:\桌面\IACV\Assigment1\data\hpatches\v_home\2.ppm,492,2029,964,0.4751108920650567,3.0,1.7871089602867931,2029,492,454,38,964,0.24248398225726958,0.9227642276422764,0.22375554460325284,0.470954356846473,0.4751108920650567,3.0,1.1415515517449475,1.0521169185156944,True,452,0.9186991869918699,0.9918709307491403,36.87074000044959,1.7503545125331785,nan,2048,2048,2097152,256,float32,1024,nan,2048,2048,2097152,nan,nan,nan,nan,24.83576000086032,0.18468643153253142,nan,nan,nan,nan,24.984459999541286,0.10729841773205423,superpoint,superpoint,superpoint,bf_ratio,0.8
hpatches,v_home,viewpoint,v_home_1_to_3,1,3,D:\桌面\IACV\Assigment1\data\hpatches\v_home\1.ppm,D:\桌面\IACV\Assigment1\data\hpatches\v_home\3.ppm,324,1742,847,0.4862227324913892,3.0,5.820656837539081,1742,323,270,53,847,0.18541905855338692,0.8359133126934984,0.1549942594718714,0.3187721369539551,0.4862227324913892,3.0,1.4642846379134202,1.4525022705055828,True,288,0.8888888888888888,1.0586618261892022,37.53127999952994,1.8223489037420204,nan,2048,2048,2097152,256,float32,1024,nan,2048,2048,2097152,nan,nan,nan,nan,24.83576000086032,0.18468643153253142,nan,nan,nan,nan,24.981879998813383,0.23999597823247254,superpoint,superpoint,superpoint,bf_ratio,0.8
hpatches,v_home,viewpoint,v_home_1_to_4,1,4,D:\桌面\IACV\Assigment1\data\hpatches\v_home\1.ppm,D:\桌面\IACV\Assigment1\data\hpatches\v_home\4.ppm,569,2048,984,0.48046875,3.0,2.7659074767432146,2048,569,522,47,984,0.27783203125,0.9173989455184535,0.2548828125,0.5304878048780488,0.48046875,3.0,1.1344584689045147,1.062584535569684,True,523,0.9191564147627417,1.027259021860388,34.0208600013284,2.246771980175364,nan,2048,2048,2097152,256,float32,1024,nan,2048,2048,2097152,nan,nan,nan,nan,24.83576000086032,0.18468643153253142,nan,nan,nan,nan,24.971999999252148,0.2924518958659212,superpoint,superpoint,superpoint,bf_ratio,0.8
hpatches,v_home,viewpoint,v_home_1_to_5,1,5,D:\桌面\IACV\Assigment1\data\hpatches\v_home\1.ppm,D:\桌面\IACV\Assigment1\data\hpatches\v_home\5.ppm,304,1765,741,0.4198300283286119,3.0,19.955226678021276,1765,302,218,84,741,0.17110481586402265,0.7218543046357616,0.1235127478753541,0.2941970310391363,0.4198300283286119,3.0,1.5649604556767558,1.5309476847355357,True,265,0.8717105263157895,1.2246791297833337,36.30675999884261,0.31611884992648914,nan,2048,2048,2097152,256,float32,1024,nan,2048,2048,2097152,nan,nan,nan,nan,24.83576000086032,0.18468643153253142,nan,nan,nan,nan,25.64255999895977,0.7436466518914617,superpoint,superpoint,superpoint,bf_ratio,0.8
hpatches,v_home,viewpoint,v_home_1_to_6,1,6,D:\桌面\IACV\Assigment1\data\hpatches\v_home\1.ppm,D:\桌面\IACV\Assigment1\data\hpatches\v_home\6.ppm,39,2045,1141,0.5579462102689486,3.0,2.9584282482780186,2045,39,33,6,1141,0.019070904645476772,0.8461538461538461,0.01613691931540342,0.028921998247151623,0.5579462102689486,3.0,1.158122693624907,0.9055494172431545,True,34,0.8717948717948718,1.160342426613836,36.4350400006515,1.3209930759609945,nan,2048,2048,2097152,256,float32,1024,nan,2048,2048,2097152,nan,nan,nan,nan,24.83576000086032,0.18468643153253142,nan,nan,nan,nan,24.920760000532027,0.2873710813562937,superpoint,superpoint,superpoint,bf_ratio,0.8
hpatches,v_laptop,viewpoint,v_laptop_1_to_2,1,2,D:\桌面\IACV\Assigment1\data\hpatches\v_laptop\1.ppm,D:\桌面\IACV\Assigment1\data\hpatches\v_laptop\2.ppm,963,1554,1104,0.7104247104247104,3.0,0.23905091116145166,1554,963,916,47,1104,0.6196911196911197,0.9511941848390446,0.5894465894465895,0.8297101449275363,0.7104247104247104,3.0,0.8806537901221428,0.7369285635669547,True,918,0.9532710280373832,0.8848516042964243,22.39506000041729,1.365919831105617,nan,1563,1563,1600512,256,float32,1024,nan,1542,1542,1579008,nan,nan,nan,nan,12.255640000512358,0.04610902779776061,nan,nan,nan,nan,12.44458000146551,0.3503332902410761,superpoint,superpoint,superpoint,bf_ratio,0.8
hpatches,v_laptop,viewpoint,v_laptop_1_to_3,1,3,D:\桌面\IACV\Assigment1\data\hpatches\v_laptop\1.ppm,D:\桌面\IACV\Assigment1\data\hpatches\v_laptop\3.ppm,212,1558,832,0.5340179717586649,3.0,2.774014883240648,1558,212,173,39,832,0.13607188703465983,0.8160377358490566,0.1110397946084724,0.20793269230769232,0.5340179717586649,3.0,0.9918170008367764,0.8515771495670594,True,168,0.7924528301886793,1.1449835451207508,18.424559997220058,0.28019635767972184,nan,1563,1563,1600512,256,float32,1024,nan,1402,1402,1435648,nan,nan,nan,nan,12.255640000512358,0.04610902779776061,nan,nan,nan,nan,12.255859999277163,0.20578906220117246,superpoint,superpoint,superpoint,bf_ratio,0.8
hpatches,v_laptop,viewpoint,v_laptop_1_to_4,1,4,D:\桌面\IACV\Assigment1\data\hpatches\v_laptop\1.ppm,D:\桌面\IACV\Assigment1\data\hpatches\v_laptop\4.ppm,18,1556,709,0.4556555269922879,3.0,4.089553477293489,1556,18,9,9,709,0.011568123393316195,0.5,0.005784061696658098,0.012693935119887164,0.4556555269922879,3.0,1.0206211654861643,0.5592542637834291,True,10,0.5555555555555556,0.8090531451269477,16.717879998032004,0.6560473835081208,nan,1563,1563,1600512,256,float32,1024,nan,1326,1326,1357824,nan,nan,nan,nan,12.255640000512358,0.04610902779776061,nan,nan,nan,nan,12.397719998261891,0.3142670809052147,superpoint,superpoint,superpoint,bf_ratio,0.8
hpatches,v_laptop,viewpoint,v_laptop_1_to_5,1,5,D:\桌面\IACV\Assigment1\data\hpatches\v_laptop\1.ppm,D:\桌面\IACV\Assigment1\data\hpatches\v_laptop\5.ppm,10,1544,780,0.5051813471502591,3.0,353.3041390798591,1544,10,0,10,780,0.006476683937823834,0.0,0.0,0.0,0.5051813471502591,3.0,nan,nan,True,4,0.4,2.647798338205512e-13,20.459919999120757,0.8000347634563645,nan,1563,1563,1600512,256,float32,1024,nan,1569,1569,1606656,nan,nan,nan,nan,12.255640000512358,0.04610902779776061,nan,nan,nan,nan,12.255280000681523,0.058384225079242937,superpoint,superpoint,superpoint,bf_ratio,0.8
hpatches,v_laptop,viewpoint,v_laptop_1_to_6,1,6,D:\桌面\IACV\Assigment1\data\hpatches\v_laptop\1.ppm,D:\桌面\IACV\Assigment1\data\hpatches\v_laptop\6.ppm,7,1548,827,0.5342377260981912,3.0,392.85465711019583,1548,7,0,7,827,0.004521963824289405,0.0,0.0,0.0,0.5342377260981912,3.0,nan,nan,True,4,0.5714285714285714,1.0371271740483566e-13,19.726380001520738,0.30389818351637427,nan,1563,1563,1600512,256,float32,1024,nan,1527,1527,1563648,nan,nan,nan,nan,12.255640000512358,0.04610902779776061,nan,nan,nan,nan,12.251760000071954,0.061561210475260024,superpoint,superpoint,superpoint,bf_ratio,0.8
hpatches,v_london,viewpoint,v_london_1_to_2,1,2,D:\桌面\IACV\Assigment1\data\hpatches\v_london\1.ppm,D:\桌面\IACV\Assigment1\data\hpatches\v_london\2.ppm,1356,1681,1367,0.8132064247471743,3.0,0.18931931063223434,1681,1354,1345,9,1367,0.8054729327781083,0.9933530280649926,0.800118976799524,0.9839063643013899,0.8132064247471743,3.0,0.755816224022655,0.7067526046632072,True,1345,0.9918879056047197,0.750630031668628,35.8535799983656,0.8772049290243643,nan,2048,2048,2097152,256,float32,1024,nan,2048,2048,2097152,nan,nan,nan,nan,32.468959999096114,0.16673972096783396,nan,nan,nan,nan,32.951260001573246,0.3681340927156855,superpoint,superpoint,superpoint,bf_ratio,0.8
hpatches,v_london,viewpoint,v_london_1_to_3,1,3,D:\桌面\IACV\Assigment1\data\hpatches\v_london\1.ppm,D:\桌面\IACV\Assigment1\data\hpatches\v_london\3.ppm,1140,1560,1144,0.7333333333333333,3.0,0.5785101086985144,1560,1140,1120,20,1144,0.7307692307692307,0.9824561403508771,0.717948717948718,0.9790209790209791,0.7333333333333333,3.0,0.9419483509282583,0.860404197959479,True,1120,0.9824561403508771,0.9135650074416245,38.174339999386575,0.6753851826965838,nan,2048,2048,2097152,256,float32,1024,nan,2048,2048,2097152,nan,nan,nan,nan,32.468959999096114,0.16673972096783396,nan,nan,nan,nan,32.51854000118328,0.25977943272907944,superpoint,superpoint,superpoint,bf_ratio,0.8
hpatches,v_london,viewpoint,v_london_1_to_4,1,4,D:\桌面\IACV\Assigment1\data\hpatches\v_london\1.ppm,D:\桌面\IACV\Assigment1\data\hpatches\v_london\4.ppm,889,1796,1076,0.5991091314031181,3.0,1.8459885801650122,1796,889,873,16,1076,0.49498886414253895,0.9820022497187851,0.4860801781737194,0.8113382899628253,0.5991091314031181,3.0,0.9816144153832571,0.8910699677586151,True,871,0.9797525309336333,0.9647776280602515,36.271319999650586,0.8485642772458976,nan,2048,2048,2097152,256,float32,1024,nan,2048,2048,2097152,nan,nan,nan,nan,32.468959999096114,0.16673972096783396,nan,nan,nan,nan,32.73536000051536,0.483434684288619,superpoint,superpoint,superpoint,bf_ratio,0.8
hpatches,v_london,viewpoint,v_london_1_to_5,1,5,D:\桌面\IACV\Assigment1\data\hpatches\v_london\1.ppm,D:\桌面\IACV\Assigment1\data\hpatches\v_london\5.ppm,1100,1704,1044,0.6126760563380281,3.0,1.0228903837503842,1704,1100,1015,85,1044,0.6455399061032864,0.9227272727272727,0.5956572769953051,0.9722222222222222,0.6126760563380281,3.0,1.2564128805533843,1.1543116255188333,True,1007,0.9154545454545454,1.2878999192879437,37.61578000267036,0.7585732098400715,nan,2048,2048,2097152,256,float32,1024,nan,2048,2048,2097152,nan,nan,nan,nan,32.468959999096114,0.16673972096783396,nan,nan,nan,nan,32.65229999960866,0.13491268291446581,superpoint,superpoint,superpoint,bf_ratio,0.8
hpatches,v_london,viewpoint,v_london_1_to_6,1,6,D:\桌面\IACV\Assigment1\data\hpatches\v_london\1.ppm,D:\桌面\IACV\Assigment1\data\hpatches\v_london\6.ppm,1065,1892,1031,0.5449260042283298,3.0,1.1076239153205378,1892,1065,996,69,1031,0.5628964059196617,0.9352112676056338,0.5264270613107822,0.9660523763336566,0.5449260042283298,3.0,1.2455651190207944,1.1629950557564617,True,978,0.9183098591549296,1.258251271404989,38.08722000103444,0.585117096937228,nan,2048,2048,2097152,256,float32,1024,nan,2048,2048,2097152,nan,nan,nan,nan,32.468959999096114,0.16673972096783396,nan,nan,nan,nan,32.81960000167601,0.18251725480307252,superpoint,superpoint,superpoint,bf_ratio,0.8
hpatches,v_machines,viewpoint,v_machines_1_to_2,1,2,D:\桌面\IACV\Assigment1\data\hpatches\v_machines\1.ppm,D:\桌面\IACV\Assigment1\data\hpatches\v_machines\2.ppm,1255,1895,1184,0.6248021108179419,3.0,3.7337742664654217,1895,1255,1010,245,1184,0.662269129287599,0.8047808764940239,0.5329815303430079,0.8530405405405406,0.6248021108179419,3.0,1.6814562298016213,1.6747094255927564,True,952,0.7585657370517929,1.3993665353102505,37.115999999514315,1.9792847364886246,nan,2048,2048,2097152,256,float32,1024,nan,2048,2048,2097152,nan,nan,nan,nan,24.524059999384917,0.12385361772812381,nan,nan,nan,nan,25.215700002445374,0.17088214381998562,superpoint,superpoint,superpoint,bf_ratio,0.8
hpatches,v_machines,viewpoint,v_machines_1_to_3,1,3,D:\桌面\IACV\Assigment1\data\hpatches\v_machines\1.ppm,D:\桌面\IACV\Assigment1\data\hpatches\v_machines\3.ppm,439,1831,656,0.3582741671217914,3.0,6.472215392231818,1831,437,262,175,656,0.23866739486619334,0.5995423340961098,0.14309120699071545,0.39939024390243905,0.3582741671217914,3.0,1.8237748474312958,1.8859619911654286,True,312,0.7107061503416856,1.5914723826175796,37.73605999886058,1.65110824514445,nan,2048,2048,2097152,256,float32,1024,nan,2048,2048,2097152,nan,nan,nan,nan,24.524059999384917,0.12385361772812381,nan,nan,nan,nan,25.105200000689365,0.31661501608226184,superpoint,superpoint,superpoint,bf_ratio,0.8
hpatches,v_machines,viewpoint,v_machines_1_to_4,1,4,D:\桌面\IACV\Assigment1\data\hpatches\v_machines\1.ppm,D:\桌面\IACV\Assigment1\data\hpatches\v_machines\4.ppm,1093,2048,1296,0.6328125,3.0,1.6970090562252085,2048,1093,920,173,1296,0.53369140625,0.8417200365965233,0.44921875,0.7098765432098766,0.6328125,3.0,1.574933522003077,1.5247651403255764,True,914,0.8362305580969808,1.5310496488209502,39.227120000578,1.4718395236874315,nan,2048,2048,2097152,256,float32,1024,nan,2048,2048,2097152,nan,nan,nan,nan,24.524059999384917,0.12385361772812381,nan,nan,nan,nan,24.645299998519477,0.15674007645285287,superpoint,superpoint,superpoint,bf_ratio,0.8
hpatches,v_machines,viewpoint,v_machines_1_to_5,1,5,D:\桌面\IACV\Assigment1\data\hpatches\v_machines\1.ppm,D:\桌面\IACV\Assigment1\data\hpatches\v_machines\5.ppm,420,1935,839,0.43359173126614986,3.0,7.788195872483309,1935,420,249,171,839,0.21705426356589147,0.5928571428571429,0.12868217054263567,0.2967818831942789,0.43359173126614986,3.0,1.76111592526365,1.739581019579655,True,278,0.6619047619047619,1.434444566952064,36.962539999512956,0.9704669764823899,nan,2048,2048,2097152,256,float32,1024,nan,2048,2048,2097152,nan,nan,nan,nan,24.524059999384917,0.12385361772812381,nan,nan,nan,nan,24.98912000155542,0.06964640339214148,superpoint,superpoint,superpoint,bf_ratio,0.8
hpatches,v_machines,viewpoint,v_machines_1_to_6,1,6,D:\桌面\IACV\Assigment1\data\hpatches\v_machines\1.ppm,D:\桌面\IACV\Assigment1\data\hpatches\v_machines\6.ppm,980,2048,1361,0.66455078125,3.0,0.828058790329954,2048,980,931,49,1361,0.478515625,0.95,0.45458984375,0.6840558412931668,0.66455078125,3.0,0.9812398619281698,0.8811913393842251,True,931,0.95,1.0224135786389383,36.95605999964755,1.3738475718861136,nan,2048,2048,2097152,256,float32,1024,nan,2048,2048,2097152,nan,nan,nan,nan,24.524059999384917,0.12385361772812381,nan,nan,nan,nan,24.93499999982305,0.17505901985640007,superpoint,superpoint,superpoint,bf_ratio,0.8
hpatches,v_man,viewpoint,v_man_1_to_2,1,2,D:\桌面\IACV\Assigment1\data\hpatches\v_man\1.ppm,D:\桌面\IACV\Assigment1\data\hpatches\v_man\2.ppm,893,1829,895,0.48933843630399126,3.0,6.96323957002346,1829,891,693,198,895,0.48715144887916895,0.7777777777777778,0.37889557135046475,0.7743016759776536,0.48933843630399126,3.0,1.4950456018760603,1.4587601126340228,True,708,0.7928331466965286,1.5067499933685642,34.79775999876438,1.9810456154942109,nan,2048,2048,2097152,256,float32,1024,nan,2048,2048,2097152,nan,nan,nan,nan,32.76198000094155,0.24944685479322132,nan,nan,nan,nan,32.68848000006983,0.48343028939970556,superpoint,superpoint,superpoint,bf_ratio,0.8
hpatches,v_man,viewpoint,v_man_1_to_3,1,3,D:\桌面\IACV\Assigment1\data\hpatches\v_man\1.ppm,D:\桌面\IACV\Assigment1\data\hpatches\v_man\3.ppm,568,1929,619,0.32089165370658373,3.0,17.366202808726996,1929,565,338,227,619,0.2928978745463971,0.5982300884955752,0.17522032141005703,0.5460420032310178,0.32089165370658373,3.0,1.7078086377669486,1.662354996893288,True,433,0.7623239436619719,1.4169185798778805,37.080319998494815,1.0698758800041392,nan,2048,2048,2097152,256,float32,1024,nan,2048,2048,2097152,nan,nan,nan,nan,32.76198000094155,0.24944685479322132,nan,nan,nan,nan,32.500540000910405,0.12394156087671127,superpoint,superpoint,superpoint,bf_ratio,0.8
hpatches,v_man,viewpoint,v_man_1_to_4,1,4,D:\桌面\IACV\Assigment1\data\hpatches\v_man\1.ppm,D:\桌面\IACV\Assigment1\data\hpatches\v_man\4.ppm,296,1780,758,0.4258426966292135,3.0,8.766222316036128,1780,296,220,76,758,0.1662921348314607,0.7432432432432432,0.12359550561797752,0.29023746701846964,0.4258426966292135,3.0,1.4530093512025675,1.3975154007886927,True,222,0.75,1.443732427960842,36.847560001478996,1.5603448043202353,nan,2048,2048,2097152,256,float32,1024,nan,2048,2048,2097152,nan,nan,nan,nan,32.76198000094155,0.24944685479322132,nan,nan,nan,nan,32.38640000054147,0.1329663551482674,superpoint,superpoint,superpoint,bf_ratio,0.8
hpatches,v_man,viewpoint,v_man_1_to_5,1,5,D:\桌面\IACV\Assigment1\data\hpatches\v_man\1.ppm,D:\桌面\IACV\Assigment1\data\hpatches\v_man\5.ppm,886,1832,774,0.42248908296943233,3.0,6.930396096798222,1832,885,518,367,774,0.48307860262008734,0.5853107344632769,0.2827510917030568,0.6692506459948321,0.42248908296943233,3.0,1.8605425910124427,1.923274029823478,True,557,0.628668171557562,1.4042839784435437,36.354980000760406,1.5672577126949239,nan,2048,2048,2097152,256,float32,1024,nan,2048,2048,2097152,nan,nan,nan,nan,32.76198000094155,0.24944685479322132,nan,nan,nan,nan,32.93199999752687,1.0333747058066978,superpoint,superpoint,superpoint,bf_ratio,0.8
hpatches,v_man,viewpoint,v_man_1_to_6,1,6,D:\桌面\IACV\Assigment1\data\hpatches\v_man\1.ppm,D:\桌面\IACV\Assigment1\data\hpatches\v_man\6.ppm,739,1918,866,0.45151199165797706,3.0,2.6875223684061993,1918,737,555,182,866,0.38425443169968715,0.7530529172320217,0.28936392075078204,0.640877598152425,0.45151199165797706,3.0,1.5189031306320921,1.4534111997865857,True,543,0.7347767253044655,1.4137500153070135,36.65977999771712,0.8318417241549257,nan,2048,2048,2097152,256,float32,1024,nan,2048,2048,2097152,nan,nan,nan,nan,32.76198000094155,0.24944685479322132,nan,nan,nan,nan,32.43624000024283,0.08161334558767934,superpoint,superpoint,superpoint,bf_ratio,0.8
hpatches,v_maskedman,viewpoint,v_maskedman_1_to_2,1,2,D:\桌面\IACV\Assigment1\data\hpatches\v_maskedman\1.ppm,D:\桌面\IACV\Assigment1\data\hpatches\v_maskedman\2.ppm,793,2016,1001,0.4965277777777778,3.0,2.3710912704235603,2016,793,702,91,1001,0.3933531746031746,0.8852459016393442,0.3482142857142857,0.7012987012987013,0.4965277777777778,3.0,1.235515884795059,1.1488072770978315,True,719,0.9066834804539723,1.1592567895987802,36.595700003090315,0.45207425515336497,nan,2048,2048,2097152,256,float32,1024,nan,2048,2048,2097152,nan,nan,nan,nan,17.697540001245216,0.26093117276282884,nan,nan,nan,nan,18.169219998526387,1.0821596549604038,superpoint,superpoint,superpoint,bf_ratio,0.8
hpatches,v_maskedman,viewpoint,v_maskedman_1_to_3,1,3,D:\桌面\IACV\Assigment1\data\hpatches\v_maskedman\1.ppm,D:\桌面\IACV\Assigment1\data\hpatches\v_maskedman\3.ppm,598,2023,803,0.39693524468610974,3.0,5.799817988947836,2023,598,506,92,803,0.29560059317844783,0.8461538461538461,0.25012357884330205,0.6301369863013698,0.39693524468610974,3.0,1.2116643682304453,1.0673058915666775,True,504,0.842809364548495,1.151115001569998,38.604020001366735,3.24724658822342,nan,2048,2048,2097152,256,float32,1024,nan,2048,2048,2097152,nan,nan,nan,nan,17.697540001245216,0.26093117276282884,nan,nan,nan,nan,17.722980001417454,0.39775787457470546,superpoint,superpoint,superpoint,bf_ratio,0.8
hpatches,v_maskedman,viewpoint,v_maskedman_1_to_4,1,4,D:\桌面\IACV\Assigment1\data\hpatches\v_maskedman\1.ppm,D:\桌面\IACV\Assigment1\data\hpatches\v_maskedman\4.ppm,773,1872,998,0.5331196581196581,3.0,5.979977143929705,1872,770,647,123,998,0.4113247863247863,0.8402597402597403,0.3456196581196581,0.6482965931863728,0.5331196581196581,3.0,1.349331250908665,1.27977269259705,True,683,0.8835705045278137,1.1502423092875602,38.899120000132825,1.8908714194024618,nan,2048,2048,2097152,256,float32,1024,nan,2048,2048,2097152,nan,nan,nan,nan,17.697540001245216,0.26093117276282884,nan,nan,nan,nan,17.322060000151396,0.19121350104044327,superpoint,superpoint,superpoint,bf_ratio,0.8
hpatches,v_maskedman,viewpoint,v_maskedman_1_to_5,1,5,D:\桌面\IACV\Assigment1\data\hpatches\v_maskedman\1.ppm,D:\桌面\IACV\Assigment1\data\hpatches\v_maskedman\5.ppm,923,1956,1104,0.5644171779141104,3.0,3.991776878013457,1956,923,803,120,1104,0.471881390593047,0.8699891657638137,0.4105316973415133,0.7273550724637681,0.5644171779141104,3.0,1.4584879733290235,1.4356982822506488,True,846,0.9165763813651138,1.1241483697542718,38.67904000071576,1.2397302667880155,nan,2048,2048,2097152,256,float32,1024,nan,2048,2048,2097152,nan,nan,nan,nan,17.697540001245216,0.26093117276282884,nan,nan,nan,nan,17.320100002689287,0.3092803060686807,superpoint,superpoint,superpoint,bf_ratio,0.8
hpatches,v_maskedman,viewpoint,v_maskedman_1_to_6,1,6,D:\桌面\IACV\Assigment1\data\hpatches\v_maskedman\1.ppm,D:\桌面\IACV\Assigment1\data\hpatches\v_maskedman\6.ppm,120,1882,418,0.22210414452709884,3.0,15.400708835521229,1882,120,85,35,418,0.06376195536663125,0.7083333333333334,0.04516471838469713,0.20334928229665072,0.22210414452709884,3.0,1.6286345766425239,1.6474881835919464,True,100,0.8333333333333334,1.2993635563634713,38.01976000104332,1.1280137749569155,nan,2048,2048,2097152,256,float32,1024,nan,2048,2048,2097152,nan,nan,nan,nan,17.697540001245216,0.26093117276282884,nan,nan,nan,nan,17.54901999811409,0.1503754576717342,superpoint,superpoint,superpoint,bf_ratio,0.8
hpatches,v_pomegranate,viewpoint,v_pomegranate_1_to_2,1,2,D:\桌面\IACV\Assigment1\data\hpatches\v_pomegranate\1.ppm,D:\桌面\IACV\Assigment1\data\hpatches\v_pomegranate\2.ppm,993,1968,836,0.4247967479674797,3.0,3.1172853359580754,1968,993,692,301,836,0.5045731707317073,0.6968781470292045,0.3516260162601626,0.8277511961722488,0.4247967479674797,3.0,1.754350119002847,1.77784026179931,True,637,0.6414904330312186,1.5036558700783085,36.759179999353364,1.129789119994198,nan,2048,2048,2097152,256,float32,1024,nan,2048,2048,2097152,nan,nan,nan,nan,33.79757999937283,0.132729414783631,nan,nan,nan,nan,32.45539999770699,0.10307630057941684,superpoint,superpoint,superpoint,bf_ratio,0.8
hpatches,v_pomegranate,viewpoint,v_pomegranate_1_to_3,1,3,D:\桌面\IACV\Assigment1\data\hpatches\v_pomegranate\1.ppm,D:\桌面\IACV\Assigment1\data\hpatches\v_pomegranate\3.ppm,828,2047,791,0.38641914997557403,3.0,8.126561126362166,2047,828,495,333,791,0.4044943820224719,0.5978260869565217,0.2418172936003908,0.6257901390644753,0.38641914997557403,3.0,1.684670323673068,1.6389559566791347,True,449,0.5422705314009661,1.5919720840699563,37.1294200012926,1.9865179041843097,nan,2048,2048,2097152,256,float32,1024,nan,2048,2048,2097152,nan,nan,nan,nan,33.79757999937283,0.132729414783631,nan,nan,nan,nan,32.28357999905711,0.3968728635923028,superpoint,superpoint,superpoint,bf_ratio,0.8
hpatches,v_pomegranate,viewpoint,v_pomegranate_1_to_4,1,4,D:\桌面\IACV\Assigment1\data\hpatches\v_pomegranate\1.ppm,D:\桌面\IACV\Assigment1\data\hpatches\v_pomegranate\4.ppm,919,2048,987,0.48193359375,3.0,3.20156881317409,2048,919,724,195,987,0.44873046875,0.7878128400435256,0.353515625,0.7335359675785208,0.48193359375,3.0,1.4739147384002202,1.4040443823629172,True,659,0.7170837867247007,1.4585326424211424,37.95689999969909,1.492180331487125,nan,2048,2048,2097152,256,float32,1024,nan,2048,2048,2097152,nan,nan,nan,nan,33.79757999937283,0.132729414783631,nan,nan,nan,nan,32.17288000014378,0.2592224392870737,superpoint,superpoint,superpoint,bf_ratio,0.8
hpatches,v_pomegranate,viewpoint,v_pomegranate_1_to_5,1,5,D:\桌面\IACV\Assigment1\data\hpatches\v_pomegranate\1.ppm,D:\桌面\IACV\Assigment1\data\hpatches\v_pomegranate\5.ppm,906,2038,884,0.4337585868498528,3.0,4.240723446865003,2038,906,683,223,884,0.4445534838076546,0.7538631346578366,0.3351324828263003,0.7726244343891403,0.4337585868498528,3.0,1.6452308269291516,1.6324072314889007,True,662,0.7306843267108167,1.6613154134624322,38.19280000170693,1.1512772397028332,nan,2048,2048,2097152,256,float32,1024,nan,2048,2048,2097152,nan,nan,nan,nan,33.79757999937283,0.132729414783631,nan,nan,nan,nan,32.63534000143409,0.16606695694763718,superpoint,superpoint,superpoint,bf_ratio,0.8
hpatches,v_pomegranate,viewpoint,v_pomegranate_1_to_6,1,6,D:\桌面\IACV\Assigment1\data\hpatches\v_pomegranate\1.ppm,D:\桌面\IACV\Assigment1\data\hpatches\v_pomegranate\6.ppm,983,2039,952,0.4668955370279549,3.0,2.9551793745115145,2039,983,770,213,952,0.4820990681706719,0.7833163784333672,0.37763609612555177,0.8088235294117647,0.4668955370279549,3.0,1.5414049708436843,1.541204423550357,True,684,0.6958290946083419,1.5468549579355007,36.816840001847595,0.4352844533802786,nan,2048,2048,2097152,256,float32,1024,nan,2048,2048,2097152,nan,nan,nan,nan,33.79757999937283,0.132729414783631,nan,nan,nan,nan,32.566859998041764,0.3754883400261691,superpoint,superpoint,superpoint,bf_ratio,0.8
hpatches,v_posters,viewpoint,v_posters_1_to_2,1,2,D:\桌面\IACV\Assigment1\data\hpatches\v_posters\1.ppm,D:\桌面\IACV\Assigment1\data\hpatches\v_posters\2.ppm,48,2048,395,0.19287109375,3.0,2.178869524694185,2048,48,25,23,395,0.0234375,0.5208333333333334,0.01220703125,0.06329113924050633,0.19287109375,3.0,1.1842344675460788,1.005516079942348,True,26,0.5416666666666666,1.2107955533716568,37.633239998831414,0.771730183818281,nan,2048,2048,2097152,256,float32,1024,nan,2048,2048,2097152,nan,nan,nan,nan,48.8379000016721,0.3627943781504719,nan,nan,nan,nan,24.259039999742527,0.18301052042500637,superpoint,superpoint,superpoint,bf_ratio,0.8
hpatches,v_posters,viewpoint,v_posters_1_to_3,1,3,D:\桌面\IACV\Assigment1\data\hpatches\v_posters\1.ppm,D:\桌面\IACV\Assigment1\data\hpatches\v_posters\3.ppm,173,2046,592,0.28934506353861195,3.0,2.3275343637173576,2046,173,140,33,592,0.08455522971652003,0.8092485549132948,0.06842619745845552,0.23648648648648649,0.28934506353861195,3.0,1.192639336284383,1.125159014428142,True,146,0.8439306358381503,1.0530936206452608,37.86694000009447,0.7365693897171555,nan,2048,2048,2097152,256,float32,1024,nan,2048,2048,2097152,nan,nan,nan,nan,48.8379000016721,0.3627943781504719,nan,nan,nan,nan,24.541279999539256,0.09395867792995137,superpoint,superpoint,superpoint,bf_ratio,0.8
hpatches,v_posters,viewpoint,v_posters_1_to_4,1,4,D:\桌面\IACV\Assigment1\data\hpatches\v_posters\1.ppm,D:\桌面\IACV\Assigment1\data\hpatches\v_posters\4.ppm,58,2048,552,0.26953125,3.0,0.7907322843824943,2048,58,37,21,552,0.0283203125,0.6379310344827587,0.01806640625,0.06702898550724638,0.26953125,3.0,0.8418296704657195,0.8513770226532681,True,37,0.6379310344827587,0.7645854525251378,35.71158000122523,0.5478241133203001,nan,2048,2048,2097152,256,float32,1024,nan,2048,2048,2097152,nan,nan,nan,nan,48.8379000016721,0.3627943781504719,nan,nan,nan,nan,24.413200000708457,0.30592089039025916,superpoint,superpoint,superpoint,bf_ratio,0.8
hpatches,v_posters,viewpoint,v_posters_1_to_5,1,5,D:\桌面\IACV\Assigment1\data\hpatches\v_posters\1.ppm,D:\桌面\IACV\Assigment1\data\hpatches\v_posters\5.ppm,189,1978,487,0.2462082912032356,3.0,4.793035503751501,1978,179,130,49,487,0.09049544994944388,0.7262569832402235,0.06572295247724974,0.2669404517453799,0.2462082912032356,3.0,1.4584254798962548,1.4751664436773715,True,148,0.783068783068783,1.07083593336309,37.46178000001237,1.1040434891212745,nan,2048,2048,2097152,256,float32,1024,nan,2048,2048,2097152,nan,nan,nan,nan,48.8379000016721,0.3627943781504719,nan,nan,nan,nan,24.06831999978749,0.186747257408348,superpoint,superpoint,superpoint,bf_ratio,0.8
hpatches,v_posters,viewpoint,v_posters_1_to_6,1,6,D:\桌面\IACV\Assigment1\data\hpatches\v_posters\1.ppm,D:\桌面\IACV\Assigment1\data\hpatches\v_posters\6.ppm,219,1924,434,0.22557172557172558,3.0,5.532651351165199,1924,218,124,94,434,0.11330561330561331,0.5688073394495413,0.06444906444906445,0.2857142857142857,0.22557172557172558,3.0,1.2681739434308041,1.105007069795753,True,147,0.6712328767123288,1.4349144480789633,36.92207999993116,1.222490092150187,nan,2048,2048,2097152,256,float32,1024,nan,2048,2048,2097152,nan,nan,nan,nan,48.8379000016721,0.3627943781504719,nan,nan,nan,nan,24.37173999933293,0.12985729981123126,superpoint,superpoint,superpoint,bf_ratio,0.8
hpatches,v_samples,viewpoint,v_samples_1_to_2,1,2,D:\桌面\IACV\Assigment1\data\hpatches\v_samples\1.ppm,D:\桌面\IACV\Assigment1\data\hpatches\v_samples\2.ppm,1014,2048,1349,0.65869140625,3.0,0.646850108521342,2048,1014,970,44,1349,0.4951171875,0.9566074950690335,0.4736328125,0.7190511489992587,0.65869140625,3.0,0.9808356601845046,0.8864414769229841,True,965,0.9516765285996055,0.9893674894372119,36.14925999863772,1.3040484287723522,nan,2048,2048,2097152,256,float32,1024,nan,2048,2048,2097152,nan,nan,nan,nan,44.38951999763958,0.1573208875221115,nan,nan,nan,nan,32.43065999704413,0.15157549509057622,superpoint,superpoint,superpoint,bf_ratio,0.8
hpatches,v_samples,viewpoint,v_samples_1_to_3,1,3,D:\桌面\IACV\Assigment1\data\hpatches\v_samples\1.ppm,D:\桌面\IACV\Assigment1\data\hpatches\v_samples\3.ppm,1228,2033,1423,0.6999508116084604,3.0,1.054446318771568,2033,1228,1175,53,1423,0.6040334481062469,0.9568403908794788,0.5779636005902608,0.825720309205903,0.6999508116084604,3.0,1.0461988509408153,0.9547353641642722,True,1169,0.9519543973941368,1.0510333480131133,37.972240000090096,0.8553743078913643,nan,2048,2048,2097152,256,float32,1024,nan,2048,2048,2097152,nan,nan,nan,nan,44.38951999763958,0.1573208875221115,nan,nan,nan,nan,32.523279999441,0.12950949410711837,superpoint,superpoint,superpoint,bf_ratio,0.8
hpatches,v_samples,viewpoint,v_samples_1_to_4,1,4,D:\桌面\IACV\Assigment1\data\hpatches\v_samples\1.ppm,D:\桌面\IACV\Assigment1\data\hpatches\v_samples\4.ppm,734,2032,1217,0.5989173228346457,3.0,0.40348735015509535,2032,734,689,45,1217,0.3612204724409449,0.9386920980926431,0.3390748031496063,0.5661462612982745,0.5989173228346457,3.0,1.0784134094811255,0.9888946824755195,True,690,0.9400544959128065,1.0881906711381397,37.290760000178125,0.8655630751029871,nan,2048,2048,2097152,256,float32,1024,nan,2048,2048,2097152,nan,nan,nan,nan,44.38951999763958,0.1573208875221115,nan,nan,nan,nan,32.35166000231402,0.19354356183977117,superpoint,superpoint,superpoint,bf_ratio,0.8
hpatches,v_samples,viewpoint,v_samples_1_to_5,1,5,D:\桌面\IACV\Assigment1\data\hpatches\v_samples\1.ppm,D:\桌面\IACV\Assigment1\data\hpatches\v_samples\5.ppm,1005,1983,1362,0.686838124054463,3.0,0.6886210441833618,1983,1004,960,44,1362,0.5063035804336863,0.9561752988047809,0.48411497730711045,0.7048458149779736,0.686838124054463,3.0,1.0226625914218697,0.9166899847075638,True,958,0.9532338308457712,0.9954571439052485,37.29025999928126,1.0241838987344731,nan,2048,2048,2097152,256,float32,1024,nan,2048,2048,2097152,nan,nan,nan,nan,44.38951999763958,0.1573208875221115,nan,nan,nan,nan,32.376460000523366,0.2320087040037327,superpoint,superpoint,superpoint,bf_ratio,0.8
hpatches,v_samples,viewpoint,v_samples_1_to_6,1,6,D:\桌面\IACV\Assigment1\data\hpatches\v_samples\1.ppm,D:\桌面\IACV\Assigment1\data\hpatches\v_samples\6.ppm,697,2009,1201,0.5978098556495769,3.0,0.9379963716223163,2009,697,647,50,1201,0.3469387755102041,0.9282639885222381,0.32205077152812345,0.5387177352206495,0.5978098556495769,3.0,1.1014063015814919,1.0133332589057478,True,644,0.9239598278335724,1.1214400432453067,38.5679800005164,0.9691095794986054,nan,2048,2048,2097152,256,float32,1024,nan,2048,2048,2097152,nan,nan,nan,nan,44.38951999763958,0.1573208875221115,nan,nan,nan,nan,32.343040002160706,0.1524547590974524,superpoint,superpoint,superpoint,bf_ratio,0.8
hpatches,v_soldiers,viewpoint,v_soldiers_1_to_2,1,2,D:\桌面\IACV\Assigment1\data\hpatches\v_soldiers\1.ppm,D:\桌面\IACV\Assigment1\data\hpatches\v_soldiers\2.ppm,804,1829,941,0.5144887916894478,3.0,1.22877809088937,1829,804,636,168,941,0.4395844723892838,0.7910447761194029,0.3477310005467469,0.6758767268862912,0.5144887916894478,3.0,1.459675473202423,1.377552840500515,True,631,0.7848258706467661,1.4815393783374473,37.64124000008451,1.1028957966355228,nan,2048,2048,2097152,256,float32,1024,nan,2048,2048,2097152,nan,nan,nan,nan,32.33804000046803,0.2280106733811796,nan,nan,nan,nan,32.85170000017388,0.8189241219050984,superpoint,superpoint,superpoint,bf_ratio,0.8
hpatches,v_soldiers,viewpoint,v_soldiers_1_to_3,1,3,D:\桌面\IACV\Assigment1\data\hpatches\v_soldiers\1.ppm,D:\桌面\IACV\Assigment1\data\hpatches\v_soldiers\3.ppm,412,1822,764,0.41931942919868276,3.0,11.651075146633318,1822,412,325,87,764,0.2261251372118551,0.7888349514563107,0.1783754116355653,0.42539267015706805,0.41931942919868276,3.0,1.4739810886837392,1.3959097135772565,True,310,0.7524271844660194,1.4732695050052722,37.957199999073055,1.1706931534081342,nan,2048,2048,2097152,256,float32,1024,nan,2048,2048,2097152,nan,nan,nan,nan,32.33804000046803,0.2280106733811796,nan,nan,nan,nan,32.52671999798622,0.25797470002755934,superpoint,superpoint,superpoint,bf_ratio,0.8
hpatches,v_soldiers,viewpoint,v_soldiers_1_to_4,1,4,D:\桌面\IACV\Assigment1\data\hpatches\v_soldiers\1.ppm,D:\桌面\IACV\Assigment1\data\hpatches\v_soldiers\4.ppm,278,1750,629,0.35942857142857143,3.0,27.78593290112077,1750,278,220,58,629,0.15885714285714286,0.7913669064748201,0.12571428571428572,0.3497615262321145,0.35942857142857143,3.0,1.3548558709254808,1.3068211822717317,True,192,0.6906474820143885,1.31463443832202,38.409959999262355,0.8592803932418183,nan,2048,2048,2097152,256,float32,1024,nan,2048,2048,2097152,nan,nan,nan,nan,32.33804000046803,0.2280106733811796,nan,nan,nan,nan,32.40565999876708,0.23382448801401728,superpoint,superpoint,superpoint,bf_ratio,0.8
hpatches,v_soldiers,viewpoint,v_soldiers_1_to_5,1,5,D:\桌面\IACV\Assigment1\data\hpatches\v_soldiers\1.ppm,D:\桌面\IACV\Assigment1\data\hpatches\v_soldiers\5.ppm,180,1244,483,0.3882636655948553,3.0,9.539845435955854,1244,178,142,36,483,0.14308681672025725,0.797752808988764,0.11414790996784566,0.2939958592132505,0.3882636655948553,3.0,1.4578874214502893,1.4436749877836625,True,139,0.7722222222222223,1.4012072590406792,38.857340000686236,0.7358411242871524,nan,2048,2048,2097152,256,float32,1024,nan,2048,2048,2097152,nan,nan,nan,nan,32.33804000046803,0.2280106733811796,nan,nan,nan,nan,32.67335999989882,0.3529633103561602,superpoint,superpoint,superpoint,bf_ratio,0.8
hpatches,v_soldiers,viewpoint,v_soldiers_1_to_6,1,6,D:\桌面\IACV\Assigment1\data\hpatches\v_soldiers\1.ppm,D:\桌面\IACV\Assigment1\data\hpatches\v_soldiers\6.ppm,632,2009,883,0.439522150323544,3.0,2.379444753189916,2009,632,542,90,883,0.31458437033349923,0.8575949367088608,0.2697859631657541,0.6138165345413363,0.439522150323544,3.0,1.3697997786577059,1.2779795812063088,True,532,0.8417721518987342,1.3862243261869565,38.26314000034472,1.155238673475066,nan,2048,2048,2097152,256,float32,1024,nan,2048,2048,2097152,nan,nan,nan,nan,32.33804000046803,0.2280106733811796,nan,nan,nan,nan,32.58361999760382,0.17544350009014661,superpoint,superpoint,superpoint,bf_ratio,0.8
hpatches,v_strand,viewpoint,v_strand_1_to_2,1,2,D:\桌面\IACV\Assigment1\data\hpatches\v_strand\1.ppm,D:\桌面\IACV\Assigment1\data\hpatches\v_strand\2.ppm,1597,2002,1676,0.8371628371628371,3.0,0.4028707050479216,2002,1596,1561,35,1676,0.7972027972027972,0.9780701754385965,0.7797202797202797,0.9313842482100239,0.8371628371628371,3.0,0.8529463850414342,0.7523143619055561,True,1559,0.976205385097057,0.8618147091652867,38.29370000021299,1.598010062679963,nan,2048,2048,2097152,256,float32,1024,nan,2048,2048,2097152,nan,nan,nan,nan,32.53293999878224,0.21735395780882472,nan,nan,nan,nan,32.54596000042511,0.29288538076783815,superpoint,superpoint,superpoint,bf_ratio,0.8
hpatches,v_strand,viewpoint,v_strand_1_to_3,1,3,D:\桌面\IACV\Assigment1\data\hpatches\v_strand\1.ppm,D:\桌面\IACV\Assigment1\data\hpatches\v_strand\3.ppm,1104,1968,1022,0.5193089430894309,3.0,3.7104865259183217,1968,1102,763,339,1022,0.5599593495934959,0.6923774954627949,0.3877032520325203,0.7465753424657534,0.5193089430894309,3.0,1.617917663670785,1.5856556178704329,True,760,0.6884057971014492,1.4821876148102207,36.72099999967031,0.8994640531398304,nan,2048,2048,2097152,256,float32,1024,nan,2048,2048,2097152,nan,nan,nan,nan,32.53293999878224,0.21735395780882472,nan,nan,nan,nan,32.66846000042278,0.16181173862250833,superpoint,superpoint,superpoint,bf_ratio,0.8
hpatches,v_strand,viewpoint,v_strand_1_to_4,1,4,D:\桌面\IACV\Assigment1\data\hpatches\v_strand\1.ppm,D:\桌面\IACV\Assigment1\data\hpatches\v_strand\4.ppm,1006,1933,914,0.47284014485256076,3.0,8.683193921294524,1933,1006,737,269,914,0.520434557682359,0.7326043737574552,0.3812726332126229,0.8063457330415755,0.47284014485256076,3.0,1.690436827821581,1.707766111078165,True,749,0.7445328031809145,1.552421731939828,38.09720000135712,1.0226053079866435,nan,2048,2048,2097152,256,float32,1024,nan,2048,2048,2097152,nan,nan,nan,nan,32.53293999878224,0.21735395780882472,nan,nan,nan,nan,32.55498000071384,0.19458063004466464,superpoint,superpoint,superpoint,bf_ratio,0.8
hpatches,v_strand,viewpoint,v_strand_1_to_5,1,5,D:\桌面\IACV\Assigment1\data\hpatches\v_strand\1.ppm,D:\桌面\IACV\Assigment1\data\hpatches\v_strand\5.ppm,1138,1980,882,0.44545454545454544,3.0,5.6963385432201505,1980,1134,726,408,882,0.5727272727272728,0.6402116402116402,0.36666666666666664,0.8231292517006803,0.44545454545454544,3.0,1.6695742059590972,1.6531974582708404,True,796,0.6994727592267135,1.2955075875535147,36.5055600006599,0.9268341592134279,nan,2048,2048,2097152,256,float32,1024,nan,2048,2048,2097152,nan,nan,nan,nan,32.53293999878224,0.21735395780882472,nan,nan,nan,nan,32.38091999955941,0.17026952063295378,superpoint,superpoint,superpoint,bf_ratio,0.8
hpatches,v_strand,viewpoint,v_strand_1_to_6,1,6,D:\桌面\IACV\Assigment1\data\hpatches\v_strand\1.ppm,D:\桌面\IACV\Assigment1\data\hpatches\v_strand\6.ppm,707,2014,797,0.3957298907646475,3.0,8.794733970586613,2014,707,436,271,797,0.3510427010923535,0.6166902404526167,0.21648460774577954,0.5470514429109159,0.3957298907646475,3.0,1.760294642683813,1.7924623792616425,True,463,0.6548797736916548,1.503596038442461,37.00838000077056,0.7227726103086279,nan,2048,2048,2097152,256,float32,1024,nan,2048,2048,2097152,nan,nan,nan,nan,32.53293999878224,0.21735395780882472,nan,nan,nan,nan,32.45760000136215,0.20122022816536955,superpoint,superpoint,superpoint,bf_ratio,0.8
hpatches,v_sunseason,viewpoint,v_sunseason_1_to_2,1,2,D:\桌面\IACV\Assigment1\data\hpatches\v_sunseason\1.ppm,D:\桌面\IACV\Assigment1\data\hpatches\v_sunseason\2.ppm,1402,2044,1486,0.7270058708414873,3.0,0.06630634121741481,2044,1402,1340,62,1486,0.6859099804305284,0.9557774607703281,0.6555772994129159,0.901749663526245,0.7270058708414873,3.0,0.5859389093182406,0.5513412271156768,True,1340,0.9557774607703281,0.5855819019812769,37.114060000749305,1.2746893497784395,nan,2048,2048,2097152,256,float32,1024,nan,2048,2048,2097152,nan,nan,nan,nan,40.4839799986803,0.39218147024252914,nan,nan,nan,nan,40.318600001046434,0.07028604303274405,superpoint,superpoint,superpoint,bf_ratio,0.8
hpatches,v_sunseason,viewpoint,v_sunseason_1_to_3,1,3,D:\桌面\IACV\Assigment1\data\hpatches\v_sunseason\1.ppm,D:\桌面\IACV\Assigment1\data\hpatches\v_sunseason\3.ppm,813,2008,1200,0.5976095617529881,3.0,0.5803355069440549,2008,810,739,71,1200,0.4033864541832669,0.9123456790123456,0.36802788844621515,0.6158333333333333,0.5976095617529881,3.0,0.671188510724318,0.63337857115974,True,739,0.9089790897908979,0.6595770188283844,36.79301999945892,1.1710747009136615,nan,2048,2048,2097152,256,float32,1024,nan,2048,2048,2097152,nan,nan,nan,nan,40.4839799986803,0.39218147024252914,nan,nan,nan,nan,40.317559997492936,0.22559310788604284,superpoint,superpoint,superpoint,bf_ratio,0.8
hpatches,v_sunseason,viewpoint,v_sunseason_1_to_4,1,4,D:\桌面\IACV\Assigment1\data\hpatches\v_sunseason\1.ppm,D:\桌面\IACV\Assigment1\data\hpatches\v_sunseason\4.ppm,274,2017,613,0.3039167079821517,3.0,1.5464855982182155,2017,273,229,44,613,0.1353495290034705,0.8388278388278388,0.11353495290034706,0.3735725938009788,0.3039167079821517,3.0,0.9349671663081558,0.8084790432801046,True,229,0.8357664233576643,0.8787018275760866,37.912760001199786,0.8212450927216948,nan,2048,2048,2097152,256,float32,1024,nan,2048,2048,2097152,nan,nan,nan,nan,40.4839799986803,0.39218147024252914,nan,nan,nan,nan,40.57650000031572,0.23416092688336557,superpoint,superpoint,superpoint,bf_ratio,0.8
hpatches,v_sunseason,viewpoint,v_sunseason_1_to_5,1,5,D:\桌面\IACV\Assigment1\data\hpatches\v_sunseason\1.ppm,D:\桌面\IACV\Assigment1\data\hpatches\v_sunseason\5.ppm,205,1961,503,0.2565017848036716,3.0,7.4925676148194995,1961,203,156,47,503,0.10351861295257522,0.7684729064039408,0.07955124936257012,0.3101391650099404,0.2565017848036716,3.0,1.1713923781486029,1.1076106762445124,True,157,0.7658536585365854,1.1614867348509663,36.292719999619294,0.9721537727915361,nan,2048,2048,2097152,256,float32,1024,nan,2048,2048,2097152,nan,nan,nan,nan,40.4839799986803,0.39218147024252914,nan,nan,nan,nan,40.39277999982005,0.5587412469515237,superpoint,superpoint,superpoint,bf_ratio,0.8
hpatches,v_sunseason,viewpoint,v_sunseason_1_to_6,1,6,D:\桌面\IACV\Assigment1\data\hpatches\v_sunseason\1.ppm,D:\桌面\IACV\Assigment1\data\hpatches\v_sunseason\6.ppm,117,1936,396,0.20454545454545456,3.0,6.704040495095523,1936,110,78,32,396,0.056818181818181816,0.7090909090909091,0.040289256198347105,0.19696969696969696,0.20454545454545456,3.0,1.2848410202035017,1.1473816311305787,True,78,0.6666666666666666,1.0296565247426317,36.32247999921674,0.9484629189815683,nan,2048,2048,2097152,256,float32,1024,nan,2048,2048,2097152,nan,nan,nan,nan,40.4839799986803,0.39218147024252914,nan,nan,nan,nan,40.71362000104273,0.11084341075924747,superpoint,superpoint,superpoint,bf_ratio,0.8
hpatches,v_tabletop,viewpoint,v_tabletop_1_to_2,1,2,D:\桌面\IACV\Assigment1\data\hpatches\v_tabletop\1.ppm,D:\桌面\IACV\Assigment1\data\hpatches\v_tabletop\2.ppm,1051,1544,1103,0.7143782383419689,3.0,2.1621297545161893,1544,1049,1022,27,1103,0.6794041450777202,0.9742612011439467,0.6619170984455959,0.9265639165911151,0.7143782383419689,3.0,1.2278074541007402,1.1363421241304095,True,999,0.950523311132255,1.1665368461278711,36.709619997418486,1.0150817386620765,nan,2048,2048,2097152,256,float32,1024,nan,2048,2048,2097152,nan,nan,nan,nan,25.352879999263678,0.3077548789256598,nan,nan,nan,nan,25.259739998728037,0.23805418495650119,superpoint,superpoint,superpoint,bf_ratio,0.8
hpatches,v_tabletop,viewpoint,v_tabletop_1_to_3,1,3,D:\桌面\IACV\Assigment1\data\hpatches\v_tabletop\1.ppm,D:\桌面\IACV\Assigment1\data\hpatches\v_tabletop\3.ppm,70,1924,792,0.41164241164241167,3.0,5.33273763690564,1924,68,36,32,792,0.035343035343035345,0.5294117647058824,0.018711018711018712,0.045454545454545456,0.41164241164241167,3.0,1.379045945984471,1.2281714845253004,True,38,0.5428571428571428,1.376631470143576,38.673260001814924,1.2897368396084972,nan,2048,2048,2097152,256,float32,1024,nan,2048,2048,2097152,nan,nan,nan,nan,25.352879999263678,0.3077548789256598,nan,nan,nan,nan,25.41229999915231,0.19791393045143846,superpoint,superpoint,superpoint,bf_ratio,0.8
hpatches,v_tabletop,viewpoint,v_tabletop_1_to_4,1,4,D:\桌面\IACV\Assigment1\data\hpatches\v_tabletop\1.ppm,D:\桌面\IACV\Assigment1\data\hpatches\v_tabletop\4.ppm,96,1763,768,0.4356211003970505,3.0,5.820668386206475,1763,92,67,25,768,0.052183777651730004,0.7282608695652174,0.03800340328984685,0.08723958333333333,0.4356211003970505,3.0,1.3696593038691192,1.2943503297824588,True,63,0.65625,1.0943302916627557,38.4552999981679,0.5368881630727416,nan,2048,2048,2097152,256,float32,1024,nan,2048,2048,2097152,nan,nan,nan,nan,25.352879999263678,0.3077548789256598,nan,nan,nan,nan,24.90607999789063,0.4311061090042025,superpoint,superpoint,superpoint,bf_ratio,0.8
hpatches,v_tabletop,viewpoint,v_tabletop_1_to_5,1,5,D:\桌面\IACV\Assigment1\data\hpatches\v_tabletop\1.ppm,D:\桌面\IACV\Assigment1\data\hpatches\v_tabletop\5.ppm,172,1885,745,0.3952254641909814,3.0,1.8985586629300035,1885,170,138,32,745,0.09018567639257294,0.8117647058823529,0.07320954907161804,0.18523489932885906,0.3952254641909814,3.0,1.1918450114124832,1.0554682724086524,True,136,0.7906976744186046,1.1388023636322053,39.15809999889461,1.4367172835207676,nan,2048,2048,2097152,256,float32,1024,nan,2048,2048,2097152,nan,nan,nan,nan,25.352879999263678,0.3077548789256598,nan,nan,nan,nan,25.328420000732876,0.09526299037459802,superpoint,superpoint,superpoint,bf_ratio,0.8
hpatches,v_tabletop,viewpoint,v_tabletop_1_to_6,1,6,D:\桌面\IACV\Assigment1\data\hpatches\v_tabletop\1.ppm,D:\桌面\IACV\Assigment1\data\hpatches\v_tabletop\6.ppm,191,1826,773,0.42332968236582696,3.0,3.1863123312817665,1826,184,150,34,773,0.10076670317634173,0.8152173913043478,0.08214676889375684,0.19404915912031048,0.42332968236582696,3.0,1.3251111877054662,1.2206182695000451,True,138,0.7225130890052356,1.1377682818938117,37.325619999319315,0.9505246676925454,nan,2048,2048,2097152,256,float32,1024,nan,2048,2048,2097152,nan,nan,nan,nan,25.352879999263678,0.3077548789256598,nan,nan,nan,nan,25.31728000030853,0.3980027585081493,superpoint,superpoint,superpoint,bf_ratio,0.8
hpatches,v_talent,viewpoint,v_talent_1_to_2,1,2,D:\桌面\IACV\Assigment1\data\hpatches\v_talent\1.ppm,D:\桌面\IACV\Assigment1\data\hpatches\v_talent\2.ppm,323,2048,858,0.4189453125,3.0,8.70342980024705,2048,323,271,52,858,0.15771484375,0.8390092879256966,0.13232421875,0.31585081585081587,0.4189453125,3.0,1.1014685926306786,1.0057022992067437,True,255,0.7894736842105263,0.9319608248593602,36.475559999234974,1.6750017111543831,nan,2048,2048,2097152,256,float32,1024,nan,2048,2048,2097152,nan,nan,nan,nan,54.71835999924224,0.2243367890192466,nan,nan,nan,nan,26.396799998474307,0.16567224071728165,superpoint,superpoint,superpoint,bf_ratio,0.8
hpatches,v_talent,viewpoint,v_talent_1_to_3,1,3,D:\桌面\IACV\Assigment1\data\hpatches\v_talent\1.ppm,D:\桌面\IACV\Assigment1\data\hpatches\v_talent\3.ppm,384,2048,844,0.412109375,3.0,3.768316129291791,2048,384,301,83,844,0.1875,0.7838541666666666,0.14697265625,0.3566350710900474,0.412109375,3.0,1.0475397871634788,0.9456757302892207,True,300,0.78125,0.7696120981757704,38.017459999537095,0.8588742832381326,nan,2048,2048,2097152,256,float32,1024,nan,2048,2048,2097152,nan,nan,nan,nan,54.71835999924224,0.2243367890192466,nan,nan,nan,nan,26.61927999870386,0.26281974956429394,superpoint,superpoint,superpoint,bf_ratio,0.8
hpatches,v_talent,viewpoint,v_talent_1_to_4,1,4,D:\桌面\IACV\Assigment1\data\hpatches\v_talent\1.ppm,D:\桌面\IACV\Assigment1\data\hpatches\v_talent\4.ppm,259,2048,673,0.32861328125,3.0,4.4867896354538495,2048,259,208,51,673,0.12646484375,0.803088803088803,0.1015625,0.30906389301634474,0.32861328125,3.0,1.160769070240224,1.0939756338951705,True,207,0.7992277992277992,0.875877137384697,37.11238000105368,0.5422819339403703,nan,2048,2048,2097152,256,float32,1024,nan,2048,2048,2097152,nan,nan,nan,nan,54.71835999924224,0.2243367890192466,nan,nan,nan,nan,26.341520001005847,0.29203978123399105,superpoint,superpoint,superpoint,bf_ratio,0.8
hpatches,v_talent,viewpoint,v_talent_1_to_5,1,5,D:\桌面\IACV\Assigment1\data\hpatches\v_talent\1.ppm,D:\桌面\IACV\Assigment1\data\hpatches\v_talent\5.ppm,164,1993,528,0.26492724535875567,3.0,2.5804307016227344,1993,164,123,41,528,0.08228800802809834,0.75,0.06171600602107376,0.23295454545454544,0.26492724535875567,3.0,1.3129931223757563,1.221481404596305,True,135,0.823170731707317,1.0315932000878523,35.07930000196211,1.8509809201102247,nan,2048,2048,2097152,256,float32,1024,nan,2048,2048,2097152,nan,nan,nan,nan,54.71835999924224,0.2243367890192466,nan,nan,nan,nan,26.408260001335293,0.28134673748702144,superpoint,superpoint,superpoint,bf_ratio,0.8
hpatches,v_talent,viewpoint,v_talent_1_to_6,1,6,D:\桌面\IACV\Assigment1\data\hpatches\v_talent\1.ppm,D:\桌面\IACV\Assigment1\data\hpatches\v_talent\6.ppm,419,2003,840,0.41937094358462307,3.0,2.322113648677473,2003,418,377,41,840,0.20868696954568147,0.9019138755980861,0.18821767348976534,0.4488095238095238,0.41937094358462307,3.0,1.0520183881194034,0.9081313771171203,True,380,0.9069212410501193,0.9616108625638264,36.574260001361836,1.625277361249521,nan,2048,2048,2097152,256,float32,1024,nan,2048,2048,2097152,nan,nan,nan,nan,54.71835999924224,0.2243367890192466,nan,nan,nan,nan,26.00898000091547,0.21117667020810083,superpoint,superpoint,superpoint,bf_ratio,0.8
hpatches,v_tempera,viewpoint,v_tempera_1_to_2,1,2,D:\桌面\IACV\Assigment1\data\hpatches\v_tempera\1.ppm,D:\桌面\IACV\Assigment1\data\hpatches\v_tempera\2.ppm,1068,2048,1239,0.60498046875,3.0,0.27847145916773086,2048,1068,987,81,1239,0.521484375,0.9241573033707865,0.48193359375,0.7966101694915254,0.60498046875,3.0,1.0027132294595482,0.8714697570554114,True,986,0.9232209737827716,1.0005401537807483,36.65723999874899,0.7966856261958153,nan,2048,2048,2097152,256,float32,1024,nan,2048,2048,2097152,nan,nan,nan,nan,25.314000000071246,0.21371995615784997,nan,nan,nan,nan,25.138220003282186,0.2644845810402594,superpoint,superpoint,superpoint,bf_ratio,0.8
hpatches,v_tempera,viewpoint,v_tempera_1_to_3,1,3,D:\桌面\IACV\Assigment1\data\hpatches\v_tempera\1.ppm,D:\桌面\IACV\Assigment1\data\hpatches\v_tempera\3.ppm,979,2019,1216,0.6022783556215948,3.0,0.4449589611912818,2019,979,887,92,1216,0.48489351163942546,0.906026557711951,0.4393263992075285,0.7294407894736842,0.6022783556215948,3.0,1.1141172440418712,0.9916413632524324,True,886,0.9050051072522982,1.1044113330250074,36.90759999881266,1.5859104526113228,nan,2048,2048,2097152,256,float32,1024,nan,2048,2048,2097152,nan,nan,nan,nan,25.314000000071246,0.21371995615784997,nan,nan,nan,nan,25.137240000185557,0.36891557341550785,superpoint,superpoint,superpoint,bf_ratio,0.8
hpatches,v_tempera,viewpoint,v_tempera_1_to_4,1,4,D:\桌面\IACV\Assigment1\data\hpatches\v_tempera\1.ppm,D:\桌面\IACV\Assigment1\data\hpatches\v_tempera\4.ppm,797,2048,1170,0.5712890625,3.0,0.393941284766709,2048,797,740,57,1170,0.38916015625,0.9284818067754078,0.361328125,0.6324786324786325,0.5712890625,3.0,0.9977067915002644,0.8794645888062643,True,744,0.9335006273525721,1.0269215814533668,37.33846000104677,0.5582067052522346,nan,2048,2048,2097152,256,float32,1024,nan,2048,2048,2097152,nan,nan,nan,nan,25.314000000071246,0.21371995615784997,nan,nan,nan,nan,25.260720000369474,0.3491638204489926,superpoint,superpoint,superpoint,bf_ratio,0.8
hpatches,v_tempera,viewpoint,v_tempera_1_to_5,1,5,D:\桌面\IACV\Assigment1\data\hpatches\v_tempera\1.ppm,D:\桌面\IACV\Assigment1\data\hpatches\v_tempera\5.ppm,635,2006,1064,0.5304087736789631,3.0,2.759138494402249,2006,635,595,40,1064,0.3165503489531406,0.937007874015748,0.2966101694915254,0.5592105263157895,0.5304087736789631,3.0,1.1446672662205761,1.0456140571817314,True,583,0.9181102362204724,1.1284960267273492,35.70999999792548,0.9181126963401068,nan,2048,2048,2097152,256,float32,1024,nan,2048,2048,2097152,nan,nan,nan,nan,25.314000000071246,0.21371995615784997,nan,nan,nan,nan,26.063780002004933,2.5029027151559564,superpoint,superpoint,superpoint,bf_ratio,0.8
hpatches,v_tempera,viewpoint,v_tempera_1_to_6,1,6,D:\桌面\IACV\Assigment1\data\hpatches\v_tempera\1.ppm,D:\桌面\IACV\Assigment1\data\hpatches\v_tempera\6.ppm,192,1885,816,0.43289124668435014,3.0,5.443575760511224,1885,192,161,31,816,0.10185676392572944,0.8385416666666666,0.08541114058355438,0.19730392156862744,0.43289124668435014,3.0,1.4738579815524477,1.4198693836901326,True,169,0.8802083333333334,1.361255260345167,37.2094999984256,1.1949841100312022,nan,2048,2048,2097152,256,float32,1024,nan,2048,2048,2097152,nan,nan,nan,nan,25.314000000071246,0.21371995615784997,nan,nan,nan,nan,25.285279999661725,0.1561523521825233,superpoint,superpoint,superpoint,bf_ratio,0.8
hpatches,v_there,viewpoint,v_there_1_to_2,1,2,D:\桌面\IACV\Assigment1\data\hpatches\v_there\1.ppm,D:\桌面\IACV\Assigment1\data\hpatches\v_there\2.ppm,525,1786,966,0.5408734602463606,3.0,1.9238667877927331,1786,523,448,75,966,0.29283314669652855,0.8565965583173997,0.25083986562150057,0.463768115942029,0.5408734602463606,3.0,1.2885389474914832,1.2241059111409114,True,446,0.8495238095238096,1.242982193073029,30.284979999123607,0.780290889422472,nan,1819,1819,1862656,256,float32,1024,nan,1832,1832,1875968,nan,nan,nan,nan,40.44397999969078,0.4268378680491694,nan,nan,nan,nan,40.69472000119276,0.29849473827426753,superpoint,superpoint,superpoint,bf_ratio,0.8
hpatches,v_there,viewpoint,v_there_1_to_3,1,3,D:\桌面\IACV\Assigment1\data\hpatches\v_there\1.ppm,D:\桌面\IACV\Assigment1\data\hpatches\v_there\3.ppm,48,1794,375,0.20903010033444816,3.0,1.7617220688304758,1794,48,17,31,375,0.026755852842809364,0.3541666666666667,0.00947603121516165,0.04533333333333334,0.20903010033444816,3.0,1.1914286847834286,0.8168513763286228,True,16,0.3333333333333333,0.8692812445283917,33.52149999991525,1.1355355629142705,nan,1819,1819,1862656,256,float32,1024,nan,2048,2048,2097152,nan,nan,nan,nan,40.44397999969078,0.4268378680491694,nan,nan,nan,nan,40.54007999948226,0.1186448548819337,superpoint,superpoint,superpoint,bf_ratio,0.8
hpatches,v_there,viewpoint,v_there_1_to_4,1,4,D:\桌面\IACV\Assigment1\data\hpatches\v_there\1.ppm,D:\桌面\IACV\Assigment1\data\hpatches\v_there\4.ppm,24,1819,204,0.11214953271028037,3.0,741.1507292237677,1819,24,1,23,204,0.013194062671797692,0.041666666666666664,0.0005497526113249038,0.004901960784313725,0.11214953271028037,3.0,0.6365530740839473,0.6365530740839473,True,5,0.20833333333333334,0.1132748810347004,33.32480000099167,1.0260636615173588,nan,1819,1819,1862656,256,float32,1024,nan,2048,2048,2097152,nan,nan,nan,nan,40.44397999969078,0.4268378680491694,nan,nan,nan,nan,40.707519999705255,0.259321286275948,superpoint,superpoint,superpoint,bf_ratio,0.8
hpatches,v_there,viewpoint,v_there_1_to_5,1,5,D:\桌面\IACV\Assigment1\data\hpatches\v_there\1.ppm,D:\桌面\IACV\Assigment1\data\hpatches\v_there\5.ppm,17,1819,150,0.08246289169873557,3.0,1916.943625477946,1819,17,0,17,150,0.009345794392523364,0.0,0.0,0.0,0.08246289169873557,3.0,nan,nan,True,4,0.23529411764705882,5.100913928795327e-13,32.05661999818403,1.069354195654409,nan,1819,1819,1862656,256,float32,1024,nan,2048,2048,2097152,nan,nan,nan,nan,40.44397999969078,0.4268378680491694,nan,nan,nan,nan,40.731499998946674,0.31867099697743034,superpoint,superpoint,superpoint,bf_ratio,0.8
hpatches,v_there,viewpoint,v_there_1_to_6,1,6,D:\桌面\IACV\Assigment1\data\hpatches\v_there\1.ppm,D:\桌面\IACV\Assigment1\data\hpatches\v_there\6.ppm,24,1819,88,0.04837822979659153,3.0,938.9010667958527,1819,24,0,24,88,0.013194062671797692,0.0,0.0,0.0,0.04837822979659153,3.0,nan,nan,True,5,0.20833333333333334,0.5308533673050688,33.59464000095613,1.1262350801038474,nan,1819,1819,1862656,256,float32,1024,nan,2048,2048,2097152,nan,nan,nan,nan,40.44397999969078,0.4268378680491694,nan,nan,nan,nan,40.3924599988386,0.3882707230067372,superpoint,superpoint,superpoint,bf_ratio,0.8
hpatches,v_underground,viewpoint,v_underground_1_to_2,1,2,D:\桌面\IACV\Assigment1\data\hpatches\v_underground\1.ppm,D:\桌面\IACV\Assigment1\data\hpatches\v_underground\2.ppm,1271,1841,1432,0.7778381314502988,3.0,0.7551166888549726,1841,1270,1190,80,1432,0.6898424769147202,0.937007874015748,0.6463878326996197,0.8310055865921788,0.7778381314502988,3.0,1.024894589924042,0.8984376126666587,True,1193,0.9386309992132179,1.0520995728159133,35.87443999858806,0.9527372588747196,nan,2048,2048,2097152,256,float32,1024,nan,2048,2048,2097152,nan,nan,nan,nan,41.036819998407736,0.4620573837970269,nan,nan,nan,nan,40.76784000208136,0.16265424051273975,superpoint,superpoint,superpoint,bf_ratio,0.8
hpatches,v_underground,viewpoint,v_underground_1_to_3,1,3,D:\桌面\IACV\Assigment1\data\hpatches\v_underground\1.ppm,D:\桌面\IACV\Assigment1\data\hpatches\v_underground\3.ppm,666,1763,1204,0.6829268292682927,3.0,2.227665531795219,1763,660,578,82,1204,0.37436188315371527,0.8757575757575757,0.3278502552467385,0.48006644518272423,0.6829268292682927,3.0,1.2029789469334617,1.083107609495435,True,561,0.8423423423423423,1.2842125431322822,37.77411999908509,0.2742487130466899,nan,2048,2048,2097152,256,float32,1024,nan,2048,2048,2097152,nan,nan,nan,nan,41.036819998407736,0.4620573837970269,nan,nan,nan,nan,40.673940000124276,0.26765835387353676,superpoint,superpoint,superpoint,bf_ratio,0.8
hpatches,v_underground,viewpoint,v_underground_1_to_4,1,4,D:\桌面\IACV\Assigment1\data\hpatches\v_underground\1.ppm,D:\桌面\IACV\Assigment1\data\hpatches\v_underground\4.ppm,389,1372,947,0.6902332361516035,3.0,1.1045411792114124,1372,377,331,46,947,0.2747813411078717,0.8779840848806366,0.24125364431486881,0.3495248152059134,0.6902332361516035,3.0,1.2040208512099104,1.0959336737690006,True,338,0.8688946015424165,1.1986683736060708,37.92437999800313,0.9847053323704114,nan,2048,2048,2097152,256,float32,1024,nan,2048,2048,2097152,nan,nan,nan,nan,41.036819998407736,0.4620573837970269,nan,nan,nan,nan,40.53806000010809,0.23893213898555946,superpoint,superpoint,superpoint,bf_ratio,0.8
hpatches,v_underground,viewpoint,v_underground_1_to_5,1,5,D:\桌面\IACV\Assigment1\data\hpatches\v_underground\1.ppm,D:\桌面\IACV\Assigment1\data\hpatches\v_underground\5.ppm,151,1437,762,0.5302713987473904,3.0,6.087934089602278,1437,141,108,33,762,0.09812108559498957,0.7659574468085106,0.07515657620041753,0.14173228346456693,0.5302713987473904,3.0,1.3192074794982962,1.2364196691490608,True,111,0.7350993377483444,1.315562147966567,36.57169999933103,1.4748624521558964,nan,2048,2048,2097152,256,float32,1024,nan,2048,2048,2097152,nan,nan,nan,nan,41.036819998407736,0.4620573837970269,nan,nan,nan,nan,40.362079997430556,0.2578855066472379,superpoint,superpoint,superpoint,bf_ratio,0.8
hpatches,v_underground,viewpoint,v_underground_1_to_6,1,6,D:\桌面\IACV\Assigment1\data\hpatches\v_underground\1.ppm,D:\桌面\IACV\Assigment1\data\hpatches\v_underground\6.ppm,38,1528,512,0.33507853403141363,3.0,8.742640769158088,1528,33,16,17,512,0.021596858638743454,0.48484848484848486,0.010471204188481676,0.03125,0.33507853403141363,3.0,1.3937884341926798,1.3209919092631843,True,17,0.4473684210526316,1.2726748295523307,37.93056000286015,0.31209259320696203,nan,2048,2048,2097152,256,float32,1024,nan,2048,2048,2097152,nan,nan,nan,nan,41.036819998407736,0.4620573837970269,nan,nan,nan,nan,40.54780000005849,0.2700693778503734,superpoint,superpoint,superpoint,bf_ratio,0.8
hpatches,v_vitro,viewpoint,v_vitro_1_to_2,1,2,D:\桌面\IACV\Assigment1\data\hpatches\v_vitro\1.ppm,D:\桌面\IACV\Assigment1\data\hpatches\v_vitro\2.ppm,1453,2041,1650,0.8084272415482606,3.0,0.37919075785873546,2041,1451,1403,48,1650,0.7109260166585007,0.9669193659545141,0.6874081332680059,0.8503030303030303,0.8084272415482606,3.0,0.8856076279933914,0.8093384406828594,True,1403,0.9655884377150723,0.8812851934553815,37.52299999905517,0.8971550075716092,nan,2048,2048,2097152,256,float32,1024,nan,2048,2048,2097152,nan,nan,nan,nan,25.407140000606887,0.5962669908882106,nan,nan,nan,nan,25.35319999733474,0.33210231474214935,superpoint,superpoint,superpoint,bf_ratio,0.8
hpatches,v_vitro,viewpoint,v_vitro_1_to_3,1,3,D:\桌面\IACV\Assigment1\data\hpatches\v_vitro\1.ppm,D:\桌面\IACV\Assigment1\data\hpatches\v_vitro\3.ppm,1109,1933,1471,0.760993274702535,3.0,0.9670325147488161,1933,1102,1040,62,1471,0.5700982928091051,0.9437386569872959,0.5380237972064149,0.7070020394289599,0.760993274702535,3.0,1.1035163723244592,1.0191640866759897,True,1029,0.9278629395852119,1.1038331353759605,36.62505999964196,0.2817598114950703,nan,2048,2048,2097152,256,float32,1024,nan,2048,2048,2097152,nan,nan,nan,nan,25.407140000606887,0.5962669908882106,nan,nan,nan,nan,25.079259999620263,0.23617100079732797,superpoint,superpoint,superpoint,bf_ratio,0.8
hpatches,v_vitro,viewpoint,v_vitro_1_to_4,1,4,D:\桌面\IACV\Assigment1\data\hpatches\v_vitro\1.ppm,D:\桌面\IACV\Assigment1\data\hpatches\v_vitro\4.ppm,761,1859,1243,0.6686390532544378,3.0,2.9022154010139256,1859,758,687,71,1243,0.40774610005379236,0.9063324538258575,0.36955352339967723,0.5526950925181013,0.6686390532544378,3.0,1.2312856724887442,1.149514683333402,True,646,0.8488830486202366,1.134237274363433,38.42733999917982,1.4228611398677427,nan,2048,2048,2097152,256,float32,1024,nan,2048,2048,2097152,nan,nan,nan,nan,25.407140000606887,0.5962669908882106,nan,nan,nan,nan,25.175980001222342,0.17401795555486943,superpoint,superpoint,superpoint,bf_ratio,0.8
hpatches,v_vitro,viewpoint,v_vitro_1_to_5,1,5,D:\桌面\IACV\Assigment1\data\hpatches\v_vitro\1.ppm,D:\桌面\IACV\Assigment1\data\hpatches\v_vitro\5.ppm,1257,1792,1433,0.7996651785714286,3.0,1.9682600361277651,1792,1255,1203,52,1433,0.7003348214285714,0.9585657370517928,0.6713169642857143,0.8394975575715282,0.7996651785714286,3.0,1.043790645704086,0.9612839222711539,True,1191,0.9474940334128878,1.0851321402998237,36.925719999999274,0.8839477016250759,nan,2048,2048,2097152,256,float32,1024,nan,2048,2048,2097152,nan,nan,nan,nan,25.407140000606887,0.5962669908882106,nan,nan,nan,nan,24.9753599986434,0.3077404131739706,superpoint,superpoint,superpoint,bf_ratio,0.8
hpatches,v_vitro,viewpoint,v_vitro_1_to_6,1,6,D:\桌面\IACV\Assigment1\data\hpatches\v_vitro\1.ppm,D:\桌面\IACV\Assigment1\data\hpatches\v_vitro\6.ppm,813,1761,1244,0.7064168086314594,3.0,0.940024047271113,1761,812,741,71,1244,0.4611016467915957,0.9125615763546798,0.42078364565587734,0.5956591639871383,0.7064168086314594,3.0,1.217801809505683,1.154014353677968,True,734,0.9028290282902829,1.1892778573996912,37.11215999937849,0.8918608431367526,nan,2048,2048,2097152,256,float32,1024,nan,2048,2048,2097152,nan,nan,nan,nan,25.407140000606887,0.5962669908882106,nan,nan,nan,nan,25.429060000169557,0.6018198321073329,superpoint,superpoint,superpoint,bf_ratio,0.8
hpatches,v_wall,viewpoint,v_wall_1_to_2,1,2,D:\桌面\IACV\Assigment1\data\hpatches\v_wall\1.ppm,D:\桌面\IACV\Assigment1\data\hpatches\v_wall\2.ppm,1290,1980,1295,0.6540404040404041,3.0,1.8772111574809704,1980,1288,1169,119,1295,0.6505050505050505,0.907608695652174,0.5904040404040404,0.9027027027027027,0.6540404040404041,3.0,1.2711875134729906,1.1620768337430158,True,1137,0.8813953488372093,1.3065173696167398,37.88627999892924,2.270125423814026,nan,2048,2048,2097152,256,float32,1024,nan,2048,2048,2097152,nan,nan,nan,nan,17.80822000000626,0.12163033184421354,nan,nan,nan,nan,17.876320000505075,0.08223808026258471,superpoint,superpoint,superpoint,bf_ratio,0.8
hpatches,v_wall,viewpoint,v_wall_1_to_3,1,3,D:\桌面\IACV\Assigment1\data\hpatches\v_wall\1.ppm,D:\桌面\IACV\Assigment1\data\hpatches\v_wall\3.ppm,906,1888,991,0.5248940677966102,3.0,3.7841518929084867,1888,905,716,189,991,0.4793432203389831,0.7911602209944751,0.3792372881355932,0.722502522704339,0.5248940677966102,3.0,1.4687522142178524,1.4025045637016318,True,693,0.7649006622516556,1.1100659883962023,37.18136000097729,1.2181618686088387,nan,2048,2048,2097152,256,float32,1024,nan,2048,2048,2097152,nan,nan,nan,nan,17.80822000000626,0.12163033184421354,nan,nan,nan,nan,17.498940002406016,0.19379128682805657,superpoint,superpoint,superpoint,bf_ratio,0.8
hpatches,v_wall,viewpoint,v_wall_1_to_4,1,4,D:\桌面\IACV\Assigment1\data\hpatches\v_wall\1.ppm,D:\桌面\IACV\Assigment1\data\hpatches\v_wall\4.ppm,1385,2028,1319,0.6503944773175543,3.0,1.0955466142087387,2028,1384,1280,104,1319,0.6824457593688363,0.9248554913294798,0.631163708086785,0.9704321455648218,0.6503944773175543,3.0,1.0546688997515647,0.9391995669579047,True,1273,0.9191335740072202,1.0286793588631757,37.85545999853639,0.7250940415649285,nan,2048,2048,2097152,256,float32,1024,nan,2048,2048,2097152,nan,nan,nan,nan,17.80822000000626,0.12163033184421354,nan,nan,nan,nan,17.955820001952816,0.13474443107291778,superpoint,superpoint,superpoint,bf_ratio,0.8
hpatches,v_wall,viewpoint,v_wall_1_to_5,1,5,D:\桌面\IACV\Assigment1\data\hpatches\v_wall\1.ppm,D:\桌面\IACV\Assigment1\data\hpatches\v_wall\5.ppm,750,1883,968,0.514073287307488,3.0,1.7454455548068357,1883,750,599,151,968,0.3983005841741901,0.7986666666666666,0.3181093998937865,0.618801652892562,0.514073287307488,3.0,1.43067018715287,1.3641086355100356,True,588,0.784,1.2308536944671318,37.734000002092216,1.6410768556428814,nan,2048,2048,2097152,256,float32,1024,nan,2048,2048,2097152,nan,nan,nan,nan,17.80822000000626,0.12163033184421354,nan,nan,nan,nan,17.54934000200592,0.21125151590783478,superpoint,superpoint,superpoint,bf_ratio,0.8
hpatches,v_wall,viewpoint,v_wall_1_to_6,1,6,D:\桌面\IACV\Assigment1\data\hpatches\v_wall\1.ppm,D:\桌面\IACV\Assigment1\data\hpatches\v_wall\6.ppm,678,1774,792,0.4464487034949267,3.0,7.671170390338678,1774,677,474,203,792,0.38162344983089064,0.7001477104874446,0.26719278466741825,0.5984848484848485,0.4464487034949267,3.0,1.4468463754766616,1.3562209108610208,True,465,0.6858407079646017,1.5785600512416222,38.50977999973111,1.1027287393053833,nan,2048,2048,2097152,256,float32,1024,nan,2048,2048,2097152,nan,nan,nan,nan,17.80822000000626,0.12163033184421354,nan,nan,nan,nan,17.467880000185687,0.22700700981107957,superpoint,superpoint,superpoint,bf_ratio,0.8
hpatches,v_wapping,viewpoint,v_wapping_1_to_2,1,2,D:\桌面\IACV\Assigment1\data\hpatches\v_wapping\1.ppm,D:\桌面\IACV\Assigment1\data\hpatches\v_wapping\2.ppm,754,1974,1142,0.5785207700101317,3.0,0.9094930772552451,1974,754,676,78,1142,0.3819655521783181,0.896551724137931,0.342451874366768,0.5919439579684763,0.5785207700101317,3.0,1.218604919909156,1.1082984872314883,True,672,0.8912466843501327,1.2222974135805575,35.947979998309165,1.7401299137544517,nan,2048,2048,2097152,256,float32,1024,nan,2048,2048,2097152,nan,nan,nan,nan,32.19845999847166,0.2114877447373406,nan,nan,nan,nan,32.752479999908246,0.3051301652460366,superpoint,superpoint,superpoint,bf_ratio,0.8
hpatches,v_wapping,viewpoint,v_wapping_1_to_3,1,3,D:\桌面\IACV\Assigment1\data\hpatches\v_wapping\1.ppm,D:\桌面\IACV\Assigment1\data\hpatches\v_wapping\3.ppm,472,1930,768,0.39792746113989635,3.0,3.664921650916477,1930,468,406,62,768,0.24248704663212436,0.8675213675213675,0.21036269430051813,0.5286458333333334,0.39792746113989635,3.0,1.344154680957867,1.2198663841066493,True,431,0.913135593220339,1.0503259609412297,36.888760000874754,1.3321600700558096,nan,2048,2048,2097152,256,float32,1024,nan,2048,2048,2097152,nan,nan,nan,nan,32.19845999847166,0.2114877447373406,nan,nan,nan,nan,32.473180002125446,0.27514921189780617,superpoint,superpoint,superpoint,bf_ratio,0.8
hpatches,v_wapping,viewpoint,v_wapping_1_to_4,1,4,D:\桌面\IACV\Assigment1\data\hpatches\v_wapping\1.ppm,D:\桌面\IACV\Assigment1\data\hpatches\v_wapping\4.ppm,302,1907,926,0.4855794441531201,3.0,3.984587142839242,1907,302,256,46,926,0.15836392239119035,0.847682119205298,0.13424226533822758,0.27645788336933047,0.4855794441531201,3.0,1.402204231018568,1.346813555486485,True,253,0.8377483443708609,1.3399002447809156,40.14228000014555,4.709113534752566,nan,2048,2048,2097152,256,float32,1024,nan,2048,2048,2097152,nan,nan,nan,nan,32.19845999847166,0.2114877447373406,nan,nan,nan,nan,32.83577999973204,0.3185599182637296,superpoint,superpoint,superpoint,bf_ratio,0.8
hpatches,v_wapping,viewpoint,v_wapping_1_to_5,1,5,D:\桌面\IACV\Assigment1\data\hpatches\v_wapping\1.ppm,D:\桌面\IACV\Assigment1\data\hpatches\v_wapping\5.ppm,282,1949,676,0.34684453565931245,3.0,6.758073369433609,1949,279,245,34,676,0.1431503335043612,0.8781362007168458,0.12570548999486916,0.3624260355029586,0.34684453565931245,3.0,1.487622855201546,1.3581958095512197,True,250,0.8865248226950354,1.0048161192449485,37.27968000021065,1.0395397639456743,nan,2048,2048,2097152,256,float32,1024,nan,2048,2048,2097152,nan,nan,nan,nan,32.19845999847166,0.2114877447373406,nan,nan,nan,nan,32.71986000036122,0.14479167903073967,superpoint,superpoint,superpoint,bf_ratio,0.8
hpatches,v_wapping,viewpoint,v_wapping_1_to_6,1,6,D:\桌面\IACV\Assigment1\data\hpatches\v_wapping\1.ppm,D:\桌面\IACV\Assigment1\data\hpatches\v_wapping\6.ppm,112,2014,489,0.24280039721946375,3.0,10.867306964411853,2014,111,69,42,489,0.055114200595829194,0.6216216216216216,0.03426017874875869,0.1411042944785276,0.24280039721946375,3.0,1.7757334659634103,1.8150278463387548,True,89,0.7946428571428571,1.2080778405071977,34.28391999914311,1.4781149248584897,nan,2048,2048,2097152,256,float32,1024,nan,2048,2048,2097152,nan,nan,nan,nan,32.19845999847166,0.2114877447373406,nan,nan,nan,nan,32.61992000043392,0.28600295897659234,superpoint,superpoint,superpoint,bf_ratio,0.8
hpatches,v_war,viewpoint,v_war_1_to_2,1,2,D:\桌面\IACV\Assigment1\data\hpatches\v_war\1.ppm,D:\桌面\IACV\Assigment1\data\hpatches\v_war\2.ppm,638,1936,760,0.3925619834710744,3.0,5.135092853947327,1936,636,389,247,760,0.3285123966942149,0.6116352201257862,0.2009297520661157,0.5118421052631579,0.3925619834710744,3.0,1.7139564490478887,1.7622429628045153,True,400,0.6269592476489029,1.7047986161331585,37.75418000150239,2.4923821140361433,nan,2048,2048,2097152,256,float32,1024,nan,2048,2048,2097152,nan,nan,nan,nan,24.86574000067776,0.28451853920471787,nan,nan,nan,nan,25.019780002185144,0.11709281001718344,superpoint,superpoint,superpoint,bf_ratio,0.8
hpatches,v_war,viewpoint,v_war_1_to_3,1,3,D:\桌面\IACV\Assigment1\data\hpatches\v_war\1.ppm,D:\桌面\IACV\Assigment1\data\hpatches\v_war\3.ppm,366,1921,633,0.3295158771473191,3.0,5.403700266439783,1921,364,229,135,633,0.18948464341488808,0.6291208791208791,0.11920874544508069,0.3617693522906793,0.3295158771473191,3.0,1.605993168867012,1.6751436750203947,True,224,0.6120218579234973,1.437988573272386,36.02678000024753,0.8771444005472249,nan,2048,2048,2097152,256,float32,1024,nan,2048,2048,2097152,nan,nan,nan,nan,24.86574000067776,0.28451853920471787,nan,nan,nan,nan,25.02395999908913,0.2697218047592306,superpoint,superpoint,superpoint,bf_ratio,0.8
hpatches,v_war,viewpoint,v_war_1_to_4,1,4,D:\桌面\IACV\Assigment1\data\hpatches\v_war\1.ppm,D:\桌面\IACV\Assigment1\data\hpatches\v_war\4.ppm,1235,2048,1361,0.66455078125,3.0,1.32634830974437,2048,1235,1128,107,1361,0.60302734375,0.9133603238866397,0.55078125,0.8288023512123439,0.66455078125,3.0,1.2949934177472562,1.2374173356803668,True,1121,0.9076923076923077,1.3307803788029289,38.31915999908233,0.5193006061181664,nan,2048,2048,2097152,256,float32,1024,nan,2048,2048,2097152,nan,nan,nan,nan,24.86574000067776,0.28451853920471787,nan,nan,nan,nan,24.83147999882931,0.2216384561629567,superpoint,superpoint,superpoint,bf_ratio,0.8
hpatches,v_war,viewpoint,v_war_1_to_5,1,5,D:\桌面\IACV\Assigment1\data\hpatches\v_war\1.ppm,D:\桌面\IACV\Assigment1\data\hpatches\v_war\5.ppm,1055,1989,1178,0.5922574157868276,3.0,1.4942350419066361,1989,1054,849,205,1178,0.5299145299145299,0.8055028462998103,0.42684766214177977,0.7207130730050934,0.5922574157868276,3.0,1.5868872650053867,1.587657894727851,True,854,0.809478672985782,1.47851403839725,35.49550000025192,1.2764097481837409,nan,2048,2048,2097152,256,float32,1024,nan,2048,2048,2097152,nan,nan,nan,nan,24.86574000067776,0.28451853920471787,nan,nan,nan,nan,25.490740001259837,0.5303463997890536,superpoint,superpoint,superpoint,bf_ratio,0.8
hpatches,v_war,viewpoint,v_war_1_to_6,1,6,D:\桌面\IACV\Assigment1\data\hpatches\v_war\1.ppm,D:\桌面\IACV\Assigment1\data\hpatches\v_war\6.ppm,354,1896,695,0.36656118143459915,3.0,10.036805289534534,1896,351,198,153,695,0.185126582278481,0.5641025641025641,0.10443037974683544,0.28489208633093527,0.36656118143459915,3.0,1.6972249520625007,1.724808069248347,True,255,0.7203389830508474,1.404849468642733,36.71507999970345,0.7262660204501405,nan,2048,2048,2097152,256,float32,1024,nan,2048,2048,2097152,nan,nan,nan,nan,24.86574000067776,0.28451853920471787,nan,nan,nan,nan,25.175900000613183,0.26374230673782406,superpoint,superpoint,superpoint,bf_ratio,0.8
hpatches,v_weapons,viewpoint,v_weapons_1_to_2,1,2,D:\桌面\IACV\Assigment1\data\hpatches\v_weapons\1.ppm,D:\桌面\IACV\Assigment1\data\hpatches\v_weapons\2.ppm,1418,1768,1330,0.752262443438914,3.0,1.1906329956771697,1768,1410,1276,134,1330,0.7975113122171946,0.9049645390070922,0.7217194570135747,0.9593984962406015,0.752262443438914,3.0,1.1392219372853625,0.9840914942904941,True,1287,0.9076163610719323,1.1182979602730438,39.36658000020543,1.2573197309134123,nan,2048,2048,2097152,256,float32,1024,nan,2048,2048,2097152,nan,nan,nan,nan,32.60425999906147,0.3730702499863111,nan,nan,nan,nan,32.798680002451874,0.34370456339809496,superpoint,superpoint,superpoint,bf_ratio,0.8
hpatches,v_weapons,viewpoint,v_weapons_1_to_3,1,3,D:\桌面\IACV\Assigment1\data\hpatches\v_weapons\1.ppm,D:\桌面\IACV\Assigment1\data\hpatches\v_weapons\3.ppm,929,1909,1189,0.6228391828182295,3.0,0.9309408011744167,1909,927,837,90,1189,0.4855945521215296,0.9029126213592233,0.4384494499738083,0.7039529015979815,0.6228391828182295,3.0,1.1173770986374774,1.0088484966598834,True,843,0.907427341227126,1.1308366296426173,37.44644000107655,1.4267194109523866,nan,2048,2048,2097152,256,float32,1024,nan,2048,2048,2097152,nan,nan,nan,nan,32.60425999906147,0.3730702499863111,nan,nan,nan,nan,32.72865999897476,0.07239634509127664,superpoint,superpoint,superpoint,bf_ratio,0.8
hpatches,v_weapons,viewpoint,v_weapons_1_to_4,1,4,D:\桌面\IACV\Assigment1\data\hpatches\v_weapons\1.ppm,D:\桌面\IACV\Assigment1\data\hpatches\v_weapons\4.ppm,959,1468,1096,0.7465940054495913,3.0,3.565948471632347,1468,956,850,106,1096,0.6512261580381471,0.8891213389121339,0.5790190735694822,0.7755474452554745,0.7465940054495913,3.0,1.2528890683738536,1.167225486387371,True,832,0.867570385818561,1.2853801054003862,36.23150000057649,1.3144627876781358,nan,2048,2048,2097152,256,float32,1024,nan,2048,2048,2097152,nan,nan,nan,nan,32.60425999906147,0.3730702499863111,nan,nan,nan,nan,32.71264000068186,0.3046954329678209,superpoint,superpoint,superpoint,bf_ratio,0.8
hpatches,v_weapons,viewpoint,v_weapons_1_to_5,1,5,D:\桌面\IACV\Assigment1\data\hpatches\v_weapons\1.ppm,D:\桌面\IACV\Assigment1\data\hpatches\v_weapons\5.ppm,1199,2041,1223,0.5992160705536502,3.0,3.028523264033339,2041,1199,1004,195,1223,0.5874571288584027,0.8373644703919934,0.4919157275845174,0.820932134096484,0.5992160705536502,3.0,1.1675513075859751,1.0263003978136185,True,1082,0.902418682235196,1.1489382011764746,37.55123999872012,0.5138036372110825,nan,2048,2048,2097152,256,float32,1024,nan,2048,2048,2097152,nan,nan,nan,nan,32.60425999906147,0.3730702499863111,nan,nan,nan,nan,32.61773999984143,0.30645560129085536,superpoint,superpoint,superpoint,bf_ratio,0.8
hpatches,v_weapons,viewpoint,v_weapons_1_to_6,1,6,D:\桌面\IACV\Assigment1\data\hpatches\v_weapons\1.ppm,D:\桌面\IACV\Assigment1\data\hpatches\v_weapons\6.ppm,995,2039,1110,0.5443845022069642,3.0,4.992810096415121,2039,995,781,214,1110,0.4879843060323688,0.7849246231155779,0.3830308974987739,0.7036036036036036,0.5443845022069642,3.0,1.2158480177671742,1.083126219818515,True,881,0.8854271356783919,1.222823133551693,38.402579999819864,1.5318626926983263,nan,2048,2048,2097152,256,float32,1024,nan,2048,2048,2097152,nan,nan,nan,nan,32.60425999906147,0.3730702499863111,nan,nan,nan,nan,32.70182000123896,0.15822203789770725,superpoint,superpoint,superpoint,bf_ratio,0.8
hpatches,v_woman,viewpoint,v_woman_1_to_2,1,2,D:\桌面\IACV\Assigment1\data\hpatches\v_woman\1.ppm,D:\桌面\IACV\Assigment1\data\hpatches\v_woman\2.ppm,454,2048,553,0.27001953125,3.0,0.6927471796138936,2048,454,415,39,553,0.2216796875,0.9140969162995595,0.20263671875,0.7504520795660036,0.27001953125,3.0,0.97783882250385,0.8659144358669981,True,414,0.9118942731277533,0.9738632901619596,37.56213999877218,0.909310825426176,nan,2048,2048,2097152,256,float32,1024,nan,2048,2048,2097152,nan,nan,nan,nan,21.471939998446032,0.41648582196257883,nan,nan,nan,nan,26.45084000105271,0.32088179776556813,superpoint,superpoint,superpoint,bf_ratio,0.8
hpatches,v_woman,viewpoint,v_woman_1_to_3,1,3,D:\桌面\IACV\Assigment1\data\hpatches\v_woman\1.ppm,D:\桌面\IACV\Assigment1\data\hpatches\v_woman\3.ppm,581,1918,665,0.3467153284671533,3.0,1.8155527964624307,1918,581,507,74,665,0.3029197080291971,0.8726333907056799,0.2643378519290928,0.762406015037594,0.3467153284671533,3.0,1.2187964304903172,1.1012640653404602,True,506,0.8709122203098106,1.2128965299222463,38.86058000061894,0.4378105229319681,nan,2048,2048,2097152,256,float32,1024,nan,2048,2048,2097152,nan,nan,nan,nan,21.471939998446032,0.41648582196257883,nan,nan,nan,nan,26.386360000469722,0.20321274020879693,superpoint,superpoint,superpoint,bf_ratio,0.8
hpatches,v_woman,viewpoint,v_woman_1_to_4,1,4,D:\桌面\IACV\Assigment1\data\hpatches\v_woman\1.ppm,D:\桌面\IACV\Assigment1\data\hpatches\v_woman\4.ppm,417,1840,593,0.3222826086956522,3.0,6.7771437488588395,1840,416,359,57,593,0.22608695652173913,0.8629807692307693,0.19510869565217392,0.6053962900505903,0.3222826086956522,3.0,1.410968868941352,1.3392004958200139,True,365,0.8752997601918465,1.2998434010250568,35.967420000815764,1.5658389284394747,nan,2048,2048,2097152,256,float32,1024,nan,2048,2048,2097152,nan,nan,nan,nan,21.471939998446032,0.41648582196257883,nan,nan,nan,nan,26.79340000177035,1.1417947272918014,superpoint,superpoint,superpoint,bf_ratio,0.8
hpatches,v_woman,viewpoint,v_woman_1_to_5,1,5,D:\桌面\IACV\Assigment1\data\hpatches\v_woman\1.ppm,D:\桌面\IACV\Assigment1\data\hpatches\v_woman\5.ppm,226,2000,391,0.1955,3.0,2.577737518989327,2000,226,197,29,391,0.113,0.8716814159292036,0.0985,0.5038363171355499,0.1955,3.0,1.1247137059846952,1.0110775115288468,True,199,0.8805309734513275,1.0592335225140062,38.76107999967644,1.0389757010096843,nan,2048,2048,2097152,256,float32,1024,nan,2048,2048,2097152,nan,nan,nan,nan,21.471939998446032,0.41648582196257883,nan,nan,nan,nan,26.682320001418702,0.24283502501776805,superpoint,superpoint,superpoint,bf_ratio,0.8
hpatches,v_woman,viewpoint,v_woman_1_to_6,1,6,D:\桌面\IACV\Assigment1\data\hpatches\v_woman\1.ppm,D:\桌面\IACV\Assigment1\data\hpatches\v_woman\6.ppm,404,1957,659,0.3367399080224834,3.0,9.36057532669723,1957,402,324,78,659,0.2054164537557486,0.8059701492537313,0.1655595298926929,0.49165402124430957,0.3367399080224834,3.0,1.2603358759088727,1.1391775801131365,True,323,0.7995049504950495,1.245833338839964,37.3042399995029,0.959687918654742,nan,2048,2048,2097152,256,float32,1024,nan,2048,2048,2097152,nan,nan,nan,nan,21.471939998446032,0.41648582196257883,nan,nan,nan,nan,26.270759999169968,0.15135799231507538,superpoint,superpoint,superpoint,bf_ratio,0.8
hpatches,v_wormhole,viewpoint,v_wormhole_1_to_2,1,2,D:\桌面\IACV\Assigment1\data\hpatches\v_wormhole\1.ppm,D:\桌面\IACV\Assigment1\data\hpatches\v_wormhole\2.ppm,874,1981,993,0.5012619888944977,3.0,2.1507309832180095,1981,873,757,116,993,0.44068652195860675,0.8671248568155785,0.38213023725391215,0.7623363544813696,0.5012619888944977,3.0,1.4254192108198405,1.3343154491594695,True,774,0.88558352402746,1.2929146949828585,37.405900000885595,1.4578233921947452,nan,2048,2048,2097152,256,float32,1024,nan,2048,2048,2097152,nan,nan,nan,nan,17.129099999147,0.15320424373200842,nan,nan,nan,nan,17.14715999987675,0.08864512544661184,superpoint,superpoint,superpoint,bf_ratio,0.8
hpatches,v_wormhole,viewpoint,v_wormhole_1_to_3,1,3,D:\桌面\IACV\Assigment1\data\hpatches\v_wormhole\1.ppm,D:\桌面\IACV\Assigment1\data\hpatches\v_wormhole\3.ppm,1063,1918,1222,0.6371220020855057,3.0,1.3429731899089212,1918,1060,954,106,1222,0.5526590198123045,0.9,0.49739311783107404,0.7806873977086743,0.6371220020855057,3.0,1.329411282289954,1.2384121535906978,True,933,0.8777046095954845,1.3477657099309264,36.7709999991348,1.0613234879344084,nan,2048,2048,2097152,256,float32,1024,nan,2048,2048,2097152,nan,nan,nan,nan,17.129099999147,0.15320424373200842,nan,nan,nan,nan,17.269799999485258,0.23221038733984578,superpoint,superpoint,superpoint,bf_ratio,0.8
hpatches,v_wormhole,viewpoint,v_wormhole_1_to_4,1,4,D:\桌面\IACV\Assigment1\data\hpatches\v_wormhole\1.ppm,D:\桌面\IACV\Assigment1\data\hpatches\v_wormhole\4.ppm,1229,1946,1354,0.6957862281603289,3.0,1.3202323092622683,1946,1229,1159,70,1354,0.631551901336074,0.9430431244914564,0.5955806783144912,0.8559822747415067,0.6957862281603289,3.0,1.2810624953196061,1.1799663849322415,True,1161,0.9446704637917006,1.2287138833523865,36.82319999934407,1.1459731911428606,nan,2048,2048,2097152,256,float32,1024,nan,2048,2048,2097152,nan,nan,nan,nan,17.129099999147,0.15320424373200842,nan,nan,nan,nan,17.24423999985447,0.07432406294326323,superpoint,superpoint,superpoint,bf_ratio,0.8
hpatches,v_wormhole,viewpoint,v_wormhole_1_to_5,1,5,D:\桌面\IACV\Assigment1\data\hpatches\v_wormhole\1.ppm,D:\桌面\IACV\Assigment1\data\hpatches\v_wormhole\5.ppm,562,1577,824,0.5225110970196576,3.0,5.2824156329913405,1577,561,470,91,824,0.3557387444514902,0.8377896613190731,0.29803424223208624,0.5703883495145631,0.5225110970196576,3.0,1.391618466073876,1.381570774595903,True,479,0.8523131672597865,1.4340452185513253,38.125619999482296,0.7927580482849305,nan,2048,2048,2097152,256,float32,1024,nan,2048,2048,2097152,nan,nan,nan,nan,17.129099999147,0.15320424373200842,nan,nan,nan,nan,17.32932000013534,0.19730223904045974,superpoint,superpoint,superpoint,bf_ratio,0.8
hpatches,v_wormhole,viewpoint,v_wormhole_1_to_6,1,6,D:\桌面\IACV\Assigment1\data\hpatches\v_wormhole\1.ppm,D:\桌面\IACV\Assigment1\data\hpatches\v_wormhole\6.ppm,148,1667,463,0.277744451109778,3.0,60.74172524658767,1667,148,68,80,463,0.08878224355128975,0.4594594594594595,0.04079184163167367,0.1468682505399568,0.277744451109778,3.0,1.508342169680527,1.4611839783666416,True,82,0.5540540540540541,1.6851678840527362,35.117960000934545,1.8654009079121032,nan,2048,2048,2097152,256,float32,1024,nan,2048,2048,2097152,nan,nan,nan,nan,17.129099999147,0.15320424373200842,nan,nan,nan,nan,17.48137999966275,0.22954628835157567,superpoint,superpoint,superpoint,bf_ratio,0.8
hpatches,v_wounded,viewpoint,v_wounded_1_to_2,1,2,D:\桌面\IACV\Assigment1\data\hpatches\v_wounded\1.ppm,D:\桌面\IACV\Assigment1\data\hpatches\v_wounded\2.ppm,1082,2047,1582,0.7728382999511481,3.0,1.0379669024819882,2047,1082,1032,50,1582,0.5285784074255008,0.9537892791127541,0.504152418172936,0.6523388116308471,0.7728382999511481,3.0,1.0086650747192565,0.901470376040901,True,1030,0.9519408502772643,0.9974667413470754,38.16963999852305,1.2264409941365195,nan,2048,2048,2097152,256,float32,1024,nan,2048,2048,2097152,nan,nan,nan,nan,32.94346000038786,0.4568863040215575,nan,nan,nan,nan,32.024259999161586,0.13016077004573512,superpoint,superpoint,superpoint,bf_ratio,0.8
hpatches,v_wounded,viewpoint,v_wounded_1_to_3,1,3,D:\桌面\IACV\Assigment1\data\hpatches\v_wounded\1.ppm,D:\桌面\IACV\Assigment1\data\hpatches\v_wounded\3.ppm,513,1237,944,0.7631366208569119,3.0,13.236136381318309,1237,507,457,50,944,0.40986257073565074,0.9013806706114399,0.3694421988682296,0.4841101694915254,0.7631366208569119,3.0,1.1468014211874642,1.0214889789646355,True,454,0.884990253411306,1.104573337294908,37.616619998880196,1.0948720365295477,nan,2048,2048,2097152,256,float32,1024,nan,2048,2048,2097152,nan,nan,nan,nan,32.94346000038786,0.4568863040215575,nan,nan,nan,nan,32.41818000096828,0.3154826097814248,superpoint,superpoint,superpoint,bf_ratio,0.8
hpatches,v_wounded,viewpoint,v_wounded_1_to_4,1,4,D:\桌面\IACV\Assigment1\data\hpatches\v_wounded\1.ppm,D:\桌面\IACV\Assigment1\data\hpatches\v_wounded\4.ppm,30,1067,387,0.3626991565135895,3.0,41.580078614607324,1067,28,18,10,387,0.026241799437675725,0.6428571428571429,0.016869728209934397,0.046511627906976744,0.3626991565135895,3.0,1.7435209742131925,1.582961077815913,True,18,0.6,1.3033401111697263,33.7346999993315,1.472931197736545,nan,2048,2048,2097152,256,float32,1024,nan,1821,1821,1864704,nan,nan,nan,nan,32.94346000038786,0.4568863040215575,nan,nan,nan,nan,31.960719999915455,0.32469247810034824,superpoint,superpoint,superpoint,bf_ratio,0.8
hpatches,v_wounded,viewpoint,v_wounded_1_to_5,1,5,D:\桌面\IACV\Assigment1\data\hpatches\v_wounded\1.ppm,D:\桌面\IACV\Assigment1\data\hpatches\v_wounded\5.ppm,335,1428,916,0.6414565826330533,3.0,20.2176606820069,1428,328,290,38,916,0.22969187675070027,0.8841463414634146,0.2030812324929972,0.3165938864628821,0.6414565826330533,3.0,1.2898923197617054,1.2009402267532323,True,258,0.7701492537313432,1.31236129773947,36.77490000263788,0.8433743772460516,nan,2048,2048,2097152,256,float32,1024,nan,2048,2048,2097152,nan,nan,nan,nan,32.94346000038786,0.4568863040215575,nan,nan,nan,nan,32.61544000124559,0.32041504885015704,superpoint,superpoint,superpoint,bf_ratio,0.8
hpatches,v_wounded,viewpoint,v_wounded_1_to_6,1,6,D:\桌面\IACV\Assigment1\data\hpatches\v_wounded\1.ppm,D:\桌面\IACV\Assigment1\data\hpatches\v_wounded\6.ppm,71,1109,564,0.5085662759242561,3.0,16.60080970645195,1109,63,47,16,564,0.056807935076645624,0.746031746031746,0.04238052299368801,0.08333333333333333,0.5085662759242561,3.0,1.5757857274822253,1.5042517419289068,True,45,0.6338028169014085,1.260009057452052,31.642679999640677,0.8035123432544958,nan,2048,2048,2097152,256,float32,1024,nan,1746,1746,1787904,nan,nan,nan,nan,32.94346000038786,0.4568863040215575,nan,nan,nan,nan,31.804959998407867,0.1933408668342855,superpoint,superpoint,superpoint,bf_ratio,0.8
hpatches,v_yard,viewpoint,v_yard_1_to_2,1,2,D:\桌面\IACV\Assigment1\data\hpatches\v_yard\1.ppm,D:\桌面\IACV\Assigment1\data\hpatches\v_yard\2.ppm,1302,1874,1233,0.6579509071504802,3.0,1.1554770697865386,1874,1302,1214,88,1233,0.6947705442902882,0.9324116743471582,0.647812166488794,0.9845904298459043,0.6579509071504802,3.0,1.2699283463029414,1.1711505583632147,True,1196,0.9185867895545314,1.2832505149954434,37.4459399987245,1.3321147496932355,nan,2048,2048,2097152,256,float32,1024,nan,2048,2048,2097152,nan,nan,nan,nan,24.619499999971595,0.06078335448754761,nan,nan,nan,nan,25.028819998260587,0.33786321231483457,superpoint,superpoint,superpoint,bf_ratio,0.8
hpatches,v_yard,viewpoint,v_yard_1_to_3,1,3,D:\桌面\IACV\Assigment1\data\hpatches\v_yard\1.ppm,D:\桌面\IACV\Assigment1\data\hpatches\v_yard\3.ppm,476,922,519,0.5629067245119306,3.0,12.93573824193541,922,469,305,164,519,0.5086767895878525,0.650319829424307,0.33080260303687636,0.5876685934489403,0.5629067245119306,3.0,1.6403719734607,1.6828684290233007,True,273,0.5735294117647058,1.5838427710449772,34.4496200006688,2.064655009071429,nan,2048,2048,2097152,256,float32,1024,nan,2048,2048,2097152,nan,nan,nan,nan,24.619499999971595,0.06078335448754761,nan,nan,nan,nan,25.310100000933744,0.28849962416706376,superpoint,superpoint,superpoint,bf_ratio,0.8
hpatches,v_yard,viewpoint,v_yard_1_to_4,1,4,D:\桌面\IACV\Assigment1\data\hpatches\v_yard\1.ppm,D:\桌面\IACV\Assigment1\data\hpatches\v_yard\4.ppm,1050,1890,1079,0.5708994708994709,3.0,1.6309538720514467,1890,1049,923,126,1079,0.555026455026455,0.8798856053384175,0.4883597883597884,0.8554216867469879,0.5708994708994709,3.0,1.318534221303892,1.2118306212578602,True,923,0.8790476190476191,1.3452618615541958,38.18367999920156,1.1298894377805262,nan,2048,2048,2097152,256,float32,1024,nan,2048,2048,2097152,nan,nan,nan,nan,24.619499999971595,0.06078335448754761,nan,nan,nan,nan,24.89876000181539,0.21016607187375413,superpoint,superpoint,superpoint,bf_ratio,0.8
hpatches,v_yard,viewpoint,v_yard_1_to_5,1,5,D:\桌面\IACV\Assigment1\data\hpatches\v_yard\1.ppm,D:\桌面\IACV\Assigment1\data\hpatches\v_yard\5.ppm,593,1705,731,0.4287390029325513,3.0,4.823346772583833,1705,593,387,206,731,0.3478005865102639,0.6526138279932546,0.22697947214076247,0.5294117647058824,0.4287390029325513,3.0,1.567978796327935,1.5205004792340244,True,380,0.6408094435075885,1.6004440461977747,37.77423999999883,0.6808411577322016,nan,2048,2048,2097152,256,float32,1024,nan,2048,2048,2097152,nan,nan,nan,nan,24.619499999971595,0.06078335448754761,nan,nan,nan,nan,24.622300002374686,0.14905222082783692,superpoint,superpoint,superpoint,bf_ratio,0.8
hpatches,v_yard,viewpoint,v_yard_1_to_6,1,6,D:\桌面\IACV\Assigment1\data\hpatches\v_yard\1.ppm,D:\桌面\IACV\Assigment1\data\hpatches\v_yard\6.ppm,179,1670,479,0.2868263473053892,3.0,9.95882535651366,1670,178,91,87,479,0.10658682634730539,0.5112359550561798,0.05449101796407185,0.18997912317327767,0.2868263473053892,3.0,1.6748991986866386,1.711827734875776,True,88,0.49162011173184356,1.6771419978653574,38.27534000156447,1.201503918140998,nan,2048,2048,2097152,256,float32,1024,nan,2048,2048,2097152,nan,nan,nan,nan,24.619499999971595,0.06078335448754761,nan,nan,nan,nan,24.71541999693727,0.18269891429097074,superpoint,superpoint,superpoint,bf_ratio,0.8
hpatches,v_yuri,viewpoint,v_yuri_1_to_2,1,2,D:\桌面\IACV\Assigment1\data\hpatches\v_yuri\1.ppm,D:\桌面\IACV\Assigment1\data\hpatches\v_yuri\2.ppm,763,1998,1086,0.5435435435435435,3.0,1.9800325064697546,1998,763,650,113,1086,0.3818818818818819,0.8519003931847968,0.3253253253253253,0.5985267034990792,0.5435435435435435,3.0,1.3106157972551638,1.214956420602082,True,651,0.8532110091743119,1.2406340990066604,35.6785600000876,1.0752484437618173,nan,1998,1998,2045952,256,float32,1024,nan,2048,2048,2097152,nan,nan,nan,nan,37.628419999964535,0.19309122408651708,nan,nan,nan,nan,37.83369999873685,0.3356698088491908,superpoint,superpoint,superpoint,bf_ratio,0.8
hpatches,v_yuri,viewpoint,v_yuri_1_to_3,1,3,D:\桌面\IACV\Assigment1\data\hpatches\v_yuri\1.ppm,D:\桌面\IACV\Assigment1\data\hpatches\v_yuri\3.ppm,483,1507,717,0.47577969475779697,3.0,10.794317850439505,1507,480,337,143,717,0.31851360318513605,0.7020833333333333,0.22362309223623092,0.4700139470013947,0.47577969475779697,3.0,1.5635152380150181,1.6081104328710736,True,312,0.6459627329192547,1.3912859956661077,36.311839999689255,1.262704349397754,nan,1998,1998,2045952,256,float32,1024,nan,2048,2048,2097152,nan,nan,nan,nan,37.628419999964535,0.19309122408651708,nan,nan,nan,nan,37.9203199991025,0.15331963492028253,superpoint,superpoint,superpoint,bf_ratio,0.8
hpatches,v_yuri,viewpoint,v_yuri_1_to_4,1,4,D:\桌面\IACV\Assigment1\data\hpatches\v_yuri\1.ppm,D:\桌面\IACV\Assigment1\data\hpatches\v_yuri\4.ppm,132,1488,478,0.32123655913978494,3.0,686.236284877824,1488,130,66,64,478,0.08736559139784947,0.5076923076923077,0.04435483870967742,0.13807531380753138,0.32123655913978494,3.0,1.7273218432600252,1.762127199091064,True,76,0.5757575757575758,1.4681026414099472,35.888520001026336,1.2326029789794388,nan,1998,1998,2045952,256,float32,1024,nan,2048,2048,2097152,nan,nan,nan,nan,37.628419999964535,0.19309122408651708,nan,nan,nan,nan,38.10778000188293,0.4840895503099561,superpoint,superpoint,superpoint,bf_ratio,0.8
hpatches,v_yuri,viewpoint,v_yuri_1_to_5,1,5,D:\桌面\IACV\Assigment1\data\hpatches\v_yuri\1.ppm,D:\桌面\IACV\Assigment1\data\hpatches\v_yuri\5.ppm,410,1708,776,0.45433255269320844,3.0,7.016029684764577,1708,408,291,117,776,0.2388758782201405,0.7132352941176471,0.17037470725995316,0.375,0.45433255269320844,3.0,1.6016553843391006,1.557243415828234,True,259,0.6317073170731707,1.6385579598078406,36.89799999992829,1.0932487572886078,nan,1998,1998,2045952,256,float32,1024,nan,2048,2048,2097152,nan,nan,nan,nan,37.628419999964535,0.19309122408651708,nan,nan,nan,nan,37.871640000957996,0.35340589467118455,superpoint,superpoint,superpoint,bf_ratio,0.8
hpatches,v_yuri,viewpoint,v_yuri_1_to_6,1,6,D:\桌面\IACV\Assigment1\data\hpatches\v_yuri\1.ppm,D:\桌面\IACV\Assigment1\data\hpatches\v_yuri\6.ppm,131,1672,551,0.32954545454545453,3.0,89.2205441054448,1672,131,73,58,551,0.07834928229665072,0.5572519083969466,0.04366028708133971,0.132486388384755,0.32954545454545453,3.0,1.674055085779164,1.7040259443712416,True,74,0.5648854961832062,1.6121256042785976,36.18348000018159,0.6559116868084964,nan,1998,1998,2045952,256,float32,1024,nan,2048,2048,2097152,nan,nan,nan,nan,37.628419999964535,0.19309122408651708,nan,nan,nan,nan,37.95966000034241,0.3188432716468095,superpoint,superpoint,superpoint,bf_ratio,0.8
hpatches,i_ajuntament,illumination,i_ajuntament_1_to_2,1,2,D:\桌面\IACV\Assigment1\data\hpatches\i_ajuntament\1.ppm,D:\桌面\IACV\Assigment1\data\hpatches\i_ajuntament\2.ppm,683,954,680,0.7127882599580713,3.0,0.5748084401767377,954,683,648,35,680,0.7159329140461216,0.9487554904831625,0.6792452830188679,0.9529411764705882,0.7127882599580713,3.0,1.034577665113807,1.0,True,648,0.9487554904831625,1.0722902389545974,9.863480000058189,0.05400397672821842,nan,954,954,976896,256,float32,1024,nan,909,909,930816,nan,nan,nan,nan,9.536859999934677,0.890068069298558,nan,nan,nan,nan,8.97840000106953,0.1288726026105056,superpoint_lightglue,superpoint,superpoint,lightglue,nan
hpatches,i_ajuntament,illumination,i_ajuntament_1_to_3,1,3,D:\桌面\IACV\Assigment1\data\hpatches\i_ajuntament\1.ppm,D:\桌面\IACV\Assigment1\data\hpatches\i_ajuntament\3.ppm,478,954,474,0.4968553459119497,3.0,1.3952250007499325,954,478,430,48,474,0.5010482180293501,0.899581589958159,0.45073375262054505,0.9071729957805907,0.4968553459119497,3.0,1.4035625606974924,1.4142135623730951,True,432,0.9037656903765691,1.4937753356010524,16.331740000168793,0.5511922235398482,nan,954,954,976896,256,float32,1024,nan,946,946,968704,nan,nan,nan,nan,9.536859999934677,0.890068069298558,nan,nan,nan,nan,10.341599998355377,1.6604788931292174,superpoint_lightglue,superpoint,superpoint,lightglue,nan
hpatches,i_ajuntament,illumination,i_ajuntament_1_to_4,1,4,D:\桌面\IACV\Assigment1\data\hpatches\i_ajuntament\1.ppm,D:\桌面\IACV\Assigment1\data\hpatches\i_ajuntament\4.ppm,316,954,292,0.3060796645702306,3.0,2.9016448068085587,954,316,259,57,292,0.3312368972746331,0.819620253164557,0.27148846960167716,0.886986301369863,0.3060796645702306,3.0,1.6295949639472402,1.4142135623730951,True,237,0.75,1.6726236001882686,17.861339999944903,3.591906391451666,nan,954,954,976896,256,float32,1024,nan,645,645,660480,nan,nan,nan,nan,9.536859999934677,0.890068069298558,nan,nan,nan,nan,9.56542000058107,1.6034101297225636,superpoint_lightglue,superpoint,superpoint,lightglue,nan
hpatches,i_ajuntament,illumination,i_ajuntament_1_to_5,1,5,D:\桌面\IACV\Assigment1\data\hpatches\i_ajuntament\1.ppm,D:\桌面\IACV\Assigment1\data\hpatches\i_ajuntament\5.ppm,320,954,299,0.31341719077568136,3.0,2.6894311331699465,954,320,263,57,299,0.33542976939203356,0.821875,0.27568134171907754,0.8795986622073578,0.31341719077568136,3.0,1.5309252778535054,1.4142135623730951,True,269,0.840625,1.5630607357663442,15.115419999347068,0.6831477787452733,nan,954,954,976896,256,float32,1024,nan,623,623,637952,nan,nan,nan,nan,9.536859999934677,0.890068069298558,nan,nan,nan,nan,8.660719999170396,0.08107170406465242,superpoint_lightglue,superpoint,superpoint,lightglue,nan
hpatches,i_ajuntament,illumination,i_ajuntament_1_to_6,1,6,D:\桌面\IACV\Assigment1\data\hpatches\i_ajuntament\1.ppm,D:\桌面\IACV\Assigment1\data\hpatches\i_ajuntament\6.ppm,313,954,301,0.31551362683438156,3.0,3.8497066104783677,954,313,269,44,301,0.3280922431865828,0.8594249201277955,0.28197064989517817,0.893687707641196,0.31551362683438156,3.0,1.4795479786522814,1.4142135623730951,True,258,0.8242811501597445,1.5807619038741207,14.726399999926798,0.0681938716630262,nan,954,954,976896,256,float32,1024,nan,633,633,648192,nan,nan,nan,nan,9.536859999934677,0.890068069298558,nan,nan,nan,nan,9.443099999043625,1.237400158304211,superpoint_lightglue,superpoint,superpoint,lightglue,nan
hpatches,i_autannes,illumination,i_autannes_1_to_2,1,2,D:\桌面\IACV\Assigment1\data\hpatches\i_autannes\1.ppm,D:\桌面\IACV\Assigment1\data\hpatches\i_autannes\2.ppm,1090,2048,1046,0.5107421875,3.0,0.2648507076235733,2048,1090,872,218,1046,0.5322265625,0.8,0.42578125,0.8336520076481836,0.5107421875,3.0,1.0788953489682482,1.0,True,860,0.7889908256880734,1.076721749228166,26.836839999305084,0.6300307322231915,nan,2048,2048,2097152,256,float32,1024,nan,2048,2048,2097152,nan,nan,nan,nan,28.42355999891879,0.09174594690222469,nan,nan,nan,nan,28.32776000141166,0.14638662087500734,superpoint_lightglue,superpoint,superpoint,lightglue,nan
hpatches,i_autannes,illumination,i_autannes_1_to_3,1,3,D:\桌面\IACV\Assigment1\data\hpatches\i_autannes\1.ppm,D:\桌面\IACV\Assigment1\data\hpatches\i_autannes\3.ppm,1019,2048,933,0.45556640625,3.0,0.7693356464100652,2048,1019,810,209,933,0.49755859375,0.7948969578017664,0.3955078125,0.8681672025723473,0.45556640625,3.0,1.1437064800824663,1.0,True,803,0.788027477919529,1.1909673257044042,29.414419998647645,0.14123684412011175,nan,2048,2048,2097152,256,float32,1024,nan,2048,2048,2097152,nan,nan,nan,nan,28.42355999891879,0.09174594690222469,nan,nan,nan,nan,28.572160001203883,0.36769738391596074,superpoint_lightglue,superpoint,superpoint,lightglue,nan
hpatches,i_autannes,illumination,i_autannes_1_to_4,1,4,D:\桌面\IACV\Assigment1\data\hpatches\i_autannes\1.ppm,D:\桌面\IACV\Assigment1\data\hpatches\i_autannes\4.ppm,553,2048,330,0.1611328125,3.0,4.695732661134115,2048,553,267,286,330,0.27001953125,0.48282097649186256,0.13037109375,0.8090909090909091,0.1611328125,3.0,1.7463032186369551,2.0,True,369,0.6672694394213382,1.5801566313875508,26.572519999172073,1.2867331422043256,nan,2048,2048,2097152,256,float32,1024,nan,2048,2048,2097152,nan,nan,nan,nan,28.42355999891879,0.09174594690222469,nan,nan,nan,nan,28.61210000119172,0.2224914654509662,superpoint_lightglue,superpoint,superpoint,lightglue,nan
hpatches,i_autannes,illumination,i_autannes_1_to_5,1,5,D:\桌面\IACV\Assigment1\data\hpatches\i_autannes\1.ppm,D:\桌面\IACV\Assigment1\data\hpatches\i_autannes\5.ppm,560,2048,440,0.21484375,3.0,2.8441296030155447,2048,560,383,177,440,0.2734375,0.6839285714285714,0.18701171875,0.8704545454545455,0.21484375,3.0,1.5940412625855447,1.4142135623730951,True,355,0.6339285714285714,1.6080335144342108,25.986879998527,0.3942072812070169,nan,2048,2048,2097152,256,float32,1024,nan,2048,2048,2097152,nan,nan,nan,nan,28.42355999891879,0.09174594690222469,nan,nan,nan,nan,28.768399999535177,0.1484023159067685,superpoint_lightglue,superpoint,superpoint,lightglue,nan
hpatches,i_autannes,illumination,i_autannes_1_to_6,1,6,D:\桌面\IACV\Assigment1\data\hpatches\i_autannes\1.ppm,D:\桌面\IACV\Assigment1\data\hpatches\i_autannes\6.ppm,1027,2048,946,0.4619140625,3.0,3.0749303484907644,2048,1027,825,202,946,0.50146484375,0.8033106134371957,0.40283203125,0.872093023255814,0.4619140625,3.0,1.3708342282326378,1.4142135623730951,True,700,0.6815968841285297,1.5111104286536738,29.468699998687953,0.5333192706773369,nan,2048,2048,2097152,256,float32,1024,nan,2048,2048,2097152,nan,nan,nan,nan,28.42355999891879,0.09174594690222469,nan,nan,nan,nan,28.873899998143315,0.24031104685237692,superpoint_lightglue,superpoint,superpoint,lightglue,nan
hpatches,i_bologna,illumination,i_bologna_1_to_2,1,2,D:\桌面\IACV\Assigment1\data\hpatches\i_bologna\1.ppm,D:\桌面\IACV\Assigment1\data\hpatches\i_bologna\2.ppm,495,648,497,0.7669753086419753,3.0,0.9544081193061608,648,495,488,7,497,0.7638888888888888,0.9858585858585859,0.7530864197530864,0.9818913480885312,0.7669753086419753,3.0,0.87273903443363,1.0,True,487,0.9838383838383838,0.9484302591939101,12.784400000236928,1.6479720743070354,nan,648,648,663552,256,float32,1024,nan,759,759,777216,nan,nan,nan,nan,7.575280001037754,0.09830368089825985,nan,nan,nan,nan,7.628619999741204,0.06233237984790228,superpoint_lightglue,superpoint,superpoint,lightglue,nan
hpatches,i_bologna,illumination,i_bologna_1_to_3,1,3,D:\桌面\IACV\Assigment1\data\hpatches\i_bologna\1.ppm,D:\桌面\IACV\Assigment1\data\hpatches\i_bologna\3.ppm,463,648,465,0.7175925925925926,3.0,1.0510112234864972,648,463,447,16,465,0.7145061728395061,0.9654427645788337,0.6898148148148148,0.9612903225806452,0.7175925925925926,3.0,0.9038604899510143,1.0,True,448,0.9676025917926566,0.9704549826175733,11.382500002218876,0.2732734084004536,nan,648,648,663552,256,float32,1024,nan,772,772,790528,nan,nan,nan,nan,7.575280001037754,0.09830368089825985,nan,nan,nan,nan,8.295139999245293,1.0635676040065656,superpoint_lightglue,superpoint,superpoint,lightglue,nan
hpatches,i_bologna,illumination,i_bologna_1_to_4,1,4,D:\桌面\IACV\Assigment1\data\hpatches\i_bologna\1.ppm,D:\桌面\IACV\Assigment1\data\hpatches\i_bologna\4.ppm,484,648,481,0.7422839506172839,3.0,3.845381655886561,648,484,463,21,481,0.7469135802469136,0.9566115702479339,0.7145061728395061,0.9625779625779626,0.7422839506172839,3.0,1.0011224349775099,1.0,True,453,0.9359504132231405,1.3669707120457892,11.036540001805406,0.08735366244012324,nan,648,648,663552,256,float32,1024,nan,844,844,864256,nan,nan,nan,nan,7.575280001037754,0.09830368089825985,nan,nan,nan,nan,8.140280000225175,0.30528819583958,superpoint_lightglue,superpoint,superpoint,lightglue,nan
hpatches,i_bologna,illumination,i_bologna_1_to_5,1,5,D:\桌面\IACV\Assigment1\data\hpatches\i_bologna\1.ppm,D:\桌面\IACV\Assigment1\data\hpatches\i_bologna\5.ppm,446,648,433,0.6682098765432098,3.0,2.3439300908716016,648,446,415,31,433,0.6882716049382716,0.9304932735426009,0.6404320987654321,0.9584295612009238,0.6682098765432098,3.0,1.049076146154802,1.0,True,399,0.8946188340807175,1.3490353151854504,10.965300000680145,0.06557572640391597,nan,648,648,663552,256,float32,1024,nan,809,809,828416,nan,nan,nan,nan,7.575280001037754,0.09830368089825985,nan,nan,nan,nan,7.802079999237321,0.17451098035348012,superpoint_lightglue,superpoint,superpoint,lightglue,nan
hpatches,i_bologna,illumination,i_bologna_1_to_6,1,6,D:\桌面\IACV\Assigment1\data\hpatches\i_bologna\1.ppm,D:\桌面\IACV\Assigment1\data\hpatches\i_bologna\6.ppm,445,648,435,0.6712962962962963,3.0,0.5928848605856637,648,445,413,32,435,0.6867283950617284,0.9280898876404494,0.6373456790123457,0.9494252873563218,0.6712962962962963,3.0,1.147195557707577,1.0,True,410,0.9213483146067416,1.164763417627365,11.226919999171514,0.5555738728969767,nan,648,648,663552,256,float32,1024,nan,818,818,837632,nan,nan,nan,nan,7.575280001037754,0.09830368089825985,nan,nan,nan,nan,7.644239999353886,0.073404863066588,superpoint_lightglue,superpoint,superpoint,lightglue,nan
hpatches,i_books,illumination,i_books_1_to_2,1,2,D:\桌面\IACV\Assigment1\data\hpatches\i_books\1.ppm,D:\桌面\IACV\Assigment1\data\hpatches\i_books\2.ppm,1038,1387,1008,0.7267483777937995,3.0,0.2468405889938962,1387,1038,978,60,1008,0.7483777937995674,0.9421965317919075,0.7051189617880317,0.9702380952380952,0.7267483777937995,3.0,0.8287381289825905,1.0,True,972,0.9364161849710982,0.874189961779873,15.15843999950448,0.10654960517093708,nan,1387,1387,1420288,256,float32,1024,nan,1400,1400,1433600,nan,nan,nan,nan,13.193360000150278,0.07275090929037982,nan,nan,nan,nan,13.27463999914471,0.03217574395424011,superpoint_lightglue,superpoint,superpoint,lightglue,nan
hpatches,i_books,illumination,i_books_1_to_3,1,3,D:\桌面\IACV\Assigment1\data\hpatches\i_books\1.ppm,D:\桌面\IACV\Assigment1\data\hpatches\i_books\3.ppm,1003,1387,969,0.6986301369863014,3.0,0.1633958392412071,1387,1003,950,53,969,0.7231434751261716,0.9471585244267199,0.684931506849315,0.9803921568627451,0.6986301369863014,3.0,0.7800882754534469,1.0,True,945,0.942173479561316,0.7984253762143848,15.391320000344422,0.23198101212274044,nan,1387,1387,1420288,256,float32,1024,nan,1397,1397,1430528,nan,nan,nan,nan,13.193360000150278,0.07275090929037982,nan,nan,nan,nan,13.745200002449565,0.44237965520930517,superpoint_lightglue,superpoint,superpoint,lightglue,nan
hpatches,i_books,illumination,i_books_1_to_4,1,4,D:\桌面\IACV\Assigment1\data\hpatches\i_books\1.ppm,D:\桌面\IACV\Assigment1\data\hpatches\i_books\4.ppm,1019,1387,996,0.7180966113914924,3.0,0.4179726925388624,1387,1019,977,42,996,0.7346791636625811,0.9587831207065751,0.7043979812545061,0.9809236947791165,0.7180966113914924,3.0,0.7607706945552903,1.0,True,971,0.9528949950932286,0.8393433221666949,15.463100001215935,0.39414510162437627,nan,1387,1387,1420288,256,float32,1024,nan,1377,1377,1410048,nan,nan,nan,nan,13.193360000150278,0.07275090929037982,nan,nan,nan,nan,13.355700000829529,0.20343957490981093,superpoint_lightglue,superpoint,superpoint,lightglue,nan
hpatches,i_books,illumination,i_books_1_to_5,1,5,D:\桌面\IACV\Assigment1\data\hpatches\i_books\1.ppm,D:\桌面\IACV\Assigment1\data\hpatches\i_books\5.ppm,1035,1387,1012,0.7296322999279019,3.0,0.26134707637627375,1387,1035,984,51,1012,0.7462148521989906,0.9507246376811594,0.7094448449891853,0.9723320158102767,0.7296322999279019,3.0,0.7376368376870281,1.0,True,986,0.9526570048309179,0.8306699557607138,15.380459999141749,0.2710363438561278,nan,1387,1387,1420288,256,float32,1024,nan,1351,1351,1383424,nan,nan,nan,nan,13.193360000150278,0.07275090929037982,nan,nan,nan,nan,13.39051999966614,0.2727396069697137,superpoint_lightglue,superpoint,superpoint,lightglue,nan
hpatches,i_books,illumination,i_books_1_to_6,1,6,D:\桌面\IACV\Assigment1\data\hpatches\i_books\1.ppm,D:\桌面\IACV\Assigment1\data\hpatches\i_books\6.ppm,1042,1387,1014,0.7310742609949531,3.0,1.047958306554782,1387,1042,996,46,1014,0.7512617159336697,0.9558541266794626,0.7180966113914924,0.9822485207100592,0.7310742609949531,3.0,0.7589207287717104,1.0,True,993,0.9529750479846449,0.9746291274439602,18.16707999969367,0.13867591710242946,nan,1387,1387,1420288,256,float32,1024,nan,1404,1404,1437696,nan,nan,nan,nan,13.193360000150278,0.07275090929037982,nan,nan,nan,nan,13.701839999703225,0.17332806697084016,superpoint_lightglue,superpoint,superpoint,lightglue,nan
hpatches,i_boutique,illumination,i_boutique_1_to_2,1,2,D:\桌面\IACV\Assigment1\data\hpatches\i_boutique\1.ppm,D:\桌面\IACV\Assigment1\data\hpatches\i_boutique\2.ppm,1422,2048,1363,0.66552734375,3.0,0.6353663591627803,2048,1422,1317,105,1363,0.6943359375,0.9261603375527426,0.64306640625,0.9662509170946442,0.66552734375,3.0,0.9152465257453922,1.0,True,1309,0.9205344585091421,1.0135882593636691,23.025519998918753,0.35547140250503256,nan,2048,2048,2097152,256,float32,1024,nan,2048,2048,2097152,nan,nan,nan,nan,13.627899999846704,0.16262392048000485,nan,nan,nan,nan,14.043920002586674,0.37498800183085407,superpoint_lightglue,superpoint,superpoint,lightglue,nan
hpatches,i_boutique,illumination,i_boutique_1_to_3,1,3,D:\桌面\IACV\Assigment1\data\hpatches\i_boutique\1.ppm,D:\桌面\IACV\Assigment1\data\hpatches\i_boutique\3.ppm,1337,2048,1261,0.61572265625,3.0,0.410509431098544,2048,1337,1211,126,1261,0.65283203125,0.9057591623036649,0.59130859375,0.9603489294210944,0.61572265625,3.0,1.0711857286763498,1.0,True,1190,0.8900523560209425,1.0962352414567063,27.089780001551844,2.8249051480331815,nan,2048,2048,2097152,256,float32,1024,nan,2048,2048,2097152,nan,nan,nan,nan,13.627899999846704,0.16262392048000485,nan,nan,nan,nan,13.789980000001378,0.2607589935396675,superpoint_lightglue,superpoint,superpoint,lightglue,nan
hpatches,i_boutique,illumination,i_boutique_1_to_4,1,4,D:\桌面\IACV\Assigment1\data\hpatches\i_boutique\1.ppm,D:\桌面\IACV\Assigment1\data\hpatches\i_boutique\4.ppm,1358,2048,1231,0.60107421875,3.0,0.23628853665750138,2048,1358,1177,181,1231,0.6630859375,0.8667157584683358,0.57470703125,0.9561332250203087,0.60107421875,3.0,1.042951906282906,1.0,True,1158,0.8527245949926362,1.042526030557181,18.460480000067037,0.19916040251833847,nan,2048,2048,2097152,256,float32,1024,nan,2048,2048,2097152,nan,nan,nan,nan,13.627899999846704,0.16262392048000485,nan,nan,nan,nan,13.342159999592695,0.22699632384988427,superpoint_lightglue,superpoint,superpoint,lightglue,nan
hpatches,i_boutique,illumination,i_boutique_1_to_5,1,5,D:\桌面\IACV\Assigment1\data\hpatches\i_boutique\1.ppm,D:\桌面\IACV\Assigment1\data\hpatches\i_boutique\5.ppm,1085,2048,1013,0.49462890625,3.0,0.5290509228499717,2048,1085,974,111,1013,0.52978515625,0.8976958525345622,0.4755859375,0.9615004935834156,0.49462890625,3.0,1.3808516321238031,1.4142135623730951,True,965,0.8894009216589862,1.3880514181377714,30.576360001577996,1.043425536902452,nan,2048,2048,2097152,256,float32,1024,nan,2048,2048,2097152,nan,nan,nan,nan,13.627899999846704,0.16262392048000485,nan,nan,nan,nan,13.474220001080539,0.07777810536544799,superpoint_lightglue,superpoint,superpoint,lightglue,nan
hpatches,i_boutique,illumination,i_boutique_1_to_6,1,6,D:\桌面\IACV\Assigment1\data\hpatches\i_boutique\1.ppm,D:\桌面\IACV\Assigment1\data\hpatches\i_boutique\6.ppm,1065,2048,990,0.4833984375,3.0,1.4030120340613477,2048,1065,950,115,990,0.52001953125,0.892018779342723,0.4638671875,0.9595959595959596,0.4833984375,3.0,1.394280944718002,1.4142135623730951,True,945,0.8873239436619719,1.4381104513495804,31.0985999982222,0.8585081539247404,nan,2048,2048,2097152,256,float32,1024,nan,2048,2048,2097152,nan,nan,nan,nan,13.627899999846704,0.16262392048000485,nan,nan,nan,nan,13.350460000219755,0.2291372581755684,superpoint_lightglue,superpoint,superpoint,lightglue,nan
hpatches,i_bridger,illumination,i_bridger_1_to_2,1,2,D:\桌面\IACV\Assigment1\data\hpatches\i_bridger\1.ppm,D:\桌面\IACV\Assigment1\data\hpatches\i_bridger\2.ppm,1358,2048,1166,0.5693359375,3.0,0.5416419929890308,2048,1358,1155,203,1166,0.6630859375,0.8505154639175257,0.56396484375,0.9905660377358491,0.5693359375,3.0,1.2349412385639285,1.0,True,1175,0.8652430044182622,1.2098767914395219,22.02714000013657,0.372069662202519,nan,2048,2048,2097152,256,float32,1024,nan,2048,2048,2097152,nan,nan,nan,nan,24.56574000098044,0.7022504354030471,nan,nan,nan,nan,23.408300000301097,0.07665342557337936,superpoint_lightglue,superpoint,superpoint,lightglue,nan
hpatches,i_bridger,illumination,i_bridger_1_to_3,1,3,D:\桌面\IACV\Assigment1\data\hpatches\i_bridger\1.ppm,D:\桌面\IACV\Assigment1\data\hpatches\i_bridger\3.ppm,1248,2048,1048,0.51171875,3.0,1.2888862158366403,2048,1248,1024,224,1048,0.609375,0.8205128205128205,0.5,0.9770992366412213,0.51171875,3.0,1.2315421188826552,1.0,True,999,0.8004807692307693,1.28919654778988,22.802500001853332,1.1469002722987827,nan,2048,2048,2097152,256,float32,1024,nan,2048,2048,2097152,nan,nan,nan,nan,24.56574000098044,0.7022504354030471,nan,nan,nan,nan,23.420599997916725,0.16541055666855226,superpoint_lightglue,superpoint,superpoint,lightglue,nan
hpatches,i_bridger,illumination,i_bridger_1_to_4,1,4,D:\桌面\IACV\Assigment1\data\hpatches\i_bridger\1.ppm,D:\桌面\IACV\Assigment1\data\hpatches\i_bridger\4.ppm,1258,2048,1069,0.52197265625,3.0,0.929711059990505,2048,1258,1062,196,1069,0.6142578125,0.8441971383147854,0.5185546875,0.9934518241347053,0.52197265625,3.0,1.3147682280871835,1.0,True,1072,0.8521462639109698,1.3648637399778907,22.02631999971345,1.064183556422132,nan,2048,2048,2097152,256,float32,1024,nan,2048,2048,2097152,nan,nan,nan,nan,24.56574000098044,0.7022504354030471,nan,nan,nan,nan,23.601019999478012,0.1931087802632009,superpoint_lightglue,superpoint,superpoint,lightglue,nan
hpatches,i_bridger,illumination,i_bridger_1_to_5,1,5,D:\桌面\IACV\Assigment1\data\hpatches\i_bridger\1.ppm,D:\桌面\IACV\Assigment1\data\hpatches\i_bridger\5.ppm,1055,2048,814,0.3974609375,3.0,0.6066354352442107,2048,1055,800,255,814,0.51513671875,0.7582938388625592,0.390625,0.9828009828009828,0.3974609375,3.0,1.4569993386855153,1.4142135623730951,True,776,0.7355450236966825,1.4655891737262507,22.15456000267295,0.8251967467293325,nan,2048,2048,2097152,256,float32,1024,nan,2048,2048,2097152,nan,nan,nan,nan,24.56574000098044,0.7022504354030471,nan,nan,nan,nan,23.685440002009273,0.1987024666486812,superpoint_lightglue,superpoint,superpoint,lightglue,nan
hpatches,i_bridger,illumination,i_bridger_1_to_6,1,6,D:\桌面\IACV\Assigment1\data\hpatches\i_bridger\1.ppm,D:\桌面\IACV\Assigment1\data\hpatches\i_bridger\6.ppm,714,2048,358,0.1748046875,3.0,2.586953842932053,2048,714,343,371,358,0.3486328125,0.4803921568627451,0.16748046875,0.9581005586592178,0.1748046875,3.0,1.851024367595983,2.0,True,319,0.44677871148459386,1.8543736608192034,30.931920002331026,0.7075459644284121,nan,2048,2048,2097152,256,float32,1024,nan,2048,2048,2097152,nan,nan,nan,nan,24.56574000098044,0.7022504354030471,nan,nan,nan,nan,23.463279999850783,0.1955417739679945,superpoint_lightglue,superpoint,superpoint,lightglue,nan
hpatches,i_brooklyn,illumination,i_brooklyn_1_to_2,1,2,D:\桌面\IACV\Assigment1\data\hpatches\i_brooklyn\1.ppm,D:\桌面\IACV\Assigment1\data\hpatches\i_brooklyn\2.ppm,1464,2048,1300,0.634765625,3.0,1.7296392500898525,2048,1464,1288,176,1300,0.71484375,0.8797814207650273,0.62890625,0.9907692307692307,0.634765625,3.0,1.1524844508533496,1.0,True,1299,0.8872950819672131,1.1938735809340109,18.80675999855157,0.31776415435398486,nan,2048,2048,2097152,256,float32,1024,nan,2048,2048,2097152,nan,nan,nan,nan,27.22446000261698,0.18599709989783736,nan,nan,nan,nan,27.15495999873383,0.16315214295775363,superpoint_lightglue,superpoint,superpoint,lightglue,nan
hpatches,i_brooklyn,illumination,i_brooklyn_1_to_3,1,3,D:\桌面\IACV\Assigment1\data\hpatches\i_brooklyn\1.ppm,D:\桌面\IACV\Assigment1\data\hpatches\i_brooklyn\3.ppm,1723,2048,608,0.296875,3.0,3.3247418004922036,2048,1723,582,1141,608,0.84130859375,0.3377829367382472,0.2841796875,0.9572368421052632,0.296875,3.0,2.7413578390531503,3.0,True,1645,0.954730121880441,0.9582222355230514,14.959680000902154,0.4503441956682386,nan,2048,2048,2097152,256,float32,1024,nan,2048,2048,2097152,nan,nan,nan,nan,27.22446000261698,0.18599709989783736,nan,nan,nan,nan,27.14821999979904,0.1258712088681295,superpoint_lightglue,superpoint,superpoint,lightglue,nan
hpatches,i_brooklyn,illumination,i_brooklyn_1_to_4,1,4,D:\桌面\IACV\Assigment1\data\hpatches\i_brooklyn\1.ppm,D:\桌面\IACV\Assigment1\data\hpatches\i_brooklyn\4.ppm,1374,2048,853,0.41650390625,3.0,2.369200699384166,2048,1374,828,546,853,0.6708984375,0.6026200873362445,0.404296875,0.9706916764361079,0.41650390625,3.0,2.1005632920170996,2.23606797749979,True,1193,0.8682678311499272,1.26521044265176,23.2443200002308,0.6519133216014089,nan,2048,2048,2097152,256,float32,1024,nan,2048,2048,2097152,nan,nan,nan,nan,27.22446000261698,0.18599709989783736,nan,nan,nan,nan,27.242839997052215,0.12980078128815625,superpoint_lightglue,superpoint,superpoint,lightglue,nan
hpatches,i_brooklyn,illumination,i_brooklyn_1_to_5,1,5,D:\桌面\IACV\Assigment1\data\hpatches\i_brooklyn\1.ppm,D:\桌面\IACV\Assigment1\data\hpatches\i_brooklyn\5.ppm,1708,2048,297,0.14501953125,3.0,3.951501034013294,2048,1708,274,1434,297,0.833984375,0.16042154566744732,0.1337890625,0.9225589225589226,0.14501953125,3.0,2.743213768669584,3.0,True,1635,0.9572599531615925,0.8997633236403695,15.034619998186827,0.5373007097212983,nan,2048,2048,2097152,256,float32,1024,nan,2048,2048,2097152,nan,nan,nan,nan,27.22446000261698,0.18599709989783736,nan,nan,nan,nan,27.23037999967346,0.2628659989093797,superpoint_lightglue,superpoint,superpoint,lightglue,nan
hpatches,i_brooklyn,illumination,i_brooklyn_1_to_6,1,6,D:\桌面\IACV\Assigment1\data\hpatches\i_brooklyn\1.ppm,D:\桌面\IACV\Assigment1\data\hpatches\i_brooklyn\6.ppm,1500,2048,377,0.18408203125,3.0,3.5874146405464056,2048,1500,342,1158,377,0.732421875,0.228,0.1669921875,0.9071618037135278,0.18408203125,3.0,2.498681680831484,3.0,True,1343,0.8953333333333333,1.098497759250751,18.69167999975616,0.20048776619252792,nan,2048,2048,2097152,256,float32,1024,nan,2048,2048,2097152,nan,nan,nan,nan,27.22446000261698,0.18599709989783736,nan,nan,nan,nan,27.431319998868275,0.285756379568186,superpoint_lightglue,superpoint,superpoint,lightglue,nan
hpatches,i_castle,illumination,i_castle_1_to_2,1,2,D:\桌面\IACV\Assigment1\data\hpatches\i_castle\1.ppm,D:\桌面\IACV\Assigment1\data\hpatches\i_castle\2.ppm,950,1881,1017,0.5406698564593302,3.0,0.9425381334283478,1881,950,909,41,1017,0.5050505050505051,0.9568421052631579,0.48325358851674644,0.8938053097345132,0.5406698564593302,3.0,1.3329815930486246,1.4142135623730951,True,915,0.9631578947368421,1.387881176518634,25.705139999627136,0.08418098649041593,nan,1881,1881,1926144,256,float32,1024,nan,1727,1727,1768448,nan,nan,nan,nan,8.604019999620505,0.06534883103608928,nan,nan,nan,nan,8.672459999797866,0.038688426303220946,superpoint_lightglue,superpoint,superpoint,lightglue,nan
hpatches,i_castle,illumination,i_castle_1_to_3,1,3,D:\桌面\IACV\Assigment1\data\hpatches\i_castle\1.ppm,D:\桌面\IACV\Assigment1\data\hpatches\i_castle\3.ppm,1026,1881,1040,0.5528973950026581,3.0,1.5159581511678981,1881,1026,972,54,1040,0.5454545454545454,0.9473684210526315,0.5167464114832536,0.9346153846153846,0.5528973950026581,3.0,1.1614578044253727,1.0,True,964,0.9395711500974658,1.2520027129721358,18.888740001420956,0.26072049763035915,nan,1881,1881,1926144,256,float32,1024,nan,1567,1567,1604608,nan,nan,nan,nan,8.604019999620505,0.06534883103608928,nan,nan,nan,nan,9.65596000169171,1.15881480695631,superpoint_lightglue,superpoint,superpoint,lightglue,nan
hpatches,i_castle,illumination,i_castle_1_to_4,1,4,D:\桌面\IACV\Assigment1\data\hpatches\i_castle\1.ppm,D:\桌面\IACV\Assigment1\data\hpatches\i_castle\4.ppm,951,1881,973,0.5172780435938331,3.0,1.9738029419299066,1881,951,891,60,973,0.5055821371610846,0.9369085173501577,0.47368421052631576,0.9157245632065776,0.5172780435938331,3.0,1.2627396679628897,1.0,True,863,0.907465825446898,1.340835045068897,17.544720000296365,0.2309360107096146,nan,1881,1881,1926144,256,float32,1024,nan,1421,1421,1455104,nan,nan,nan,nan,8.604019999620505,0.06534883103608928,nan,nan,nan,nan,9.469499997794628,1.185991311882729,superpoint_lightglue,superpoint,superpoint,lightglue,nan
hpatches,i_castle,illumination,i_castle_1_to_5,1,5,D:\桌面\IACV\Assigment1\data\hpatches\i_castle\1.ppm,D:\桌面\IACV\Assigment1\data\hpatches\i_castle\5.ppm,905,1881,946,0.5029239766081871,3.0,1.0656164150137115,1881,905,849,56,946,0.4811270600744285,0.938121546961326,0.4513556618819777,0.8974630021141649,0.5029239766081871,3.0,1.3369678497444877,1.4142135623730951,True,866,0.9569060773480663,1.35799497487062,23.198680000496097,0.1565919221099416,nan,1881,1881,1926144,256,float32,1024,nan,1458,1458,1492992,nan,nan,nan,nan,8.604019999620505,0.06534883103608928,nan,nan,nan,nan,8.841480000410229,0.421781756435191,superpoint_lightglue,superpoint,superpoint,lightglue,nan
hpatches,i_castle,illumination,i_castle_1_to_6,1,6,D:\桌面\IACV\Assigment1\data\hpatches\i_castle\1.ppm,D:\桌面\IACV\Assigment1\data\hpatches\i_castle\6.ppm,948,1881,1024,0.5443912812333865,3.0,1.3152719589918191,1881,948,905,43,1024,0.5039872408293461,0.9546413502109705,0.4811270600744285,0.8837890625,0.5443912812333865,3.0,1.2813409596442769,1.0,True,899,0.9483122362869199,1.31730234252226,25.76028000039514,0.4402054240003497,nan,1881,1881,1926144,256,float32,1024,nan,1698,1698,1738752,nan,nan,nan,nan,8.604019999620505,0.06534883103608928,nan,nan,nan,nan,8.581660001073033,0.026040628924768577,superpoint_lightglue,superpoint,superpoint,lightglue,nan
hpatches,i_chestnuts,illumination,i_chestnuts_1_to_2,1,2,D:\桌面\IACV\Assigment1\data\hpatches\i_chestnuts\1.ppm,D:\桌面\IACV\Assigment1\data\hpatches\i_chestnuts\2.ppm,1462,2048,1438,0.7021484375,3.0,0.7860251185398206,2048,1462,1396,66,1438,0.7138671875,0.9548563611491108,0.681640625,0.9707927677329624,0.7021484375,3.0,0.8713783449204351,1.0,True,1371,0.9377564979480164,0.9311799509064049,23.274659998423886,0.2761057067410388,nan,2048,2048,2097152,256,float32,1024,nan,2048,2048,2097152,nan,nan,nan,nan,13.691739999921992,0.25080781977601124,nan,nan,nan,nan,13.727220000873785,0.23806171040829893,superpoint_lightglue,superpoint,superpoint,lightglue,nan
hpatches,i_chestnuts,illumination,i_chestnuts_1_to_3,1,3,D:\桌面\IACV\Assigment1\data\hpatches\i_chestnuts\1.ppm,D:\桌面\IACV\Assigment1\data\hpatches\i_chestnuts\3.ppm,1479,2048,1444,0.705078125,3.0,0.13490955309718206,2048,1479,1391,88,1444,0.72216796875,0.940500338066261,0.67919921875,0.9632963988919667,0.705078125,3.0,0.884374923695662,1.0,True,1370,0.9263015551048005,0.873882569286245,23.90614000032656,0.6023697287935806,nan,2048,2048,2097152,256,float32,1024,nan,2048,2048,2097152,nan,nan,nan,nan,13.691739999921992,0.25080781977601124,nan,nan,nan,nan,13.367819999984931,0.03609085478253219,superpoint_lightglue,superpoint,superpoint,lightglue,nan
hpatches,i_chestnuts,illumination,i_chestnuts_1_to_4,1,4,D:\桌面\IACV\Assigment1\data\hpatches\i_chestnuts\1.ppm,D:\桌面\IACV\Assigment1\data\hpatches\i_chestnuts\4.ppm,1458,2048,1409,0.68798828125,3.0,0.8080184795768992,2048,1458,1362,96,1409,0.7119140625,0.934156378600823,0.6650390625,0.9666430092264017,0.68798828125,3.0,0.8750811874992117,1.0,True,1355,0.9293552812071331,0.9513132864339761,23.401420000300277,0.1746412254488225,nan,2048,2048,2097152,256,float32,1024,nan,2048,2048,2097152,nan,nan,nan,nan,13.691739999921992,0.25080781977601124,nan,nan,nan,nan,13.467719998152461,0.10342675192544938,superpoint_lightglue,superpoint,superpoint,lightglue,nan
hpatches,i_chestnuts,illumination,i_chestnuts_1_to_5,1,5,D:\桌面\IACV\Assigment1\data\hpatches\i_chestnuts\1.ppm,D:\桌面\IACV\Assigment1\data\hpatches\i_chestnuts\5.ppm,1406,2048,1379,0.67333984375,3.0,0.20865664558608368,2048,1406,1308,98,1379,0.6865234375,0.930298719772404,0.638671875,0.9485134155184917,0.67333984375,3.0,0.8944046313543283,1.0,True,1296,0.9217638691322901,0.914794276524,23.7031599986949,0.15245207255809334,nan,2048,2048,2097152,256,float32,1024,nan,2048,2048,2097152,nan,nan,nan,nan,13.691739999921992,0.25080781977601124,nan,nan,nan,nan,13.682260001951363,0.15595557631070064,superpoint_lightglue,superpoint,superpoint,lightglue,nan
hpatches,i_chestnuts,illumination,i_chestnuts_1_to_6,1,6,D:\桌面\IACV\Assigment1\data\hpatches\i_chestnuts\1.ppm,D:\桌面\IACV\Assigment1\data\hpatches\i_chestnuts\6.ppm,1283,2048,1270,0.6201171875,3.0,0.47024859785478734,2048,1283,1229,54,1270,0.62646484375,0.9579111457521434,0.60009765625,0.9677165354330709,0.6201171875,3.0,1.0065301854646667,1.0,True,1226,0.9555728760717069,1.0511285564433213,30.546400001912843,0.26628127239916366,nan,2048,2048,2097152,256,float32,1024,nan,2028,2028,2076672,nan,nan,nan,nan,13.691739999921992,0.25080781977601124,nan,nan,nan,nan,13.580959998944309,0.2330926124731123,superpoint_lightglue,superpoint,superpoint,lightglue,nan
hpatches,i_contruction,illumination,i_contruction_1_to_2,1,2,D:\桌面\IACV\Assigment1\data\hpatches\i_contruction\1.ppm,D:\桌面\IACV\Assigment1\data\hpatches\i_contruction\2.ppm,1657,2048,1641,0.80126953125,3.0,0.0803582037462394,2048,1657,1640,17,1641,0.80908203125,0.9897404948702474,0.80078125,0.9993906154783668,0.80126953125,3.0,0.45372836007910455,0.0,True,1640,0.9897404948702474,0.47485796131972924,10.7045399985509,0.13831657400474012,nan,2048,2048,2097152,256,float32,1024,nan,2048,2048,2097152,nan,nan,nan,nan,79.01019999699201,0.3170309941485949,nan,nan,nan,nan,78.93832000117982,0.6985965901633674,superpoint_lightglue,superpoint,superpoint,lightglue,nan
hpatches,i_contruction,illumination,i_contruction_1_to_3,1,3,D:\桌面\IACV\Assigment1\data\hpatches\i_contruction\1.ppm,D:\桌面\IACV\Assigment1\data\hpatches\i_contruction\3.ppm,1613,2048,1618,0.7900390625,3.0,0.16111843345048593,2048,1613,1605,8,1618,0.78759765625,0.9950402975821451,0.78369140625,0.9919653893695921,0.7900390625,3.0,0.47588562219548464,0.0,True,1604,0.9944203347799132,0.49831757659577486,10.650059999898076,0.0697510335688182,nan,2048,2048,2097152,256,float32,1024,nan,2048,2048,2097152,nan,nan,nan,nan,79.01019999699201,0.3170309941485949,nan,nan,nan,nan,79.16151999961585,0.3482753605204645,superpoint_lightglue,superpoint,superpoint,lightglue,nan
hpatches,i_contruction,illumination,i_contruction_1_to_4,1,4,D:\桌面\IACV\Assigment1\data\hpatches\i_contruction\1.ppm,D:\桌面\IACV\Assigment1\data\hpatches\i_contruction\4.ppm,1441,2048,1422,0.6943359375,3.0,0.9473830843866314,2048,1441,1412,29,1422,0.70361328125,0.9798750867453158,0.689453125,0.9929676511954993,0.6943359375,3.0,0.5638677053361211,0.0,True,1414,0.981263011797363,0.6492311715675446,17.95245999819599,0.34671330225013575,nan,2048,2048,2097152,256,float32,1024,nan,2048,2048,2097152,nan,nan,nan,nan,79.01019999699201,0.3170309941485949,nan,nan,nan,nan,78.60401999932947,0.21856507800862626,superpoint_lightglue,superpoint,superpoint,lightglue,nan
hpatches,i_contruction,illumination,i_contruction_1_to_5,1,5,D:\桌面\IACV\Assigment1\data\hpatches\i_contruction\1.ppm,D:\桌面\IACV\Assigment1\data\hpatches\i_contruction\5.ppm,885,2048,827,0.40380859375,3.0,1.3737758617329225,2048,885,806,79,827,0.43212890625,0.9107344632768362,0.3935546875,0.9746070133010882,0.40380859375,3.0,0.9244286254115599,1.0,True,807,0.911864406779661,0.9777334158604689,23.283700000320096,0.1512344004215114,nan,2048,2048,2097152,256,float32,1024,nan,2048,2048,2097152,nan,nan,nan,nan,79.01019999699201,0.3170309941485949,nan,nan,nan,nan,79.504499999166,0.3084262951904078,superpoint_lightglue,superpoint,superpoint,lightglue,nan
hpatches,i_contruction,illumination,i_contruction_1_to_6,1,6,D:\桌面\IACV\Assigment1\data\hpatches\i_contruction\1.ppm,D:\桌面\IACV\Assigment1\data\hpatches\i_contruction\6.ppm,805,2048,686,0.3349609375,3.0,1.5406938589295995,2048,805,661,144,686,0.39306640625,0.8211180124223603,0.32275390625,0.9635568513119533,0.3349609375,3.0,1.0844306162315998,1.0,True,654,0.8124223602484472,1.1643840428871959,23.779060001834296,0.1998072531479985,nan,2048,2048,2097152,256,float32,1024,nan,2048,2048,2097152,nan,nan,nan,nan,79.01019999699201,0.3170309941485949,nan,nan,nan,nan,79.36601999972481,0.3847386394732756,superpoint_lightglue,superpoint,superpoint,lightglue,nan
hpatches,i_crownday,illumination,i_crownday_1_to_2,1,2,D:\桌面\IACV\Assigment1\data\hpatches\i_crownday\1.ppm,D:\桌面\IACV\Assigment1\data\hpatches\i_crownday\2.ppm,1156,2048,1031,0.50341796875,3.0,0.35232401576458006,2048,1156,982,174,1031,0.564453125,0.8494809688581315,0.4794921875,0.9524733268671193,0.50341796875,3.0,1.162697402770917,1.0,True,973,0.8416955017301038,1.183068528805628,24.232259998098016,0.4298251918448728,nan,2048,2048,2097152,256,float32,1024,nan,2048,2048,2097152,nan,nan,nan,nan,37.097760001779534,0.24940690856627,nan,nan,nan,nan,37.103080000088084,0.4017975680549169,superpoint_lightglue,superpoint,superpoint,lightglue,nan
hpatches,i_crownday,illumination,i_crownday_1_to_3,1,3,D:\桌面\IACV\Assigment1\data\hpatches\i_crownday\1.ppm,D:\桌面\IACV\Assigment1\data\hpatches\i_crownday\3.ppm,1282,2048,1171,0.57177734375,3.0,0.26725983856643765,2048,1282,1131,151,1171,0.6259765625,0.8822152886115444,0.55224609375,0.9658411614005123,0.57177734375,3.0,1.0615864162066635,1.0,True,1132,0.8829953198127926,1.1004918285758276,23.97880000062287,0.45672078949505046,nan,2048,2048,2097152,256,float32,1024,nan,2048,2048,2097152,nan,nan,nan,nan,37.097760001779534,0.24940690856627,nan,nan,nan,nan,37.07265999983065,0.15614623260745095,superpoint_lightglue,superpoint,superpoint,lightglue,nan
hpatches,i_crownday,illumination,i_crownday_1_to_4,1,4,D:\桌面\IACV\Assigment1\data\hpatches\i_crownday\1.ppm,D:\桌面\IACV\Assigment1\data\hpatches\i_crownday\4.ppm,1351,2048,1270,0.6201171875,3.0,0.5467925200892809,2048,1351,1242,109,1270,0.65966796875,0.9193190229459659,0.6064453125,0.9779527559055118,0.6201171875,3.0,1.0022320979221881,1.0,True,1240,0.9178386380458919,1.0266091686089718,22.34005999780493,0.34731676303182424,nan,2048,2048,2097152,256,float32,1024,nan,2048,2048,2097152,nan,nan,nan,nan,37.097760001779534,0.24940690856627,nan,nan,nan,nan,37.23887999949511,0.35941566736548464,superpoint_lightglue,superpoint,superpoint,lightglue,nan
hpatches,i_crownday,illumination,i_crownday_1_to_5,1,5,D:\桌面\IACV\Assigment1\data\hpatches\i_crownday\1.ppm,D:\桌面\IACV\Assigment1\data\hpatches\i_crownday\5.ppm,1413,2048,1335,0.65185546875,3.0,1.1348761168572679,2048,1413,1303,110,1335,0.68994140625,0.9221514508138712,0.63623046875,0.9760299625468165,0.65185546875,3.0,0.989896060183406,1.0,True,1306,0.924274593064402,1.0185622819858888,23.59786000015447,0.08562977484277567,nan,2048,2048,2097152,256,float32,1024,nan,2048,2048,2097152,nan,nan,nan,nan,37.097760001779534,0.24940690856627,nan,nan,nan,nan,36.970099998870865,0.15395853962479125,superpoint_lightglue,superpoint,superpoint,lightglue,nan
hpatches,i_crownday,illumination,i_crownday_1_to_6,1,6,D:\桌面\IACV\Assigment1\data\hpatches\i_crownday\1.ppm,D:\桌面\IACV\Assigment1\data\hpatches\i_crownday\6.ppm,1091,2048,966,0.4716796875,3.0,1.5685407186842522,2048,1091,926,165,966,0.53271484375,0.8487626031164069,0.4521484375,0.9585921325051759,0.4716796875,3.0,1.2755746338801235,1.0,True,922,0.845096241979835,1.277633920856441,27.46235999802593,0.28009572263758364,nan,2048,2048,2097152,256,float32,1024,nan,2048,2048,2097152,nan,nan,nan,nan,37.097760001779534,0.24940690856627,nan,nan,nan,nan,37.03442000114592,0.2863970023618786,superpoint_lightglue,superpoint,superpoint,lightglue,nan
hpatches,i_crownnight,illumination,i_crownnight_1_to_2,1,2,D:\桌面\IACV\Assigment1\data\hpatches\i_crownnight\1.ppm,D:\桌面\IACV\Assigment1\data\hpatches\i_crownnight\2.ppm,1098,2048,964,0.470703125,3.0,1.3710879873109203,2048,1098,954,144,964,0.5361328125,0.8688524590163934,0.4658203125,0.9896265560165975,0.470703125,3.0,1.0065954137114728,1.0,True,962,0.8761384335154827,1.1094236598570992,22.76211999997031,0.5150203310249443,nan,2048,2048,2097152,256,float32,1024,nan,2048,2048,2097152,nan,nan,nan,nan,51.25967999920249,0.3930686018156635,nan,nan,nan,nan,50.82681999920169,0.1954562893430214,superpoint_lightglue,superpoint,superpoint,lightglue,nan
hpatches,i_crownnight,illumination,i_crownnight_1_to_3,1,3,D:\桌面\IACV\Assigment1\data\hpatches\i_crownnight\1.ppm,D:\桌面\IACV\Assigment1\data\hpatches\i_crownnight\3.ppm,1100,2048,973,0.47509765625,3.0,0.4436074256505678,2048,1100,961,139,973,0.537109375,0.8736363636363637,0.46923828125,0.987667009249743,0.47509765625,3.0,1.0130013288238586,1.0,True,965,0.8772727272727273,1.0410814521650948,22.263659999589436,1.0176749299334933,nan,2048,2048,2097152,256,float32,1024,nan,2048,2048,2097152,nan,nan,nan,nan,51.25967999920249,0.3930686018156635,nan,nan,nan,nan,51.360479996947106,0.36156574261153374,superpoint_lightglue,superpoint,superpoint,lightglue,nan
hpatches,i_crownnight,illumination,i_crownnight_1_to_4,1,4,D:\桌面\IACV\Assigment1\data\hpatches\i_crownnight\1.ppm,D:\桌面\IACV\Assigment1\data\hpatches\i_crownnight\4.ppm,1094,2048,942,0.4599609375,3.0,1.2652669232561193,2048,1094,930,164,942,0.5341796875,0.850091407678245,0.4541015625,0.9872611464968153,0.4599609375,3.0,1.0466529023943227,1.0,True,923,0.8436928702010968,1.1581309182443176,23.00932000071043,0.4238785616992648,nan,2048,2048,2097152,256,float32,1024,nan,2048,2048,2097152,nan,nan,nan,nan,51.25967999920249,0.3930686018156635,nan,nan,nan,nan,51.30619999836199,0.25208254893510335,superpoint_lightglue,superpoint,superpoint,lightglue,nan
hpatches,i_crownnight,illumination,i_crownnight_1_to_5,1,5,D:\桌面\IACV\Assigment1\data\hpatches\i_crownnight\1.ppm,D:\桌面\IACV\Assigment1\data\hpatches\i_crownnight\5.ppm,974,2048,835,0.40771484375,3.0,1.3324765141220527,2048,974,820,154,835,0.4755859375,0.8418891170431212,0.400390625,0.9820359281437125,0.40771484375,3.0,1.122839208139759,1.0,True,811,0.8326488706365504,1.151614205011801,23.018740001134574,0.14974850368702278,nan,2048,2048,2097152,256,float32,1024,nan,2048,2048,2097152,nan,nan,nan,nan,51.25967999920249,0.3930686018156635,nan,nan,nan,nan,51.41781999991508,0.469459413325203,superpoint_lightglue,superpoint,superpoint,lightglue,nan
hpatches,i_crownnight,illumination,i_crownnight_1_to_6,1,6,D:\桌面\IACV\Assigment1\data\hpatches\i_crownnight\1.ppm,D:\桌面\IACV\Assigment1\data\hpatches\i_crownnight\6.ppm,364,2048,190,0.0927734375,3.0,2.6381389695338404,2048,364,115,249,190,0.177734375,0.3159340659340659,0.05615234375,0.6052631578947368,0.0927734375,3.0,1.627676732799233,1.4142135623730951,True,117,0.32142857142857145,1.583818884678637,29.91619999811519,1.0448955476563513,nan,2048,2048,2097152,256,float32,1024,nan,2048,2048,2097152,nan,nan,nan,nan,51.25967999920249,0.3930686018156635,nan,nan,nan,nan,51.20744000014383,0.16545591140206,superpoint_lightglue,superpoint,superpoint,lightglue,nan
hpatches,i_dc,illumination,i_dc_1_to_2,1,2,D:\桌面\IACV\Assigment1\data\hpatches\i_dc\1.ppm,D:\桌面\IACV\Assigment1\data\hpatches\i_dc\2.ppm,757,2048,597,0.29150390625,3.0,0.574099309356236,2048,757,588,169,597,0.36962890625,0.7767503302509907,0.287109375,0.9849246231155779,0.29150390625,3.0,1.0378419148822737,1.0,True,595,0.7859973579920739,1.0453852212715047,23.20947999978671,0.7083150108548044,nan,2048,2048,2097152,256,float32,1024,nan,2048,2048,2097152,nan,nan,nan,nan,981.228060000285,0.9495584645276666,nan,nan,nan,nan,980.903999999282,1.1210957668035668,superpoint_lightglue,superpoint,superpoint,lightglue,nan
hpatches,i_dc,illumination,i_dc_1_to_3,1,3,D:\桌面\IACV\Assigment1\data\hpatches\i_dc\1.ppm,D:\桌面\IACV\Assigment1\data\hpatches\i_dc\3.ppm,741,2048,581,0.28369140625,3.0,1.5848205081568767,2048,741,574,167,581,0.36181640625,0.7746288798920378,0.2802734375,0.9879518072289156,0.28369140625,3.0,1.392147942116388,1.4142135623730951,True,584,0.7881241565452092,0.99715080695855,22.276740001689177,0.22202322219641227,nan,2048,2048,2097152,256,float32,1024,nan,2048,2048,2097152,nan,nan,nan,nan,981.228060000285,0.9495584645276666,nan,nan,nan,nan,981.7516600014642,1.0110956487518987,superpoint_lightglue,superpoint,superpoint,lightglue,nan
hpatches,i_dc,illumination,i_dc_1_to_4,1,4,D:\桌面\IACV\Assigment1\data\hpatches\i_dc\1.ppm,D:\桌面\IACV\Assigment1\data\hpatches\i_dc\4.ppm,714,2048,534,0.2607421875,3.0,2.3926442436021325,2048,714,525,189,534,0.3486328125,0.7352941176470589,0.25634765625,0.9831460674157303,0.2607421875,3.0,1.753005857971271,2.0,True,549,0.7689075630252101,1.0756531282422275,22.564660002535675,0.04464211468712581,nan,2048,2048,2097152,256,float32,1024,nan,2048,2048,2097152,nan,nan,nan,nan,981.228060000285,0.9495584645276666,nan,nan,nan,nan,985.3075200007879,2.382396132230311,superpoint_lightglue,superpoint,superpoint,lightglue,nan
hpatches,i_dc,illumination,i_dc_1_to_5,1,5,D:\桌面\IACV\Assigment1\data\hpatches\i_dc\1.ppm,D:\桌面\IACV\Assigment1\data\hpatches\i_dc\5.ppm,710,2048,473,0.23095703125,3.0,2.701291833493544,2048,710,469,241,473,0.3466796875,0.6605633802816901,0.22900390625,0.9915433403805497,0.23095703125,3.0,2.067811637703638,2.23606797749979,True,560,0.7887323943661971,1.0048004517150064,22.287900000810623,0.13841865411867676,nan,2048,2048,2097152,256,float32,1024,nan,2048,2048,2097152,nan,nan,nan,nan,981.228060000285,0.9495584645276666,nan,nan,nan,nan,987.3855400001048,3.717038742291209,superpoint_lightglue,superpoint,superpoint,lightglue,nan
hpatches,i_dc,illumination,i_dc_1_to_6,1,6,D:\桌面\IACV\Assigment1\data\hpatches\i_dc\1.ppm,D:\桌面\IACV\Assigment1\data\hpatches\i_dc\6.ppm,735,2048,475,0.23193359375,3.0,2.9324691948961226,2048,735,472,263,475,0.35888671875,0.6421768707482993,0.23046875,0.9936842105263158,0.23193359375,3.0,2.2228117002594523,2.23606797749979,True,614,0.8353741496598639,0.9908443528699924,22.04906000115443,0.4472465854415417,nan,2048,2048,2097152,256,float32,1024,nan,2048,2048,2097152,nan,nan,nan,nan,981.228060000285,0.9495584645276666,nan,nan,nan,nan,982.4579400010407,0.5978288696800956,superpoint_lightglue,superpoint,superpoint,lightglue,nan
hpatches,i_dome,illumination,i_dome_1_to_2,1,2,D:\桌面\IACV\Assigment1\data\hpatches\i_dome\1.ppm,D:\桌面\IACV\Assigment1\data\hpatches\i_dome\2.ppm,1677,2048,1672,0.81640625,3.0,0.1230731042670945,2048,1677,1638,39,1672,0.81884765625,0.9767441860465116,0.7998046875,0.9796650717703349,0.81640625,3.0,0.6220681480706799,0.0,True,1634,0.9743589743589743,0.6430648513880535,23.245979999774136,0.3002139921223328,nan,2048,2048,2097152,256,float32,1024,nan,2048,2048,2097152,nan,nan,nan,nan,30.162999998719897,0.10987540151702754,nan,nan,nan,nan,29.955159999371972,0.15331367201966392,superpoint_lightglue,superpoint,superpoint,lightglue,nan
hpatches,i_dome,illumination,i_dome_1_to_3,1,3,D:\桌面\IACV\Assigment1\data\hpatches\i_dome\1.ppm,D:\桌面\IACV\Assigment1\data\hpatches\i_dome\3.ppm,1046,2048,910,0.4443359375,3.0,2.037567155895316,2048,1046,771,275,910,0.5107421875,0.737093690248566,0.37646484375,0.8472527472527472,0.4443359375,3.0,1.3352531775182683,1.4142135623730951,True,778,0.7437858508604207,1.4132089507187673,29.943400000047404,0.669378067102336,nan,2048,2048,2097152,256,float32,1024,nan,2048,2048,2097152,nan,nan,nan,nan,30.162999998719897,0.10987540151702754,nan,nan,nan,nan,30.50319999892963,0.6568793353115348,superpoint_lightglue,superpoint,superpoint,lightglue,nan
hpatches,i_dome,illumination,i_dome_1_to_4,1,4,D:\桌面\IACV\Assigment1\data\hpatches\i_dome\1.ppm,D:\桌面\IACV\Assigment1\data\hpatches\i_dome\4.ppm,1069,2048,919,0.44873046875,3.0,3.91903950320331,2048,1069,814,255,919,0.52197265625,0.7614593077642656,0.3974609375,0.8857453754080522,0.44873046875,3.0,1.3154754847424535,1.0,True,774,0.7240411599625819,1.3447497686679935,30.270199998631142,0.1513317809269095,nan,2048,2048,2097152,256,float32,1024,nan,2048,2048,2097152,nan,nan,nan,nan,30.162999998719897,0.10987540151702754,nan,nan,nan,nan,30.461019997892436,0.1740687835007281,superpoint_lightglue,superpoint,superpoint,lightglue,nan
hpatches,i_dome,illumination,i_dome_1_to_5,1,5,D:\桌面\IACV\Assigment1\data\hpatches\i_dome\1.ppm,D:\桌面\IACV\Assigment1\data\hpatches\i_dome\5.ppm,1087,2048,924,0.451171875,3.0,1.3282160794718891,2048,1087,824,263,924,0.53076171875,0.7580496780128795,0.40234375,0.8917748917748918,0.451171875,3.0,1.265657679673227,1.0,True,834,0.7672493100275989,1.3573636100459106,31.87663999706274,2.629551945428818,nan,2048,2048,2097152,256,float32,1024,nan,2048,2048,2097152,nan,nan,nan,nan,30.162999998719897,0.10987540151702754,nan,nan,nan,nan,30.396000000473578,0.0276691876421559,superpoint_lightglue,superpoint,superpoint,lightglue,nan
hpatches,i_dome,illumination,i_dome_1_to_6,1,6,D:\桌面\IACV\Assigment1\data\hpatches\i_dome\1.ppm,D:\桌面\IACV\Assigment1\data\hpatches\i_dome\6.ppm,1382,2048,1273,0.62158203125,3.0,0.7344381628724428,2048,1382,1185,197,1273,0.6748046875,0.8574529667149059,0.57861328125,0.9308719560094265,0.62158203125,3.0,1.0235580722887632,1.0,True,1181,0.8545586107091172,1.092919704942493,26.654399998369627,0.2651026369354579,nan,2048,2048,2097152,256,float32,1024,nan,2048,2048,2097152,nan,nan,nan,nan,30.162999998719897,0.10987540151702754,nan,nan,nan,nan,30.549760001304094,0.25068653571229393,superpoint_lightglue,superpoint,superpoint,lightglue,nan
hpatches,i_duda,illumination,i_duda_1_to_2,1,2,D:\桌面\IACV\Assigment1\data\hpatches\i_duda\1.ppm,D:\桌面\IACV\Assigment1\data\hpatches\i_duda\2.ppm,1768,2048,1740,0.849609375,3.0,0.5726511537092872,2048,1768,1715,53,1740,0.86328125,0.9700226244343891,0.83740234375,0.985632183908046,0.849609375,3.0,0.6846156111477859,1.0,True,1710,0.9671945701357466,0.7563703895502343,19.24311999900965,0.1199505314014043,nan,2048,2048,2097152,256,float32,1024,nan,2048,2048,2097152,nan,nan,nan,nan,20.111560002260376,0.39992699698731154,nan,nan,nan,nan,19.98151999869151,0.241564883707441,superpoint_lightglue,superpoint,superpoint,lightglue,nan
hpatches,i_duda,illumination,i_duda_1_to_3,1,3,D:\桌面\IACV\Assigment1\data\hpatches\i_duda\1.ppm,D:\桌面\IACV\Assigment1\data\hpatches\i_duda\3.ppm,1690,2048,1645,0.80322265625,3.0,1.3963712254518494,2048,1690,1595,95,1645,0.8251953125,0.9437869822485208,0.77880859375,0.9696048632218845,0.80322265625,3.0,0.8030609338717027,1.0,True,1600,0.9467455621301775,0.8837574811391977,19.32140000280924,0.24849239033565126,nan,2048,2048,2097152,256,float32,1024,nan,2027,2027,2075648,nan,nan,nan,nan,20.111560002260376,0.39992699698731154,nan,nan,nan,nan,19.90957999805687,0.1138486600220195,superpoint_lightglue,superpoint,superpoint,lightglue,nan
hpatches,i_duda,illumination,i_duda_1_to_4,1,4,D:\桌面\IACV\Assigment1\data\hpatches\i_duda\1.ppm,D:\桌面\IACV\Assigment1\data\hpatches\i_duda\4.ppm,1603,2048,1561,0.76220703125,3.0,0.5403720856981127,2048,1603,1520,83,1561,0.78271484375,0.9482220835932627,0.7421875,0.9737347853939782,0.76220703125,3.0,0.900147627212968,1.0,True,1527,0.9525888958203369,0.9537222898306553,22.77170000015758,0.20594704404738992,nan,2048,2048,2097152,256,float32,1024,nan,1988,1988,2035712,nan,nan,nan,nan,20.111560002260376,0.39992699698731154,nan,nan,nan,nan,19.64204000105383,0.08320765880712909,superpoint_lightglue,superpoint,superpoint,lightglue,nan
hpatches,i_duda,illumination,i_duda_1_to_5,1,5,D:\桌面\IACV\Assigment1\data\hpatches\i_duda\1.ppm,D:\桌面\IACV\Assigment1\data\hpatches\i_duda\5.ppm,1528,2048,1470,0.7177734375,3.0,0.6170627965710148,2048,1528,1430,98,1470,0.74609375,0.9358638743455497,0.6982421875,0.9727891156462585,0.7177734375,3.0,1.0751848219640778,1.0,True,1443,0.944371727748691,1.0401389272180745,22.47862000076566,0.07128431487295751,nan,2048,2048,2097152,256,float32,1024,nan,1937,1937,1983488,nan,nan,nan,nan,20.111560002260376,0.39992699698731154,nan,nan,nan,nan,19.77685999881942,0.17109598089356853,superpoint_lightglue,superpoint,superpoint,lightglue,nan
hpatches,i_duda,illumination,i_duda_1_to_6,1,6,D:\桌面\IACV\Assigment1\data\hpatches\i_duda\1.ppm,D:\桌面\IACV\Assigment1\data\hpatches\i_duda\6.ppm,1355,2048,1310,0.6396484375,3.0,1.0185124738574276,2048,1355,1242,113,1310,0.66162109375,0.9166051660516605,0.6064453125,0.9480916030534351,0.6396484375,3.0,0.9977896801333764,1.0,True,1255,0.9261992619926199,1.1258287573379573,21.792040001309942,0.2037918710573683,nan,2048,2048,2097152,256,float32,1024,nan,1827,1827,1870848,nan,nan,nan,nan,20.111560002260376,0.39992699698731154,nan,nan,nan,nan,19.756020001659635,0.2618556287094694,superpoint_lightglue,superpoint,superpoint,lightglue,nan
hpatches,i_fenis,illumination,i_fenis_1_to_2,1,2,D:\桌面\IACV\Assigment1\data\hpatches\i_fenis\1.ppm,D:\桌面\IACV\Assigment1\data\hpatches\i_fenis\2.ppm,917,1253,876,0.699122106943336,3.0,1.880254126411516,1253,917,853,64,876,0.7318435754189944,0.9302071973827699,0.6807661612130886,0.973744292237443,0.699122106943336,3.0,0.92916921027413,1.0,True,814,0.8876772082878953,1.1890277865498142,11.822179998853244,0.0861071754855279,nan,1253,1253,1283072,256,float32,1024,nan,1230,1230,1259520,nan,nan,nan,nan,8.328760000586044,1.0007330164598993,nan,nan,nan,nan,8.262180000019725,0.8776842612700316,superpoint_lightglue,superpoint,superpoint,lightglue,nan
hpatches,i_fenis,illumination,i_fenis_1_to_3,1,3,D:\桌面\IACV\Assigment1\data\hpatches\i_fenis\1.ppm,D:\桌面\IACV\Assigment1\data\hpatches\i_fenis\3.ppm,784,1253,758,0.6049481245011972,3.0,1.85437991219882,1253,784,722,62,758,0.6256983240223464,0.9209183673469388,0.5762170790103751,0.9525065963060686,0.6049481245011972,3.0,1.1486052310126929,1.0,True,706,0.9005102040816326,1.326875763684306,14.537600000039674,0.3376661338891853,nan,1253,1253,1283072,256,float32,1024,nan,1223,1223,1252352,nan,nan,nan,nan,8.328760000586044,1.0007330164598993,nan,nan,nan,nan,7.743860001210123,0.11193767181943022,superpoint_lightglue,superpoint,superpoint,lightglue,nan
hpatches,i_fenis,illumination,i_fenis_1_to_4,1,4,D:\桌面\IACV\Assigment1\data\hpatches\i_fenis\1.ppm,D:\桌面\IACV\Assigment1\data\hpatches\i_fenis\4.ppm,628,1253,602,0.48044692737430167,3.0,2.915483652847183,1253,628,538,90,602,0.5011971268954509,0.856687898089172,0.42936951316839583,0.893687707641196,0.48044692737430167,3.0,1.455130664480291,1.4142135623730951,True,546,0.8694267515923567,1.435802840602746,19.203800000832416,0.1819384295569122,nan,1253,1253,1283072,256,float32,1024,nan,1150,1150,1177600,nan,nan,nan,nan,8.328760000586044,1.0007330164598993,nan,nan,nan,nan,7.6393599971197546,0.005640072163177653,superpoint_lightglue,superpoint,superpoint,lightglue,nan
hpatches,i_fenis,illumination,i_fenis_1_to_5,1,5,D:\桌面\IACV\Assigment1\data\hpatches\i_fenis\1.ppm,D:\桌面\IACV\Assigment1\data\hpatches\i_fenis\5.ppm,518,1253,480,0.3830806065442937,3.0,3.651485416445002,1253,518,425,93,480,0.4134078212290503,0.8204633204633205,0.3391859537110934,0.8854166666666666,0.3830806065442937,3.0,1.3938663575788772,1.4142135623730951,True,428,0.8262548262548263,1.5143854019311886,17.259440002089832,0.03582622402527235,nan,1253,1253,1283072,256,float32,1024,nan,928,928,950272,nan,nan,nan,nan,8.328760000586044,1.0007330164598993,nan,nan,nan,nan,7.7202000000397675,0.10153277144444689,superpoint_lightglue,superpoint,superpoint,lightglue,nan
hpatches,i_fenis,illumination,i_fenis_1_to_6,1,6,D:\桌面\IACV\Assigment1\data\hpatches\i_fenis\1.ppm,D:\桌面\IACV\Assigment1\data\hpatches\i_fenis\6.ppm,487,1253,483,0.3854748603351955,3.0,0.5647951469546694,1253,487,442,45,483,0.38866719872306466,0.9075975359342916,0.35275339185953714,0.9151138716356108,0.3854748603351955,3.0,1.2798374078129204,1.0,True,446,0.9158110882956879,1.3567571825585714,17.47763999737799,0.6883961616254648,nan,1253,1253,1283072,256,float32,1024,nan,810,810,829440,nan,nan,nan,nan,8.328760000586044,1.0007330164598993,nan,nan,nan,nan,8.782699998118915,1.3920271367586776,superpoint_lightglue,superpoint,superpoint,lightglue,nan
hpatches,i_fog,illumination,i_fog_1_to_2,1,2,D:\桌面\IACV\Assigment1\data\hpatches\i_fog\1.ppm,D:\桌面\IACV\Assigment1\data\hpatches\i_fog\2.ppm,513,884,492,0.5565610859728507,3.0,0.37557082913840445,884,513,480,33,492,0.580316742081448,0.935672514619883,0.5429864253393665,0.975609756097561,0.5565610859728507,3.0,1.1393523628788127,1.0,True,476,0.9278752436647173,1.1538446604277541,11.410700000124052,0.1962642399323595,nan,884,884,905216,256,float32,1024,nan,823,823,842752,nan,nan,nan,nan,8.273820001340937,1.2913959152240504,nan,nan,nan,nan,7.462200001464225,0.09991121999583369,superpoint_lightglue,superpoint,superpoint,lightglue,nan
hpatches,i_fog,illumination,i_fog_1_to_3,1,3,D:\桌面\IACV\Assigment1\data\hpatches\i_fog\1.ppm,D:\桌面\IACV\Assigment1\data\hpatches\i_fog\3.ppm,448,884,451,0.5101809954751131,3.0,0.7087371785322825,884,448,422,26,451,0.5067873303167421,0.9419642857142857,0.47737556561085975,0.9356984478935698,0.5101809954751131,3.0,1.1350309633545,1.0,True,417,0.9308035714285714,1.190057712406999,11.800439999205992,0.3371275749567038,nan,884,884,905216,256,float32,1024,nan,743,743,760832,nan,nan,nan,nan,8.273820001340937,1.2913959152240504,nan,nan,nan,nan,7.695260000764392,0.5823338309294938,superpoint_lightglue,superpoint,superpoint,lightglue,nan
hpatches,i_fog,illumination,i_fog_1_to_4,1,4,D:\桌面\IACV\Assigment1\data\hpatches\i_fog\1.ppm,D:\桌面\IACV\Assigment1\data\hpatches\i_fog\4.ppm,344,884,348,0.3936651583710407,3.0,0.41804662343016463,884,344,320,24,348,0.3891402714932127,0.9302325581395349,0.36199095022624433,0.9195402298850575,0.3936651583710407,3.0,1.168331186119186,1.0,True,323,0.938953488372093,1.2540354096737407,15.458119999675546,0.34261402021328824,nan,884,884,905216,256,float32,1024,nan,600,600,614400,nan,nan,nan,nan,8.273820001340937,1.2913959152240504,nan,nan,nan,nan,8.220319998508785,1.6292820442098481,superpoint_lightglue,superpoint,superpoint,lightglue,nan
hpatches,i_fog,illumination,i_fog_1_to_5,1,5,D:\桌面\IACV\Assigment1\data\hpatches\i_fog\1.ppm,D:\桌面\IACV\Assigment1\data\hpatches\i_fog\5.ppm,309,884,322,0.36425339366515835,3.0,0.7866763257517769,884,309,277,32,322,0.3495475113122172,0.8964401294498382,0.31334841628959276,0.860248447204969,0.36425339366515835,3.0,1.2025581958312594,1.0,True,275,0.889967637540453,1.2546194409177827,14.725440001348034,0.11229068740647735,nan,884,884,905216,256,float32,1024,nan,635,635,650240,nan,nan,nan,nan,8.273820001340937,1.2913959152240504,nan,nan,nan,nan,8.021600000211038,1.513626315530263,superpoint_lightglue,superpoint,superpoint,lightglue,nan
hpatches,i_fog,illumination,i_fog_1_to_6,1,6,D:\桌面\IACV\Assigment1\data\hpatches\i_fog\1.ppm,D:\桌面\IACV\Assigment1\data\hpatches\i_fog\6.ppm,280,884,289,0.3269230769230769,3.0,1.3906846642096,884,280,263,17,289,0.3167420814479638,0.9392857142857143,0.29751131221719457,0.9100346020761245,0.3269230769230769,3.0,1.2368734484667128,1.0,True,256,0.9142857142857143,1.3029045145049882,14.723119999689516,0.08181624114265827,nan,884,884,905216,256,float32,1024,nan,549,549,562176,nan,nan,nan,nan,8.273820001340937,1.2913959152240504,nan,nan,nan,nan,7.608980000077281,0.5712444940000586,superpoint_lightglue,superpoint,superpoint,lightglue,nan
hpatches,i_fruits,illumination,i_fruits_1_to_2,1,2,D:\桌面\IACV\Assigment1\data\hpatches\i_fruits\1.ppm,D:\桌面\IACV\Assigment1\data\hpatches\i_fruits\2.ppm,804,1192,715,0.5998322147651006,3.0,0.25589884549897984,1192,804,682,122,715,0.674496644295302,0.8482587064676617,0.5721476510067114,0.9538461538461539,0.5998322147651006,3.0,1.0130600561409202,1.0,True,675,0.8395522388059702,1.0404602839852117,9.420199997839518,0.08206819105573683,nan,1192,1192,1220608,256,float32,1024,nan,1235,1235,1264640,nan,nan,nan,nan,8.284579998871777,0.18019307749680788,nan,nan,nan,nan,7.776820001890883,0.1494915829725527,superpoint_lightglue,superpoint,superpoint,lightglue,nan
hpatches,i_fruits,illumination,i_fruits_1_to_3,1,3,D:\桌面\IACV\Assigment1\data\hpatches\i_fruits\1.ppm,D:\桌面\IACV\Assigment1\data\hpatches\i_fruits\3.ppm,732,1192,689,0.5780201342281879,3.0,0.41348298249577115,1192,732,659,73,689,0.6140939597315436,0.9002732240437158,0.5528523489932886,0.9564586357039188,0.5780201342281879,3.0,1.0228063365447344,1.0,True,660,0.9016393442622951,1.0740315593197727,11.558980001427699,0.1325322355228381,nan,1192,1192,1220608,256,float32,1024,nan,1191,1191,1219584,nan,nan,nan,nan,8.284579998871777,0.18019307749680788,nan,nan,nan,nan,8.430819997738581,0.8713395588767686,superpoint_lightglue,superpoint,superpoint,lightglue,nan
hpatches,i_fruits,illumination,i_fruits_1_to_4,1,4,D:\桌面\IACV\Assigment1\data\hpatches\i_fruits\1.ppm,D:\桌面\IACV\Assigment1\data\hpatches\i_fruits\4.ppm,755,1192,709,0.5947986577181208,3.0,0.23197901976772872,1192,755,676,79,709,0.6333892617449665,0.895364238410596,0.5671140939597316,0.9534555712270804,0.5947986577181208,3.0,0.9997702033853361,1.0,True,669,0.8860927152317881,1.0203860745752453,11.922059999778867,0.10557472550710385,nan,1192,1192,1220608,256,float32,1024,nan,1290,1290,1320960,nan,nan,nan,nan,8.284579998871777,0.18019307749680788,nan,nan,nan,nan,8.116439999139402,0.5900498229439648,superpoint_lightglue,superpoint,superpoint,lightglue,nan
hpatches,i_fruits,illumination,i_fruits_1_to_5,1,5,D:\桌面\IACV\Assigment1\data\hpatches\i_fruits\1.ppm,D:\桌面\IACV\Assigment1\data\hpatches\i_fruits\5.ppm,724,1192,690,0.5788590604026845,3.0,0.5945230517594717,1192,724,665,59,690,0.6073825503355704,0.9185082872928176,0.5578859060402684,0.9637681159420289,0.5788590604026845,3.0,1.126958342124916,1.0,True,645,0.8908839779005525,1.1720777851248727,11.855499999364838,0.23409466675083634,nan,1192,1192,1220608,256,float32,1024,nan,1219,1219,1248256,nan,nan,nan,nan,8.284579998871777,0.18019307749680788,nan,nan,nan,nan,8.570479997433722,1.3430860208768551,superpoint_lightglue,superpoint,superpoint,lightglue,nan
hpatches,i_fruits,illumination,i_fruits_1_to_6,1,6,D:\桌面\IACV\Assigment1\data\hpatches\i_fruits\1.ppm,D:\桌面\IACV\Assigment1\data\hpatches\i_fruits\6.ppm,745,1192,697,0.584731543624161,3.0,0.5388474298740429,1192,745,662,83,697,0.625,0.8885906040268456,0.5553691275167785,0.9497847919655668,0.584731543624161,3.0,1.0832862559600733,1.0,True,658,0.8832214765100671,1.128192200949749,11.978459999954794,0.3290946358359532,nan,1192,1192,1220608,256,float32,1024,nan,1216,1216,1245184,nan,nan,nan,nan,8.284579998871777,0.18019307749680788,nan,nan,nan,nan,8.619040000485256,1.5770684653635128,superpoint_lightglue,superpoint,superpoint,lightglue,nan
hpatches,i_gonnenberg,illumination,i_gonnenberg_1_to_2,1,2,D:\桌面\IACV\Assigment1\data\hpatches\i_gonnenberg\1.ppm,D:\桌面\IACV\Assigment1\data\hpatches\i_gonnenberg\2.ppm,702,1019,719,0.7055937193326791,3.0,0.7570574440087501,1019,702,677,25,719,0.6889106967615309,0.9643874643874644,0.6643768400392541,0.9415855354659249,0.7055937193326791,3.0,0.8094302784779142,1.0,True,672,0.9572649572649573,0.8354627098253437,10.754939999605995,0.13207409442979698,nan,1019,1019,1043456,256,float32,1024,nan,1074,1074,1099776,nan,nan,nan,nan,7.79408000089461,0.6557761568956695,nan,nan,nan,nan,7.503779997932725,0.13213092620399053,superpoint_lightglue,superpoint,superpoint,lightglue,nan
hpatches,i_gonnenberg,illumination,i_gonnenberg_1_to_3,1,3,D:\桌面\IACV\Assigment1\data\hpatches\i_gonnenberg\1.ppm,D:\桌面\IACV\Assigment1\data\hpatches\i_gonnenberg\3.ppm,701,1019,711,0.6977428851815506,3.0,0.7485127494510654,1019,701,675,26,711,0.6879293424926398,0.9629101283880172,0.662414131501472,0.9493670886075949,0.6977428851815506,3.0,0.8637096543087502,1.0,True,668,0.9529243937232525,0.9294539370222906,10.987599998770747,0.45217593450347404,nan,1019,1019,1043456,256,float32,1024,nan,1043,1043,1068032,nan,nan,nan,nan,7.79408000089461,0.6557761568956695,nan,nan,nan,nan,8.248040000034962,1.287918615037895,superpoint_lightglue,superpoint,superpoint,lightglue,nan
hpatches,i_gonnenberg,illumination,i_gonnenberg_1_to_4,1,4,D:\桌面\IACV\Assigment1\data\hpatches\i_gonnenberg\1.ppm,D:\桌面\IACV\Assigment1\data\hpatches\i_gonnenberg\4.ppm,673,1019,663,0.6506378802747792,3.0,1.5936340202302992,1019,673,634,39,663,0.6604514229636899,0.9420505200594353,0.6221786064769381,0.9562594268476622,0.6506378802747792,3.0,1.0057535263200588,1.0,True,630,0.9361069836552749,1.108791688536831,10.782719998678658,0.22375539766236988,nan,1019,1019,1043456,256,float32,1024,nan,1077,1077,1102848,nan,nan,nan,nan,7.79408000089461,0.6557761568956695,nan,nan,nan,nan,7.951440000033472,0.9034858177265811,superpoint_lightglue,superpoint,superpoint,lightglue,nan
hpatches,i_gonnenberg,illumination,i_gonnenberg_1_to_5,1,5,D:\桌面\IACV\Assigment1\data\hpatches\i_gonnenberg\1.ppm,D:\桌面\IACV\Assigment1\data\hpatches\i_gonnenberg\5.ppm,628,1019,628,0.6162904808635917,3.0,0.3246194363888471,1019,628,597,31,628,0.6162904808635917,0.9506369426751592,0.5858684985279686,0.9506369426751592,0.6162904808635917,3.0,0.929491889460742,1.0,True,596,0.9490445859872612,0.9568379027847749,10.107640002388507,0.08428012021264703,nan,1019,1019,1043456,256,float32,1024,nan,944,944,966656,nan,nan,nan,nan,7.79408000089461,0.6557761568956695,nan,nan,nan,nan,7.860960000834893,0.6392938882154305,superpoint_lightglue,superpoint,superpoint,lightglue,nan
hpatches,i_gonnenberg,illumination,i_gonnenberg_1_to_6,1,6,D:\桌面\IACV\Assigment1\data\hpatches\i_gonnenberg\1.ppm,D:\桌面\IACV\Assigment1\data\hpatches\i_gonnenberg\6.ppm,664,1019,674,0.661432777232581,3.0,0.256077555225022,1019,664,635,29,674,0.6516192345436702,0.9563253012048193,0.6231599607458292,0.9421364985163204,0.661432777232581,3.0,0.8933723375100995,1.0,True,627,0.9442771084337349,0.9095023741057284,10.7778599995072,0.31036399684138244,nan,1019,1019,1043456,256,float32,1024,nan,1054,1054,1079296,nan,nan,nan,nan,7.79408000089461,0.6557761568956695,nan,nan,nan,nan,8.365539999795146,1.5693692253910383,superpoint_lightglue,superpoint,superpoint,lightglue,nan
hpatches,i_greenhouse,illumination,i_greenhouse_1_to_2,1,2,D:\桌面\IACV\Assigment1\data\hpatches\i_greenhouse\1.ppm,D:\桌面\IACV\Assigment1\data\hpatches\i_greenhouse\2.ppm,1124,1931,1102,0.5706887622993267,3.0,0.5922743895593762,1931,1124,1044,80,1102,0.5820818228896945,0.9288256227758007,0.5406525116519938,0.9473684210526315,0.5706887622993267,3.0,1.1231804720886724,1.0,True,1038,0.9234875444839857,1.1724051475564048,21.33243999996921,0.1297989018932666,nan,1931,1931,1977344,256,float32,1024,nan,1729,1729,1770496,nan,nan,nan,nan,9.069120002095588,0.6759610414537557,nan,nan,nan,nan,9.259600000223145,0.4169155393145833,superpoint_lightglue,superpoint,superpoint,lightglue,nan
hpatches,i_greenhouse,illumination,i_greenhouse_1_to_3,1,3,D:\桌面\IACV\Assigment1\data\hpatches\i_greenhouse\1.ppm,D:\桌面\IACV\Assigment1\data\hpatches\i_greenhouse\3.ppm,1229,1931,1202,0.6224754013464526,3.0,0.6872481044533849,1931,1229,1135,94,1202,0.6364577938891766,0.9235150528885273,0.5877783531848783,0.9442595673876872,0.6224754013464526,3.0,1.199733983956795,1.0,True,1148,0.934092758340114,1.2576557057598252,21.741139999357983,0.19602610504394888,nan,1931,1931,1977344,256,float32,1024,nan,1929,1929,1975296,nan,nan,nan,nan,9.069120002095588,0.6759610414537557,nan,nan,nan,nan,9.371159998408984,1.829144203420376,superpoint_lightglue,superpoint,superpoint,lightglue,nan
hpatches,i_greenhouse,illumination,i_greenhouse_1_to_4,1,4,D:\桌面\IACV\Assigment1\data\hpatches\i_greenhouse\1.ppm,D:\桌面\IACV\Assigment1\data\hpatches\i_greenhouse\4.ppm,1161,1931,1144,0.5924391506991197,3.0,0.8574853453170788,1931,1161,1074,87,1144,0.601242879337131,0.9250645994832042,0.5561885033661316,0.9388111888111889,0.5924391506991197,3.0,1.2759418146632509,1.0,True,1086,0.9354005167958657,1.3070569683451323,21.771420001459774,0.2467270356320671,nan,1931,1931,1977344,256,float32,1024,nan,1883,1883,1928192,nan,nan,nan,nan,9.069120002095588,0.6759610414537557,nan,nan,nan,nan,8.653899999626447,0.18580065573220866,superpoint_lightglue,superpoint,superpoint,lightglue,nan
hpatches,i_greenhouse,illumination,i_greenhouse_1_to_5,1,5,D:\桌面\IACV\Assigment1\data\hpatches\i_greenhouse\1.ppm,D:\桌面\IACV\Assigment1\data\hpatches\i_greenhouse\5.ppm,1094,1931,1064,0.5510098394614189,3.0,0.9162150748724063,1931,1094,965,129,1064,0.5665458311755567,0.8820840950639853,0.4997410668047644,0.9069548872180451,0.5510098394614189,3.0,1.3832155188164346,1.4142135623730951,True,994,0.9085923217550275,1.3790608276916607,21.632819999649655,0.4538691948279383,nan,1931,1931,1977344,256,float32,1024,nan,1782,1782,1824768,nan,nan,nan,nan,9.069120002095588,0.6759610414537557,nan,nan,nan,nan,9.573119999549817,1.759976401492545,superpoint_lightglue,superpoint,superpoint,lightglue,nan
hpatches,i_greenhouse,illumination,i_greenhouse_1_to_6,1,6,D:\桌面\IACV\Assigment1\data\hpatches\i_greenhouse\1.ppm,D:\桌面\IACV\Assigment1\data\hpatches\i_greenhouse\6.ppm,1053,1931,1021,0.5287415846711548,3.0,1.0448675459813592,1931,1053,925,128,1021,0.5453133091662351,0.8784425451092118,0.47902641118591405,0.9059745347698335,0.5287415846711548,3.0,1.4287730929192666,1.4142135623730951,True,954,0.905982905982906,1.4170780469112496,20.937519999279175,0.20296813028318908,nan,1931,1931,1977344,256,float32,1024,nan,1740,1740,1781760,nan,nan,nan,nan,9.069120002095588,0.6759610414537557,nan,nan,nan,nan,9.404199999698903,1.4706449057831437,superpoint_lightglue,superpoint,superpoint,lightglue,nan
hpatches,i_greentea,illumination,i_greentea_1_to_2,1,2,D:\桌面\IACV\Assigment1\data\hpatches\i_greentea\1.ppm,D:\桌面\IACV\Assigment1\data\hpatches\i_greentea\2.ppm,1299,1959,1285,0.6559469116896376,3.0,0.15052983157362154,1959,1299,1234,65,1285,0.663093415007657,0.9499615088529638,0.6299132210311383,0.9603112840466926,0.6559469116896376,3.0,0.7817006389928537,1.0,True,1226,0.9438029253271748,0.7949701918756233,21.365860001242254,0.07289890388834276,nan,1959,1959,2006016,256,float32,1024,nan,1808,1808,1851392,nan,nan,nan,nan,13.494080000964459,0.24393204775836708,nan,nan,nan,nan,13.313420000486076,0.044454218646698615,superpoint_lightglue,superpoint,superpoint,lightglue,nan
hpatches,i_greentea,illumination,i_greentea_1_to_3,1,3,D:\桌面\IACV\Assigment1\data\hpatches\i_greentea\1.ppm,D:\桌面\IACV\Assigment1\data\hpatches\i_greentea\3.ppm,1515,1959,1503,0.7672281776416539,3.0,0.1772223145073319,1959,1515,1454,61,1503,0.7733537519142419,0.9597359735973597,0.742215416028586,0.9673985362608117,0.7672281776416539,3.0,0.7394322967905137,1.0,True,1440,0.9504950495049505,0.7593987064218409,23.00122000015108,0.36123168340459727,nan,1959,1959,2006016,256,float32,1024,nan,2048,2048,2097152,nan,nan,nan,nan,13.494080000964459,0.24393204775836708,nan,nan,nan,nan,13.928860001033172,0.15389892132949634,superpoint_lightglue,superpoint,superpoint,lightglue,nan
hpatches,i_greentea,illumination,i_greentea_1_to_4,1,4,D:\桌面\IACV\Assigment1\data\hpatches\i_greentea\1.ppm,D:\桌面\IACV\Assigment1\data\hpatches\i_greentea\4.ppm,1544,1959,1541,0.7866258295048494,3.0,0.09920278814305716,1959,1544,1497,47,1541,0.7881572230729964,0.969559585492228,0.7641653905053599,0.9714471122647631,0.7866258295048494,3.0,0.731225711124861,1.0,True,1485,0.9617875647668394,0.7331033331625516,23.007679998409003,0.4654560050736594,nan,1959,1959,2006016,256,float32,1024,nan,2048,2048,2097152,nan,nan,nan,nan,13.494080000964459,0.24393204775836708,nan,nan,nan,nan,14.026600000215694,0.25224028449211683,superpoint_lightglue,superpoint,superpoint,lightglue,nan
hpatches,i_greentea,illumination,i_greentea_1_to_5,1,5,D:\桌面\IACV\Assigment1\data\hpatches\i_greentea\1.ppm,D:\桌面\IACV\Assigment1\data\hpatches\i_greentea\5.ppm,1574,1959,1553,0.7927514037774375,3.0,0.15150023931211998,1959,1574,1515,59,1553,0.8034711587544666,0.9625158831003812,0.7733537519142419,0.9755312298776562,0.7927514037774375,3.0,0.7707537035181058,1.0,True,1502,0.9542566709021602,0.7803734242404508,23.477639998600353,0.39204496851668097,nan,1959,1959,2006016,256,float32,1024,nan,2041,2041,2089984,nan,nan,nan,nan,13.494080000964459,0.24393204775836708,nan,nan,nan,nan,13.454619997355621,0.19467713013333832,superpoint_lightglue,superpoint,superpoint,lightglue,nan
hpatches,i_greentea,illumination,i_greentea_1_to_6,1,6,D:\桌面\IACV\Assigment1\data\hpatches\i_greentea\1.ppm,D:\桌面\IACV\Assigment1\data\hpatches\i_greentea\6.ppm,1457,1959,1435,0.7325165900969882,3.0,0.7216712145169958,1959,1457,1381,76,1435,0.743746809596733,0.9478380233356212,0.704951505870342,0.9623693379790941,0.7325165900969882,3.0,0.8258015758147051,1.0,True,1374,0.9430336307481125,0.8886282276329164,22.675260000687558,0.9680607454191437,nan,1959,1959,2006016,256,float32,1024,nan,1946,1946,1992704,nan,nan,nan,nan,13.494080000964459,0.24393204775836708,nan,nan,nan,nan,13.367779999680351,0.1817802348706557,superpoint_lightglue,superpoint,superpoint,lightglue,nan
hpatches,i_indiana,illumination,i_indiana_1_to_2,1,2,D:\桌面\IACV\Assigment1\data\hpatches\i_indiana\1.ppm,D:\桌面\IACV\Assigment1\data\hpatches\i_indiana\2.ppm,1322,2048,1155,0.56396484375,3.0,1.5029614657645767,2048,1322,1142,180,1155,0.6455078125,0.8638426626323752,0.5576171875,0.9887445887445887,0.56396484375,3.0,1.1589480595568147,1.0,True,1116,0.8441754916792739,1.3249371831860741,23.247979998996016,0.5125742159519241,nan,2048,2048,2097152,256,float32,1024,nan,2048,2048,2097152,nan,nan,nan,nan,23.983260001114104,0.21243679739694887,nan,nan,nan,nan,24.366619998181704,0.14868494914184818,superpoint_lightglue,superpoint,superpoint,lightglue,nan
hpatches,i_indiana,illumination,i_indiana_1_to_3,1,3,D:\桌面\IACV\Assigment1\data\hpatches\i_indiana\1.ppm,D:\桌面\IACV\Assigment1\data\hpatches\i_indiana\3.ppm,1286,2048,1098,0.5361328125,3.0,0.8896988577581475,2048,1286,1087,199,1098,0.6279296875,0.8452566096423018,0.53076171875,0.9899817850637522,0.5361328125,3.0,1.2341458140841897,1.0,True,1079,0.8390357698289269,1.2673312010466555,24.25879999937024,0.28168235220612553,nan,2048,2048,2097152,256,float32,1024,nan,2048,2048,2097152,nan,nan,nan,nan,23.983260001114104,0.21243679739694887,nan,nan,nan,nan,24.42406000045594,0.21680390933741187,superpoint_lightglue,superpoint,superpoint,lightglue,nan
hpatches,i_indiana,illumination,i_indiana_1_to_4,1,4,D:\桌面\IACV\Assigment1\data\hpatches\i_indiana\1.ppm,D:\桌面\IACV\Assigment1\data\hpatches\i_indiana\4.ppm,1225,2048,987,0.48193359375,3.0,1.4027513856574718,2048,1225,977,248,987,0.59814453125,0.7975510204081633,0.47705078125,0.9898682877406282,0.48193359375,3.0,1.3258751020334967,1.4142135623730951,True,961,0.7844897959183673,1.4341830748265278,24.343400001816917,0.3179982073207362,nan,2048,2048,2097152,256,float32,1024,nan,2048,2048,2097152,nan,nan,nan,nan,23.983260001114104,0.21243679739694887,nan,nan,nan,nan,23.92254000005778,0.16287814553980937,superpoint_lightglue,superpoint,superpoint,lightglue,nan
hpatches,i_indiana,illumination,i_indiana_1_to_5,1,5,D:\桌面\IACV\Assigment1\data\hpatches\i_indiana\1.ppm,D:\桌面\IACV\Assigment1\data\hpatches\i_indiana\5.ppm,1188,2048,949,0.46337890625,3.0,1.0178978718304337,2048,1188,929,259,949,0.580078125,0.781986531986532,0.45361328125,0.9789251844046365,0.46337890625,3.0,1.3377079066278499,1.4142135623730951,True,923,0.7769360269360269,1.3680026020726295,24.47789999860106,0.06957847375722895,nan,2048,2048,2097152,256,float32,1024,nan,2048,2048,2097152,nan,nan,nan,nan,23.983260001114104,0.21243679739694887,nan,nan,nan,nan,23.964499997964595,0.2640584397031281,superpoint_lightglue,superpoint,superpoint,lightglue,nan
hpatches,i_indiana,illumination,i_indiana_1_to_6,1,6,D:\桌面\IACV\Assigment1\data\hpatches\i_indiana\1.ppm,D:\桌面\IACV\Assigment1\data\hpatches\i_indiana\6.ppm,1185,2048,932,0.455078125,3.0,1.791257320405639,2048,1185,916,269,932,0.57861328125,0.7729957805907173,0.447265625,0.9828326180257511,0.455078125,3.0,1.4318272291098313,1.4142135623730951,True,890,0.7510548523206751,1.5638873028909972,24.903900000208523,0.8170155079479249,nan,2048,2048,2097152,256,float32,1024,nan,2048,2048,2097152,nan,nan,nan,nan,23.983260001114104,0.21243679739694887,nan,nan,nan,nan,24.10603999887826,0.3910808738747719,superpoint_lightglue,superpoint,superpoint,lightglue,nan
hpatches,i_kions,illumination,i_kions_1_to_2,1,2,D:\桌面\IACV\Assigment1\data\hpatches\i_kions\1.ppm,D:\桌面\IACV\Assigment1\data\hpatches\i_kions\2.ppm,572,1020,521,0.5107843137254902,3.0,1.3664148485305927,1020,572,468,104,521,0.5607843137254902,0.8181818181818182,0.4588235294117647,0.8982725527831094,0.5107843137254902,3.0,1.6559339623633949,1.4142135623730951,True,530,0.9265734265734266,1.406908892818226,21.028780000051484,1.353950050405172,nan,1020,1020,1044480,256,float32,1024,nan,1154,1154,1181696,nan,nan,nan,nan,9.42926000134321,0.14541824722636051,nan,nan,nan,nan,9.690400000545196,0.1306288624913674,superpoint_lightglue,superpoint,superpoint,lightglue,nan
hpatches,i_kions,illumination,i_kions_1_to_3,1,3,D:\桌面\IACV\Assigment1\data\hpatches\i_kions\1.ppm,D:\桌面\IACV\Assigment1\data\hpatches\i_kions\3.ppm,526,1020,532,0.5215686274509804,3.0,0.9191394850640282,1020,526,482,44,532,0.515686274509804,0.9163498098859315,0.4725490196078431,0.9060150375939849,0.5215686274509804,3.0,1.3346457875876643,1.4142135623730951,True,486,0.9239543726235742,1.2967613283277326,21.276860003126785,1.1554727464846044,nan,1020,1020,1044480,256,float32,1024,nan,1411,1411,1444864,nan,nan,nan,nan,9.42926000134321,0.14541824722636051,nan,nan,nan,nan,9.346560001722537,0.19618391888306466,superpoint_lightglue,superpoint,superpoint,lightglue,nan
hpatches,i_kions,illumination,i_kions_1_to_4,1,4,D:\桌面\IACV\Assigment1\data\hpatches\i_kions\1.ppm,D:\桌面\IACV\Assigment1\data\hpatches\i_kions\4.ppm,443,1020,408,0.4,3.0,1.8966776923939739,1020,443,365,78,408,0.4343137254901961,0.8239277652370203,0.35784313725490197,0.8946078431372549,0.4,3.0,1.496712908299769,1.4142135623730951,True,392,0.8848758465011287,1.484790265198141,17.964920001395512,1.1361188612834983,nan,1020,1020,1044480,256,float32,1024,nan,860,860,880640,nan,nan,nan,nan,9.42926000134321,0.14541824722636051,nan,nan,nan,nan,9.51245999603998,0.10323266029764815,superpoint_lightglue,superpoint,superpoint,lightglue,nan
hpatches,i_kions,illumination,i_kions_1_to_5,1,5,D:\桌面\IACV\Assigment1\data\hpatches\i_kions\1.ppm,D:\桌面\IACV\Assigment1\data\hpatches\i_kions\5.ppm,448,1020,401,0.3931372549019608,3.0,2.561174429754513,1020,448,362,86,401,0.4392156862745098,0.8080357142857143,0.35490196078431374,0.9027431421446384,0.3931372549019608,3.0,1.6097870448422447,1.4142135623730951,True,378,0.84375,1.5001640760837436,21.42284000001382,0.5337798513682979,nan,1020,1020,1044480,256,float32,1024,nan,796,796,815104,nan,nan,nan,nan,9.42926000134321,0.14541824722636051,nan,nan,nan,nan,10.239280000678264,1.6588550849658263,superpoint_lightglue,superpoint,superpoint,lightglue,nan
hpatches,i_kions,illumination,i_kions_1_to_6,1,6,D:\桌面\IACV\Assigment1\data\hpatches\i_kions\1.ppm,D:\桌面\IACV\Assigment1\data\hpatches\i_kions\6.ppm,531,1020,529,0.5186274509803922,3.0,1.2484304239908037,1020,531,491,40,529,0.5205882352941177,0.9246704331450094,0.48137254901960785,0.9281663516068053,0.5186274509803922,3.0,1.2439202090924169,1.0,True,491,0.9246704331450094,1.3251354232146282,22.38311999826692,0.6415330852371167,nan,1020,1020,1044480,256,float32,1024,nan,1424,1424,1458176,nan,nan,nan,nan,9.42926000134321,0.14541824722636051,nan,nan,nan,nan,10.007299999415409,1.4584804935950741,superpoint_lightglue,superpoint,superpoint,lightglue,nan
hpatches,i_ktirio,illumination,i_ktirio_1_to_2,1,2,D:\桌面\IACV\Assigment1\data\hpatches\i_ktirio\1.ppm,D:\桌面\IACV\Assigment1\data\hpatches\i_ktirio\2.ppm,739,1041,753,0.723342939481268,3.0,0.37472229898062287,1041,739,718,21,753,0.7098943323727186,0.9715832205683356,0.6897214217098944,0.953519256308101,0.723342939481268,3.0,0.647333137358788,0.0,True,715,0.9675236806495264,0.7353188552973805,16.096220001054462,0.3635946093145839,nan,1041,1041,1065984,256,float32,1024,nan,1121,1121,1147904,nan,nan,nan,nan,8.969879998767283,0.12380599971211532,nan,nan,nan,nan,9.03676000161795,0.04963589832216114,superpoint_lightglue,superpoint,superpoint,lightglue,nan
hpatches,i_ktirio,illumination,i_ktirio_1_to_3,1,3,D:\桌面\IACV\Assigment1\data\hpatches\i_ktirio\1.ppm,D:\桌面\IACV\Assigment1\data\hpatches\i_ktirio\3.ppm,523,1041,528,0.5072046109510087,3.0,1.8962912419141968,1041,523,476,47,528,0.5024015369836695,0.9101338432122371,0.457252641690682,0.9015151515151515,0.5072046109510087,3.0,1.1869326267243938,1.0,True,470,0.8986615678776291,1.2485781311394581,21.74213999969652,0.14567331496382166,nan,1041,1041,1065984,256,float32,1024,nan,1060,1060,1085440,nan,nan,nan,nan,8.969879998767283,0.12380599971211532,nan,nan,nan,nan,8.92574000172317,0.24315657966468018,superpoint_lightglue,superpoint,superpoint,lightglue,nan
hpatches,i_ktirio,illumination,i_ktirio_1_to_4,1,4,D:\桌面\IACV\Assigment1\data\hpatches\i_ktirio\1.ppm,D:\桌面\IACV\Assigment1\data\hpatches\i_ktirio\4.ppm,479,1041,459,0.4409221902017291,3.0,0.7977731803910116,1041,479,403,76,459,0.4601344860710855,0.8413361169102297,0.3871277617675312,0.8779956427015251,0.4409221902017291,3.0,1.3207983260409586,1.4142135623730951,True,409,0.8538622129436325,1.356789416575769,20.48668000206817,0.9718971543021114,nan,1041,1041,1065984,256,float32,1024,nan,1118,1118,1144832,nan,nan,nan,nan,8.969879998767283,0.12380599971211532,nan,nan,nan,nan,9.314100001938641,0.26206265849224597,superpoint_lightglue,superpoint,superpoint,lightglue,nan
hpatches,i_ktirio,illumination,i_ktirio_1_to_5,1,5,D:\桌面\IACV\Assigment1\data\hpatches\i_ktirio\1.ppm,D:\桌面\IACV\Assigment1\data\hpatches\i_ktirio\5.ppm,508,1041,511,0.4908741594620557,3.0,0.7295458803793169,1041,508,471,37,511,0.48799231508165225,0.9271653543307087,0.45244956772334294,0.9217221135029354,0.4908741594620557,3.0,1.1831092850130733,1.0,True,470,0.9251968503937008,1.2349647597947386,20.57350000104634,1.420421201269097,nan,1041,1041,1065984,256,float32,1024,nan,962,962,985088,nan,nan,nan,nan,8.969879998767283,0.12380599971211532,nan,nan,nan,nan,9.623959999589715,1.0642943053674436,superpoint_lightglue,superpoint,superpoint,lightglue,nan
hpatches,i_ktirio,illumination,i_ktirio_1_to_6,1,6,D:\桌面\IACV\Assigment1\data\hpatches\i_ktirio\1.ppm,D:\桌面\IACV\Assigment1\data\hpatches\i_ktirio\6.ppm,470,1041,445,0.4274735830931796,3.0,1.4703396274138052,1041,470,399,71,445,0.4514889529298751,0.8489361702127659,0.38328530259365995,0.8966292134831461,0.4274735830931796,3.0,1.3346609192914691,1.4142135623730951,True,407,0.8659574468085106,1.3838642557160765,19.085379998432472,1.4028986784148707,nan,1041,1041,1065984,256,float32,1024,nan,1113,1113,1139712,nan,nan,nan,nan,8.969879998767283,0.12380599971211532,nan,nan,nan,nan,9.655560000101104,0.9124327805733738,superpoint_lightglue,superpoint,superpoint,lightglue,nan
hpatches,i_kurhaus,illumination,i_kurhaus_1_to_2,1,2,D:\桌面\IACV\Assigment1\data\hpatches\i_kurhaus\1.ppm,D:\桌面\IACV\Assigment1\data\hpatches\i_kurhaus\2.ppm,1607,2048,1515,0.73974609375,3.0,0.09196788201755399,2048,1607,1502,105,1515,0.78466796875,0.9346608587429994,0.7333984375,0.9914191419141914,0.73974609375,3.0,0.6620994051134526,1.0,True,1496,0.9309271935283137,0.6839973868969026,20.10766000021249,0.3006240102138806,nan,2048,2048,2097152,256,float32,1024,nan,2048,2048,2097152,nan,nan,nan,nan,28.1901000009384,0.29742404111383514,nan,nan,nan,nan,28.45387999986997,0.22029249931311745,superpoint_lightglue,superpoint,superpoint,lightglue,nan
hpatches,i_kurhaus,illumination,i_kurhaus_1_to_3,1,3,D:\桌面\IACV\Assigment1\data\hpatches\i_kurhaus\1.ppm,D:\桌面\IACV\Assigment1\data\hpatches\i_kurhaus\3.ppm,1462,2048,1362,0.6650390625,3.0,0.13643094729961186,2048,1462,1342,120,1362,0.7138671875,0.9179206566347469,0.6552734375,0.9853157121879589,0.6650390625,3.0,0.8080918251469914,1.0,True,1331,0.9103967168262654,0.8312957400554996,19.661979998636525,0.7455489514670148,nan,2048,2048,2097152,256,float32,1024,nan,2048,2048,2097152,nan,nan,nan,nan,28.1901000009384,0.29742404111383514,nan,nan,nan,nan,28.35579999955371,0.1874105882770498,superpoint_lightglue,superpoint,superpoint,lightglue,nan
hpatches,i_kurhaus,illumination,i_kurhaus_1_to_4,1,4,D:\桌面\IACV\Assigment1\data\hpatches\i_kurhaus\1.ppm,D:\桌面\IACV\Assigment1\data\hpatches\i_kurhaus\4.ppm,1398,2048,1252,0.611328125,3.0,0.2654512791846804,2048,1398,1242,156,1252,0.6826171875,0.8884120171673819,0.6064453125,0.9920127795527156,0.611328125,3.0,0.8909148063053237,1.0,True,1238,0.8855507868383404,0.9317204715772867,24.019899999257177,0.12734744382584012,nan,2048,2048,2097152,256,float32,1024,nan,2048,2048,2097152,nan,nan,nan,nan,28.1901000009384,0.29742404111383514,nan,nan,nan,nan,28.04219999961788,0.0969377119252594,superpoint_lightglue,superpoint,superpoint,lightglue,nan
hpatches,i_kurhaus,illumination,i_kurhaus_1_to_5,1,5,D:\桌面\IACV\Assigment1\data\hpatches\i_kurhaus\1.ppm,D:\桌面\IACV\Assigment1\data\hpatches\i_kurhaus\5.ppm,1319,2048,1175,0.57373046875,3.0,1.7569888711689963,2048,1319,1159,160,1175,0.64404296875,0.8786959818043972,0.56591796875,0.9863829787234043,0.57373046875,3.0,1.0503350594720673,1.0,True,1108,0.8400303260045489,1.1356369419860204,24.006979998375755,0.6884163176296351,nan,2048,2048,2097152,256,float32,1024,nan,2048,2048,2097152,nan,nan,nan,nan,28.1901000009384,0.29742404111383514,nan,nan,nan,nan,28.22301999985939,0.1971420435265822,superpoint_lightglue,superpoint,superpoint,lightglue,nan
hpatches,i_kurhaus,illumination,i_kurhaus_1_to_6,1,6,D:\桌面\IACV\Assigment1\data\hpatches\i_kurhaus\1.ppm,D:\桌面\IACV\Assigment1\data\hpatches\i_kurhaus\6.ppm,1245,2048,1079,0.52685546875,3.0,0.5978369285913732,2048,1245,1056,189,1079,0.60791015625,0.8481927710843373,0.515625,0.9786839666357738,0.52685546875,3.0,1.1390333682721314,1.0,True,1044,0.8385542168674699,1.1553192268425725,23.296679998748004,0.5281027394645756,nan,2048,2048,2097152,256,float32,1024,nan,2048,2048,2097152,nan,nan,nan,nan,28.1901000009384,0.29742404111383514,nan,nan,nan,nan,28.46818000107305,0.31677120130347913,superpoint_lightglue,superpoint,superpoint,lightglue,nan
hpatches,i_leuven,illumination,i_leuven_1_to_2,1,2,D:\桌面\IACV\Assigment1\data\hpatches\i_leuven\1.ppm,D:\桌面\IACV\Assigment1\data\hpatches\i_leuven\2.ppm,1527,2048,1456,0.7109375,3.0,1.9349604442598514,2048,1527,1412,115,1456,0.74560546875,0.9246889325474787,0.689453125,0.9697802197802198,0.7109375,3.0,1.171044679240184,1.0092646511779721,True,1417,0.9279633267845449,1.0958971441781153,20.57889999996405,0.36660417576256865,nan,2048,2048,2097152,256,float32,1024,nan,2048,2048,2097152,nan,nan,nan,nan,15.408199999365024,0.1040777197265036,nan,nan,nan,nan,15.56591999833472,0.15205723299804047,superpoint_lightglue,superpoint,superpoint,lightglue,nan
hpatches,i_leuven,illumination,i_leuven_1_to_3,1,3,D:\桌面\IACV\Assigment1\data\hpatches\i_leuven\1.ppm,D:\桌面\IACV\Assigment1\data\hpatches\i_leuven\3.ppm,1473,2043,1360,0.6656877141458639,3.0,1.8104290017152955,2043,1473,1322,151,1360,0.7209985315712188,0.8974881194840462,0.6470876162506118,0.9720588235294118,0.6656877141458639,3.0,1.352020381304412,1.267448488139749,True,1379,0.9361846571622539,1.124186132884558,20.010759998694994,0.06614138260758684,nan,2048,2048,2097152,256,float32,1024,nan,2048,2048,2097152,nan,nan,nan,nan,15.408199999365024,0.1040777197265036,nan,nan,nan,nan,15.420359998825006,0.17096323066763908,superpoint_lightglue,superpoint,superpoint,lightglue,nan
hpatches,i_leuven,illumination,i_leuven_1_to_4,1,4,D:\桌面\IACV\Assigment1\data\hpatches\i_leuven\1.ppm,D:\桌面\IACV\Assigment1\data\hpatches\i_leuven\4.ppm,1423,2041,1272,0.6232239098481137,3.0,4.459263502447394,2041,1423,1231,192,1272,0.6972072513473787,0.865073787772312,0.6031357177853993,0.9677672955974843,0.6232239098481137,3.0,1.4270934782484919,1.3782809942175818,True,1271,0.893183415319747,1.2601568849507634,19.871719997900072,0.09378130927157749,nan,2048,2048,2097152,256,float32,1024,nan,2048,2048,2097152,nan,nan,nan,nan,15.408199999365024,0.1040777197265036,nan,nan,nan,nan,15.348700000322424,0.1482328152844497,superpoint_lightglue,superpoint,superpoint,lightglue,nan
hpatches,i_leuven,illumination,i_leuven_1_to_5,1,5,D:\桌面\IACV\Assigment1\data\hpatches\i_leuven\1.ppm,D:\桌面\IACV\Assigment1\data\hpatches\i_leuven\5.ppm,1346,2012,1204,0.5984095427435387,3.0,2.9900539151225187,2012,1346,1164,182,1204,0.668986083499006,0.8647845468053492,0.5785288270377733,0.9667774086378738,0.5984095427435387,3.0,1.3864326149378137,1.2855931662640032,True,1179,0.8759286775631501,1.347743175067235,19.8305000027176,0.17178310799533508,nan,2048,2048,2097152,256,float32,1024,nan,2048,2048,2097152,nan,nan,nan,nan,15.408199999365024,0.1040777197265036,nan,nan,nan,nan,15.434360000654124,0.07082877150480817,superpoint_lightglue,superpoint,superpoint,lightglue,nan
hpatches,i_leuven,illumination,i_leuven_1_to_6,1,6,D:\桌面\IACV\Assigment1\data\hpatches\i_leuven\1.ppm,D:\桌面\IACV\Assigment1\data\hpatches\i_leuven\6.ppm,1230,1985,783,0.39445843828715366,3.0,12.321305765297954,1985,1224,656,568,783,0.6166246851385391,0.5359477124183006,0.3304785894206549,0.8378033205619413,0.39445843828715366,3.0,1.599394034773046,1.580059949003862,True,1066,0.8666666666666667,1.407934696581802,24.29107999923872,0.8675613543614329,nan,2048,2048,2097152,256,float32,1024,nan,2048,2048,2097152,nan,nan,nan,nan,15.408199999365024,0.1040777197265036,nan,nan,nan,nan,15.349740002420731,0.08268263500212995,superpoint_lightglue,superpoint,superpoint,lightglue,nan
hpatches,i_lionday,illumination,i_lionday_1_to_2,1,2,D:\桌面\IACV\Assigment1\data\hpatches\i_lionday\1.ppm,D:\桌面\IACV\Assigment1\data\hpatches\i_lionday\2.ppm,730,1351,806,0.5965951147298297,3.0,2.531042838890354,1351,730,646,84,806,0.540340488527017,0.8849315068493151,0.47816432272390824,0.8014888337468983,0.5965951147298297,3.0,1.5408049174525356,1.4142135623730951,True,669,0.9164383561643835,1.3360345987446287,24.883019999833778,0.9373114008371143,nan,1351,1351,1383424,256,float32,1024,nan,1585,1585,1623040,nan,nan,nan,nan,9.024559998943005,0.045787360428639325,nan,nan,nan,nan,9.048720001010224,0.03549069582441026,superpoint_lightglue,superpoint,superpoint,lightglue,nan
hpatches,i_lionday,illumination,i_lionday_1_to_3,1,3,D:\桌面\IACV\Assigment1\data\hpatches\i_lionday\1.ppm,D:\桌面\IACV\Assigment1\data\hpatches\i_lionday\3.ppm,719,1351,738,0.5462620281273131,3.0,1.1987686622262614,1351,719,592,127,738,0.5321983715766099,0.8233657858136301,0.4381939304219097,0.8021680216802168,0.5462620281273131,3.0,1.5606377527765967,1.4142135623730951,True,663,0.9221140472878998,1.3740210353231181,23.646220000227913,0.6220743394074556,nan,1351,1351,1383424,256,float32,1024,nan,1460,1460,1495040,nan,nan,nan,nan,9.024559998943005,0.045787360428639325,nan,nan,nan,nan,9.033499998622574,0.11154229622857102,superpoint_lightglue,superpoint,superpoint,lightglue,nan
hpatches,i_lionday,illumination,i_lionday_1_to_4,1,4,D:\桌面\IACV\Assigment1\data\hpatches\i_lionday\1.ppm,D:\桌面\IACV\Assigment1\data\hpatches\i_lionday\4.ppm,653,1351,688,0.5092524056254626,3.0,1.9058036228283677,1351,653,449,204,688,0.48334566987416727,0.6875957120980092,0.3323464100666173,0.6526162790697675,0.5092524056254626,3.0,1.8417270909258932,2.0,True,535,0.8192955589586524,1.416262810573721,26.817039998422842,0.2071579270354984,nan,1351,1351,1383424,256,float32,1024,nan,2021,2021,2069504,nan,nan,nan,nan,9.024559998943005,0.045787360428639325,nan,nan,nan,nan,9.808979998342693,0.2910206257642508,superpoint_lightglue,superpoint,superpoint,lightglue,nan
hpatches,i_lionday,illumination,i_lionday_1_to_5,1,5,D:\桌面\IACV\Assigment1\data\hpatches\i_lionday\1.ppm,D:\桌面\IACV\Assigment1\data\hpatches\i_lionday\5.ppm,625,1351,662,0.4900074019245004,3.0,1.5985869976019145,1351,625,466,159,662,0.46262028127313104,0.7456,0.3449296817172465,0.7039274924471299,0.4900074019245004,3.0,1.7196297920289134,2.0,True,550,0.88,1.4097545146329382,24.194859999988694,0.848176852052869,nan,1351,1351,1383424,256,float32,1024,nan,1447,1447,1481728,nan,nan,nan,nan,9.024559998943005,0.045787360428639325,nan,nan,nan,nan,9.13950000249315,0.07960113258460148,superpoint_lightglue,superpoint,superpoint,lightglue,nan
hpatches,i_lionday,illumination,i_lionday_1_to_6,1,6,D:\桌面\IACV\Assigment1\data\hpatches\i_lionday\1.ppm,D:\桌面\IACV\Assigment1\data\hpatches\i_lionday\6.ppm,722,1351,736,0.5447816432272391,3.0,1.4584725464404054,1351,722,595,127,736,0.5344189489267209,0.8240997229916898,0.44041450777202074,0.8084239130434783,0.5447816432272391,3.0,1.7095288201326089,2.0,True,638,0.8836565096952909,1.3942750579726593,22.571139998035505,1.3955153906154167,nan,1351,1351,1383424,256,float32,1024,nan,1380,1380,1413120,nan,nan,nan,nan,9.024559998943005,0.045787360428639325,nan,nan,nan,nan,9.167860001616646,0.1135635799047626,superpoint_lightglue,superpoint,superpoint,lightglue,nan
hpatches,i_lionnight,illumination,i_lionnight_1_to_2,1,2,D:\桌面\IACV\Assigment1\data\hpatches\i_lionnight\1.ppm,D:\桌面\IACV\Assigment1\data\hpatches\i_lionnight\2.ppm,898,2036,876,0.4302554027504912,3.0,2.9648231702110595,2036,898,762,136,876,0.44106090373280943,0.8485523385300668,0.3742632612966601,0.8698630136986302,0.4302554027504912,3.0,1.4707102493351198,1.4142135623730951,True,733,0.8162583518930958,1.561515415994857,30.368559999624267,0.21845712072159734,nan,2036,2036,2084864,256,float32,1024,nan,1841,1841,1885184,nan,nan,nan,nan,9.718519999296404,1.6545998910895616,nan,nan,nan,nan,8.963680002489127,0.10852086399879687,superpoint_lightglue,superpoint,superpoint,lightglue,nan
hpatches,i_lionnight,illumination,i_lionnight_1_to_3,1,3,D:\桌面\IACV\Assigment1\data\hpatches\i_lionnight\1.ppm,D:\桌面\IACV\Assigment1\data\hpatches\i_lionnight\3.ppm,797,2036,780,0.3831041257367387,3.0,1.7983931847366517,2036,797,583,214,780,0.39145383104125736,0.7314930991217063,0.2863457760314342,0.7474358974358974,0.3831041257367387,3.0,1.5809616258013297,1.4142135623730951,True,596,0.7478042659974906,1.5026102397595413,30.98621999961324,1.8554524758296653,nan,2036,2036,2084864,256,float32,1024,nan,2048,2048,2097152,nan,nan,nan,nan,9.718519999296404,1.6545998910895616,nan,nan,nan,nan,9.983439999632537,1.4467069589066093,superpoint_lightglue,superpoint,superpoint,lightglue,nan
hpatches,i_lionnight,illumination,i_lionnight_1_to_4,1,4,D:\桌面\IACV\Assigment1\data\hpatches\i_lionnight\1.ppm,D:\桌面\IACV\Assigment1\data\hpatches\i_lionnight\4.ppm,1042,2036,1023,0.5024557956777996,3.0,1.8508461651082158,2036,1042,900,142,1023,0.5117878192534381,0.8637236084452975,0.44204322200392926,0.8797653958944281,0.5024557956777996,3.0,1.5459993703650774,1.4142135623730951,True,930,0.8925143953934741,1.4762521316215023,36.27826000156347,0.3511725358088937,nan,2036,2036,2084864,256,float32,1024,nan,2048,2048,2097152,nan,nan,nan,nan,9.718519999296404,1.6545998910895616,nan,nan,nan,nan,9.036480002396274,0.04685080000173865,superpoint_lightglue,superpoint,superpoint,lightglue,nan
hpatches,i_lionnight,illumination,i_lionnight_1_to_5,1,5,D:\桌面\IACV\Assigment1\data\hpatches\i_lionnight\1.ppm,D:\桌面\IACV\Assigment1\data\hpatches\i_lionnight\5.ppm,893,2036,902,0.4430255402750491,3.0,1.2160532543715843,2036,893,792,101,902,0.4386051080550098,0.8868980963045913,0.3889980353634578,0.8780487804878049,0.4430255402750491,3.0,1.4347927625664347,1.4142135623730951,True,798,0.8936170212765957,1.3796404738073096,29.615140000532847,0.2711752638079774,nan,2036,2036,2084864,256,float32,1024,nan,1744,1744,1785856,nan,nan,nan,nan,9.718519999296404,1.6545998910895616,nan,nan,nan,nan,8.898660000704695,0.09557429925957651,superpoint_lightglue,superpoint,superpoint,lightglue,nan
hpatches,i_lionnight,illumination,i_lionnight_1_to_6,1,6,D:\桌面\IACV\Assigment1\data\hpatches\i_lionnight\1.ppm,D:\桌面\IACV\Assigment1\data\hpatches\i_lionnight\6.ppm,885,2036,881,0.43271119842829076,3.0,1.426473079797097,2036,885,794,91,881,0.4346758349705305,0.8971751412429378,0.3899803536345776,0.9012485811577753,0.43271119842829076,3.0,1.4706698859409202,1.4142135623730951,True,795,0.8983050847457628,1.4427751243511961,28.04073999868706,0.7825052778509404,nan,2036,2036,2084864,256,float32,1024,nan,1561,1561,1598464,nan,nan,nan,nan,9.718519999296404,1.6545998910895616,nan,nan,nan,nan,9.442360000684857,0.3676266076906084,superpoint_lightglue,superpoint,superpoint,lightglue,nan
hpatches,i_londonbridge,illumination,i_londonbridge_1_to_2,1,2,D:\桌面\IACV\Assigment1\data\hpatches\i_londonbridge\1.ppm,D:\桌面\IACV\Assigment1\data\hpatches\i_londonbridge\2.ppm,1714,2048,342,0.1669921875,3.0,3.577839900864905,2048,1714,315,1399,342,0.8369140625,0.1837806301050175,0.15380859375,0.9210526315789473,0.1669921875,3.0,2.15227553999946,2.23606797749979,True,1613,0.941073512252042,0.9852572803320025,20.293960001436062,0.07789299151951147,nan,2048,2048,2097152,256,float32,1024,nan,2048,2048,2097152,nan,nan,nan,nan,37.70676000131061,0.4794294855059501,nan,nan,nan,nan,37.537219999649096,0.2897947178113782,superpoint_lightglue,superpoint,superpoint,lightglue,nan
hpatches,i_londonbridge,illumination,i_londonbridge_1_to_3,1,3,D:\桌面\IACV\Assigment1\data\hpatches\i_londonbridge\1.ppm,D:\桌面\IACV\Assigment1\data\hpatches\i_londonbridge\3.ppm,1501,2048,815,0.39794921875,3.0,2.782994894893065,2048,1501,803,698,815,0.73291015625,0.5349766822118588,0.39208984375,0.9852760736196319,0.39794921875,3.0,2.167118077061388,2.23606797749979,True,1364,0.9087275149900067,1.177773773305642,19.190900001558475,0.6030278036518537,nan,2048,2048,2097152,256,float32,1024,nan,2048,2048,2097152,nan,nan,nan,nan,37.70676000131061,0.4794294855059501,nan,nan,nan,nan,37.52255999861518,0.24536387780670985,superpoint_lightglue,superpoint,superpoint,lightglue,nan
hpatches,i_londonbridge,illumination,i_londonbridge_1_to_4,1,4,D:\桌面\IACV\Assigment1\data\hpatches\i_londonbridge\1.ppm,D:\桌面\IACV\Assigment1\data\hpatches\i_londonbridge\4.ppm,1412,2048,411,0.20068359375,3.0,4.076996401420668,2048,1412,360,1052,411,0.689453125,0.254957507082153,0.17578125,0.8759124087591241,0.20068359375,3.0,2.3006878607012773,2.23606797749979,True,1063,0.7528328611898017,1.0376062104002692,23.64100000122562,0.37792290828065983,nan,2048,2048,2097152,256,float32,1024,nan,2048,2048,2097152,nan,nan,nan,nan,37.70676000131061,0.4794294855059501,nan,nan,nan,nan,37.67647999920882,0.23421687975443764,superpoint_lightglue,superpoint,superpoint,lightglue,nan
hpatches,i_londonbridge,illumination,i_londonbridge_1_to_5,1,5,D:\桌面\IACV\Assigment1\data\hpatches\i_londonbridge\1.ppm,D:\桌面\IACV\Assigment1\data\hpatches\i_londonbridge\5.ppm,1218,2048,121,0.05908203125,3.0,5.002767717963212,2048,1218,31,1187,121,0.5947265625,0.025451559934318555,0.01513671875,0.256198347107438,0.05908203125,3.0,2.178146242825398,2.23606797749979,True,772,0.6338259441707718,1.4192743947663686,28.810219999286346,0.11993620558551994,nan,2048,2048,2097152,256,float32,1024,nan,2048,2048,2097152,nan,nan,nan,nan,37.70676000131061,0.4794294855059501,nan,nan,nan,nan,37.51726000045892,0.11230055383112901,superpoint_lightglue,superpoint,superpoint,lightglue,nan
hpatches,i_londonbridge,illumination,i_londonbridge_1_to_6,1,6,D:\桌面\IACV\Assigment1\data\hpatches\i_londonbridge\1.ppm,D:\桌面\IACV\Assigment1\data\hpatches\i_londonbridge\6.ppm,1240,2048,925,0.45166015625,3.0,3.92127398651013,2048,1240,917,323,925,0.60546875,0.739516129032258,0.44775390625,0.9913513513513513,0.45166015625,3.0,1.8113907256155082,2.0,True,968,0.7806451612903226,1.2930004162091138,23.336519997974392,0.6723450586455731,nan,2048,2048,2097152,256,float32,1024,nan,2048,2048,2097152,nan,nan,nan,nan,37.70676000131061,0.4794294855059501,nan,nan,nan,nan,37.685059997602366,0.348999091077464,superpoint_lightglue,superpoint,superpoint,lightglue,nan
hpatches,i_melon,illumination,i_melon_1_to_2,1,2,D:\桌面\IACV\Assigment1\data\hpatches\i_melon\1.ppm,D:\桌面\IACV\Assigment1\data\hpatches\i_melon\2.ppm,930,1243,900,0.7240547063555913,3.0,0.98237602566176,1243,930,886,44,900,0.7481898632341111,0.9526881720430107,0.7127916331456154,0.9844444444444445,0.7240547063555913,3.0,0.8733781331087346,1.0,True,886,0.9526881720430107,1.013819838422887,17.25923999765655,0.02890803346555124,nan,1243,1243,1272832,256,float32,1024,nan,1271,1271,1301504,nan,nan,nan,nan,14.321080001536757,0.6691297646357955,nan,nan,nan,nan,13.556799999787472,0.12397293423107887,superpoint_lightglue,superpoint,superpoint,lightglue,nan
hpatches,i_melon,illumination,i_melon_1_to_3,1,3,D:\桌面\IACV\Assigment1\data\hpatches\i_melon\1.ppm,D:\桌面\IACV\Assigment1\data\hpatches\i_melon\3.ppm,800,1243,774,0.6226870474658085,3.0,0.5840739524640617,1243,800,752,48,774,0.6436041834271923,0.94,0.6049879324215608,0.9715762273901809,0.6226870474658085,3.0,1.0689673184932533,1.0,True,749,0.93625,1.116702565508364,23.067679998348467,2.019570896119954,nan,1243,1243,1272832,256,float32,1024,nan,1288,1288,1318912,nan,nan,nan,nan,14.321080001536757,0.6691297646357955,nan,nan,nan,nan,13.499299999966752,0.038675211666991456,superpoint_lightglue,superpoint,superpoint,lightglue,nan
hpatches,i_melon,illumination,i_melon_1_to_4,1,4,D:\桌面\IACV\Assigment1\data\hpatches\i_melon\1.ppm,D:\桌面\IACV\Assigment1\data\hpatches\i_melon\4.ppm,584,1243,558,0.4489139179404666,3.0,1.7763535038495082,1243,584,511,73,558,0.46983105390185037,0.875,0.41110217216411904,0.9157706093189965,0.4489139179404666,3.0,1.3867438816741247,1.4142135623730951,True,492,0.8424657534246576,1.5203020189147094,22.19273999944562,0.764998957367298,nan,1243,1243,1272832,256,float32,1024,nan,1107,1107,1133568,nan,nan,nan,nan,14.321080001536757,0.6691297646357955,nan,nan,nan,nan,13.82677999936277,0.306783965649621,superpoint_lightglue,superpoint,superpoint,lightglue,nan
hpatches,i_melon,illumination,i_melon_1_to_5,1,5,D:\桌面\IACV\Assigment1\data\hpatches\i_melon\1.ppm,D:\桌面\IACV\Assigment1\data\hpatches\i_melon\5.ppm,797,1243,786,0.6323411102172164,3.0,0.4848960149644401,1243,797,756,41,786,0.6411906677393403,0.9485570890840652,0.6082059533386966,0.9618320610687023,0.6323411102172164,3.0,1.1234858304087858,1.0,True,749,0.9397741530740276,1.1598798771604228,23.236419999739155,0.1399706476304369,nan,1243,1243,1272832,256,float32,1024,nan,1293,1293,1324032,nan,nan,nan,nan,14.321080001536757,0.6691297646357955,nan,nan,nan,nan,13.677139997889753,0.36223870986377815,superpoint_lightglue,superpoint,superpoint,lightglue,nan
hpatches,i_melon,illumination,i_melon_1_to_6,1,6,D:\桌面\IACV\Assigment1\data\hpatches\i_melon\1.ppm,D:\桌面\IACV\Assigment1\data\hpatches\i_melon\6.ppm,745,1243,722,0.580852775543041,3.0,1.6643869451868119,1243,745,700,45,722,0.5993563958165729,0.9395973154362416,0.5631536604987932,0.9695290858725761,0.580852775543041,3.0,1.1439358767713854,1.0,True,688,0.9234899328859061,1.2130052475826951,22.54784000106156,0.2790591220539147,nan,1243,1243,1272832,256,float32,1024,nan,1222,1222,1251328,nan,nan,nan,nan,14.321080001536757,0.6691297646357955,nan,nan,nan,nan,13.438719998521265,0.2589614725064013,superpoint_lightglue,superpoint,superpoint,lightglue,nan
hpatches,i_miniature,illumination,i_miniature_1_to_2,1,2,D:\桌面\IACV\Assigment1\data\hpatches\i_miniature\1.ppm,D:\桌面\IACV\Assigment1\data\hpatches\i_miniature\2.ppm,1668,2048,1575,0.76904296875,3.0,0.1013930790140775,2048,1668,1534,134,1575,0.814453125,0.919664268585132,0.7490234375,0.9739682539682539,0.76904296875,3.0,0.8190040035045615,1.0,True,1518,0.9100719424460432,0.8143828122458855,16.4230000009411,0.4036592957745036,nan,2048,2048,2097152,256,float32,1024,nan,2048,2048,2097152,nan,nan,nan,nan,13.613719999557361,0.15855642095737127,nan,nan,nan,nan,13.603219998185523,0.06399582505339094,superpoint_lightglue,superpoint,superpoint,lightglue,nan
hpatches,i_miniature,illumination,i_miniature_1_to_3,1,3,D:\桌面\IACV\Assigment1\data\hpatches\i_miniature\1.ppm,D:\桌面\IACV\Assigment1\data\hpatches\i_miniature\3.ppm,1439,2048,1351,0.65966796875,3.0,0.9989712358424261,2048,1439,1279,160,1351,0.70263671875,0.8888116747741487,0.62451171875,0.9467061435973353,0.65966796875,3.0,1.1381797399917741,1.0,True,1262,0.876997915218902,1.1749267094678977,20.467820002522785,0.7950408172463364,nan,2048,2048,2097152,256,float32,1024,nan,2048,2048,2097152,nan,nan,nan,nan,13.613719999557361,0.15855642095737127,nan,nan,nan,nan,13.815440000325907,0.18475179817813903,superpoint_lightglue,superpoint,superpoint,lightglue,nan
hpatches,i_miniature,illumination,i_miniature_1_to_4,1,4,D:\桌面\IACV\Assigment1\data\hpatches\i_miniature\1.ppm,D:\桌面\IACV\Assigment1\data\hpatches\i_miniature\4.ppm,1215,2048,1165,0.56884765625,3.0,0.5218781127560063,2048,1215,1141,74,1165,0.59326171875,0.9390946502057613,0.55712890625,0.9793991416309012,0.56884765625,3.0,1.3453214908702689,1.4142135623730951,True,1124,0.9251028806584363,1.357852072562831,33.32964000146603,0.12821752715054788,nan,2048,2048,2097152,256,float32,1024,nan,2048,2048,2097152,nan,nan,nan,nan,13.613719999557361,0.15855642095737127,nan,nan,nan,nan,13.774340000236407,0.2468731772298143,superpoint_lightglue,superpoint,superpoint,lightglue,nan
hpatches,i_miniature,illumination,i_miniature_1_to_5,1,5,D:\桌面\IACV\Assigment1\data\hpatches\i_miniature\1.ppm,D:\桌面\IACV\Assigment1\data\hpatches\i_miniature\5.ppm,1027,2048,983,0.47998046875,3.0,0.980422056487736,2048,1027,937,90,983,0.50146484375,0.9123661148977604,0.45751953125,0.953204476093591,0.47998046875,3.0,1.354173839756914,1.4142135623730951,True,924,0.8997078870496592,1.4057436989182897,33.077340001182165,0.620013578793913,nan,2048,2048,2097152,256,float32,1024,nan,1988,1988,2035712,nan,nan,nan,nan,13.613719999557361,0.15855642095737127,nan,nan,nan,nan,13.771780001115985,0.29605296505890744,superpoint_lightglue,superpoint,superpoint,lightglue,nan
hpatches,i_miniature,illumination,i_miniature_1_to_6,1,6,D:\桌面\IACV\Assigment1\data\hpatches\i_miniature\1.ppm,D:\桌面\IACV\Assigment1\data\hpatches\i_miniature\6.ppm,1375,2048,1314,0.6416015625,3.0,1.1639727870672658,2048,1375,1251,124,1314,0.67138671875,0.9098181818181819,0.61083984375,0.952054794520548,0.6416015625,3.0,1.1112591985499913,1.0,True,1241,0.9025454545454545,1.2362237525308932,24.866719999408815,0.12771957511029977,nan,2048,2048,2097152,256,float32,1024,nan,2048,2048,2097152,nan,nan,nan,nan,13.613719999557361,0.15855642095737127,nan,nan,nan,nan,13.561959999788087,0.2477543333552348,superpoint_lightglue,superpoint,superpoint,lightglue,nan
hpatches,i_nescafe,illumination,i_nescafe_1_to_2,1,2,D:\桌面\IACV\Assigment1\data\hpatches\i_nescafe\1.ppm,D:\桌面\IACV\Assigment1\data\hpatches\i_nescafe\2.ppm,1288,2048,1274,0.6220703125,3.0,1.0805860124029518,2048,1288,1208,80,1274,0.62890625,0.937888198757764,0.58984375,0.9481946624803768,0.6220703125,3.0,0.9174864788353898,1.0,True,1193,0.9262422360248447,0.956908860608567,23.905740001646336,0.5236367151302433,nan,2048,2048,2097152,256,float32,1024,nan,1897,1897,1942528,nan,nan,nan,nan,13.821860001189634,0.13953810207406875,nan,nan,nan,nan,13.676459999987856,0.09389041647126681,superpoint_lightglue,superpoint,superpoint,lightglue,nan
hpatches,i_nescafe,illumination,i_nescafe_1_to_3,1,3,D:\桌面\IACV\Assigment1\data\hpatches\i_nescafe\1.ppm,D:\桌面\IACV\Assigment1\data\hpatches\i_nescafe\3.ppm,1405,2048,1386,0.6767578125,3.0,0.5633180139432119,2048,1405,1314,91,1386,0.68603515625,0.9352313167259787,0.6416015625,0.948051948051948,0.6767578125,3.0,0.9044583540615245,1.0,True,1296,0.9224199288256227,0.9292100171387221,25.451579999935348,0.6535202071493144,nan,2048,2048,2097152,256,float32,1024,nan,2048,2048,2097152,nan,nan,nan,nan,13.821860001189634,0.13953810207406875,nan,nan,nan,nan,13.937119998445269,0.2483821762998856,superpoint_lightglue,superpoint,superpoint,lightglue,nan
hpatches,i_nescafe,illumination,i_nescafe_1_to_4,1,4,D:\桌面\IACV\Assigment1\data\hpatches\i_nescafe\1.ppm,D:\桌面\IACV\Assigment1\data\hpatches\i_nescafe\4.ppm,1457,2048,1449,0.70751953125,3.0,0.9751213544369569,2048,1457,1393,64,1449,0.71142578125,0.9560741249142073,0.68017578125,0.961352657004831,0.70751953125,3.0,0.8288337078319102,1.0,True,1374,0.9430336307481125,0.9050646389841356,24.9855199988815,0.26901041178418256,nan,2048,2048,2097152,256,float32,1024,nan,2048,2048,2097152,nan,nan,nan,nan,13.821860001189634,0.13953810207406875,nan,nan,nan,nan,13.657439999224152,0.14928719203561866,superpoint_lightglue,superpoint,superpoint,lightglue,nan
hpatches,i_nescafe,illumination,i_nescafe_1_to_5,1,5,D:\桌面\IACV\Assigment1\data\hpatches\i_nescafe\1.ppm,D:\桌面\IACV\Assigment1\data\hpatches\i_nescafe\5.ppm,1390,2048,1378,0.6728515625,3.0,0.9766888327124794,2048,1390,1297,93,1378,0.6787109375,0.9330935251798561,0.63330078125,0.9412191582002902,0.6728515625,3.0,0.8797344475970442,1.0,True,1291,0.9287769784172661,1.0178150497091065,25.086679997912142,0.30471809298910585,nan,2048,2048,2097152,256,float32,1024,nan,2048,2048,2097152,nan,nan,nan,nan,13.821860001189634,0.13953810207406875,nan,nan,nan,nan,13.898700001300313,0.3737711223344338,superpoint_lightglue,superpoint,superpoint,lightglue,nan
hpatches,i_nescafe,illumination,i_nescafe_1_to_6,1,6,D:\桌面\IACV\Assigment1\data\hpatches\i_nescafe\1.ppm,D:\桌面\IACV\Assigment1\data\hpatches\i_nescafe\6.ppm,1299,2048,1290,0.6298828125,3.0,0.8049636954324041,2048,1299,1203,96,1290,0.63427734375,0.9260969976905312,0.58740234375,0.9325581395348838,0.6298828125,3.0,0.9447068860938928,1.0,True,1194,0.9191685912240185,0.9949259093616006,25.032299998565577,0.2934712180249179,nan,2048,2048,2097152,256,float32,1024,nan,2048,2048,2097152,nan,nan,nan,nan,13.821860001189634,0.13953810207406875,nan,nan,nan,nan,13.703759999771137,0.1133661445970012,superpoint_lightglue,superpoint,superpoint,lightglue,nan
hpatches,i_nijmegen,illumination,i_nijmegen_1_to_2,1,2,D:\桌面\IACV\Assigment1\data\hpatches\i_nijmegen\1.ppm,D:\桌面\IACV\Assigment1\data\hpatches\i_nijmegen\2.ppm,1606,2048,1304,0.63671875,3.0,3.3842222096635726,2048,1606,1279,327,1304,0.7841796875,0.7963885429638854,0.62451171875,0.9808282208588958,0.63671875,3.0,1.9899347107613958,2.0,True,1470,0.9153175591531756,1.045347087737276,20.27539999980945,0.22999559312568682,nan,2048,2048,2097152,256,float32,1024,nan,2048,2048,2097152,nan,nan,nan,nan,31.91806000104407,0.33555672565256667,nan,nan,nan,nan,31.68283999984851,0.18003967978542673,superpoint_lightglue,superpoint,superpoint,lightglue,nan
hpatches,i_nijmegen,illumination,i_nijmegen_1_to_3,1,3,D:\桌面\IACV\Assigment1\data\hpatches\i_nijmegen\1.ppm,D:\桌面\IACV\Assigment1\data\hpatches\i_nijmegen\3.ppm,1681,2048,1501,0.73291015625,3.0,1.6588443704907,2048,1681,1485,196,1501,0.82080078125,0.883402736466389,0.72509765625,0.9893404397068621,0.73291015625,3.0,1.8004231232024377,2.0,True,1567,0.9321832242712671,0.8859903284754693,20.7892799997353,1.6837340153865197,nan,2048,2048,2097152,256,float32,1024,nan,2048,2048,2097152,nan,nan,nan,nan,31.91806000104407,0.33555672565256667,nan,nan,nan,nan,31.755940002040006,0.13131830942218095,superpoint_lightglue,superpoint,superpoint,lightglue,nan
hpatches,i_nijmegen,illumination,i_nijmegen_1_to_4,1,4,D:\桌面\IACV\Assigment1\data\hpatches\i_nijmegen\1.ppm,D:\桌面\IACV\Assigment1\data\hpatches\i_nijmegen\4.ppm,1222,2048,1060,0.517578125,3.0,4.136682472657743,2048,1222,1030,192,1060,0.5966796875,0.8428805237315876,0.5029296875,0.9716981132075472,0.517578125,3.0,1.3955625537350995,1.4142135623730951,True,901,0.737315875613748,1.2258582625150756,23.721479999949224,0.5139438941973549,nan,2048,2048,2097152,256,float32,1024,nan,2048,2048,2097152,nan,nan,nan,nan,31.91806000104407,0.33555672565256667,nan,nan,nan,nan,31.717619999835733,0.1741532140292395,superpoint_lightglue,superpoint,superpoint,lightglue,nan
hpatches,i_nijmegen,illumination,i_nijmegen_1_to_5,1,5,D:\桌面\IACV\Assigment1\data\hpatches\i_nijmegen\1.ppm,D:\桌面\IACV\Assigment1\data\hpatches\i_nijmegen\5.ppm,1666,2048,1493,0.72900390625,3.0,1.4960590962398683,2048,1666,1473,193,1493,0.8134765625,0.8841536614645858,0.71923828125,0.9866041527126591,0.72900390625,3.0,1.6559464041838756,2.0,True,1538,0.9231692677070829,0.9452712294369501,20.575840001401957,0.22271047260341165,nan,2048,2048,2097152,256,float32,1024,nan,2048,2048,2097152,nan,nan,nan,nan,31.91806000104407,0.33555672565256667,nan,nan,nan,nan,31.605159999162424,0.1451255539972149,superpoint_lightglue,superpoint,superpoint,lightglue,nan
hpatches,i_nijmegen,illumination,i_nijmegen_1_to_6,1,6,D:\桌面\IACV\Assigment1\data\hpatches\i_nijmegen\1.ppm,D:\桌面\IACV\Assigment1\data\hpatches\i_nijmegen\6.ppm,1609,2048,1452,0.708984375,3.0,1.0697191537211217,2048,1609,1435,174,1452,0.78564453125,0.891858297078931,0.70068359375,0.9882920110192838,0.708984375,3.0,1.4689561008137766,1.4142135623730951,True,1479,0.9192044748290864,0.9851591793213211,19.329840000136755,0.18367216821072174,nan,2048,2048,2097152,256,float32,1024,nan,2048,2048,2097152,nan,nan,nan,nan,31.91806000104407,0.33555672565256667,nan,nan,nan,nan,32.44783999834908,0.9132824590614071,superpoint_lightglue,superpoint,superpoint,lightglue,nan
hpatches,i_nuts,illumination,i_nuts_1_to_2,1,2,D:\桌面\IACV\Assigment1\data\hpatches\i_nuts\1.ppm,D:\桌面\IACV\Assigment1\data\hpatches\i_nuts\2.ppm,579,1284,542,0.4221183800623053,3.0,0.9283848369714324,1284,579,450,129,542,0.45093457943925236,0.7772020725388601,0.35046728971962615,0.8302583025830258,0.4221183800623053,3.0,1.3274944922966392,1.4142135623730951,True,450,0.7772020725388601,1.4014529339695068,26.003320001473185,0.30972984084646954,nan,1284,1284,1314816,256,float32,1024,nan,1289,1289,1319936,nan,nan,nan,nan,7.986460000392981,0.06316013178031325,nan,nan,nan,nan,7.836299999326002,0.08931040139161768,superpoint_lightglue,superpoint,superpoint,lightglue,nan
hpatches,i_nuts,illumination,i_nuts_1_to_3,1,3,D:\桌面\IACV\Assigment1\data\hpatches\i_nuts\1.ppm,D:\桌面\IACV\Assigment1\data\hpatches\i_nuts\3.ppm,497,1284,519,0.40420560747663553,3.0,1.4771878935576739,1284,497,416,81,519,0.3870716510903427,0.8370221327967807,0.32398753894080995,0.8015414258188824,0.40420560747663553,3.0,1.4434026263759274,1.4142135623730951,True,400,0.8048289738430584,1.4891218020626258,22.706399999151472,0.4056846329920154,nan,1284,1284,1314816,256,float32,1024,nan,1346,1346,1378304,nan,nan,nan,nan,7.986460000392981,0.06316013178031325,nan,nan,nan,nan,7.987099997990299,0.08085574640466174,superpoint_lightglue,superpoint,superpoint,lightglue,nan
hpatches,i_nuts,illumination,i_nuts_1_to_4,1,4,D:\桌面\IACV\Assigment1\data\hpatches\i_nuts\1.ppm,D:\桌面\IACV\Assigment1\data\hpatches\i_nuts\4.ppm,432,1284,455,0.3543613707165109,3.0,0.9304992322457605,1284,432,368,64,455,0.3364485981308411,0.8518518518518519,0.2866043613707165,0.8087912087912088,0.3543613707165109,3.0,1.6186854103974957,1.4142135623730951,True,356,0.8240740740740741,1.6086671207662036,23.266520000470337,1.6424445281701303,nan,1284,1284,1314816,256,float32,1024,nan,1370,1370,1402880,nan,nan,nan,nan,7.986460000392981,0.06316013178031325,nan,nan,nan,nan,8.525719998579007,1.3787916541825094,superpoint_lightglue,superpoint,superpoint,lightglue,nan
hpatches,i_nuts,illumination,i_nuts_1_to_5,1,5,D:\桌面\IACV\Assigment1\data\hpatches\i_nuts\1.ppm,D:\桌面\IACV\Assigment1\data\hpatches\i_nuts\5.ppm,448,1284,437,0.34034267912772587,3.0,1.4705880189648657,1284,448,350,98,437,0.34890965732087226,0.78125,0.27258566978193144,0.8009153318077803,0.34034267912772587,3.0,1.580979441138386,1.4142135623730951,True,358,0.7991071428571429,1.6446316830837564,23.360459998366423,0.35464452640387056,nan,1284,1284,1314816,256,float32,1024,nan,1336,1336,1368064,nan,nan,nan,nan,7.986460000392981,0.06316013178031325,nan,nan,nan,nan,7.945579999068286,0.2296921003930885,superpoint_lightglue,superpoint,superpoint,lightglue,nan
hpatches,i_nuts,illumination,i_nuts_1_to_6,1,6,D:\桌面\IACV\Assigment1\data\hpatches\i_nuts\1.ppm,D:\桌面\IACV\Assigment1\data\hpatches\i_nuts\6.ppm,461,1284,428,0.3333333333333333,3.0,3.102502910422862,1284,461,331,130,428,0.3590342679127726,0.7180043383947939,0.25778816199376947,0.7733644859813084,0.3333333333333333,3.0,1.6554528147267067,2.0,True,300,0.6507592190889371,1.6933781654398945,25.452879996737465,1.7056628984416662,nan,1284,1284,1314816,256,float32,1024,nan,1292,1292,1323008,nan,nan,nan,nan,7.986460000392981,0.06316013178031325,nan,nan,nan,nan,8.478299998387229,1.3617722296907453,superpoint_lightglue,superpoint,superpoint,lightglue,nan
hpatches,i_objects,illumination,i_objects_1_to_2,1,2,D:\桌面\IACV\Assigment1\data\hpatches\i_objects\1.ppm,D:\桌面\IACV\Assigment1\data\hpatches\i_objects\2.ppm,1311,2048,1149,0.56103515625,3.0,1.1293740446411684,2048,1311,1139,172,1149,0.64013671875,0.8688024408848207,0.55615234375,0.9912967798085291,0.56103515625,3.0,1.653038665118037,1.4142135623730951,True,1185,0.9038901601830663,1.0266903602141284,24.83434000023408,1.6061930064773098,nan,2048,2048,2097152,256,float32,1024,nan,2048,2048,2097152,nan,nan,nan,nan,26.408559999254066,0.24530063444881592,nan,nan,nan,nan,27.202459999534767,0.21076358196183262,superpoint_lightglue,superpoint,superpoint,lightglue,nan
hpatches,i_objects,illumination,i_objects_1_to_3,1,3,D:\桌面\IACV\Assigment1\data\hpatches\i_objects\1.ppm,D:\桌面\IACV\Assigment1\data\hpatches\i_objects\3.ppm,1272,2048,1096,0.53515625,3.0,1.2344301075775912,2048,1272,1089,183,1096,0.62109375,0.8561320754716981,0.53173828125,0.9936131386861314,0.53515625,3.0,1.5917622488476397,1.4142135623730951,True,1151,0.904874213836478,1.110883593617897,23.978860001079738,0.19128330367130295,nan,2048,2048,2097152,256,float32,1024,nan,2048,2048,2097152,nan,nan,nan,nan,26.408559999254066,0.24530063444881592,nan,nan,nan,nan,27.205159998266026,0.8645495645259896,superpoint_lightglue,superpoint,superpoint,lightglue,nan
hpatches,i_objects,illumination,i_objects_1_to_4,1,4,D:\桌面\IACV\Assigment1\data\hpatches\i_objects\1.ppm,D:\桌面\IACV\Assigment1\data\hpatches\i_objects\4.ppm,1195,2048,985,0.48095703125,3.0,1.5057918737823843,2048,1195,968,227,985,0.58349609375,0.8100418410041841,0.47265625,0.9827411167512691,0.48095703125,3.0,1.6373949313209044,1.4142135623730951,True,1007,0.8426778242677824,1.1764219292068694,24.179780000122264,0.6335714915406112,nan,2048,2048,2097152,256,float32,1024,nan,2048,2048,2097152,nan,nan,nan,nan,26.408559999254066,0.24530063444881592,nan,nan,nan,nan,26.778800001193304,0.2307177954873009,superpoint_lightglue,superpoint,superpoint,lightglue,nan
hpatches,i_objects,illumination,i_objects_1_to_5,1,5,D:\桌面\IACV\Assigment1\data\hpatches\i_objects\1.ppm,D:\桌面\IACV\Assigment1\data\hpatches\i_objects\5.ppm,1176,2048,978,0.4775390625,3.0,1.3817950214257564,2048,1176,958,218,978,0.57421875,0.814625850340136,0.4677734375,0.9795501022494888,0.4775390625,3.0,1.5821217759875816,1.4142135623730951,True,1008,0.8571428571428571,1.1278943000248336,24.746859999140725,0.7006874163677768,nan,2048,2048,2097152,256,float32,1024,nan,2048,2048,2097152,nan,nan,nan,nan,26.408559999254066,0.24530063444881592,nan,nan,nan,nan,26.980540000658948,0.3617450292857854,superpoint_lightglue,superpoint,superpoint,lightglue,nan
hpatches,i_objects,illumination,i_objects_1_to_6,1,6,D:\桌面\IACV\Assigment1\data\hpatches\i_objects\1.ppm,D:\桌面\IACV\Assigment1\data\hpatches\i_objects\6.ppm,1531,2048,1413,0.68994140625,3.0,0.6519002140824751,2048,1531,1402,129,1413,0.74755859375,0.9157413455258001,0.6845703125,0.9922151450813871,0.68994140625,3.0,0.9151209389346326,1.0,True,1399,0.9137818419333769,0.8852200571221179,19.48281999793835,1.1515438473714967,nan,2048,2048,2097152,256,float32,1024,nan,2048,2048,2097152,nan,nan,nan,nan,26.408559999254066,0.24530063444881592,nan,nan,nan,nan,27.01254000130575,0.3775395851477671,superpoint_lightglue,superpoint,superpoint,lightglue,nan
hpatches,i_parking,illumination,i_parking_1_to_2,1,2,D:\桌面\IACV\Assigment1\data\hpatches\i_parking\1.ppm,D:\桌面\IACV\Assigment1\data\hpatches\i_parking\2.ppm,737,1312,729,0.555640243902439,3.0,0.9395828577759914,1312,737,659,78,729,0.5617378048780488,0.8941655359565808,0.5022865853658537,0.9039780521262003,0.555640243902439,3.0,1.2911798637951992,1.0,True,651,0.8833107191316146,1.3574158707836794,24.93277999892598,0.5210887804341099,nan,1312,1312,1343488,256,float32,1024,nan,1596,1596,1634304,nan,nan,nan,nan,8.079940000607166,0.10806062274421943,nan,nan,nan,nan,8.04336000001058,0.05855871170692651,superpoint_lightglue,superpoint,superpoint,lightglue,nan
hpatches,i_parking,illumination,i_parking_1_to_3,1,3,D:\桌面\IACV\Assigment1\data\hpatches\i_parking\1.ppm,D:\桌面\IACV\Assigment1\data\hpatches\i_parking\3.ppm,646,1312,637,0.48551829268292684,3.0,0.7710247978657565,1312,646,553,93,637,0.4923780487804878,0.8560371517027864,0.4214939024390244,0.8681318681318682,0.48551829268292684,3.0,1.3052495966150897,1.0,True,553,0.8560371517027864,1.362699154446727,17.162760002247524,0.30383347840985125,nan,1312,1312,1343488,256,float32,1024,nan,1322,1322,1353728,nan,nan,nan,nan,8.079940000607166,0.10806062274421943,nan,nan,nan,nan,9.39762000052724,1.7046333491287202,superpoint_lightglue,superpoint,superpoint,lightglue,nan
hpatches,i_parking,illumination,i_parking_1_to_4,1,4,D:\桌面\IACV\Assigment1\data\hpatches\i_parking\1.ppm,D:\桌面\IACV\Assigment1\data\hpatches\i_parking\4.ppm,658,1312,589,0.4489329268292683,3.0,2.0307655356630674,1312,658,483,175,589,0.5015243902439024,0.7340425531914894,0.36814024390243905,0.8200339558573854,0.4489329268292683,3.0,1.5515458142186282,1.4142135623730951,True,521,0.7917933130699089,1.5950884315352063,24.220119997335132,0.7682058767898081,nan,1312,1312,1343488,256,float32,1024,nan,1638,1638,1677312,nan,nan,nan,nan,8.079940000607166,0.10806062274421943,nan,nan,nan,nan,8.593240001937374,1.1029299202676086,superpoint_lightglue,superpoint,superpoint,lightglue,nan
hpatches,i_parking,illumination,i_parking_1_to_5,1,5,D:\桌面\IACV\Assigment1\data\hpatches\i_parking\1.ppm,D:\桌面\IACV\Assigment1\data\hpatches\i_parking\5.ppm,637,1312,595,0.4535060975609756,3.0,1.4083743029753586,1312,637,498,139,595,0.48551829268292684,0.7817896389324961,0.3795731707317073,0.8369747899159664,0.4535060975609756,3.0,1.5197463983370965,1.4142135623730951,True,510,0.8006279434850864,1.5596617205497527,26.236940000671893,1.0799032992834816,nan,1312,1312,1343488,256,float32,1024,nan,1762,1762,1804288,nan,nan,nan,nan,8.079940000607166,0.10806062274421943,nan,nan,nan,nan,8.961999999883119,1.6116862675215797,superpoint_lightglue,superpoint,superpoint,lightglue,nan
hpatches,i_parking,illumination,i_parking_1_to_6,1,6,D:\桌面\IACV\Assigment1\data\hpatches\i_parking\1.ppm,D:\桌面\IACV\Assigment1\data\hpatches\i_parking\6.ppm,647,1312,642,0.4893292682926829,3.0,1.505681286303977,1312,647,552,95,642,0.49314024390243905,0.8531684698608965,0.42073170731707316,0.8598130841121495,0.4893292682926829,3.0,1.4285122534263197,1.4142135623730951,True,569,0.8794435857805255,1.497318281659371,25.533219998760615,0.18113108286430643,nan,1312,1312,1343488,256,float32,1024,nan,1714,1714,1755136,nan,nan,nan,nan,8.079940000607166,0.10806062274421943,nan,nan,nan,nan,8.83458000025712,1.3443944479634526,superpoint_lightglue,superpoint,superpoint,lightglue,nan
hpatches,i_partyfood,illumination,i_partyfood_1_to_2,1,2,D:\桌面\IACV\Assigment1\data\hpatches\i_partyfood\1.ppm,D:\桌面\IACV\Assigment1\data\hpatches\i_partyfood\2.ppm,1145,1329,1140,0.8577878103837472,3.0,0.3423240073603683,1329,1145,1125,20,1140,0.8615500376222723,0.982532751091703,0.8465011286681715,0.9868421052631579,0.8577878103837472,3.0,0.4929005463866379,0.0,True,1117,0.9755458515283842,0.5297395207296286,14.708419998351019,0.42828663879197953,nan,1329,1329,1360896,256,float32,1024,nan,1288,1288,1318912,nan,nan,nan,nan,20.440819999203086,0.17997131326723084,nan,nan,nan,nan,20.06244000076549,0.12869627391421737,superpoint_lightglue,superpoint,superpoint,lightglue,nan
hpatches,i_partyfood,illumination,i_partyfood_1_to_3,1,3,D:\桌面\IACV\Assigment1\data\hpatches\i_partyfood\1.ppm,D:\桌面\IACV\Assigment1\data\hpatches\i_partyfood\3.ppm,1038,1329,1022,0.7689992475545523,3.0,0.6924896602832449,1329,1038,1008,30,1022,0.781038374717833,0.9710982658959537,0.7584650112866818,0.9863013698630136,0.7689992475545523,3.0,0.7057124243291516,1.0,True,1009,0.9720616570327553,0.8002567865475549,14.378339999529999,0.1980021478537094,nan,1329,1329,1360896,256,float32,1024,nan,1262,1262,1292288,nan,nan,nan,nan,20.440819999203086,0.17997131326723084,nan,nan,nan,nan,19.959280001057778,0.17540784954798633,superpoint_lightglue,superpoint,superpoint,lightglue,nan
hpatches,i_partyfood,illumination,i_partyfood_1_to_4,1,4,D:\桌面\IACV\Assigment1\data\hpatches\i_partyfood\1.ppm,D:\桌面\IACV\Assigment1\data\hpatches\i_partyfood\4.ppm,961,1329,925,0.6960120391271633,3.0,2.818760295553295,1329,961,904,57,925,0.7231000752445448,0.9406867845993756,0.6802106847253574,0.9772972972972973,0.6960120391271633,3.0,0.9831108838493462,1.0,True,914,0.951092611862643,1.0244377126998814,17.067200000747107,0.16526602747186422,nan,1329,1329,1360896,256,float32,1024,nan,1198,1198,1226752,nan,nan,nan,nan,20.440819999203086,0.17997131326723084,nan,nan,nan,nan,20.093180002004374,0.06255450096692537,superpoint_lightglue,superpoint,superpoint,lightglue,nan
hpatches,i_partyfood,illumination,i_partyfood_1_to_5,1,5,D:\桌面\IACV\Assigment1\data\hpatches\i_partyfood\1.ppm,D:\桌面\IACV\Assigment1\data\hpatches\i_partyfood\5.ppm,929,1329,893,0.671933784800602,3.0,0.7231055483000945,1329,929,879,50,893,0.6990218209179835,0.946178686759957,0.6613995485327314,0.9843225083986562,0.671933784800602,3.0,1.060469880855292,1.0,True,888,0.9558665231431647,1.029593891244471,17.522599999210797,1.052938774500002,nan,1329,1329,1360896,256,float32,1024,nan,1197,1197,1225728,nan,nan,nan,nan,20.440819999203086,0.17997131326723084,nan,nan,nan,nan,19.976679999672342,0.20200974663036436,superpoint_lightglue,superpoint,superpoint,lightglue,nan
hpatches,i_partyfood,illumination,i_partyfood_1_to_6,1,6,D:\桌面\IACV\Assigment1\data\hpatches\i_partyfood\1.ppm,D:\桌面\IACV\Assigment1\data\hpatches\i_partyfood\6.ppm,865,1329,832,0.6260346124905944,3.0,1.168495284684015,1329,865,810,55,832,0.6508653122648608,0.9364161849710982,0.6094808126410836,0.9735576923076923,0.6260346124905944,3.0,1.1151455777118953,1.0,True,813,0.9398843930635838,1.1156772188133863,17.162559999269433,0.3896947325726602,nan,1329,1329,1360896,256,float32,1024,nan,1174,1174,1202176,nan,nan,nan,nan,20.440819999203086,0.17997131326723084,nan,nan,nan,nan,20.138639998913277,0.4067287490297141,superpoint_lightglue,superpoint,superpoint,lightglue,nan
hpatches,i_pencils,illumination,i_pencils_1_to_2,1,2,D:\桌面\IACV\Assigment1\data\hpatches\i_pencils\1.ppm,D:\桌面\IACV\Assigment1\data\hpatches\i_pencils\2.ppm,1322,2048,805,0.39306640625,3.0,2.7681387084192273,2048,1322,787,535,805,0.6455078125,0.5953101361573374,0.38427734375,0.977639751552795,0.39306640625,3.0,1.439945231449598,1.4142135623730951,True,773,0.5847201210287444,1.6161751709424235,33.822499998495914,0.400979621173086,nan,2048,2048,2097152,256,float32,1024,nan,2048,2048,2097152,nan,nan,nan,nan,51.342519998434,0.20326918520607506,nan,nan,nan,nan,51.288260001456365,0.34602134329916795,superpoint_lightglue,superpoint,superpoint,lightglue,nan
hpatches,i_pencils,illumination,i_pencils_1_to_3,1,3,D:\桌面\IACV\Assigment1\data\hpatches\i_pencils\1.ppm,D:\桌面\IACV\Assigment1\data\hpatches\i_pencils\3.ppm,1161,2048,146,0.0712890625,3.0,9.724222722894048,2048,1161,1,1160,146,0.56689453125,0.0008613264427217916,0.00048828125,0.00684931506849315,0.0712890625,3.0,3.0,3.0,True,649,0.5590008613264428,1.618154582351707,34.02910000149859,0.7782802010285587,nan,2048,2048,2097152,256,float32,1024,nan,2048,2048,2097152,nan,nan,nan,nan,51.342519998434,0.20326918520607506,nan,nan,nan,nan,50.90695999824675,0.1451949497181368,superpoint_lightglue,superpoint,superpoint,lightglue,nan
hpatches,i_pencils,illumination,i_pencils_1_to_4,1,4,D:\桌面\IACV\Assigment1\data\hpatches\i_pencils\1.ppm,D:\桌面\IACV\Assigment1\data\hpatches\i_pencils\4.ppm,1261,2048,135,0.06591796875,3.0,9.463650125660218,2048,1261,1,1260,135,0.61572265625,0.0007930214115781126,0.00048828125,0.007407407407407408,0.06591796875,3.0,3.0,3.0,True,757,0.6003172085646312,1.49870531197398,33.64560000045458,0.1395811610063022,nan,2048,2048,2097152,256,float32,1024,nan,2048,2048,2097152,nan,nan,nan,nan,51.342519998434,0.20326918520607506,nan,nan,nan,nan,51.04525999922771,0.12411344081741062,superpoint_lightglue,superpoint,superpoint,lightglue,nan
hpatches,i_pencils,illumination,i_pencils_1_to_5,1,5,D:\桌面\IACV\Assigment1\data\hpatches\i_pencils\1.ppm,D:\桌面\IACV\Assigment1\data\hpatches\i_pencils\5.ppm,1174,2048,632,0.30859375,3.0,2.6244390221248355,2048,1174,608,566,632,0.5732421875,0.5178875638841567,0.296875,0.9620253164556962,0.30859375,3.0,1.845372470326321,2.0,True,644,0.5485519591141397,1.5480248182800092,34.17372000258183,0.21720444246090445,nan,2048,2048,2097152,256,float32,1024,nan,2048,2048,2097152,nan,nan,nan,nan,51.342519998434,0.20326918520607506,nan,nan,nan,nan,51.44949999812525,0.38131932383309625,superpoint_lightglue,superpoint,superpoint,lightglue,nan
hpatches,i_pencils,illumination,i_pencils_1_to_6,1,6,D:\桌面\IACV\Assigment1\data\hpatches\i_pencils\1.ppm,D:\桌面\IACV\Assigment1\data\hpatches\i_pencils\6.ppm,1214,2048,571,0.27880859375,3.0,1.9726363722491134,2048,1214,555,659,571,0.5927734375,0.457166392092257,0.27099609375,0.9719789842381786,0.27880859375,3.0,1.9639023274218477,2.23606797749979,True,680,0.5601317957166392,1.5642381631383446,33.99412000144366,0.26801287578082883,nan,2048,2048,2097152,256,float32,1024,nan,2048,2048,2097152,nan,nan,nan,nan,51.342519998434,0.20326918520607506,nan,nan,nan,nan,51.6717200021958,0.2603431368273349,superpoint_lightglue,superpoint,superpoint,lightglue,nan
hpatches,i_pinard,illumination,i_pinard_1_to_2,1,2,D:\桌面\IACV\Assigment1\data\hpatches\i_pinard\1.ppm,D:\桌面\IACV\Assigment1\data\hpatches\i_pinard\2.ppm,963,1356,921,0.6792035398230089,3.0,0.7511211402458469,1356,963,893,70,921,0.7101769911504425,0.9273104880581516,0.6585545722713865,0.9695982627578719,0.6792035398230089,3.0,0.9051149362408796,1.0,True,876,0.9096573208722741,0.9687177466704462,15.850920001685154,0.2475186565698539,nan,1356,1356,1388544,256,float32,1024,nan,1355,1355,1387520,nan,nan,nan,nan,14.208599999255966,0.3246152868246987,nan,nan,nan,nan,13.77141999982996,0.1631999418469114,superpoint_lightglue,superpoint,superpoint,lightglue,nan
hpatches,i_pinard,illumination,i_pinard_1_to_3,1,3,D:\桌面\IACV\Assigment1\data\hpatches\i_pinard\1.ppm,D:\桌面\IACV\Assigment1\data\hpatches\i_pinard\3.ppm,818,1356,816,0.6017699115044248,3.0,0.8690717653112122,1356,818,775,43,816,0.6032448377581121,0.9474327628361858,0.5715339233038348,0.9497549019607843,0.6017699115044248,3.0,1.0508218182515268,1.0,True,771,0.9425427872860636,1.1146089851042387,22.80200000095647,0.14914067408285558,nan,1356,1356,1388544,256,float32,1024,nan,1483,1483,1518592,nan,nan,nan,nan,14.208599999255966,0.3246152868246987,nan,nan,nan,nan,13.562919998366851,0.10622027046685509,superpoint_lightglue,superpoint,superpoint,lightglue,nan
hpatches,i_pinard,illumination,i_pinard_1_to_4,1,4,D:\桌面\IACV\Assigment1\data\hpatches\i_pinard\1.ppm,D:\桌面\IACV\Assigment1\data\hpatches\i_pinard\4.ppm,830,1356,805,0.5936578171091446,3.0,1.7433184904299117,1356,830,780,50,805,0.612094395280236,0.9397590361445783,0.5752212389380531,0.968944099378882,0.5936578171091446,3.0,1.0469525347723498,1.0,True,764,0.9204819277108434,1.2129858669593439,22.783359997265507,0.08137251480505221,nan,1356,1356,1388544,256,float32,1024,nan,1520,1520,1556480,nan,nan,nan,nan,14.208599999255966,0.3246152868246987,nan,nan,nan,nan,13.775480001640972,0.13794342718577798,superpoint_lightglue,superpoint,superpoint,lightglue,nan
hpatches,i_pinard,illumination,i_pinard_1_to_5,1,5,D:\桌面\IACV\Assigment1\data\hpatches\i_pinard\1.ppm,D:\桌面\IACV\Assigment1\data\hpatches\i_pinard\5.ppm,822,1356,802,0.5914454277286135,3.0,0.29160496158223254,1356,822,774,48,802,0.6061946902654868,0.9416058394160584,0.5707964601769911,0.9650872817955112,0.5914454277286135,3.0,1.0370793096252828,1.0,True,773,0.940389294403893,1.0584358719638234,23.116459997254424,1.8896212790789717,nan,1356,1356,1388544,256,float32,1024,nan,1424,1424,1458176,nan,nan,nan,nan,14.208599999255966,0.3246152868246987,nan,nan,nan,nan,13.620880000235047,0.10712892108966421,superpoint_lightglue,superpoint,superpoint,lightglue,nan
hpatches,i_pinard,illumination,i_pinard_1_to_6,1,6,D:\桌面\IACV\Assigment1\data\hpatches\i_pinard\1.ppm,D:\桌面\IACV\Assigment1\data\hpatches\i_pinard\6.ppm,842,1356,812,0.5988200589970502,3.0,0.5760059469133705,1356,842,790,52,812,0.6209439528023599,0.9382422802850356,0.5825958702064897,0.9729064039408867,0.5988200589970502,3.0,0.9789430338144922,1.0,True,774,0.9192399049881235,0.9957812319889668,21.881439999560826,0.6951815110102244,nan,1356,1356,1388544,256,float32,1024,nan,1348,1348,1380352,nan,nan,nan,nan,14.208599999255966,0.3246152868246987,nan,nan,nan,nan,13.988180000160355,0.28232580329061474,superpoint_lightglue,superpoint,superpoint,lightglue,nan
hpatches,i_pool,illumination,i_pool_1_to_2,1,2,D:\桌面\IACV\Assigment1\data\hpatches\i_pool\1.ppm,D:\桌面\IACV\Assigment1\data\hpatches\i_pool\2.ppm,690,2048,553,0.27001953125,3.0,2.071565481004933,2048,690,515,175,553,0.3369140625,0.7463768115942029,0.25146484375,0.9312839059674503,0.27001953125,3.0,1.4704098356378368,1.4142135623730951,True,489,0.7086956521739131,1.5222153037331485,30.01903999975184,0.25005287066399534,nan,2048,2048,2097152,256,float32,1024,nan,2048,2048,2097152,nan,nan,nan,nan,16.01661999884527,0.14037856493435258,nan,nan,nan,nan,16.089880000799894,0.16174558271025916,superpoint_lightglue,superpoint,superpoint,lightglue,nan
hpatches,i_pool,illumination,i_pool_1_to_3,1,3,D:\桌面\IACV\Assigment1\data\hpatches\i_pool\1.ppm,D:\桌面\IACV\Assigment1\data\hpatches\i_pool\3.ppm,648,2048,467,0.22802734375,3.0,2.8029838230635935,2048,648,403,245,467,0.31640625,0.6219135802469136,0.19677734375,0.8629550321199143,0.22802734375,3.0,1.5832942432921788,1.4142135623730951,True,377,0.5817901234567902,1.7428873621404077,32.64801999903284,1.5922798540781125,nan,2048,2048,2097152,256,float32,1024,nan,2048,2048,2097152,nan,nan,nan,nan,16.01661999884527,0.14037856493435258,nan,nan,nan,nan,15.965780000260565,0.06212533758280167,superpoint_lightglue,superpoint,superpoint,lightglue,nan
hpatches,i_pool,illumination,i_pool_1_to_4,1,4,D:\桌面\IACV\Assigment1\data\hpatches\i_pool\1.ppm,D:\桌面\IACV\Assigment1\data\hpatches\i_pool\4.ppm,658,2048,470,0.2294921875,3.0,5.547537520413552,2048,658,415,243,470,0.3212890625,0.6306990881458967,0.20263671875,0.8829787234042553,0.2294921875,3.0,1.6283542577518129,1.4142135623730951,True,327,0.4969604863221885,1.7014373167075225,32.034459998249076,0.747696855404042,nan,2048,2048,2097152,256,float32,1024,nan,2048,2048,2097152,nan,nan,nan,nan,16.01661999884527,0.14037856493435258,nan,nan,nan,nan,16.7743399986648,1.027275135337401,superpoint_lightglue,superpoint,superpoint,lightglue,nan
hpatches,i_pool,illumination,i_pool_1_to_5,1,5,D:\桌面\IACV\Assigment1\data\hpatches\i_pool\1.ppm,D:\桌面\IACV\Assigment1\data\hpatches\i_pool\5.ppm,689,2048,513,0.25048828125,3.0,2.9042716872238175,2048,689,473,216,513,0.33642578125,0.6865021770682148,0.23095703125,0.9220272904483431,0.25048828125,3.0,1.5677511389246663,1.4142135623730951,True,440,0.6386066763425254,1.5897413589489506,31.2828999987687,1.0881005559262624,nan,2048,2048,2097152,256,float32,1024,nan,2048,2048,2097152,nan,nan,nan,nan,16.01661999884527,0.14037856493435258,nan,nan,nan,nan,16.03813999972772,0.2167536447674157,superpoint_lightglue,superpoint,superpoint,lightglue,nan
hpatches,i_pool,illumination,i_pool_1_to_6,1,6,D:\桌面\IACV\Assigment1\data\hpatches\i_pool\1.ppm,D:\桌面\IACV\Assigment1\data\hpatches\i_pool\6.ppm,672,2048,494,0.2412109375,3.0,2.3261904345295816,2048,672,461,211,494,0.328125,0.6860119047619048,0.22509765625,0.9331983805668016,0.2412109375,3.0,1.5162519171971554,1.4142135623730951,True,439,0.6532738095238095,1.6324721208182942,31.918259999656584,0.7659376241287918,nan,2048,2048,2097152,256,float32,1024,nan,2048,2048,2097152,nan,nan,nan,nan,16.01661999884527,0.14037856493435258,nan,nan,nan,nan,16.04240000160644,0.244817456702113,superpoint_lightglue,superpoint,superpoint,lightglue,nan
hpatches,i_porta,illumination,i_porta_1_to_2,1,2,D:\桌面\IACV\Assigment1\data\hpatches\i_porta\1.ppm,D:\桌面\IACV\Assigment1\data\hpatches\i_porta\2.ppm,319,465,331,0.7118279569892473,3.0,0.35693426992436184,465,319,304,15,331,0.6860215053763441,0.9529780564263323,0.6537634408602151,0.918429003021148,0.7118279569892473,3.0,0.9407327837353762,1.0,True,304,0.9529780564263323,1.0023995611782106,15.254360000835732,1.1197841172436458,nan,465,465,476160,256,float32,1024,nan,481,481,492544,nan,nan,nan,nan,9.431199998653028,1.010336891624744,nan,nan,nan,nan,9.28330000169808,0.4094312003849216,superpoint_lightglue,superpoint,superpoint,lightglue,nan
hpatches,i_porta,illumination,i_porta_1_to_3,1,3,D:\桌面\IACV\Assigment1\data\hpatches\i_porta\1.ppm,D:\桌面\IACV\Assigment1\data\hpatches\i_porta\3.ppm,331,465,336,0.7225806451612903,3.0,0.5751135006505694,465,331,320,11,336,0.7118279569892473,0.9667673716012085,0.6881720430107527,0.9523809523809523,0.7225806451612903,3.0,0.9079651080135086,1.0,True,316,0.9546827794561934,0.9593291884054913,11.850760001107119,0.18962204422603463,nan,465,465,476160,256,float32,1024,nan,461,461,472064,nan,nan,nan,nan,9.431199998653028,1.010336891624744,nan,nan,nan,nan,8.783680001215544,0.1311607788084577,superpoint_lightglue,superpoint,superpoint,lightglue,nan
hpatches,i_porta,illumination,i_porta_1_to_4,1,4,D:\桌面\IACV\Assigment1\data\hpatches\i_porta\1.ppm,D:\桌面\IACV\Assigment1\data\hpatches\i_porta\4.ppm,311,465,307,0.6602150537634408,3.0,0.9192775465193428,465,311,277,34,307,0.6688172043010753,0.8906752411575563,0.5956989247311828,0.9022801302931596,0.6602150537634408,3.0,1.3102341265970376,1.4142135623730951,True,290,0.932475884244373,1.3500950608010216,13.926679998985492,0.3628841641661628,nan,465,465,476160,256,float32,1024,nan,571,571,584704,nan,nan,nan,nan,9.431199998653028,1.010336891624744,nan,nan,nan,nan,9.308920000330545,1.3485306328816709,superpoint_lightglue,superpoint,superpoint,lightglue,nan
hpatches,i_porta,illumination,i_porta_1_to_5,1,5,D:\桌面\IACV\Assigment1\data\hpatches\i_porta\1.ppm,D:\桌面\IACV\Assigment1\data\hpatches\i_porta\5.ppm,323,465,295,0.6344086021505376,3.0,3.98042943252399,465,323,267,56,295,0.6946236559139785,0.826625386996904,0.5741935483870968,0.9050847457627119,0.6344086021505376,3.0,1.396874653599658,1.4142135623730951,True,261,0.8080495356037152,1.4934642477163584,16.181540001707617,2.330832909345107,nan,465,465,476160,256,float32,1024,nan,738,738,755712,nan,nan,nan,nan,9.431199998653028,1.010336891624744,nan,nan,nan,nan,9.063880000030622,0.3068481023657293,superpoint_lightglue,superpoint,superpoint,lightglue,nan
hpatches,i_porta,illumination,i_porta_1_to_6,1,6,D:\桌面\IACV\Assigment1\data\hpatches\i_porta\1.ppm,D:\桌面\IACV\Assigment1\data\hpatches\i_porta\6.ppm,244,465,241,0.5182795698924731,3.0,2.380415717525715,465,244,201,43,241,0.524731182795699,0.8237704918032787,0.432258064516129,0.8340248962655602,0.5182795698924731,3.0,1.3465857076574952,1.4142135623730951,True,188,0.7704918032786885,1.389191368929063,14.62438000162365,0.051613075124487325,nan,465,465,476160,256,float32,1024,nan,840,840,860160,nan,nan,nan,nan,9.431199998653028,1.010336891624744,nan,nan,nan,nan,10.075999998662155,1.4815636218945154,superpoint_lightglue,superpoint,superpoint,lightglue,nan
hpatches,i_resort,illumination,i_resort_1_to_2,1,2,D:\桌面\IACV\Assigment1\data\hpatches\i_resort\1.ppm,D:\桌面\IACV\Assigment1\data\hpatches\i_resort\2.ppm,1389,2048,1298,0.6337890625,3.0,0.5621297682124564,2048,1389,1273,116,1298,0.67822265625,0.9164866810655148,0.62158203125,0.9807395993836672,0.6337890625,3.0,1.0305508694561316,1.0,True,1271,0.9150467962562995,1.1044396525745377,19.436860000132583,0.5118341880123143,nan,2048,2048,2097152,256,float32,1024,nan,2048,2048,2097152,nan,nan,nan,nan,20.203520001086872,0.06755123551602794,nan,nan,nan,nan,20.199780001712497,0.08964100220184502,superpoint_lightglue,superpoint,superpoint,lightglue,nan
hpatches,i_resort,illumination,i_resort_1_to_3,1,3,D:\桌面\IACV\Assigment1\data\hpatches\i_resort\1.ppm,D:\桌面\IACV\Assigment1\data\hpatches\i_resort\3.ppm,1686,2048,1659,0.81005859375,3.0,0.15795944295950634,2048,1686,1639,47,1659,0.8232421875,0.972123368920522,0.80029296875,0.9879445449065702,0.81005859375,3.0,0.6812798207495453,1.0,True,1634,0.9691577698695136,0.7368806508870486,11.03341999987606,0.047824028877657014,nan,2048,2048,2097152,256,float32,1024,nan,2048,2048,2097152,nan,nan,nan,nan,20.203520001086872,0.06755123551602794,nan,nan,nan,nan,20.19867999915732,0.13186759296657322,superpoint_lightglue,superpoint,superpoint,lightglue,nan
hpatches,i_resort,illumination,i_resort_1_to_4,1,4,D:\桌面\IACV\Assigment1\data\hpatches\i_resort\1.ppm,D:\桌面\IACV\Assigment1\data\hpatches\i_resort\4.ppm,1667,2048,1624,0.79296875,3.0,0.22433226399103426,2048,1667,1602,65,1624,0.81396484375,0.9610077984403119,0.7822265625,0.9864532019704434,0.79296875,3.0,0.7253727712189404,1.0,True,1594,0.9562087582483503,0.7564426920631383,15.578820001974236,0.5962653729428582,nan,2048,2048,2097152,256,float32,1024,nan,2048,2048,2097152,nan,nan,nan,nan,20.203520001086872,0.06755123551602794,nan,nan,nan,nan,20.609560002048966,0.4436020222540462,superpoint_lightglue,superpoint,superpoint,lightglue,nan
hpatches,i_resort,illumination,i_resort_1_to_5,1,5,D:\桌面\IACV\Assigment1\data\hpatches\i_resort\1.ppm,D:\桌面\IACV\Assigment1\data\hpatches\i_resort\5.ppm,1344,2048,1247,0.60888671875,3.0,0.8376519845040439,2048,1344,1229,115,1247,0.65625,0.9144345238095238,0.60009765625,0.9855653568564555,0.60888671875,3.0,1.2029664051921714,1.0,True,1230,0.9151785714285714,1.1721919143896604,22.58031999808736,0.061106052431447476,nan,2048,2048,2097152,256,float32,1024,nan,2048,2048,2097152,nan,nan,nan,nan,20.203520001086872,0.06755123551602794,nan,nan,nan,nan,20.101920000161044,0.13498824419598146,superpoint_lightglue,superpoint,superpoint,lightglue,nan
hpatches,i_resort,illumination,i_resort_1_to_6,1,6,D:\桌面\IACV\Assigment1\data\hpatches\i_resort\1.ppm,D:\桌面\IACV\Assigment1\data\hpatches\i_resort\6.ppm,1523,2048,1377,0.67236328125,3.0,1.7332495744055352,2048,1523,1339,184,1377,0.74365234375,0.8791858174655286,0.65380859375,0.9724037763253449,0.67236328125,3.0,1.569370798527085,1.4142135623730951,True,1395,0.9159553512803676,1.2757953800436295,19.467359999543987,0.34184799601199006,nan,2048,2048,2097152,256,float32,1024,nan,2048,2048,2097152,nan,nan,nan,nan,20.203520001086872,0.06755123551602794,nan,nan,nan,nan,20.82076000078814,0.3644623233009971,superpoint_lightglue,superpoint,superpoint,lightglue,nan
hpatches,i_salon,illumination,i_salon_1_to_2,1,2,D:\桌面\IACV\Assigment1\data\hpatches\i_salon\1.ppm,D:\桌面\IACV\Assigment1\data\hpatches\i_salon\2.ppm,1683,2048,1561,0.76220703125,3.0,0.1888006870591621,2048,1683,1529,154,1561,0.82177734375,0.9084967320261438,0.74658203125,0.9795003203074952,0.76220703125,3.0,0.8613496828698995,1.0,True,1533,0.910873440285205,0.9231299478238219,16.244620000361465,0.48275653667669655,nan,2048,2048,2097152,256,float32,1024,nan,2048,2048,2097152,nan,nan,nan,nan,14.134619997639675,0.07691123169588426,nan,nan,nan,nan,14.251000000513159,0.3895055943572358,superpoint_lightglue,superpoint,superpoint,lightglue,nan
hpatches,i_salon,illumination,i_salon_1_to_3,1,3,D:\桌面\IACV\Assigment1\data\hpatches\i_salon\1.ppm,D:\桌面\IACV\Assigment1\data\hpatches\i_salon\3.ppm,1404,2048,1250,0.6103515625,3.0,0.7077214858581424,2048,1404,1211,193,1250,0.685546875,0.8625356125356125,0.59130859375,0.9688,0.6103515625,3.0,1.0946998264879366,1.0,True,1185,0.844017094017094,1.153596539814272,19.64256000064779,0.41890932818403187,nan,2048,2048,2097152,256,float32,1024,nan,2048,2048,2097152,nan,nan,nan,nan,14.134619997639675,0.07691123169588426,nan,nan,nan,nan,13.744859998405445,0.19073577050636625,superpoint_lightglue,superpoint,superpoint,lightglue,nan
hpatches,i_salon,illumination,i_salon_1_to_4,1,4,D:\桌面\IACV\Assigment1\data\hpatches\i_salon\1.ppm,D:\桌面\IACV\Assigment1\data\hpatches\i_salon\4.ppm,1216,2048,1106,0.5400390625,3.0,2.1879021589020624,2048,1216,1077,139,1106,0.59375,0.8856907894736842,0.52587890625,0.9737793851717902,0.5400390625,3.0,1.3187469182341771,1.4142135623730951,True,1009,0.8297697368421053,1.502839421122597,28.478619999077637,1.2173528306037393,nan,2048,2048,2097152,256,float32,1024,nan,2048,2048,2097152,nan,nan,nan,nan,14.134619997639675,0.07691123169588426,nan,nan,nan,nan,13.67822000029264,0.2156178385429048,superpoint_lightglue,superpoint,superpoint,lightglue,nan
hpatches,i_salon,illumination,i_salon_1_to_5,1,5,D:\桌面\IACV\Assigment1\data\hpatches\i_salon\1.ppm,D:\桌面\IACV\Assigment1\data\hpatches\i_salon\5.ppm,1513,2048,1415,0.69091796875,3.0,0.7532046050353818,2048,1513,1370,143,1415,0.73876953125,0.9054857898215466,0.6689453125,0.9681978798586572,0.69091796875,3.0,1.0180275704459252,1.0,True,1362,0.900198281559815,1.1065048699152453,19.59989999886602,0.18037145942911947,nan,2048,2048,2097152,256,float32,1024,nan,2048,2048,2097152,nan,nan,nan,nan,14.134619997639675,0.07691123169588426,nan,nan,nan,nan,13.700259999313857,0.1833596735166653,superpoint_lightglue,superpoint,superpoint,lightglue,nan
hpatches,i_salon,illumination,i_salon_1_to_6,1,6,D:\桌面\IACV\Assigment1\data\hpatches\i_salon\1.ppm,D:\桌面\IACV\Assigment1\data\hpatches\i_salon\6.ppm,1311,2048,1195,0.58349609375,3.0,0.9351317152997023,2048,1311,1152,159,1195,0.64013671875,0.8787185354691075,0.5625,0.9640167364016736,0.58349609375,3.0,1.2191064794520077,1.0,True,1136,0.8665141113653699,1.2935583958202848,23.633060000429396,0.2385310422297822,nan,2048,2048,2097152,256,float32,1024,nan,2048,2048,2097152,nan,nan,nan,nan,14.134619997639675,0.07691123169588426,nan,nan,nan,nan,13.78032000066014,0.22182370045951436,superpoint_lightglue,superpoint,superpoint,lightglue,nan
hpatches,i_santuario,illumination,i_santuario_1_to_2,1,2,D:\桌面\IACV\Assigment1\data\hpatches\i_santuario\1.ppm,D:\桌面\IACV\Assigment1\data\hpatches\i_santuario\2.ppm,1233,2048,887,0.43310546875,3.0,2.5233286711422593,2048,1233,805,428,887,0.60205078125,0.6528791565287916,0.39306640625,0.9075535512965051,0.43310546875,3.0,1.9834860735831121,2.0,True,1036,0.8402270884022709,1.389317259325444,23.992900000303052,0.37304684911734876,nan,2048,2048,2097152,256,float32,1024,nan,2048,2048,2097152,nan,nan,nan,nan,16.09063999931095,0.19155588818738045,nan,nan,nan,nan,16.10756000300171,0.1370247230130017,superpoint_lightglue,superpoint,superpoint,lightglue,nan
hpatches,i_santuario,illumination,i_santuario_1_to_3,1,3,D:\桌面\IACV\Assigment1\data\hpatches\i_santuario\1.ppm,D:\桌面\IACV\Assigment1\data\hpatches\i_santuario\3.ppm,1229,2048,783,0.38232421875,3.0,2.761022619204518,2048,1229,692,537,783,0.60009765625,0.5630593978844589,0.337890625,0.8837803320561941,0.38232421875,3.0,2.15574224056308,2.23606797749979,True,1030,0.8380797396257119,1.36125214111892,24.065220000920817,0.6828142301144998,nan,2048,2048,2097152,256,float32,1024,nan,2048,2048,2097152,nan,nan,nan,nan,16.09063999931095,0.19155588818738045,nan,nan,nan,nan,16.296640000655316,0.1387628730322101,superpoint_lightglue,superpoint,superpoint,lightglue,nan
hpatches,i_santuario,illumination,i_santuario_1_to_4,1,4,D:\桌面\IACV\Assigment1\data\hpatches\i_santuario\1.ppm,D:\桌面\IACV\Assigment1\data\hpatches\i_santuario\4.ppm,1141,2048,585,0.28564453125,3.0,4.640698548133425,2048,1141,478,663,585,0.55712890625,0.4189307624890447,0.2333984375,0.8170940170940171,0.28564453125,3.0,2.1158624281509457,2.23606797749979,True,802,0.7028921998247152,1.4775805321817443,23.282440002367366,0.11870672347692575,nan,2048,2048,2097152,256,float32,1024,nan,2048,2048,2097152,nan,nan,nan,nan,16.09063999931095,0.19155588818738045,nan,nan,nan,nan,16.220720001729205,0.39577530052341003,superpoint_lightglue,superpoint,superpoint,lightglue,nan
hpatches,i_santuario,illumination,i_santuario_1_to_5,1,5,D:\桌面\IACV\Assigment1\data\hpatches\i_santuario\1.ppm,D:\桌面\IACV\Assigment1\data\hpatches\i_santuario\5.ppm,1252,2048,1093,0.53369140625,3.0,1.264204460398477,2048,1252,1067,185,1093,0.611328125,0.8522364217252396,0.52099609375,0.9762122598353157,0.53369140625,3.0,1.2671191740364955,1.0,True,1055,0.8426517571884984,1.321551660078779,23.510299998451956,0.3210678123095565,nan,2048,2048,2097152,256,float32,1024,nan,2048,2048,2097152,nan,nan,nan,nan,16.09063999931095,0.19155588818738045,nan,nan,nan,nan,15.975940000498667,0.12170825086418018,superpoint_lightglue,superpoint,superpoint,lightglue,nan
hpatches,i_santuario,illumination,i_santuario_1_to_6,1,6,D:\桌面\IACV\Assigment1\data\hpatches\i_santuario\1.ppm,D:\桌面\IACV\Assigment1\data\hpatches\i_santuario\6.ppm,1078,2048,861,0.42041015625,3.0,1.1985213300300024,2048,1078,814,264,861,0.5263671875,0.7551020408163265,0.3974609375,0.9454123112659698,0.42041015625,3.0,1.6757421418595748,2.0,True,862,0.7996289424860853,1.3854146558395406,29.90311999892583,0.05523033289282041,nan,2048,2048,2097152,256,float32,1024,nan,2048,2048,2097152,nan,nan,nan,nan,16.09063999931095,0.19155588818738045,nan,nan,nan,nan,16.017599999031518,0.1773908334859296,superpoint_lightglue,superpoint,superpoint,lightglue,nan
hpatches,i_school,illumination,i_school_1_to_2,1,2,D:\桌面\IACV\Assigment1\data\hpatches\i_school\1.ppm,D:\桌面\IACV\Assigment1\data\hpatches\i_school\2.ppm,488,623,453,0.7271268057784912,3.0,0.5674119419760599,623,488,440,48,453,0.78330658105939,0.9016393442622951,0.7062600321027287,0.9713024282560706,0.7271268057784912,3.0,1.1177611817202722,1.0,True,434,0.889344262295082,1.1299930269198897,12.182040001789574,2.0926214559610568,nan,623,623,637952,256,float32,1024,nan,967,967,990208,nan,nan,nan,nan,9.227539999119472,0.4281541038479508,nan,nan,nan,nan,9.126780001679435,0.15495549549911083,superpoint_lightglue,superpoint,superpoint,lightglue,nan
hpatches,i_school,illumination,i_school_1_to_3,1,3,D:\桌面\IACV\Assigment1\data\hpatches\i_school\1.ppm,D:\桌面\IACV\Assigment1\data\hpatches\i_school\3.ppm,495,623,460,0.7383627608346709,3.0,0.40857490822126513,623,495,439,56,460,0.7945425361155698,0.8868686868686869,0.7046548956661316,0.9543478260869566,0.7383627608346709,3.0,1.0446829477243318,1.0,True,434,0.8767676767676768,1.074361151956744,15.068839999730699,3.67005448697117,nan,623,623,637952,256,float32,1024,nan,1004,1004,1028096,nan,nan,nan,nan,9.227539999119472,0.4281541038479508,nan,nan,nan,nan,9.623400002601556,1.5304718973787756,superpoint_lightglue,superpoint,superpoint,lightglue,nan
hpatches,i_school,illumination,i_school_1_to_4,1,4,D:\桌面\IACV\Assigment1\data\hpatches\i_school\1.ppm,D:\桌面\IACV\Assigment1\data\hpatches\i_school\4.ppm,401,623,367,0.5890850722311396,3.0,1.2110063816313335,623,401,344,57,367,0.6436597110754414,0.85785536159601,0.5521669341894061,0.9373297002724795,0.5890850722311396,3.0,1.3819023708025253,1.4142135623730951,True,355,0.885286783042394,1.2827718713701421,12.713339999027085,1.1314673135426143,nan,623,623,637952,256,float32,1024,nan,1014,1014,1038336,nan,nan,nan,nan,9.227539999119472,0.4281541038479508,nan,nan,nan,nan,9.067139998660423,0.11525291635385634,superpoint_lightglue,superpoint,superpoint,lightglue,nan
hpatches,i_school,illumination,i_school_1_to_5,1,5,D:\桌面\IACV\Assigment1\data\hpatches\i_school\1.ppm,D:\桌面\IACV\Assigment1\data\hpatches\i_school\5.ppm,449,623,406,0.651685393258427,3.0,1.385513739057378,623,449,384,65,406,0.7207062600321027,0.8552338530066815,0.6163723916532905,0.9458128078817734,0.651685393258427,3.0,1.333488945173606,1.4142135623730951,True,376,0.8374164810690423,1.2329102359995563,9.972679997736122,0.35450099224784987,nan,623,623,637952,256,float32,1024,nan,947,947,969728,nan,nan,nan,nan,9.227539999119472,0.4281541038479508,nan,nan,nan,nan,9.328939999977592,0.2844201783767926,superpoint_lightglue,superpoint,superpoint,lightglue,nan
hpatches,i_school,illumination,i_school_1_to_6,1,6,D:\桌面\IACV\Assigment1\data\hpatches\i_school\1.ppm,D:\桌面\IACV\Assigment1\data\hpatches\i_school\6.ppm,351,623,310,0.49759229534510435,3.0,1.8247350673227243,623,351,280,71,310,0.5634028892455859,0.7977207977207977,0.449438202247191,0.9032258064516129,0.49759229534510435,3.0,1.7031676788480785,2.0,True,310,0.8831908831908832,1.2833567242669202,14.204139998764731,0.15263825847407536,nan,623,623,637952,256,float32,1024,nan,1076,1076,1101824,nan,nan,nan,nan,9.227539999119472,0.4281541038479508,nan,nan,nan,nan,8.812820000457577,0.1521747597806112,superpoint_lightglue,superpoint,superpoint,lightglue,nan
hpatches,i_ski,illumination,i_ski_1_to_2,1,2,D:\桌面\IACV\Assigment1\data\hpatches\i_ski\1.ppm,D:\桌面\IACV\Assigment1\data\hpatches\i_ski\2.ppm,1049,1507,1022,0.6781685467816855,3.0,0.5241289381700968,1507,1049,984,65,1022,0.6960849369608494,0.9380362249761678,0.6529528865295289,0.9628180039138943,0.6781685467816855,3.0,1.0963371975489336,1.0,True,981,0.9351763584366063,1.1351880469111786,15.235379998921417,0.53053302530451,nan,1507,1507,1543168,256,float32,1024,nan,1484,1484,1519616,nan,nan,nan,nan,9.523899998748675,1.3345831234834575,nan,nan,nan,nan,9.168819995829836,0.11399944542284794,superpoint_lightglue,superpoint,superpoint,lightglue,nan
hpatches,i_ski,illumination,i_ski_1_to_3,1,3,D:\桌面\IACV\Assigment1\data\hpatches\i_ski\1.ppm,D:\桌面\IACV\Assigment1\data\hpatches\i_ski\3.ppm,963,1507,911,0.6045122760451228,3.0,2.0076469552456944,1507,963,859,104,911,0.6390179163901791,0.8920041536863966,0.5700066357000664,0.9429198682766191,0.6045122760451228,3.0,1.2554428445756558,1.0,True,859,0.8920041536863966,1.367846731525547,14.71328000043286,0.26807774415878655,nan,1507,1507,1543168,256,float32,1024,nan,1491,1491,1526784,nan,nan,nan,nan,9.523899998748675,1.3345831234834575,nan,nan,nan,nan,9.47858000145061,0.07086653466272988,superpoint_lightglue,superpoint,superpoint,lightglue,nan
hpatches,i_ski,illumination,i_ski_1_to_4,1,4,D:\桌面\IACV\Assigment1\data\hpatches\i_ski\1.ppm,D:\桌面\IACV\Assigment1\data\hpatches\i_ski\4.ppm,891,1507,882,0.5852687458526875,3.0,1.1965004380319169,1507,891,819,72,882,0.5912408759124088,0.9191919191919192,0.5434638354346384,0.9285714285714286,0.5852687458526875,3.0,1.3203620734943762,1.4142135623730951,True,837,0.9393939393939394,1.3369434904894095,18.16720000060741,0.6251188625041839,nan,1507,1507,1543168,256,float32,1024,nan,1484,1484,1519616,nan,nan,nan,nan,9.523899998748675,1.3345831234834575,nan,nan,nan,nan,9.098540002014488,0.14744011137196067,superpoint_lightglue,superpoint,superpoint,lightglue,nan
hpatches,i_ski,illumination,i_ski_1_to_5,1,5,D:\桌面\IACV\Assigment1\data\hpatches\i_ski\1.ppm,D:\桌面\IACV\Assigment1\data\hpatches\i_ski\5.ppm,827,1507,845,0.5607166556071665,3.0,0.9001304204553155,1507,827,777,50,845,0.5487723954877239,0.939540507859734,0.5155938951559389,0.919526627218935,0.5607166556071665,3.0,1.3280437899919004,1.4142135623730951,True,788,0.9528415961305925,1.315970398010063,25.76666000095429,1.0451273302940294,nan,1507,1507,1543168,256,float32,1024,nan,1538,1538,1574912,nan,nan,nan,nan,9.523899998748675,1.3345831234834575,nan,nan,nan,nan,9.678059999714606,1.4139082012080768,superpoint_lightglue,superpoint,superpoint,lightglue,nan
hpatches,i_ski,illumination,i_ski_1_to_6,1,6,D:\桌面\IACV\Assigment1\data\hpatches\i_ski\1.ppm,D:\桌面\IACV\Assigment1\data\hpatches\i_ski\6.ppm,780,1507,809,0.5368281353682813,3.0,1.8534230690124107,1507,780,737,43,809,0.517584605175846,0.9448717948717948,0.48905109489051096,0.9110012360939431,0.5368281353682813,3.0,1.3517202727959388,1.4142135623730951,True,735,0.9423076923076923,1.4257958983842907,24.356440002156887,0.8760224511170738,nan,1507,1507,1543168,256,float32,1024,nan,1469,1469,1504256,nan,nan,nan,nan,9.523899998748675,1.3345831234834575,nan,nan,nan,nan,8.909500000299886,0.16085903271539526,superpoint_lightglue,superpoint,superpoint,lightglue,nan
hpatches,i_smurf,illumination,i_smurf_1_to_2,1,2,D:\桌面\IACV\Assigment1\data\hpatches\i_smurf\1.ppm,D:\桌面\IACV\Assigment1\data\hpatches\i_smurf\2.ppm,1094,1666,1052,0.631452581032413,3.0,0.5829956915144335,1666,1094,1011,83,1052,0.6566626650660264,0.9241316270566727,0.6068427370948379,0.9610266159695817,0.631452581032413,3.0,1.103442823671331,1.0,True,999,0.9131627056672761,1.1464170708538783,20.73845999984769,0.4474250112684294,nan,1666,1666,1705984,256,float32,1024,nan,1777,1777,1819648,nan,nan,nan,nan,13.696119999804068,0.07681467157065623,nan,nan,nan,nan,13.780339999357238,0.309080510109377,superpoint_lightglue,superpoint,superpoint,lightglue,nan
hpatches,i_smurf,illumination,i_smurf_1_to_3,1,3,D:\桌面\IACV\Assigment1\data\hpatches\i_smurf\1.ppm,D:\桌面\IACV\Assigment1\data\hpatches\i_smurf\3.ppm,1078,1666,1032,0.6194477791116446,3.0,0.897886625304549,1666,1078,966,112,1032,0.6470588235294118,0.8961038961038961,0.5798319327731093,0.936046511627907,0.6194477791116446,3.0,1.086703616877375,1.0,True,960,0.8905380333951762,1.2166423697290072,20.353320000867825,0.137933134325701,nan,1666,1666,1705984,256,float32,1024,nan,1741,1741,1782784,nan,nan,nan,nan,13.696119999804068,0.07681467157065623,nan,nan,nan,nan,13.595679998979904,0.18778014080709846,superpoint_lightglue,superpoint,superpoint,lightglue,nan
hpatches,i_smurf,illumination,i_smurf_1_to_4,1,4,D:\桌面\IACV\Assigment1\data\hpatches\i_smurf\1.ppm,D:\桌面\IACV\Assigment1\data\hpatches\i_smurf\4.ppm,1031,1666,969,0.5816326530612245,3.0,0.6636012475655877,1666,1031,889,142,969,0.6188475390156063,0.8622696411251213,0.5336134453781513,0.9174406604747162,0.5816326530612245,3.0,1.084574973463015,1.0,True,888,0.8612997090203686,1.1854908104785127,19.93627999909222,0.05430651526797706,nan,1666,1666,1705984,256,float32,1024,nan,1727,1727,1768448,nan,nan,nan,nan,13.696119999804068,0.07681467157065623,nan,nan,nan,nan,14.026440000452567,0.3204873203138571,superpoint_lightglue,superpoint,superpoint,lightglue,nan
hpatches,i_smurf,illumination,i_smurf_1_to_5,1,5,D:\桌面\IACV\Assigment1\data\hpatches\i_smurf\1.ppm,D:\桌面\IACV\Assigment1\data\hpatches\i_smurf\5.ppm,1003,1666,959,0.5756302521008403,3.0,0.5654404582886211,1666,1003,884,119,959,0.6020408163265306,0.8813559322033898,0.5306122448979592,0.921793534932221,0.5756302521008403,3.0,1.1539045118716162,1.0,True,871,0.86839481555334,1.1826619621739802,20.390639996912796,0.4844584699840507,nan,1666,1666,1705984,256,float32,1024,nan,1740,1740,1781760,nan,nan,nan,nan,13.696119999804068,0.07681467157065623,nan,nan,nan,nan,14.04684000153793,0.4604786620914692,superpoint_lightglue,superpoint,superpoint,lightglue,nan
hpatches,i_smurf,illumination,i_smurf_1_to_6,1,6,D:\桌面\IACV\Assigment1\data\hpatches\i_smurf\1.ppm,D:\桌面\IACV\Assigment1\data\hpatches\i_smurf\6.ppm,890,1666,872,0.5234093637454982,3.0,0.24756536235340165,1666,890,813,77,872,0.5342136854741897,0.9134831460674158,0.4879951980792317,0.9323394495412844,0.5234093637454982,3.0,1.1192521962380564,1.0,True,808,0.9078651685393259,1.1748507835822204,29.018299999006558,1.96021914173529,nan,1666,1666,1705984,256,float32,1024,nan,1772,1772,1814528,nan,nan,nan,nan,13.696119999804068,0.07681467157065623,nan,nan,nan,nan,13.752420000673737,0.16337653687439677,superpoint_lightglue,superpoint,superpoint,lightglue,nan
hpatches,i_steps,illumination,i_steps_1_to_2,1,2,D:\桌面\IACV\Assigment1\data\hpatches\i_steps\1.ppm,D:\桌面\IACV\Assigment1\data\hpatches\i_steps\2.ppm,1418,2048,1317,0.64306640625,3.0,1.025655568800878,2048,1418,1274,144,1317,0.6923828125,0.8984485190409027,0.6220703125,0.9673500379650721,0.64306640625,3.0,1.0629594158823024,1.0,True,1280,0.9026798307475318,1.0403785560819951,15.327099998830818,0.6879719498247011,nan,2048,2048,2097152,256,float32,1024,nan,2048,2048,2097152,nan,nan,nan,nan,17.855200001213234,0.09384466127440783,nan,nan,nan,nan,17.712700000265613,0.30072394716988976,superpoint_lightglue,superpoint,superpoint,lightglue,nan
hpatches,i_steps,illumination,i_steps_1_to_3,1,3,D:\桌面\IACV\Assigment1\data\hpatches\i_steps\1.ppm,D:\桌面\IACV\Assigment1\data\hpatches\i_steps\3.ppm,1412,2048,1340,0.654296875,3.0,0.8452659298447928,2048,1412,1291,121,1340,0.689453125,0.9143059490084986,0.63037109375,0.9634328358208956,0.654296875,3.0,1.223391013782342,1.0,True,1302,0.9220963172804533,1.063835098369008,19.349900001543574,0.28480976977130973,nan,2048,2048,2097152,256,float32,1024,nan,2048,2048,2097152,nan,nan,nan,nan,17.855200001213234,0.09384466127440783,nan,nan,nan,nan,18.4103400024469,0.37989938581914123,superpoint_lightglue,superpoint,superpoint,lightglue,nan
hpatches,i_steps,illumination,i_steps_1_to_4,1,4,D:\桌面\IACV\Assigment1\data\hpatches\i_steps\1.ppm,D:\桌面\IACV\Assigment1\data\hpatches\i_steps\4.ppm,1452,2048,1379,0.67333984375,3.0,1.0172733109330947,2048,1452,1349,103,1379,0.708984375,0.9290633608815427,0.65869140625,0.9782451051486585,0.67333984375,3.0,1.2232539181016102,1.0,True,1375,0.946969696969697,1.0232662030472632,19.097220001276582,0.14669709382736532,nan,2048,2048,2097152,256,float32,1024,nan,2048,2048,2097152,nan,nan,nan,nan,17.855200001213234,0.09384466127440783,nan,nan,nan,nan,17.75346000067657,0.2048722027005169,superpoint_lightglue,superpoint,superpoint,lightglue,nan
hpatches,i_steps,illumination,i_steps_1_to_5,1,5,D:\桌面\IACV\Assigment1\data\hpatches\i_steps\1.ppm,D:\桌面\IACV\Assigment1\data\hpatches\i_steps\5.ppm,1239,2048,1135,0.55419921875,3.0,1.4265754423301744,2048,1239,1096,143,1135,0.60498046875,0.8845843422114609,0.53515625,0.9656387665198238,0.55419921875,3.0,1.3707200795208991,1.4142135623730951,True,1116,0.9007263922518159,1.1758025136099026,22.521140000026207,0.2035565453012159,nan,2048,2048,2097152,256,float32,1024,nan,2048,2048,2097152,nan,nan,nan,nan,17.855200001213234,0.09384466127440783,nan,nan,nan,nan,17.792580000241287,0.2517169688114556,superpoint_lightglue,superpoint,superpoint,lightglue,nan
hpatches,i_steps,illumination,i_steps_1_to_6,1,6,D:\桌面\IACV\Assigment1\data\hpatches\i_steps\1.ppm,D:\桌面\IACV\Assigment1\data\hpatches\i_steps\6.ppm,1402,2048,1291,0.63037109375,3.0,1.2335845818496092,2048,1402,1268,134,1291,0.6845703125,0.9044222539229672,0.619140625,0.9821843532145623,0.63037109375,3.0,1.3827796240520989,1.4142135623730951,True,1293,0.9222539229671898,1.1369121640964956,19.203940000443254,0.40725534374643824,nan,2048,2048,2097152,256,float32,1024,nan,2048,2048,2097152,nan,nan,nan,nan,17.855200001213234,0.09384466127440783,nan,nan,nan,nan,17.70377999782795,0.06804058747288058,superpoint_lightglue,superpoint,superpoint,lightglue,nan
hpatches,i_table,illumination,i_table_1_to_2,1,2,D:\桌面\IACV\Assigment1\data\hpatches\i_table\1.ppm,D:\桌面\IACV\Assigment1\data\hpatches\i_table\2.ppm,1311,2048,1149,0.56103515625,3.0,1.1293740446411684,2048,1311,1139,172,1149,0.64013671875,0.8688024408848207,0.55615234375,0.9912967798085291,0.56103515625,3.0,1.653038665118037,1.4142135623730951,True,1185,0.9038901601830663,1.0266903602141284,23.100860000704415,0.20032679052038493,nan,2048,2048,2097152,256,float32,1024,nan,2048,2048,2097152,nan,nan,nan,nan,27.12484000076074,0.22768060427839995,nan,nan,nan,nan,26.924400001007598,0.12605182994973532,superpoint_lightglue,superpoint,superpoint,lightglue,nan
hpatches,i_table,illumination,i_table_1_to_3,1,3,D:\桌面\IACV\Assigment1\data\hpatches\i_table\1.ppm,D:\桌面\IACV\Assigment1\data\hpatches\i_table\3.ppm,1272,2048,1096,0.53515625,3.0,1.2344301075775912,2048,1272,1089,183,1096,0.62109375,0.8561320754716981,0.53173828125,0.9936131386861314,0.53515625,3.0,1.5917622488476397,1.4142135623730951,True,1151,0.904874213836478,1.110883593617897,23.887260000628885,0.5378090746448608,nan,2048,2048,2097152,256,float32,1024,nan,2048,2048,2097152,nan,nan,nan,nan,27.12484000076074,0.22768060427839995,nan,nan,nan,nan,27.36888000072213,0.31088728037597574,superpoint_lightglue,superpoint,superpoint,lightglue,nan
hpatches,i_table,illumination,i_table_1_to_4,1,4,D:\桌面\IACV\Assigment1\data\hpatches\i_table\1.ppm,D:\桌面\IACV\Assigment1\data\hpatches\i_table\4.ppm,1195,2048,985,0.48095703125,3.0,1.5057918737823843,2048,1195,968,227,985,0.58349609375,0.8100418410041841,0.47265625,0.9827411167512691,0.48095703125,3.0,1.6373949313209044,1.4142135623730951,True,1007,0.8426778242677824,1.1764219292068694,23.45540000096662,0.12993150520554012,nan,2048,2048,2097152,256,float32,1024,nan,2048,2048,2097152,nan,nan,nan,nan,27.12484000076074,0.22768060427839995,nan,nan,nan,nan,27.25716000131797,0.6512878874578909,superpoint_lightglue,superpoint,superpoint,lightglue,nan
hpatches,i_table,illumination,i_table_1_to_5,1,5,D:\桌面\IACV\Assigment1\data\hpatches\i_table\1.ppm,D:\桌面\IACV\Assigment1\data\hpatches\i_table\5.ppm,1176,2048,978,0.4775390625,3.0,1.3817950214257564,2048,1176,958,218,978,0.57421875,0.814625850340136,0.4677734375,0.9795501022494888,0.4775390625,3.0,1.5821217759875816,1.4142135623730951,True,1008,0.8571428571428571,1.1278943000248336,23.53480000019772,0.1733831240041826,nan,2048,2048,2097152,256,float32,1024,nan,2048,2048,2097152,nan,nan,nan,nan,27.12484000076074,0.22768060427839995,nan,nan,nan,nan,27.015820000087842,0.1764266125723511,superpoint_lightglue,superpoint,superpoint,lightglue,nan
hpatches,i_table,illumination,i_table_1_to_6,1,6,D:\桌面\IACV\Assigment1\data\hpatches\i_table\1.ppm,D:\桌面\IACV\Assigment1\data\hpatches\i_table\6.ppm,1531,2048,1413,0.68994140625,3.0,0.6519002140824751,2048,1531,1402,129,1413,0.74755859375,0.9157413455258001,0.6845703125,0.9922151450813871,0.68994140625,3.0,0.9151209389346326,1.0,True,1399,0.9137818419333769,0.8852200571221179,19.08843999990495,0.29261444144315374,nan,2048,2048,2097152,256,float32,1024,nan,2048,2048,2097152,nan,nan,nan,nan,27.12484000076074,0.22768060427839995,nan,nan,nan,nan,27.014439999766182,0.1876701438260287,superpoint_lightglue,superpoint,superpoint,lightglue,nan
hpatches,i_tools,illumination,i_tools_1_to_2,1,2,D:\桌面\IACV\Assigment1\data\hpatches\i_tools\1.ppm,D:\桌面\IACV\Assigment1\data\hpatches\i_tools\2.ppm,735,2048,411,0.20068359375,3.0,2.5421151465659673,2048,735,348,387,411,0.35888671875,0.47346938775510206,0.169921875,0.8467153284671532,0.20068359375,3.0,2.042792095290274,2.23606797749979,True,492,0.6693877551020408,1.468637970101164,29.715919998125173,0.7241831399470016,nan,2048,2048,2097152,256,float32,1024,nan,2048,2048,2097152,nan,nan,nan,nan,27.148939998005517,0.2643403609890114,nan,nan,nan,nan,27.029819999006577,0.1962757905353531,superpoint_lightglue,superpoint,superpoint,lightglue,nan
hpatches,i_tools,illumination,i_tools_1_to_3,1,3,D:\桌面\IACV\Assigment1\data\hpatches\i_tools\1.ppm,D:\桌面\IACV\Assigment1\data\hpatches\i_tools\3.ppm,764,2048,432,0.2109375,3.0,3.7827269650224142,2048,764,355,409,432,0.373046875,0.46465968586387435,0.17333984375,0.8217592592592593,0.2109375,3.0,2.0655329621641507,2.23606797749979,True,493,0.6452879581151832,1.4194149925892112,28.536859998712316,0.535208322710592,nan,2048,2048,2097152,256,float32,1024,nan,2048,2048,2097152,nan,nan,nan,nan,27.148939998005517,0.2643403609890114,nan,nan,nan,nan,27.143580000847578,0.27713517760720835,superpoint_lightglue,superpoint,superpoint,lightglue,nan
hpatches,i_tools,illumination,i_tools_1_to_4,1,4,D:\桌面\IACV\Assigment1\data\hpatches\i_tools\1.ppm,D:\桌面\IACV\Assigment1\data\hpatches\i_tools\4.ppm,737,2048,317,0.15478515625,3.0,3.5990681497110346,2048,737,219,518,317,0.35986328125,0.2971506105834464,0.10693359375,0.6908517350157729,0.15478515625,3.0,2.1103251694998737,2.23606797749979,True,434,0.5888738127544098,1.5223908783826428,30.15919999743346,0.5140568486180266,nan,2048,2048,2097152,256,float32,1024,nan,2048,2048,2097152,nan,nan,nan,nan,27.148939998005517,0.2643403609890114,nan,nan,nan,nan,27.169819998380262,0.40361154173295904,superpoint_lightglue,superpoint,superpoint,lightglue,nan
hpatches,i_tools,illumination,i_tools_1_to_5,1,5,D:\桌面\IACV\Assigment1\data\hpatches\i_tools\1.ppm,D:\桌面\IACV\Assigment1\data\hpatches\i_tools\5.ppm,858,2048,463,0.22607421875,3.0,3.421106777084561,2048,858,357,501,463,0.4189453125,0.4160839160839161,0.17431640625,0.7710583153347732,0.22607421875,3.0,2.2302627876407537,2.23606797749979,True,675,0.7867132867132867,1.3015989926309863,23.240079999959562,0.37704961636855067,nan,2048,2048,2097152,256,float32,1024,nan,2048,2048,2097152,nan,nan,nan,nan,27.148939998005517,0.2643403609890114,nan,nan,nan,nan,26.933339999231976,0.14955732888836837,superpoint_lightglue,superpoint,superpoint,lightglue,nan
hpatches,i_tools,illumination,i_tools_1_to_6,1,6,D:\桌面\IACV\Assigment1\data\hpatches\i_tools\1.ppm,D:\桌面\IACV\Assigment1\data\hpatches\i_tools\6.ppm,761,2048,262,0.1279296875,3.0,7.2123624389515495,2048,761,62,699,262,0.37158203125,0.08147174770039421,0.0302734375,0.2366412213740458,0.1279296875,3.0,1.960288278216967,2.118033988749895,True,331,0.43495400788436267,1.6168968879410495,33.1069399981061,4.773434378598335,nan,2048,2048,2097152,256,float32,1024,nan,2048,2048,2097152,nan,nan,nan,nan,27.148939998005517,0.2643403609890114,nan,nan,nan,nan,27.28470000147354,0.22591954175888648,superpoint_lightglue,superpoint,superpoint,lightglue,nan
hpatches,i_toy,illumination,i_toy_1_to_2,1,2,D:\桌面\IACV\Assigment1\data\hpatches\i_toy\1.ppm,D:\桌面\IACV\Assigment1\data\hpatches\i_toy\2.ppm,475,787,399,0.5069885641677255,3.0,2.579221625866893,787,475,379,96,399,0.6035578144853876,0.7978947368421052,0.4815756035578145,0.949874686716792,0.5069885641677255,3.0,1.1688207560306043,1.0,True,335,0.7052631578947368,1.397116043904121,9.387099999003112,0.019065673252694277,nan,787,787,805888,256,float32,1024,nan,711,711,728064,nan,nan,nan,nan,8.555839999462478,0.9196611196017361,nan,nan,nan,nan,8.050500000535976,0.05442499343726445,superpoint_lightglue,superpoint,superpoint,lightglue,nan
hpatches,i_toy,illumination,i_toy_1_to_3,1,3,D:\桌面\IACV\Assigment1\data\hpatches\i_toy\1.ppm,D:\桌面\IACV\Assigment1\data\hpatches\i_toy\3.ppm,396,787,355,0.45108005082592123,3.0,1.4049489179939612,787,396,325,71,355,0.5031766200762389,0.8207070707070707,0.41296060991105465,0.9154929577464789,0.45108005082592123,3.0,1.269846237791034,1.0,True,308,0.7777777777777778,1.3424121730483045,17.527700000209734,0.9024759224192676,nan,787,787,805888,256,float32,1024,nan,741,741,758784,nan,nan,nan,nan,8.555839999462478,0.9196611196017361,nan,nan,nan,nan,8.307400000921916,0.34970005830846845,superpoint_lightglue,superpoint,superpoint,lightglue,nan
hpatches,i_toy,illumination,i_toy_1_to_4,1,4,D:\桌面\IACV\Assigment1\data\hpatches\i_toy\1.ppm,D:\桌面\IACV\Assigment1\data\hpatches\i_toy\4.ppm,346,787,316,0.40152477763659467,3.0,2.052248346806065,787,346,282,64,316,0.43964421855146124,0.815028901734104,0.3583227445997459,0.8924050632911392,0.40152477763659467,3.0,1.4033814583961652,1.4142135623730951,True,256,0.7398843930635838,1.4847997921434706,15.768600000592414,0.6898973041813005,nan,787,787,805888,256,float32,1024,nan,779,779,797696,nan,nan,nan,nan,8.555839999462478,0.9196611196017361,nan,nan,nan,nan,8.606040000449866,1.3127740104256833,superpoint_lightglue,superpoint,superpoint,lightglue,nan
hpatches,i_toy,illumination,i_toy_1_to_5,1,5,D:\桌面\IACV\Assigment1\data\hpatches\i_toy\1.ppm,D:\桌面\IACV\Assigment1\data\hpatches\i_toy\5.ppm,314,787,258,0.3278271918678526,3.0,1.0302729195548717,787,314,223,91,258,0.39898348157560354,0.7101910828025477,0.2833545108005083,0.8643410852713178,0.3278271918678526,3.0,1.4603515548060244,1.4142135623730951,True,219,0.697452229299363,1.4389377532922123,19.254699999873992,2.5178293616137233,nan,787,787,805888,256,float32,1024,nan,733,733,750592,nan,nan,nan,nan,8.555839999462478,0.9196611196017361,nan,nan,nan,nan,8.209759998135269,0.2920249253963975,superpoint_lightglue,superpoint,superpoint,lightglue,nan
hpatches,i_toy,illumination,i_toy_1_to_6,1,6,D:\桌面\IACV\Assigment1\data\hpatches\i_toy\1.ppm,D:\桌面\IACV\Assigment1\data\hpatches\i_toy\6.ppm,273,787,208,0.26429479034307496,3.0,2.7380980481201442,787,273,155,118,208,0.3468869123252859,0.5677655677655677,0.19695044472681067,0.7451923076923077,0.26429479034307496,3.0,1.6694890645946086,2.0,True,140,0.5128205128205128,1.6732583067319455,17.746020000777207,0.45947261229499375,nan,787,787,805888,256,float32,1024,nan,767,767,785408,nan,nan,nan,nan,8.555839999462478,0.9196611196017361,nan,nan,nan,nan,8.110120000492316,0.21363514228144936,superpoint_lightglue,superpoint,superpoint,lightglue,nan
hpatches,i_troulos,illumination,i_troulos_1_to_2,1,2,D:\桌面\IACV\Assigment1\data\hpatches\i_troulos\1.ppm,D:\桌面\IACV\Assigment1\data\hpatches\i_troulos\2.ppm,434,1475,522,0.3538983050847458,3.0,1.1762810432070978,1475,434,372,62,522,0.29423728813559324,0.8571428571428571,0.2522033898305085,0.7126436781609196,0.3538983050847458,3.0,1.3103928860408922,1.0,True,372,0.8571428571428571,1.3073862571343469,20.725879998644814,0.24432577656846619,nan,1475,1475,1510400,256,float32,1024,nan,1469,1469,1504256,nan,nan,nan,nan,9.549380000680685,0.26341531145896163,nan,nan,nan,nan,9.68173999863211,0.18655362501536613,superpoint_lightglue,superpoint,superpoint,lightglue,nan
hpatches,i_troulos,illumination,i_troulos_1_to_3,1,3,D:\桌面\IACV\Assigment1\data\hpatches\i_troulos\1.ppm,D:\桌面\IACV\Assigment1\data\hpatches\i_troulos\3.ppm,477,1475,414,0.28067796610169493,3.0,3.6632072841301526,1475,477,135,342,414,0.3233898305084746,0.2830188679245283,0.09152542372881356,0.32608695652173914,0.28067796610169493,3.0,2.1540921227134286,2.23606797749979,True,345,0.7232704402515723,1.5221975175312075,26.038939999125432,0.2897742953829857,nan,1475,1475,1510400,256,float32,1024,nan,1764,1764,1806336,nan,nan,nan,nan,9.549380000680685,0.26341531145896163,nan,nan,nan,nan,9.455040001193993,0.13040180529295667,superpoint_lightglue,superpoint,superpoint,lightglue,nan
hpatches,i_troulos,illumination,i_troulos_1_to_4,1,4,D:\桌面\IACV\Assigment1\data\hpatches\i_troulos\1.ppm,D:\桌面\IACV\Assigment1\data\hpatches\i_troulos\4.ppm,480,1475,643,0.4359322033898305,3.0,0.549278496619241,1475,480,434,46,643,0.3254237288135593,0.9041666666666667,0.29423728813559324,0.6749611197511665,0.4359322033898305,3.0,1.1514157025196576,1.0,True,428,0.8916666666666667,1.1601747763216677,15.76541999966139,0.5051346557642716,nan,1475,1475,1510400,256,float32,1024,nan,1665,1665,1704960,nan,nan,nan,nan,9.549380000680685,0.26341531145896163,nan,nan,nan,nan,9.678859999985434,0.33228603749541,superpoint_lightglue,superpoint,superpoint,lightglue,nan
hpatches,i_troulos,illumination,i_troulos_1_to_5,1,5,D:\桌面\IACV\Assigment1\data\hpatches\i_troulos\1.ppm,D:\桌面\IACV\Assigment1\data\hpatches\i_troulos\5.ppm,468,1475,541,0.36677966101694914,3.0,2.3239132899840724,1475,468,378,90,541,0.31728813559322033,0.8076923076923077,0.256271186440678,0.6987060998151571,0.36677966101694914,3.0,1.4902154860360377,1.4142135623730951,True,397,0.8482905982905983,1.4892822045313627,24.779360002139583,0.4970215928027976,nan,1475,1475,1510400,256,float32,1024,nan,1593,1593,1631232,nan,nan,nan,nan,9.549380000680685,0.26341531145896163,nan,nan,nan,nan,10.187740001128986,1.2531770056835239,superpoint_lightglue,superpoint,superpoint,lightglue,nan
hpatches,i_troulos,illumination,i_troulos_1_to_6,1,6,D:\桌面\IACV\Assigment1\data\hpatches\i_troulos\1.ppm,D:\桌面\IACV\Assigment1\data\hpatches\i_troulos\6.ppm,462,1475,496,0.336271186440678,3.0,2.4344266755942594,1475,462,327,135,496,0.31322033898305085,0.7077922077922078,0.2216949152542373,0.6592741935483871,0.336271186440678,3.0,1.8243638200272243,2.0,True,393,0.8506493506493507,1.5063362212191418,25.067239999771118,0.5780765406073688,nan,1475,1475,1510400,256,float32,1024,nan,1591,1591,1629184,nan,nan,nan,nan,9.549380000680685,0.26341531145896163,nan,nan,nan,nan,9.491920001164544,0.11977614951120019,superpoint_lightglue,superpoint,superpoint,lightglue,nan
hpatches,i_veggies,illumination,i_veggies_1_to_2,1,2,D:\桌面\IACV\Assigment1\data\hpatches\i_veggies\1.ppm,D:\桌面\IACV\Assigment1\data\hpatches\i_veggies\2.ppm,1346,1787,1237,0.6922216004476777,3.0,1.4557925718019962,1787,1346,1215,131,1237,0.7532176832680471,0.9026745913818722,0.6799104644655848,0.9822150363783346,0.6922216004476777,3.0,0.943620300909448,1.0,True,1202,0.8930163447251115,1.1437004938424677,18.372180000005756,0.48850244145004945,nan,1787,1787,1829888,256,float32,1024,nan,1785,1785,1827840,nan,nan,nan,nan,13.73145999823464,0.08457085657033264,nan,nan,nan,nan,13.73648000007961,0.07588371074342587,superpoint_lightglue,superpoint,superpoint,lightglue,nan
hpatches,i_veggies,illumination,i_veggies_1_to_3,1,3,D:\桌面\IACV\Assigment1\data\hpatches\i_veggies\1.ppm,D:\桌面\IACV\Assigment1\data\hpatches\i_veggies\3.ppm,1053,1787,967,0.5411303861219922,3.0,1.5829163039113854,1787,1053,926,127,967,0.5892557358701734,0.879392212725546,0.5181869054280918,0.9576008273009308,0.5411303861219922,3.0,1.1744401072908577,1.0,True,926,0.879392212725546,1.3796397298959244,21.05351999780396,0.10184109890877294,nan,1787,1787,1829888,256,float32,1024,nan,1748,1748,1789952,nan,nan,nan,nan,13.73145999823464,0.08457085657033264,nan,nan,nan,nan,13.78009999752976,0.22877231354611535,superpoint_lightglue,superpoint,superpoint,lightglue,nan
hpatches,i_veggies,illumination,i_veggies_1_to_4,1,4,D:\桌面\IACV\Assigment1\data\hpatches\i_veggies\1.ppm,D:\桌面\IACV\Assigment1\data\hpatches\i_veggies\4.ppm,1087,1787,1014,0.5674314493564634,3.0,0.706935106770092,1787,1087,993,94,1014,0.608282036933408,0.9135234590616376,0.5556799104644656,0.9792899408284024,0.5674314493564634,3.0,1.1205172857772485,1.0,True,986,0.9070837166513339,1.1843573231746192,21.83723999769427,0.36276238447458237,nan,1787,1787,1829888,256,float32,1024,nan,1681,1681,1721344,nan,nan,nan,nan,13.73145999823464,0.08457085657033264,nan,nan,nan,nan,13.810480000393,0.059466778935404294,superpoint_lightglue,superpoint,superpoint,lightglue,nan
hpatches,i_veggies,illumination,i_veggies_1_to_5,1,5,D:\桌面\IACV\Assigment1\data\hpatches\i_veggies\1.ppm,D:\桌面\IACV\Assigment1\data\hpatches\i_veggies\5.ppm,840,1787,826,0.4622271964185786,3.0,1.2844313888160224,1787,840,770,70,826,0.4700615556799105,0.9166666666666666,0.43088975937325125,0.9322033898305084,0.4622271964185786,3.0,1.337858638500955,1.4142135623730951,True,755,0.8988095238095238,1.422554296398117,29.63620000082301,1.6617565664060736,nan,1787,1787,1829888,256,float32,1024,nan,1731,1731,1772544,nan,nan,nan,nan,13.73145999823464,0.08457085657033264,nan,nan,nan,nan,13.678460000664927,0.19565815608998982,superpoint_lightglue,superpoint,superpoint,lightglue,nan
hpatches,i_veggies,illumination,i_veggies_1_to_6,1,6,D:\桌面\IACV\Assigment1\data\hpatches\i_veggies\1.ppm,D:\桌面\IACV\Assigment1\data\hpatches\i_veggies\6.ppm,786,1787,745,0.41689983212087295,3.0,1.5860631773864444,1787,786,682,104,745,0.43984331281477335,0.8676844783715013,0.38164521544487967,0.9154362416107382,0.41689983212087295,3.0,1.3673675580239235,1.4142135623730951,True,667,0.8486005089058524,1.436458880091162,27.198459999635816,0.17919384601974822,nan,1787,1787,1829888,256,float32,1024,nan,1685,1685,1725440,nan,nan,nan,nan,13.73145999823464,0.08457085657033264,nan,nan,nan,nan,14.296600001398474,0.21746286954060814,superpoint_lightglue,superpoint,superpoint,lightglue,nan
hpatches,i_village,illumination,i_village_1_to_2,1,2,D:\桌面\IACV\Assigment1\data\hpatches\i_village\1.ppm,D:\桌面\IACV\Assigment1\data\hpatches\i_village\2.ppm,759,1618,852,0.5265760197775031,3.0,1.7541453994811913,1618,759,743,16,852,0.46909765142150806,0.9789196310935442,0.45920889987639063,0.8720657276995305,0.5265760197775031,3.0,1.1725791353762451,1.0,True,740,0.9749670619235836,1.2355901305021244,23.09063999709906,0.11888333149359537,nan,1618,1618,1656832,256,float32,1024,nan,1273,1273,1303552,nan,nan,nan,nan,7.572579999396112,0.09028611010706947,nan,nan,nan,nan,7.579460000852123,0.0273679073449927,superpoint_lightglue,superpoint,superpoint,lightglue,nan
hpatches,i_village,illumination,i_village_1_to_3,1,3,D:\桌面\IACV\Assigment1\data\hpatches\i_village\1.ppm,D:\桌面\IACV\Assigment1\data\hpatches\i_village\3.ppm,831,1618,931,0.5754017305315204,3.0,1.8503896289379553,1618,831,807,24,931,0.5135970333745364,0.9711191335740073,0.49876390605686033,0.8668098818474759,0.5754017305315204,3.0,1.254795367167485,1.0,True,806,0.9699157641395909,1.29515895159173,26.07496000127867,0.27558398650484706,nan,1618,1618,1656832,256,float32,1024,nan,1609,1609,1647616,nan,nan,nan,nan,7.572579999396112,0.09028611010706947,nan,nan,nan,nan,7.666480001353193,0.12479003977773984,superpoint_lightglue,superpoint,superpoint,lightglue,nan
hpatches,i_village,illumination,i_village_1_to_4,1,4,D:\桌面\IACV\Assigment1\data\hpatches\i_village\1.ppm,D:\桌面\IACV\Assigment1\data\hpatches\i_village\4.ppm,861,1618,899,0.5556242274412856,3.0,1.2130484686375977,1618,861,814,47,899,0.5321384425216317,0.9454123112659698,0.5030902348578492,0.9054505005561735,0.5556242274412856,3.0,1.2705594163106142,1.0,True,803,0.9326364692218351,1.3679215468763906,18.724839997594245,0.14049478959700118,nan,1618,1618,1656832,256,float32,1024,nan,1487,1487,1522688,nan,nan,nan,nan,7.572579999396112,0.09028611010706947,nan,nan,nan,nan,7.53028000035556,0.0638157787299635,superpoint_lightglue,superpoint,superpoint,lightglue,nan
hpatches,i_village,illumination,i_village_1_to_5,1,5,D:\桌面\IACV\Assigment1\data\hpatches\i_village\1.ppm,D:\桌面\IACV\Assigment1\data\hpatches\i_village\5.ppm,1158,1618,1142,0.7058096415327565,3.0,1.0238568791905696,1618,1158,1080,78,1142,0.715698393077874,0.9326424870466321,0.6674907292954264,0.9457092819614711,0.7058096415327565,3.0,1.0714191252894152,1.0,True,1064,0.918825561312608,1.1343082296208538,18.08055999863427,0.4598282043296876,nan,1618,1618,1656832,256,float32,1024,nan,1796,1796,1839104,nan,nan,nan,nan,7.572579999396112,0.09028611010706947,nan,nan,nan,nan,8.249220001744106,0.3299360373942593,superpoint_lightglue,superpoint,superpoint,lightglue,nan
hpatches,i_village,illumination,i_village_1_to_6,1,6,D:\桌面\IACV\Assigment1\data\hpatches\i_village\1.ppm,D:\桌面\IACV\Assigment1\data\hpatches\i_village\6.ppm,814,1618,911,0.5630407911001236,3.0,2.0523354417343884,1618,814,776,38,911,0.5030902348578492,0.9533169533169533,0.4796044499381953,0.8518111964873765,0.5630407911001236,3.0,1.2806465268795004,1.0,True,763,0.9373464373464373,1.3498691533343954,26.146339997649193,0.4047398523219379,nan,1618,1618,1656832,256,float32,1024,nan,1586,1586,1624064,nan,nan,nan,nan,7.572579999396112,0.09028611010706947,nan,nan,nan,nan,8.460939998622052,0.8344770528349136,superpoint_lightglue,superpoint,superpoint,lightglue,nan
hpatches,i_whitebuilding,illumination,i_whitebuilding_1_to_2,1,2,D:\桌面\IACV\Assigment1\data\hpatches\i_whitebuilding\1.ppm,D:\桌面\IACV\Assigment1\data\hpatches\i_whitebuilding\2.ppm,1829,2048,1805,0.88134765625,3.0,0.16698968318358265,2048,1829,1800,29,1805,0.89306640625,0.9841443411700382,0.87890625,0.997229916897507,0.88134765625,3.0,0.5581043825982986,0.0,True,1799,0.9835975943138326,0.6218451303464462,15.84352000063518,0.35232719283852276,nan,2048,2048,2097152,256,float32,1024,nan,2048,2048,2097152,nan,nan,nan,nan,81.6850000017439,0.5552764183647744,nan,nan,nan,nan,81.63464000099339,0.31163340611120965,superpoint_lightglue,superpoint,superpoint,lightglue,nan
hpatches,i_whitebuilding,illumination,i_whitebuilding_1_to_3,1,3,D:\桌面\IACV\Assigment1\data\hpatches\i_whitebuilding\1.ppm,D:\桌面\IACV\Assigment1\data\hpatches\i_whitebuilding\3.ppm,1722,2048,1686,0.8232421875,3.0,0.47753142959050504,2048,1722,1673,49,1686,0.8408203125,0.9715447154471545,0.81689453125,0.9922894424673784,0.8232421875,3.0,0.6857980978795276,1.0,True,1674,0.9721254355400697,0.7681139012776079,16.385580001224298,0.415696924202575,nan,2048,2048,2097152,256,float32,1024,nan,2048,2048,2097152,nan,nan,nan,nan,81.6850000017439,0.5552764183647744,nan,nan,nan,nan,81.98572000110289,0.591063936899757,superpoint_lightglue,superpoint,superpoint,lightglue,nan
hpatches,i_whitebuilding,illumination,i_whitebuilding_1_to_4,1,4,D:\桌面\IACV\Assigment1\data\hpatches\i_whitebuilding\1.ppm,D:\桌面\IACV\Assigment1\data\hpatches\i_whitebuilding\4.ppm,1575,2048,1489,0.72705078125,3.0,0.4186464025526398,2048,1575,1475,100,1489,0.76904296875,0.9365079365079365,0.72021484375,0.9905977165883143,0.72705078125,3.0,0.8511071800033888,1.0,True,1472,0.9346031746031747,0.9068538166841577,24.299760001304094,1.1474773426940865,nan,2048,2048,2097152,256,float32,1024,nan,2048,2048,2097152,nan,nan,nan,nan,81.6850000017439,0.5552764183647744,nan,nan,nan,nan,82.9278199991677,0.36579094273461055,superpoint_lightglue,superpoint,superpoint,lightglue,nan
hpatches,i_whitebuilding,illumination,i_whitebuilding_1_to_5,1,5,D:\桌面\IACV\Assigment1\data\hpatches\i_whitebuilding\1.ppm,D:\桌面\IACV\Assigment1\data\hpatches\i_whitebuilding\5.ppm,1654,2048,1554,0.7587890625,3.0,0.34189021520481383,2048,1654,1540,114,1554,0.8076171875,0.9310761789600968,0.751953125,0.990990990990991,0.7587890625,3.0,0.8983610915237701,1.0,True,1533,0.9268440145102781,0.9301631521615914,20.577880000928417,0.4274857909719716,nan,2048,2048,2097152,256,float32,1024,nan,2048,2048,2097152,nan,nan,nan,nan,81.6850000017439,0.5552764183647744,nan,nan,nan,nan,82.85058000183199,0.18625313314569028,superpoint_lightglue,superpoint,superpoint,lightglue,nan
hpatches,i_whitebuilding,illumination,i_whitebuilding_1_to_6,1,6,D:\桌面\IACV\Assigment1\data\hpatches\i_whitebuilding\1.ppm,D:\桌面\IACV\Assigment1\data\hpatches\i_whitebuilding\6.ppm,1595,2048,1505,0.73486328125,3.0,0.3346999168525894,2048,1595,1484,111,1505,0.77880859375,0.9304075235109718,0.724609375,0.986046511627907,0.73486328125,3.0,0.8965987125836533,1.0,True,1470,0.9216300940438872,0.9206378063532216,20.074539998313412,0.21327477571339787,nan,2048,2048,2097152,256,float32,1024,nan,2048,2048,2097152,nan,nan,nan,nan,81.6850000017439,0.5552764183647744,nan,nan,nan,nan,82.93800000101328,0.37310593626898353,superpoint_lightglue,superpoint,superpoint,lightglue,nan
hpatches,i_yellowtent,illumination,i_yellowtent_1_to_2,1,2,D:\桌面\IACV\Assigment1\data\hpatches\i_yellowtent\1.ppm,D:\桌面\IACV\Assigment1\data\hpatches\i_yellowtent\2.ppm,1737,2048,1651,0.80615234375,3.0,0.4986557580907866,2048,1737,1610,127,1651,0.84814453125,0.9268854346574554,0.7861328125,0.9751665657177468,0.80615234375,3.0,0.8067692430792855,1.0,True,1611,0.927461139896373,0.8988087112877798,16.15804000175558,0.055352203069633385,nan,2048,2048,2097152,256,float32,1024,nan,2048,2048,2097152,nan,nan,nan,nan,14.234380002017133,0.2498709778907816,nan,nan,nan,nan,14.46507999789901,0.3808027286740574,superpoint_lightglue,superpoint,superpoint,lightglue,nan
hpatches,i_yellowtent,illumination,i_yellowtent_1_to_3,1,3,D:\桌面\IACV\Assigment1\data\hpatches\i_yellowtent\1.ppm,D:\桌面\IACV\Assigment1\data\hpatches\i_yellowtent\3.ppm,1470,2048,1354,0.6611328125,3.0,0.3971464263436922,2048,1470,1300,170,1354,0.7177734375,0.8843537414965986,0.634765625,0.9601181683899557,0.6611328125,3.0,1.0667158809671327,1.0,True,1271,0.8646258503401361,1.0705230607040488,20.879640002385713,0.5408784179801691,nan,2048,2048,2097152,256,float32,1024,nan,2048,2048,2097152,nan,nan,nan,nan,14.234380002017133,0.2498709778907816,nan,nan,nan,nan,14.358540000102948,0.43500599092569714,superpoint_lightglue,superpoint,superpoint,lightglue,nan
hpatches,i_yellowtent,illumination,i_yellowtent_1_to_4,1,4,D:\桌面\IACV\Assigment1\data\hpatches\i_yellowtent\1.ppm,D:\桌面\IACV\Assigment1\data\hpatches\i_yellowtent\4.ppm,1275,2048,1163,0.56787109375,3.0,0.7727825989423752,2048,1275,1100,175,1163,0.62255859375,0.8627450980392157,0.537109375,0.945829750644884,0.56787109375,3.0,1.2885768008918503,1.0,True,1087,0.8525490196078431,1.3108436555927325,24.67954000167083,0.13068133049123676,nan,2048,2048,2097152,256,float32,1024,nan,2048,2048,2097152,nan,nan,nan,nan,14.234380002017133,0.2498709778907816,nan,nan,nan,nan,14.13015999860363,0.1476739482845798,superpoint_lightglue,superpoint,superpoint,lightglue,nan
hpatches,i_yellowtent,illumination,i_yellowtent_1_to_5,1,5,D:\桌面\IACV\Assigment1\data\hpatches\i_yellowtent\1.ppm,D:\桌面\IACV\Assigment1\data\hpatches\i_yellowtent\5.ppm,1315,2048,1271,0.62060546875,3.0,0.6012716019802155,2048,1315,1223,92,1271,0.64208984375,0.9300380228136882,0.59716796875,0.962234461054288,0.62060546875,3.0,1.1439633920657548,1.0,True,1211,0.9209125475285171,1.1925622638362778,29.035760000988375,0.5398300050501799,nan,2048,2048,2097152,256,float32,1024,nan,1999,1999,2046976,nan,nan,nan,nan,14.234380002017133,0.2498709778907816,nan,nan,nan,nan,14.001980001921766,0.1939541232236273,superpoint_lightglue,superpoint,superpoint,lightglue,nan
hpatches,i_yellowtent,illumination,i_yellowtent_1_to_6,1,6,D:\桌面\IACV\Assigment1\data\hpatches\i_yellowtent\1.ppm,D:\桌面\IACV\Assigment1\data\hpatches\i_yellowtent\6.ppm,1201,2048,1125,0.54931640625,3.0,1.2951132742498654,2048,1201,1088,113,1125,0.58642578125,0.9059117402164862,0.53125,0.9671111111111111,0.54931640625,3.0,1.3595936208267556,1.4142135623730951,True,1077,0.8967527060782681,1.4238618761077138,32.86613999662222,0.30427644269815957,nan,2048,2048,2097152,256,float32,1024,nan,2048,2048,2097152,nan,nan,nan,nan,14.234380002017133,0.2498709778907816,nan,nan,nan,nan,14.165460001095198,0.07625626779059584,superpoint_lightglue,superpoint,superpoint,lightglue,nan
hpatches,i_zion,illumination,i_zion_1_to_2,1,2,D:\桌面\IACV\Assigment1\data\hpatches\i_zion\1.ppm,D:\桌面\IACV\Assigment1\data\hpatches\i_zion\2.ppm,1148,1846,1025,0.5552546045503792,3.0,2.9942734165795346,1846,1148,1002,146,1025,0.6218851570964247,0.872822299651568,0.542795232936078,0.9775609756097561,0.5552546045503792,3.0,1.240963494909572,1.0,True,919,0.8005226480836237,1.3918798686449672,17.72194000222953,0.30517045586832864,nan,1846,1846,1890304,256,float32,1024,nan,1900,1900,1945600,nan,nan,nan,nan,20.87759999849368,0.14988031164547705,nan,nan,nan,nan,20.872780001081992,0.21589003925239345,superpoint_lightglue,superpoint,superpoint,lightglue,nan
hpatches,i_zion,illumination,i_zion_1_to_3,1,3,D:\桌面\IACV\Assigment1\data\hpatches\i_zion\1.ppm,D:\桌面\IACV\Assigment1\data\hpatches\i_zion\3.ppm,917,1846,748,0.40520043336944744,3.0,1.5651677985662584,1846,917,705,212,748,0.4967497291440953,0.7688113413304253,0.3819068255687974,0.9425133689839572,0.40520043336944744,3.0,1.50209734278023,1.4142135623730951,True,718,0.7829880043620502,1.5135069785813213,23.293359998206142,0.5356523519433438,nan,1846,1846,1890304,256,float32,1024,nan,1863,1863,1907712,nan,nan,nan,nan,20.87759999849368,0.14988031164547705,nan,nan,nan,nan,20.881440000084694,0.4197067935262535,superpoint_lightglue,superpoint,superpoint,lightglue,nan
hpatches,i_zion,illumination,i_zion_1_to_4,1,4,D:\桌面\IACV\Assigment1\data\hpatches\i_zion\1.ppm,D:\桌面\IACV\Assigment1\data\hpatches\i_zion\4.ppm,813,1846,606,0.3282773564463705,3.0,3.519406929328487,1846,813,563,250,606,0.44041170097508126,0.6924969249692496,0.3049837486457205,0.929042904290429,0.3282773564463705,3.0,1.5632067750466838,1.4142135623730951,True,522,0.6420664206642066,1.5960790537970861,24.41586000204552,0.26794436269183936,nan,1846,1846,1890304,256,float32,1024,nan,2048,2048,2097152,nan,nan,nan,nan,20.87759999849368,0.14988031164547705,nan,nan,nan,nan,21.112280001398176,0.11836170772844919,superpoint_lightglue,superpoint,superpoint,lightglue,nan
hpatches,i_zion,illumination,i_zion_1_to_5,1,5,D:\桌面\IACV\Assigment1\data\hpatches\i_zion\1.ppm,D:\桌面\IACV\Assigment1\data\hpatches\i_zion\5.ppm,711,1846,522,0.28277356446370533,3.0,2.2634902615330925,1846,711,478,233,522,0.3851570964247021,0.6722925457102672,0.2589382448537378,0.9157088122605364,0.28277356446370533,3.0,1.6354323179949268,1.4142135623730951,True,463,0.6511954992967651,1.6756110375896514,32.485999999335036,0.1659782757841407,nan,1846,1846,1890304,256,float32,1024,nan,2048,2048,2097152,nan,nan,nan,nan,20.87759999849368,0.14988031164547705,nan,nan,nan,nan,21.360699999786448,0.35787305287197047,superpoint_lightglue,superpoint,superpoint,lightglue,nan
hpatches,i_zion,illumination,i_zion_1_to_6,1,6,D:\桌面\IACV\Assigment1\data\hpatches\i_zion\1.ppm,D:\桌面\IACV\Assigment1\data\hpatches\i_zion\6.ppm,647,1846,512,0.27735644637053086,3.0,1.832354476782104,1846,647,484,163,512,0.3504875406283857,0.7480680061823802,0.26218851570964247,0.9453125,0.27735644637053086,3.0,1.5779592136287681,1.4142135623730951,True,486,0.7511591962905718,1.6295329390512148,29.30680000135908,1.4001072179493583,nan,1846,1846,1890304,256,float32,1024,nan,1499,1499,1534976,nan,nan,nan,nan,20.87759999849368,0.14988031164547705,nan,nan,nan,nan,21.100840003055055,0.441530875797293,superpoint_lightglue,superpoint,superpoint,lightglue,nan
hpatches,v_abstract,viewpoint,v_abstract_1_to_2,1,2,D:\桌面\IACV\Assigment1\data\hpatches\v_abstract\1.ppm,D:\桌面\IACV\Assigment1\data\hpatches\v_abstract\2.ppm,1545,1934,1473,0.7616339193381593,3.0,0.4559274404642625,1934,1545,1467,78,1473,0.7988624612202688,0.9495145631067962,0.7585315408479835,0.9959266802443992,0.7616339193381593,3.0,1.0731426769719912,0.9749379393583675,True,1469,0.9508090614886732,1.0580069943876236,12.172399999690242,0.17092807807667224,nan,2048,2048,2097152,256,float32,1024,nan,2048,2048,2097152,nan,nan,nan,nan,31.15269999980228,0.17886981865027313,nan,nan,nan,nan,31.164999997417908,0.13393873111254007,superpoint_lightglue,superpoint,superpoint,lightglue,nan
hpatches,v_abstract,viewpoint,v_abstract_1_to_3,1,3,D:\桌面\IACV\Assigment1\data\hpatches\v_abstract\1.ppm,D:\桌面\IACV\Assigment1\data\hpatches\v_abstract\3.ppm,1455,1878,1375,0.7321618743343983,3.0,0.5197801301425599,1878,1455,1367,88,1375,0.7747603833865815,0.9395189003436426,0.72790202342918,0.9941818181818182,0.7321618743343983,3.0,1.202422669042876,1.0964027569283001,True,1370,0.9415807560137457,1.2014551609190394,14.91941999993287,0.6326094498422102,nan,2048,2048,2097152,256,float32,1024,nan,2048,2048,2097152,nan,nan,nan,nan,31.15269999980228,0.17886981865027313,nan,nan,nan,nan,30.196260001685005,0.2192504752801828,superpoint_lightglue,superpoint,superpoint,lightglue,nan
hpatches,v_abstract,viewpoint,v_abstract_1_to_4,1,4,D:\桌面\IACV\Assigment1\data\hpatches\v_abstract\1.ppm,D:\桌面\IACV\Assigment1\data\hpatches\v_abstract\4.ppm,1055,1735,849,0.4893371757925072,3.0,8.056032750444588,1735,1055,826,229,849,0.6080691642651297,0.7829383886255924,0.4760806916426513,0.9729093050647821,0.4893371757925072,3.0,1.49297457828364,1.4543807520294267,True,755,0.7156398104265402,1.5115452352766323,18.863779997627717,0.731201450795666,nan,2048,2048,2097152,256,float32,1024,nan,2048,2048,2097152,nan,nan,nan,nan,31.15269999980228,0.17886981865027313,nan,nan,nan,nan,29.57916000013938,0.43512945715330426,superpoint_lightglue,superpoint,superpoint,lightglue,nan
hpatches,v_abstract,viewpoint,v_abstract_1_to_5,1,5,D:\桌面\IACV\Assigment1\data\hpatches\v_abstract\1.ppm,D:\桌面\IACV\Assigment1\data\hpatches\v_abstract\5.ppm,1235,1876,1042,0.5554371002132196,3.0,1.5715595474551682,1876,1235,1032,203,1042,0.658315565031983,0.8356275303643724,0.5501066098081023,0.9904030710172744,0.5554371002132196,3.0,1.4062336807088478,1.334558805557355,True,1033,0.8364372469635628,1.3705204650125913,18.53352000034647,0.2589300870087314,nan,2048,2048,2097152,256,float32,1024,nan,2048,2048,2097152,nan,nan,nan,nan,31.15269999980228,0.17886981865027313,nan,nan,nan,nan,29.508520002127625,0.1775854186765697,superpoint_lightglue,superpoint,superpoint,lightglue,nan
hpatches,v_abstract,viewpoint,v_abstract_1_to_6,1,6,D:\桌面\IACV\Assigment1\data\hpatches\v_abstract\1.ppm,D:\桌面\IACV\Assigment1\data\hpatches\v_abstract\6.ppm,954,1883,739,0.3924588422729687,3.0,9.382678268530885,1883,954,716,238,739,0.5066383430695698,0.750524109014675,0.38024429102496016,0.9688768606224628,0.3924588422729687,3.0,1.5387484556046438,1.5016178158723994,True,687,0.720125786163522,1.3925977722735627,21.54414000106044,0.9062892627732599,nan,2048,2048,2097152,256,float32,1024,nan,2048,2048,2097152,nan,nan,nan,nan,31.15269999980228,0.17886981865027313,nan,nan,nan,nan,29.98070000030566,0.22239204068572227,superpoint_lightglue,superpoint,superpoint,lightglue,nan
hpatches,v_adam,viewpoint,v_adam_1_to_2,1,2,D:\桌面\IACV\Assigment1\data\hpatches\v_adam\1.ppm,D:\桌面\IACV\Assigment1\data\hpatches\v_adam\2.ppm,632,1074,638,0.5940409683426443,3.0,0.7019580506733999,1074,632,609,23,638,0.5884543761638734,0.9636075949367089,0.5670391061452514,0.9545454545454546,0.5940409683426443,3.0,1.2215393764470663,1.1530844110509633,True,608,0.9620253164556962,1.23861710351936,16.12918000028003,0.330884260183859,nan,1074,1074,1099776,256,float32,1024,nan,841,841,861184,nan,nan,nan,nan,8.243120000406634,0.19345596246629618,nan,nan,nan,nan,8.104680001270026,0.10257955807924628,superpoint_lightglue,superpoint,superpoint,lightglue,nan
hpatches,v_adam,viewpoint,v_adam_1_to_3,1,3,D:\桌面\IACV\Assigment1\data\hpatches\v_adam\1.ppm,D:\桌面\IACV\Assigment1\data\hpatches\v_adam\3.ppm,592,1074,606,0.5642458100558659,3.0,2.244067011420928,1074,592,572,20,606,0.5512104283054003,0.9662162162162162,0.5325884543761639,0.9438943894389439,0.5642458100558659,3.0,1.2895821415929392,1.2053980951654544,True,546,0.9222972972972973,1.2646595795481517,13.880379998590797,2.211739943703824,nan,1074,1074,1099776,256,float32,1024,nan,860,860,880640,nan,nan,nan,nan,8.243120000406634,0.19345596246629618,nan,nan,nan,nan,8.168439999280963,0.24298908068757802,superpoint_lightglue,superpoint,superpoint,lightglue,nan
hpatches,v_adam,viewpoint,v_adam_1_to_4,1,4,D:\桌面\IACV\Assigment1\data\hpatches\v_adam\1.ppm,D:\桌面\IACV\Assigment1\data\hpatches\v_adam\4.ppm,376,1074,401,0.37337057728119183,3.0,2.01330629775711,1074,376,355,21,401,0.3500931098696462,0.9441489361702128,0.33054003724394787,0.885286783042394,0.37337057728119183,3.0,1.4636473716350151,1.388494307510868,True,340,0.9042553191489362,1.354418356541516,21.24266000028001,0.5219966154261726,nan,1074,1074,1099776,256,float32,1024,nan,666,666,681984,nan,nan,nan,nan,8.243120000406634,0.19345596246629618,nan,nan,nan,nan,8.491539995884523,0.41048392635380326,superpoint_lightglue,superpoint,superpoint,lightglue,nan
hpatches,v_adam,viewpoint,v_adam_1_to_5,1,5,D:\桌面\IACV\Assigment1\data\hpatches\v_adam\1.ppm,D:\桌面\IACV\Assigment1\data\hpatches\v_adam\5.ppm,489,1074,499,0.46461824953445063,3.0,1.7418968866938855,1074,489,465,24,499,0.4553072625698324,0.950920245398773,0.4329608938547486,0.9318637274549099,0.46461824953445063,3.0,1.340071462133732,1.2909356262842828,True,455,0.9304703476482618,1.3086513850797117,20.876619998307433,2.3807340878182757,nan,1074,1074,1099776,256,float32,1024,nan,711,711,728064,nan,nan,nan,nan,8.243120000406634,0.19345596246629618,nan,nan,nan,nan,8.678359998157248,1.3720779792966866,superpoint_lightglue,superpoint,superpoint,lightglue,nan
hpatches,v_adam,viewpoint,v_adam_1_to_6,1,6,D:\桌面\IACV\Assigment1\data\hpatches\v_adam\1.ppm,D:\桌面\IACV\Assigment1\data\hpatches\v_adam\6.ppm,501,1074,499,0.46461824953445063,3.0,3.029974697196314,1074,501,456,45,499,0.4664804469273743,0.9101796407185628,0.4245810055865922,0.9138276553106213,0.46461824953445063,3.0,1.4202999205139564,1.3908264397950596,True,413,0.8243512974051896,1.4026444232140751,15.642819998902269,0.9087851884993831,nan,1074,1074,1099776,256,float32,1024,nan,737,737,754688,nan,nan,nan,nan,8.243120000406634,0.19345596246629618,nan,nan,nan,nan,8.314320002682507,0.14191310705712085,superpoint_lightglue,superpoint,superpoint,lightglue,nan
hpatches,v_apprentices,viewpoint,v_apprentices_1_to_2,1,2,D:\桌面\IACV\Assigment1\data\hpatches\v_apprentices\1.ppm,D:\桌面\IACV\Assigment1\data\hpatches\v_apprentices\2.ppm,1668,1980,1656,0.8363636363636363,3.0,0.5075127600945568,1980,1668,1655,13,1656,0.8424242424242424,0.9922062350119905,0.8358585858585859,0.9993961352657005,0.8363636363636363,3.0,0.7950430451571762,0.6908027894549541,True,1654,0.9916067146282974,0.8008978015022379,15.662580000935122,0.1645262732292523,nan,2048,2048,2097152,256,float32,1024,nan,2048,2048,2097152,nan,nan,nan,nan,34.57346000068355,0.08690297047987354,nan,nan,nan,nan,34.808179999527056,0.2213164121216169,superpoint_lightglue,superpoint,superpoint,lightglue,nan
hpatches,v_apprentices,viewpoint,v_apprentices_1_to_3,1,3,D:\桌面\IACV\Assigment1\data\hpatches\v_apprentices\1.ppm,D:\桌面\IACV\Assigment1\data\hpatches\v_apprentices\3.ppm,1464,1861,1429,0.7678667383127351,3.0,2.093402611882288,1861,1463,1421,42,1429,0.7861364857603439,0.9712918660287081,0.7635679742074154,0.9944016794961511,0.7678667383127351,3.0,0.9973803877956992,0.9053331270948297,True,1409,0.962431693989071,1.0062133797448969,15.243060000648256,0.1603000887309157,nan,2048,2048,2097152,256,float32,1024,nan,2048,2048,2097152,nan,nan,nan,nan,34.57346000068355,0.08690297047987354,nan,nan,nan,nan,34.96020000166027,0.35724691727690505,superpoint_lightglue,superpoint,superpoint,lightglue,nan
hpatches,v_apprentices,viewpoint,v_apprentices_1_to_4,1,4,D:\桌面\IACV\Assigment1\data\hpatches\v_apprentices\1.ppm,D:\桌面\IACV\Assigment1\data\hpatches\v_apprentices\4.ppm,1309,1868,1236,0.6616702355460385,3.0,0.9663699607994696,1868,1309,1222,87,1236,0.7007494646680942,0.93353705118411,0.6541755888650964,0.988673139158576,0.6616702355460385,3.0,1.1597058403527536,1.073675043896846,True,1227,0.9373567608861727,1.1935727497085367,20.281099999556318,2.6341014573990646,nan,2048,2048,2097152,256,float32,1024,nan,2048,2048,2097152,nan,nan,nan,nan,34.57346000068355,0.08690297047987354,nan,nan,nan,nan,34.774639998795465,0.0888321475079654,superpoint_lightglue,superpoint,superpoint,lightglue,nan
hpatches,v_apprentices,viewpoint,v_apprentices_1_to_5,1,5,D:\桌面\IACV\Assigment1\data\hpatches\v_apprentices\1.ppm,D:\桌面\IACV\Assigment1\data\hpatches\v_apprentices\5.ppm,1244,1861,1198,0.6437399247716281,3.0,1.8004975002111985,1861,1244,1178,66,1198,0.6684578183772165,0.9469453376205788,0.6329930145083289,0.9833055091819699,0.6437399247716281,3.0,1.2181369804530522,1.1259623640152179,True,1135,0.912379421221865,1.1975627301723706,23.19775999931153,0.37276108608744324,nan,2048,2048,2097152,256,float32,1024,nan,2048,2048,2097152,nan,nan,nan,nan,34.57346000068355,0.08690297047987354,nan,nan,nan,nan,34.76053999911528,0.08511107160638987,superpoint_lightglue,superpoint,superpoint,lightglue,nan
hpatches,v_apprentices,viewpoint,v_apprentices_1_to_6,1,6,D:\桌面\IACV\Assigment1\data\hpatches\v_apprentices\1.ppm,D:\桌面\IACV\Assigment1\data\hpatches\v_apprentices\6.ppm,1236,1931,1180,0.6110823407560849,3.0,2.521974910116353,1931,1236,1160,76,1180,0.6400828586224754,0.9385113268608414,0.6007250129466598,0.9830508474576272,0.6110823407560849,3.0,1.142966381857298,1.0467635359219212,True,1123,0.9085760517799353,1.1222679540788505,26.961480002501048,0.15657367959655547,nan,2048,2048,2097152,256,float32,1024,nan,2048,2048,2097152,nan,nan,nan,nan,34.57346000068355,0.08690297047987354,nan,nan,nan,nan,34.72555999906035,0.08002591220251841,superpoint_lightglue,superpoint,superpoint,lightglue,nan
hpatches,v_artisans,viewpoint,v_artisans_1_to_2,1,2,D:\桌面\IACV\Assigment1\data\hpatches\v_artisans\1.ppm,D:\桌面\IACV\Assigment1\data\hpatches\v_artisans\2.ppm,798,2048,758,0.3701171875,3.0,0.7142522782353293,2048,798,720,78,758,0.3896484375,0.9022556390977443,0.3515625,0.9498680738786279,0.3701171875,3.0,1.0129885475497706,0.908783948207293,True,718,0.899749373433584,0.95969821961982,25.35568000312196,0.2246558911151036,nan,2048,2048,2097152,256,float32,1024,nan,2048,2048,2097152,nan,nan,nan,nan,36.45991999655962,0.2548667673005097,nan,nan,nan,nan,18.08906000078423,0.22155745832229998,superpoint_lightglue,superpoint,superpoint,lightglue,nan
hpatches,v_artisans,viewpoint,v_artisans_1_to_3,1,3,D:\桌面\IACV\Assigment1\data\hpatches\v_artisans\1.ppm,D:\桌面\IACV\Assigment1\data\hpatches\v_artisans\3.ppm,782,2045,781,0.3819070904645477,3.0,1.0242560632115543,2045,782,721,61,781,0.3823960880195599,0.921994884910486,0.35256723716381416,0.9231754161331626,0.3819070904645477,3.0,1.0675058261958965,0.9555015635166804,True,725,0.9271099744245525,1.0231819183079212,25.831900000048336,0.06250939009187902,nan,2048,2048,2097152,256,float32,1024,nan,2048,2048,2097152,nan,nan,nan,nan,36.45991999655962,0.2548667673005097,nan,nan,nan,nan,17.7142400003504,0.25792208561454383,superpoint_lightglue,superpoint,superpoint,lightglue,nan
hpatches,v_artisans,viewpoint,v_artisans_1_to_4,1,4,D:\桌面\IACV\Assigment1\data\hpatches\v_artisans\1.ppm,D:\桌面\IACV\Assigment1\data\hpatches\v_artisans\4.ppm,892,1616,873,0.5402227722772277,3.0,1.48758868972539,1616,892,841,51,873,0.551980198019802,0.9428251121076233,0.5204207920792079,0.9633447880870561,0.5402227722772277,3.0,0.9757578093993075,0.882373699749161,True,840,0.9417040358744395,0.9388360796342209,21.49481999949785,0.3165110141328634,nan,2048,2048,2097152,256,float32,1024,nan,2048,2048,2097152,nan,nan,nan,nan,36.45991999655962,0.2548667673005097,nan,nan,nan,nan,17.65940000041155,0.2004159667027404,superpoint_lightglue,superpoint,superpoint,lightglue,nan
hpatches,v_artisans,viewpoint,v_artisans_1_to_5,1,5,D:\桌面\IACV\Assigment1\data\hpatches\v_artisans\1.ppm,D:\桌面\IACV\Assigment1\data\hpatches\v_artisans\5.ppm,507,1123,493,0.4390026714158504,3.0,133.18516165322956,1123,506,421,85,493,0.4505788067675868,0.8320158102766798,0.3748886910062333,0.8539553752535497,0.4390026714158504,3.0,1.3306081841575732,1.2213445565237964,True,409,0.8067061143984221,1.2203578402146575,22.307299998647068,0.670162996982261,nan,2048,2048,2097152,256,float32,1024,nan,2048,2048,2097152,nan,nan,nan,nan,36.45991999655962,0.2548667673005097,nan,nan,nan,nan,17.832899997301865,0.25816039941622343,superpoint_lightglue,superpoint,superpoint,lightglue,nan
hpatches,v_artisans,viewpoint,v_artisans_1_to_6,1,6,D:\桌面\IACV\Assigment1\data\hpatches\v_artisans\1.ppm,D:\桌面\IACV\Assigment1\data\hpatches\v_artisans\6.ppm,701,1677,709,0.42277877161598093,3.0,1.845325874475468,1677,701,620,81,709,0.4180083482409064,0.884450784593438,0.3697078115682767,0.8744710860366713,0.42277877161598093,3.0,0.9280185224465097,0.7783981924406369,True,617,0.8801711840228246,0.9705010425692943,22.475399998074863,1.603362311925014,nan,2048,2048,2097152,256,float32,1024,nan,2048,2048,2097152,nan,nan,nan,nan,36.45991999655962,0.2548667673005097,nan,nan,nan,nan,17.52219999762019,0.0661423626075272,superpoint_lightglue,superpoint,superpoint,lightglue,nan
hpatches,v_astronautis,viewpoint,v_astronautis_1_to_2,1,2,D:\桌面\IACV\Assigment1\data\hpatches\v_astronautis\1.ppm,D:\桌面\IACV\Assigment1\data\hpatches\v_astronautis\2.ppm,1299,1638,1123,0.6855921855921856,3.0,6.599340126641942,1638,1299,1116,183,1123,0.793040293040293,0.859122401847575,0.6813186813186813,0.993766696349065,0.6855921855921856,3.0,1.3533309692623596,1.2792580157418052,True,1066,0.8206312548113934,1.3130009259620699,18.842979999317322,0.305727075977218,nan,2048,2048,2097152,256,float32,1024,nan,2048,2048,2097152,nan,nan,nan,nan,31.44993999885628,0.3197962634514799,nan,nan,nan,nan,50.59210000035819,0.37385072679397124,superpoint_lightglue,superpoint,superpoint,lightglue,nan
hpatches,v_astronautis,viewpoint,v_astronautis_1_to_3,1,3,D:\桌面\IACV\Assigment1\data\hpatches\v_astronautis\1.ppm,D:\桌面\IACV\Assigment1\data\hpatches\v_astronautis\3.ppm,920,1459,519,0.3557230980123372,3.0,8.484060565190525,1459,920,502,418,519,0.630568882796436,0.5456521739130434,0.3440712816997944,0.9672447013487476,0.3557230980123372,3.0,1.6990842576909646,1.7714538454157265,True,464,0.5043478260869565,1.7381809149365093,26.024859998142347,0.29870193463481093,nan,2048,2048,2097152,256,float32,1024,nan,2048,2048,2097152,nan,nan,nan,nan,31.44993999885628,0.3197962634514799,nan,nan,nan,nan,50.523619998421054,0.2031800250166924,superpoint_lightglue,superpoint,superpoint,lightglue,nan
hpatches,v_astronautis,viewpoint,v_astronautis_1_to_4,1,4,D:\桌面\IACV\Assigment1\data\hpatches\v_astronautis\1.ppm,D:\桌面\IACV\Assigment1\data\hpatches\v_astronautis\4.ppm,1185,1664,992,0.5961538461538461,3.0,1.0065211605970936,1664,1185,973,212,992,0.7121394230769231,0.8210970464135021,0.5847355769230769,0.9808467741935484,0.5961538461538461,3.0,1.3347934719613317,1.2390230442044796,True,974,0.8219409282700422,1.3610160075215916,27.515079999284353,0.3479410537246048,nan,2048,2048,2097152,256,float32,1024,nan,2048,2048,2097152,nan,nan,nan,nan,31.44993999885628,0.3197962634514799,nan,nan,nan,nan,51.010080000560265,0.48392706657611406,superpoint_lightglue,superpoint,superpoint,lightglue,nan
hpatches,v_astronautis,viewpoint,v_astronautis_1_to_5,1,5,D:\桌面\IACV\Assigment1\data\hpatches\v_astronautis\1.ppm,D:\桌面\IACV\Assigment1\data\hpatches\v_astronautis\5.ppm,1031,1574,759,0.4822109275730623,3.0,2.1894636147076536,1574,1031,728,303,759,0.6550190597204575,0.7061105722599418,0.4625158831003812,0.9591567852437418,0.4822109275730623,3.0,1.5003799720751043,1.4140126101373345,True,726,0.7041707080504365,1.4966937185073308,27.37438000040129,0.35673119312622836,nan,2048,2048,2097152,256,float32,1024,nan,2048,2048,2097152,nan,nan,nan,nan,31.44993999885628,0.3197962634514799,nan,nan,nan,nan,51.08382000034908,0.09023488035227985,superpoint_lightglue,superpoint,superpoint,lightglue,nan
hpatches,v_astronautis,viewpoint,v_astronautis_1_to_6,1,6,D:\桌面\IACV\Assigment1\data\hpatches\v_astronautis\1.ppm,D:\桌面\IACV\Assigment1\data\hpatches\v_astronautis\6.ppm,1148,1844,725,0.39316702819956617,3.0,4.5911404964024225,1844,1148,697,451,725,0.6225596529284165,0.6071428571428571,0.3779826464208243,0.9613793103448276,0.39316702819956617,3.0,1.7859387094583488,1.8404227815368157,True,631,0.5496515679442509,1.7711907815934747,24.44573999819113,1.3138568141450526,nan,2048,2048,2097152,256,float32,1024,nan,2048,2048,2097152,nan,nan,nan,nan,31.44993999885628,0.3197962634514799,nan,nan,nan,nan,50.96287999913329,0.08034700702815707,superpoint_lightglue,superpoint,superpoint,lightglue,nan
hpatches,v_azzola,viewpoint,v_azzola_1_to_2,1,2,D:\桌面\IACV\Assigment1\data\hpatches\v_azzola\1.ppm,D:\桌面\IACV\Assigment1\data\hpatches\v_azzola\2.ppm,1246,1906,964,0.5057712486883525,3.0,1.9290321886556896,1906,1245,955,290,964,0.6532004197271774,0.7670682730923695,0.5010493179433368,0.9906639004149378,0.5057712486883525,3.0,1.3784507583335606,1.3244781030349277,True,919,0.7375601926163724,1.3729832330066858,11.744000000180677,0.08120381810017506,nan,2048,2048,2097152,256,float32,1024,nan,2048,2048,2097152,nan,nan,nan,nan,25.807339999300893,0.10407385176886252,nan,nan,nan,nan,25.66390000138199,0.16942180593561912,superpoint_lightglue,superpoint,superpoint,lightglue,nan
hpatches,v_azzola,viewpoint,v_azzola_1_to_3,1,3,D:\桌面\IACV\Assigment1\data\hpatches\v_azzola\1.ppm,D:\桌面\IACV\Assigment1\data\hpatches\v_azzola\3.ppm,1120,1912,670,0.350418410041841,3.0,5.89641338905804,1912,1120,627,493,670,0.5857740585774058,0.5598214285714286,0.32792887029288703,0.935820895522388,0.350418410041841,3.0,1.6150567333173063,1.6288054124719027,True,611,0.5455357142857142,1.515984024091548,19.042159998207353,0.08019532680202328,nan,2048,2048,2097152,256,float32,1024,nan,2048,2048,2097152,nan,nan,nan,nan,25.807339999300893,0.10407385176886252,nan,nan,nan,nan,25.80712000199128,0.3143492909457532,superpoint_lightglue,superpoint,superpoint,lightglue,nan
hpatches,v_azzola,viewpoint,v_azzola_1_to_4,1,4,D:\桌面\IACV\Assigment1\data\hpatches\v_azzola\1.ppm,D:\桌面\IACV\Assigment1\data\hpatches\v_azzola\4.ppm,1290,2048,1171,0.57177734375,3.0,1.2711826758540912,2048,1290,1170,120,1171,0.6298828125,0.9069767441860465,0.5712890625,0.9991460290350128,0.57177734375,3.0,1.1939224191414886,1.0568603564269048,True,1170,0.9069767441860465,1.2162462697517302,11.872119999316055,0.1361167654558191,nan,2048,2048,2097152,256,float32,1024,nan,2048,2048,2097152,nan,nan,nan,nan,25.807339999300893,0.10407385176886252,nan,nan,nan,nan,25.47694000095362,0.13147851113642325,superpoint_lightglue,superpoint,superpoint,lightglue,nan
hpatches,v_azzola,viewpoint,v_azzola_1_to_5,1,5,D:\桌面\IACV\Assigment1\data\hpatches\v_azzola\1.ppm,D:\桌面\IACV\Assigment1\data\hpatches\v_azzola\5.ppm,918,1992,545,0.2735943775100402,3.0,2.2660263876952014,1992,918,496,422,545,0.4608433734939759,0.5403050108932462,0.24899598393574296,0.9100917431192661,0.2735943775100402,3.0,1.6762818585502461,1.6440679620365026,True,488,0.5315904139433552,1.5771258513055684,18.206500000087544,1.0141503656643804,nan,2048,2048,2097152,256,float32,1024,nan,2048,2048,2097152,nan,nan,nan,nan,25.807339999300893,0.10407385176886252,nan,nan,nan,nan,25.895580000360496,0.2605345301098758,superpoint_lightglue,superpoint,superpoint,lightglue,nan
hpatches,v_azzola,viewpoint,v_azzola_1_to_6,1,6,D:\桌面\IACV\Assigment1\data\hpatches\v_azzola\1.ppm,D:\桌面\IACV\Assigment1\data\hpatches\v_azzola\6.ppm,735,1946,459,0.23586844809866392,3.0,6.207446801781307,1946,735,368,367,459,0.3776978417266187,0.5006802721088436,0.18910585817060638,0.8017429193899782,0.23586844809866392,3.0,1.7038037397430799,1.7604706122081448,True,312,0.42448979591836733,1.6216690070918152,25.946359998488333,0.12430807771741703,nan,2048,2048,2097152,256,float32,1024,nan,2048,2048,2097152,nan,nan,nan,nan,25.807339999300893,0.10407385176886252,nan,nan,nan,nan,26.049160002730787,0.2949891209710071,superpoint_lightglue,superpoint,superpoint,lightglue,nan
hpatches,v_bark,viewpoint,v_bark_1_to_2,1,2,D:\桌面\IACV\Assigment1\data\hpatches\v_bark\1.ppm,D:\桌面\IACV\Assigment1\data\hpatches\v_bark\2.ppm,688,1085,609,0.5612903225806452,3.0,0.696242904758263,1085,688,589,99,609,0.6341013824884792,0.8561046511627907,0.5428571428571428,0.9671592775041051,0.5612903225806452,3.0,1.526810556289815,1.5310405283722515,True,590,0.8575581395348837,1.5094442106262682,15.508880000561476,0.14435012476460934,nan,1232,1232,1261568,256,float32,1024,nan,1655,1655,1694720,nan,nan,nan,nan,11.647339999035466,0.11748805022290325,nan,nan,nan,nan,11.70529999944847,0.35596453973950815,superpoint_lightglue,superpoint,superpoint,lightglue,nan
hpatches,v_bark,viewpoint,v_bark_1_to_3,1,3,D:\桌面\IACV\Assigment1\data\hpatches\v_bark\1.ppm,D:\桌面\IACV\Assigment1\data\hpatches\v_bark\3.ppm,8,1017,372,0.36578171091445427,3.0,605.7170190501482,1017,6,0,6,372,0.0058997050147492625,0.0,0.0,0.0,0.36578171091445427,3.0,nan,nan,True,4,0.5,4.923072679327402e-13,13.133820000803098,0.22831612682572408,nan,1232,1232,1261568,256,float32,1024,nan,1693,1693,1733632,nan,nan,nan,nan,11.647339999035466,0.11748805022290325,nan,nan,nan,nan,11.797179999121,0.44006461192836455,superpoint_lightglue,superpoint,superpoint,lightglue,nan
hpatches,v_bark,viewpoint,v_bark_1_to_4,1,4,D:\桌面\IACV\Assigment1\data\hpatches\v_bark\1.ppm,D:\桌面\IACV\Assigment1\data\hpatches\v_bark\4.ppm,19,1232,320,0.2597402597402597,3.0,781.5177494916885,1232,19,0,19,320,0.015422077922077922,0.0,0.0,0.0,0.2597402597402597,3.0,nan,nan,True,5,0.2631578947368421,0.8193274529906237,9.985539999615867,0.2318384496610871,nan,1232,1232,1261568,256,float32,1024,nan,2048,2048,2097152,nan,nan,nan,nan,11.647339999035466,0.11748805022290325,nan,nan,nan,nan,11.56083999958355,0.2798345250826169,superpoint_lightglue,superpoint,superpoint,lightglue,nan
hpatches,v_bark,viewpoint,v_bark_1_to_5,1,5,D:\桌面\IACV\Assigment1\data\hpatches\v_bark\1.ppm,D:\桌面\IACV\Assigment1\data\hpatches\v_bark\5.ppm,200,1232,207,0.1680194805194805,3.0,0.6822721600244426,1232,200,192,8,207,0.16233766233766234,0.96,0.15584415584415584,0.927536231884058,0.1680194805194805,3.0,1.0402633256115659,0.9579680328421991,True,195,0.975,1.0307711929627896,26.64818000193918,0.9525002840363027,nan,1232,1232,1261568,256,float32,1024,nan,2048,2048,2097152,nan,nan,nan,nan,11.647339999035466,0.11748805022290325,nan,nan,nan,nan,11.711300001479685,0.2613464576643908,superpoint_lightglue,superpoint,superpoint,lightglue,nan
hpatches,v_bark,viewpoint,v_bark_1_to_6,1,6,D:\桌面\IACV\Assigment1\data\hpatches\v_bark\1.ppm,D:\桌面\IACV\Assigment1\data\hpatches\v_bark\6.ppm,8,1232,116,0.09415584415584416,3.0,275.4826595617859,1232,8,0,8,116,0.006493506493506494,0.0,0.0,0.0,0.09415584415584416,3.0,nan,nan,True,4,0.5,7.368338507400594e-12,13.856319997285027,0.20408567093470406,nan,1232,1232,1261568,256,float32,1024,nan,2048,2048,2097152,nan,nan,nan,nan,11.647339999035466,0.11748805022290325,nan,nan,nan,nan,11.92445999768097,0.7880856751426143,superpoint_lightglue,superpoint,superpoint,lightglue,nan
hpatches,v_bees,viewpoint,v_bees_1_to_2,1,2,D:\桌面\IACV\Assigment1\data\hpatches\v_bees\1.ppm,D:\桌面\IACV\Assigment1\data\hpatches\v_bees\2.ppm,1542,1958,1382,0.7058222676200204,3.0,0.9743363029926184,1958,1542,1375,167,1382,0.7875383043922369,0.8916990920881972,0.702247191011236,0.9949348769898697,0.7058222676200204,3.0,1.2558265257159826,1.1737590240167695,True,1357,0.8800259403372244,1.201518237787592,11.972259999311063,0.17942988007789795,nan,2048,2048,2097152,256,float32,1024,nan,2048,2048,2097152,nan,nan,nan,nan,26.43168000067817,0.09322386840548683,nan,nan,nan,nan,26.338119998399634,0.13303555125763364,superpoint_lightglue,superpoint,superpoint,lightglue,nan
hpatches,v_bees,viewpoint,v_bees_1_to_3,1,3,D:\桌面\IACV\Assigment1\data\hpatches\v_bees\1.ppm,D:\桌面\IACV\Assigment1\data\hpatches\v_bees\3.ppm,1632,2013,1498,0.7441629408842524,3.0,2.911142938087686,2013,1632,1486,146,1498,0.8107302533532041,0.9105392156862745,0.7382016890213612,0.9919893190921228,0.7441629408842524,3.0,1.2187786154272016,1.1238805212999585,True,1416,0.8676470588235294,1.129218090945962,11.931759999424685,0.10738261670196475,nan,2048,2048,2097152,256,float32,1024,nan,2048,2048,2097152,nan,nan,nan,nan,26.43168000067817,0.09322386840548683,nan,nan,nan,nan,26.239999999233987,0.12206739234340369,superpoint_lightglue,superpoint,superpoint,lightglue,nan
hpatches,v_bees,viewpoint,v_bees_1_to_4,1,4,D:\桌面\IACV\Assigment1\data\hpatches\v_bees\1.ppm,D:\桌面\IACV\Assigment1\data\hpatches\v_bees\4.ppm,1491,2004,1359,0.6781437125748503,3.0,3.487764560258275,2004,1491,1342,149,1359,0.7440119760479041,0.9000670690811536,0.6696606786427146,0.9874908020603385,0.6781437125748503,3.0,1.2295816090859715,1.1317123375450313,True,1271,0.852448021462106,1.1810887981949232,11.875639998470433,0.14598212660870907,nan,2048,2048,2097152,256,float32,1024,nan,2048,2048,2097152,nan,nan,nan,nan,26.43168000067817,0.09322386840548683,nan,nan,nan,nan,26.215919997775927,0.2968122994547591,superpoint_lightglue,superpoint,superpoint,lightglue,nan
hpatches,v_bees,viewpoint,v_bees_1_to_5,1,5,D:\桌面\IACV\Assigment1\data\hpatches\v_bees\1.ppm,D:\桌面\IACV\Assigment1\data\hpatches\v_bees\5.ppm,1085,1999,884,0.44222111055527763,3.0,2.624904636900113,1999,1085,846,239,884,0.5427713856928464,0.7797235023041474,0.42321160580290146,0.9570135746606335,0.44222111055527763,3.0,1.5295670682989775,1.517379534632763,True,819,0.7548387096774194,1.5144631125344408,22.846180001215544,0.2339717294711011,nan,2048,2048,2097152,256,float32,1024,nan,2048,2048,2097152,nan,nan,nan,nan,26.43168000067817,0.09322386840548683,nan,nan,nan,nan,26.2542399999802,0.25822906623585895,superpoint_lightglue,superpoint,superpoint,lightglue,nan
hpatches,v_bees,viewpoint,v_bees_1_to_6,1,6,D:\桌面\IACV\Assigment1\data\hpatches\v_bees\1.ppm,D:\桌面\IACV\Assigment1\data\hpatches\v_bees\6.ppm,1358,2011,1116,0.5549477871705619,3.0,3.179749170890333,2011,1358,1078,280,1116,0.6752859273993038,0.7938144329896907,0.5360517155643958,0.9659498207885304,0.5549477871705619,3.0,1.450131421262769,1.382350208399461,True,1067,0.7857142857142857,1.2718875177040492,20.424459999776445,0.11085499795372862,nan,2048,2048,2097152,256,float32,1024,nan,2048,2048,2097152,nan,nan,nan,nan,26.43168000067817,0.09322386840548683,nan,nan,nan,nan,26.65502000018023,0.6039932165934552,superpoint_lightglue,superpoint,superpoint,lightglue,nan
hpatches,v_beyus,viewpoint,v_beyus_1_to_2,1,2,D:\桌面\IACV\Assigment1\data\hpatches\v_beyus\1.ppm,D:\桌面\IACV\Assigment1\data\hpatches\v_beyus\2.ppm,790,2048,759,0.37060546875,3.0,1.626099284724851,2048,790,717,73,759,0.3857421875,0.9075949367088607,0.35009765625,0.9446640316205533,0.37060546875,3.0,1.306318967727992,1.2155283882981953,True,702,0.8886075949367088,1.3154979024484839,28.025820000038948,0.8640118961318001,nan,2048,2048,2097152,256,float32,1024,nan,1356,1356,1388544,nan,nan,nan,nan,26.60151999880327,1.1851386863040223,nan,nan,nan,nan,25.92890000087209,0.051495902740064256,superpoint_lightglue,superpoint,superpoint,lightglue,nan
hpatches,v_beyus,viewpoint,v_beyus_1_to_3,1,3,D:\桌面\IACV\Assigment1\data\hpatches\v_beyus\1.ppm,D:\桌面\IACV\Assigment1\data\hpatches\v_beyus\3.ppm,752,1970,654,0.3319796954314721,3.0,4.752648836842387,1970,752,565,187,654,0.3817258883248731,0.7513297872340425,0.2868020304568528,0.863914373088685,0.3319796954314721,3.0,1.5915937068785935,1.5406867612490698,True,526,0.699468085106383,1.6114771892535131,30.62587999884272,0.3093572967275034,nan,2048,2048,2097152,256,float32,1024,nan,1512,1512,1548288,nan,nan,nan,nan,26.60151999880327,1.1851386863040223,nan,nan,nan,nan,25.865539998630993,0.18173162028137343,superpoint_lightglue,superpoint,superpoint,lightglue,nan
hpatches,v_beyus,viewpoint,v_beyus_1_to_4,1,4,D:\桌面\IACV\Assigment1\data\hpatches\v_beyus\1.ppm,D:\桌面\IACV\Assigment1\data\hpatches\v_beyus\4.ppm,939,2048,912,0.4453125,3.0,0.8904777366984672,2048,939,855,84,912,0.45849609375,0.9105431309904153,0.41748046875,0.9375,0.4453125,3.0,1.2048053859198533,1.0664193828342428,True,860,0.9158679446219382,1.2634337185627462,21.556599998439196,0.20030422896800898,nan,2048,2048,2097152,256,float32,1024,nan,1444,1444,1478656,nan,nan,nan,nan,26.60151999880327,1.1851386863040223,nan,nan,nan,nan,25.70080000004964,0.2422807431536188,superpoint_lightglue,superpoint,superpoint,lightglue,nan
hpatches,v_beyus,viewpoint,v_beyus_1_to_5,1,5,D:\桌面\IACV\Assigment1\data\hpatches\v_beyus\1.ppm,D:\桌面\IACV\Assigment1\data\hpatches\v_beyus\5.ppm,667,2011,643,0.3197414221780209,3.0,2.326177293946038,2011,667,575,92,643,0.33167578319244156,0.8620689655172413,0.28592739930382893,0.8942457231726283,0.3197414221780209,3.0,1.4568626114440466,1.4231098369902146,True,574,0.8605697151424287,1.4168724972609834,28.063059999840334,1.00518402804971,nan,2048,2048,2097152,256,float32,1024,nan,1430,1430,1464320,nan,nan,nan,nan,26.60151999880327,1.1851386863040223,nan,nan,nan,nan,25.686160000623204,0.14218161059838352,superpoint_lightglue,superpoint,superpoint,lightglue,nan
hpatches,v_beyus,viewpoint,v_beyus_1_to_6,1,6,D:\桌面\IACV\Assigment1\data\hpatches\v_beyus\1.ppm,D:\桌面\IACV\Assigment1\data\hpatches\v_beyus\6.ppm,820,2035,759,0.372972972972973,3.0,3.088027766232453,2035,820,721,99,759,0.40294840294840295,0.8792682926829268,0.3542997542997543,0.9499341238471674,0.372972972972973,3.0,1.424699842906297,1.3324553888187924,True,702,0.8560975609756097,1.5107169202107809,29.61838000192074,3.3962144392112226,nan,2048,2048,2097152,256,float32,1024,nan,1394,1394,1427456,nan,nan,nan,nan,26.60151999880327,1.1851386863040223,nan,nan,nan,nan,26.157980000425596,0.2881760378153236,superpoint_lightglue,superpoint,superpoint,lightglue,nan
hpatches,v_bip,viewpoint,v_bip_1_to_2,1,2,D:\桌面\IACV\Assigment1\data\hpatches\v_bip\1.ppm,D:\桌面\IACV\Assigment1\data\hpatches\v_bip\2.ppm,1053,2048,1012,0.494140625,3.0,0.7825088571161157,2048,1053,980,73,1012,0.51416015625,0.9306742640075973,0.478515625,0.9683794466403162,0.494140625,3.0,1.0659968401943982,0.9015485781383805,True,987,0.9373219373219374,1.114537037035288,19.228620000649244,0.2279841512986705,nan,2048,2048,2097152,256,float32,1024,nan,2048,2048,2097152,nan,nan,nan,nan,12.985180001123808,0.2757937719498471,nan,nan,nan,nan,13.048520001757424,0.16207077723963462,superpoint_lightglue,superpoint,superpoint,lightglue,nan
hpatches,v_bip,viewpoint,v_bip_1_to_3,1,3,D:\桌面\IACV\Assigment1\data\hpatches\v_bip\1.ppm,D:\桌面\IACV\Assigment1\data\hpatches\v_bip\3.ppm,981,2048,936,0.45703125,3.0,1.0802966092847714,2048,981,898,83,936,0.47900390625,0.9153924566768603,0.4384765625,0.9594017094017094,0.45703125,3.0,1.1496088917715346,0.9823806175280633,True,892,0.90927624872579,1.160425493967629,19.80286000034539,0.4800515247947747,nan,2048,2048,2097152,256,float32,1024,nan,2048,2048,2097152,nan,nan,nan,nan,12.985180001123808,0.2757937719498471,nan,nan,nan,nan,12.977419997332618,0.34846955211190284,superpoint_lightglue,superpoint,superpoint,lightglue,nan
hpatches,v_bip,viewpoint,v_bip_1_to_4,1,4,D:\桌面\IACV\Assigment1\data\hpatches\v_bip\1.ppm,D:\桌面\IACV\Assigment1\data\hpatches\v_bip\4.ppm,995,2048,948,0.462890625,3.0,0.6568934530911101,2048,995,911,84,948,0.48583984375,0.9155778894472362,0.44482421875,0.9609704641350211,0.462890625,3.0,1.1052813238647878,0.9275823693563153,True,908,0.9125628140703518,1.0945051819436549,21.002780001435895,3.223479099259065,nan,2048,2048,2097152,256,float32,1024,nan,2048,2048,2097152,nan,nan,nan,nan,12.985180001123808,0.2757937719498471,nan,nan,nan,nan,12.779240001691505,0.273010435114342,superpoint_lightglue,superpoint,superpoint,lightglue,nan
hpatches,v_bip,viewpoint,v_bip_1_to_5,1,5,D:\桌面\IACV\Assigment1\data\hpatches\v_bip\1.ppm,D:\桌面\IACV\Assigment1\data\hpatches\v_bip\5.ppm,592,2048,634,0.3095703125,3.0,0.8122598125391661,2048,592,566,26,634,0.2890625,0.956081081081081,0.2763671875,0.8927444794952681,0.3095703125,3.0,1.1339915243161331,1.0139561095495333,True,567,0.9577702702702703,1.1420621743825126,30.053220000991132,0.17904674772629728,nan,2048,2048,2097152,256,float32,1024,nan,2048,2048,2097152,nan,nan,nan,nan,12.985180001123808,0.2757937719498471,nan,nan,nan,nan,13.017040002159774,0.2752283633127064,superpoint_lightglue,superpoint,superpoint,lightglue,nan
hpatches,v_bip,viewpoint,v_bip_1_to_6,1,6,D:\桌面\IACV\Assigment1\data\hpatches\v_bip\1.ppm,D:\桌面\IACV\Assigment1\data\hpatches\v_bip\6.ppm,7,2048,478,0.2333984375,3.0,195.13453003365527,2048,7,0,7,478,0.00341796875,0.0,0.0,0.0,0.2333984375,3.0,nan,nan,True,4,0.5714285714285714,4.108640132612876e-12,26.667840001755394,0.5016564720807645,nan,2048,2048,2097152,256,float32,1024,nan,2048,2048,2097152,nan,nan,nan,nan,12.985180001123808,0.2757937719498471,nan,nan,nan,nan,13.16450000012992,0.2813372697340473,superpoint_lightglue,superpoint,superpoint,lightglue,nan
hpatches,v_bird,viewpoint,v_bird_1_to_2,1,2,D:\桌面\IACV\Assigment1\data\hpatches\v_bird\1.ppm,D:\桌面\IACV\Assigment1\data\hpatches\v_bird\2.ppm,902,2048,866,0.4228515625,3.0,1.1107230109361093,2048,902,845,57,866,0.4404296875,0.9368070953436807,0.41259765625,0.9757505773672055,0.4228515625,3.0,1.0662692877074955,0.9214870147378921,True,839,0.9301552106430155,1.1452576901637137,18.455279999761842,0.6389929479945302,nan,2048,2048,2097152,256,float32,1024,nan,2048,2048,2097152,nan,nan,nan,nan,28.41082000231836,0.21925375695412258,nan,nan,nan,nan,18.097480000869837,0.10288816291128347,superpoint_lightglue,superpoint,superpoint,lightglue,nan
hpatches,v_bird,viewpoint,v_bird_1_to_3,1,3,D:\桌面\IACV\Assigment1\data\hpatches\v_bird\1.ppm,D:\桌面\IACV\Assigment1\data\hpatches\v_bird\3.ppm,911,1949,830,0.4258594150846588,3.0,1.4478697675067105,1949,911,795,116,830,0.4674191893278604,0.8726673984632273,0.4079014879425346,0.9578313253012049,0.4258594150846588,3.0,1.4373490598849068,1.3722670462506323,True,784,0.8605927552140505,1.4055216597449536,22.001379998982884,0.6335501994650403,nan,2048,2048,2097152,256,float32,1024,nan,2048,2048,2097152,nan,nan,nan,nan,28.41082000231836,0.21925375695412258,nan,nan,nan,nan,19.308559999626596,0.6421101630944361,superpoint_lightglue,superpoint,superpoint,lightglue,nan
hpatches,v_bird,viewpoint,v_bird_1_to_4,1,4,D:\桌面\IACV\Assigment1\data\hpatches\v_bird\1.ppm,D:\桌面\IACV\Assigment1\data\hpatches\v_bird\4.ppm,925,1899,830,0.4370721432332807,3.0,5.141542779598781,1899,925,808,117,830,0.48709847288046343,0.8735135135135135,0.42548709847288047,0.9734939759036144,0.4370721432332807,3.0,1.4376451656765383,1.3689451216479331,True,757,0.8183783783783783,1.464287490884635,21.058559996890835,0.7891544540789983,nan,2048,2048,2097152,256,float32,1024,nan,2048,2048,2097152,nan,nan,nan,nan,28.41082000231836,0.21925375695412258,nan,nan,nan,nan,18.03500000096392,0.10334940787082832,superpoint_lightglue,superpoint,superpoint,lightglue,nan
hpatches,v_bird,viewpoint,v_bird_1_to_5,1,5,D:\桌面\IACV\Assigment1\data\hpatches\v_bird\1.ppm,D:\桌面\IACV\Assigment1\data\hpatches\v_bird\5.ppm,974,1657,731,0.4411587205793603,3.0,7.102948908384677,1657,974,712,262,731,0.587809293904647,0.731006160164271,0.4296922148461074,0.9740082079343365,0.4411587205793603,3.0,1.465668316106149,1.413335551089935,True,683,0.7012320328542094,1.5909779572827474,22.231000001193024,0.6814854177126382,nan,2048,2048,2097152,256,float32,1024,nan,2048,2048,2097152,nan,nan,nan,nan,28.41082000231836,0.21925375695412258,nan,nan,nan,nan,27.261639999051113,0.17535556619745624,superpoint_lightglue,superpoint,superpoint,lightglue,nan
hpatches,v_bird,viewpoint,v_bird_1_to_6,1,6,D:\桌面\IACV\Assigment1\data\hpatches\v_bird\1.ppm,D:\桌面\IACV\Assigment1\data\hpatches\v_bird\6.ppm,679,1522,510,0.33508541392904073,3.0,36.9384025515038,1522,679,455,224,510,0.44612352168199737,0.6701030927835051,0.29894875164257556,0.8921568627450981,0.33508541392904073,3.0,1.6876084982914659,1.7004963543979088,True,525,0.7731958762886598,1.520119256757202,28.23756000143476,1.2321564142466106,nan,2048,2048,2097152,256,float32,1024,nan,2048,2048,2097152,nan,nan,nan,nan,28.41082000231836,0.21925375695412258,nan,nan,nan,nan,18.119460000889376,0.2981447067221852,superpoint_lightglue,superpoint,superpoint,lightglue,nan
hpatches,v_birdwoman,viewpoint,v_birdwoman_1_to_2,1,2,D:\桌面\IACV\Assigment1\data\hpatches\v_birdwoman\1.ppm,D:\桌面\IACV\Assigment1\data\hpatches\v_birdwoman\2.ppm,222,2048,191,0.09326171875,3.0,1.5080002698821784,2048,222,176,46,191,0.1083984375,0.7927927927927928,0.0859375,0.9214659685863874,0.09326171875,3.0,1.5963197900228598,1.5978860414226497,True,165,0.7432432432432432,1.633272157796102,25.177580000308808,1.0894300430331294,nan,2048,2048,2097152,256,float32,1024,nan,2048,2048,2097152,nan,nan,nan,nan,24.76509999978589,0.15181409598882215,nan,nan,nan,nan,18.458559999999125,0.10815953929995911,superpoint_lightglue,superpoint,superpoint,lightglue,nan
hpatches,v_birdwoman,viewpoint,v_birdwoman_1_to_3,1,3,D:\桌面\IACV\Assigment1\data\hpatches\v_birdwoman\1.ppm,D:\桌面\IACV\Assigment1\data\hpatches\v_birdwoman\3.ppm,528,1989,473,0.23780794369029662,3.0,2.1885175487873325,1989,528,435,93,473,0.2654600301659125,0.8238636363636364,0.2187028657616893,0.919661733615222,0.23780794369029662,3.0,1.478286452289269,1.4458740323632302,True,434,0.821969696969697,1.3502030321958705,26.95696000009775,1.0333206108021114,nan,2048,2048,2097152,256,float32,1024,nan,2048,2048,2097152,nan,nan,nan,nan,24.76509999978589,0.15181409598882215,nan,nan,nan,nan,18.09097999939695,0.3263897800151623,superpoint_lightglue,superpoint,superpoint,lightglue,nan
hpatches,v_birdwoman,viewpoint,v_birdwoman_1_to_4,1,4,D:\桌面\IACV\Assigment1\data\hpatches\v_birdwoman\1.ppm,D:\桌面\IACV\Assigment1\data\hpatches\v_birdwoman\4.ppm,649,1988,632,0.317907444668008,3.0,0.7654045568581096,1988,649,599,50,632,0.32645875251509054,0.9229583975346687,0.301307847082495,0.9477848101265823,0.317907444668008,3.0,1.2287955440717746,1.1538428246794383,True,596,0.9183359013867488,1.2100071669288952,21.408619997964706,0.3358147411406964,nan,2048,2048,2097152,256,float32,1024,nan,2048,2048,2097152,nan,nan,nan,nan,24.76509999978589,0.15181409598882215,nan,nan,nan,nan,18.377859999600332,0.16460220881113805,superpoint_lightglue,superpoint,superpoint,lightglue,nan
hpatches,v_birdwoman,viewpoint,v_birdwoman_1_to_5,1,5,D:\桌面\IACV\Assigment1\data\hpatches\v_birdwoman\1.ppm,D:\桌面\IACV\Assigment1\data\hpatches\v_birdwoman\5.ppm,1148,1888,1103,0.5842161016949152,3.0,0.861771093300658,1888,1148,1076,72,1103,0.6080508474576272,0.9372822299651568,0.5699152542372882,0.9755213055303718,0.5842161016949152,3.0,1.0839208669466889,0.982780505617793,True,1078,0.9390243902439024,1.0859468100058312,19.12546000094153,0.1267993483813327,nan,2048,2048,2097152,256,float32,1024,nan,2048,2048,2097152,nan,nan,nan,nan,24.76509999978589,0.15181409598882215,nan,nan,nan,nan,18.092119999346323,0.1485976909202993,superpoint_lightglue,superpoint,superpoint,lightglue,nan
hpatches,v_birdwoman,viewpoint,v_birdwoman_1_to_6,1,6,D:\桌面\IACV\Assigment1\data\hpatches\v_birdwoman\1.ppm,D:\桌面\IACV\Assigment1\data\hpatches\v_birdwoman\6.ppm,513,2048,505,0.24658203125,3.0,1.7057120866421942,2048,513,484,29,505,0.25048828125,0.9434697855750487,0.236328125,0.9584158415841584,0.24658203125,3.0,1.3004241490921897,1.2530829834647483,True,460,0.8966861598440545,1.219726426821861,20.99210000160383,0.22109633216139443,nan,2048,2048,2097152,256,float32,1024,nan,2048,2048,2097152,nan,nan,nan,nan,24.76509999978589,0.15181409598882215,nan,nan,nan,nan,17.983079999976326,0.19142564476510762,superpoint_lightglue,superpoint,superpoint,lightglue,nan
hpatches,v_blueprint,viewpoint,v_blueprint_1_to_2,1,2,D:\桌面\IACV\Assigment1\data\hpatches\v_blueprint\1.ppm,D:\桌面\IACV\Assigment1\data\hpatches\v_blueprint\2.ppm,1420,2014,1344,0.6673286991062563,3.0,1.3493586155850827,2014,1420,1339,81,1344,0.70506454816286,0.9429577464788732,0.6648460774577954,0.9962797619047619,0.6673286991062563,3.0,1.1572275023864107,1.061563342627405,True,1329,0.9359154929577465,1.2159205068325576,15.426399999705609,0.669995482446423,nan,2048,2048,2097152,256,float32,1024,nan,2048,2048,2097152,nan,nan,nan,nan,26.277259999187663,0.30356894271968304,nan,nan,nan,nan,26.61375999887241,0.15015657962672532,superpoint_lightglue,superpoint,superpoint,lightglue,nan
hpatches,v_blueprint,viewpoint,v_blueprint_1_to_3,1,3,D:\桌面\IACV\Assigment1\data\hpatches\v_blueprint\1.ppm,D:\桌面\IACV\Assigment1\data\hpatches\v_blueprint\3.ppm,1287,1971,1110,0.563165905631659,3.0,2.6478683552402766,1971,1287,1075,212,1110,0.6529680365296804,0.8352758352758353,0.5454084221207509,0.9684684684684685,0.563165905631659,3.0,1.4253301969782404,1.3707903370998575,True,1033,0.8026418026418026,1.5056222534500423,20.1043800014304,0.4885650343455672,nan,2048,2048,2097152,256,float32,1024,nan,2048,2048,2097152,nan,nan,nan,nan,26.277259999187663,0.30356894271968304,nan,nan,nan,nan,26.554019999457523,0.14764670695169615,superpoint_lightglue,superpoint,superpoint,lightglue,nan
hpatches,v_blueprint,viewpoint,v_blueprint_1_to_4,1,4,D:\桌面\IACV\Assigment1\data\hpatches\v_blueprint\1.ppm,D:\桌面\IACV\Assigment1\data\hpatches\v_blueprint\4.ppm,1307,2013,1240,0.6159960258320915,3.0,0.6456598259356627,2013,1307,1221,86,1240,0.6492796820665673,0.9342004590665647,0.6065573770491803,0.9846774193548387,0.6159960258320915,3.0,1.107278321698836,1.0083876930283369,True,1232,0.9426166794185157,1.0987647075299383,12.257559999125078,0.17341906304410298,nan,2048,2048,2097152,256,float32,1024,nan,2048,2048,2097152,nan,nan,nan,nan,26.277259999187663,0.30356894271968304,nan,nan,nan,nan,26.540239999303594,0.10157863331970493,superpoint_lightglue,superpoint,superpoint,lightglue,nan
hpatches,v_blueprint,viewpoint,v_blueprint_1_to_5,1,5,D:\桌面\IACV\Assigment1\data\hpatches\v_blueprint\1.ppm,D:\桌面\IACV\Assigment1\data\hpatches\v_blueprint\5.ppm,1082,1935,1000,0.5167958656330749,3.0,1.9706534761357017,1935,1082,966,116,1000,0.5591731266149871,0.8927911275415896,0.4992248062015504,0.966,0.5167958656330749,3.0,1.3650327690360369,1.3044059115852502,True,963,0.890018484288355,1.4005865647406106,19.123539999418426,0.9921867268566129,nan,2048,2048,2097152,256,float32,1024,nan,2048,2048,2097152,nan,nan,nan,nan,26.277259999187663,0.30356894271968304,nan,nan,nan,nan,26.427299999340903,0.2337524765047915,superpoint_lightglue,superpoint,superpoint,lightglue,nan
hpatches,v_blueprint,viewpoint,v_blueprint_1_to_6,1,6,D:\桌面\IACV\Assigment1\data\hpatches\v_blueprint\1.ppm,D:\桌面\IACV\Assigment1\data\hpatches\v_blueprint\6.ppm,906,1906,760,0.3987408184679958,3.0,3.160341459294359,1906,906,703,203,760,0.4753410283315845,0.7759381898454746,0.3688352570828961,0.925,0.3987408184679958,3.0,1.5763500257542147,1.5580964368730987,True,692,0.7637969094922737,1.544783745764684,21.995960002823267,0.1074676449622809,nan,2048,2048,2097152,256,float32,1024,nan,2048,2048,2097152,nan,nan,nan,nan,26.277259999187663,0.30356894271968304,nan,nan,nan,nan,26.202259998535737,0.370800562935792,superpoint_lightglue,superpoint,superpoint,lightglue,nan
hpatches,v_boat,viewpoint,v_boat_1_to_2,1,2,D:\桌面\IACV\Assigment1\data\hpatches\v_boat\1.ppm,D:\桌面\IACV\Assigment1\data\hpatches\v_boat\2.ppm,1375,2039,1284,0.6297204512015694,3.0,1.195616695566698,2039,1375,1262,113,1284,0.674350171652771,0.9178181818181819,0.618930848455125,0.9828660436137072,0.6297204512015694,3.0,1.2189571947229205,1.077774872291235,True,1256,0.9134545454545454,1.2259240868828933,19.448420002299827,0.20445332266411462,nan,2048,2048,2097152,256,float32,1024,nan,2048,2048,2097152,nan,nan,nan,nan,16.76138000038918,0.20442256676732162,nan,nan,nan,nan,16.79022000025725,0.3307777064795897,superpoint_lightglue,superpoint,superpoint,lightglue,nan
hpatches,v_boat,viewpoint,v_boat_1_to_3,1,3,D:\桌面\IACV\Assigment1\data\hpatches\v_boat\1.ppm,D:\桌面\IACV\Assigment1\data\hpatches\v_boat\3.ppm,1123,2040,1063,0.5210784313725491,3.0,0.5668685397901391,2040,1123,1037,86,1063,0.5504901960784314,0.9234194122885129,0.5083333333333333,0.9755409219190969,0.5210784313725491,3.0,1.1417137169539946,0.9871547503870984,True,1040,0.9260908281389136,1.1626077459607167,22.82446000172058,0.17062183341330753,nan,2048,2048,2097152,256,float32,1024,nan,1957,1957,2003968,nan,nan,nan,nan,16.76138000038918,0.20442256676732162,nan,nan,nan,nan,16.968100001395214,0.1705138806540432,superpoint_lightglue,superpoint,superpoint,lightglue,nan
hpatches,v_boat,viewpoint,v_boat_1_to_4,1,4,D:\桌面\IACV\Assigment1\data\hpatches\v_boat\1.ppm,D:\桌面\IACV\Assigment1\data\hpatches\v_boat\4.ppm,739,2048,673,0.32861328125,3.0,2.6516752269508697,2048,739,586,153,673,0.36083984375,0.7929634641407307,0.2861328125,0.8707280832095097,0.32861328125,3.0,1.2902672754639644,1.1887902972636912,True,562,0.7604871447902571,1.4248894164303945,34.56270000024233,0.7407380696613236,nan,2048,2048,2097152,256,float32,1024,nan,1590,1590,1628160,nan,nan,nan,nan,16.76138000038918,0.20442256676732162,nan,nan,nan,nan,16.83546000131173,0.17404848357938438,superpoint_lightglue,superpoint,superpoint,lightglue,nan
hpatches,v_boat,viewpoint,v_boat_1_to_5,1,5,D:\桌面\IACV\Assigment1\data\hpatches\v_boat\1.ppm,D:\桌面\IACV\Assigment1\data\hpatches\v_boat\5.ppm,7,2048,571,0.27880859375,3.0,646.2586772627803,2048,7,0,7,571,0.00341796875,0.0,0.0,0.0,0.27880859375,3.0,nan,nan,True,4,0.5714285714285714,7.893266550631095e-13,19.876339999609627,0.14408571987557428,nan,2048,2048,2097152,256,float32,1024,nan,1627,1627,1666048,nan,nan,nan,nan,16.76138000038918,0.20442256676732162,nan,nan,nan,nan,16.622719999577384,0.3909220142277829,superpoint_lightglue,superpoint,superpoint,lightglue,nan
hpatches,v_boat,viewpoint,v_boat_1_to_6,1,6,D:\桌面\IACV\Assigment1\data\hpatches\v_boat\1.ppm,D:\桌面\IACV\Assigment1\data\hpatches\v_boat\6.ppm,353,2048,389,0.18994140625,3.0,0.9153742151185,2048,353,343,10,389,0.17236328125,0.9716713881019831,0.16748046875,0.8817480719794345,0.18994140625,3.0,1.2718634588928308,1.246117165244919,True,345,0.9773371104815864,1.278667181013117,24.952119999215938,0.7229603843022229,nan,2048,2048,2097152,256,float32,1024,nan,1207,1207,1235968,nan,nan,nan,nan,16.76138000038918,0.20442256676732162,nan,nan,nan,nan,16.868439999234397,0.365683949410178,superpoint_lightglue,superpoint,superpoint,lightglue,nan
hpatches,v_bricks,viewpoint,v_bricks_1_to_2,1,2,D:\桌面\IACV\Assigment1\data\hpatches\v_bricks\1.ppm,D:\桌面\IACV\Assigment1\data\hpatches\v_bricks\2.ppm,1451,1907,1408,0.7383324593602517,3.0,0.31773918203524915,1907,1451,1397,54,1408,0.7608809648662821,0.9627842866988284,0.7325642370214998,0.9921875,0.7383324593602517,3.0,0.9815117105545871,0.8606315233534244,True,1399,0.9641626464507237,0.9817805383249844,11.404359999869484,0.2187388277397328,nan,2048,2048,2097152,256,float32,1024,nan,2048,2048,2097152,nan,nan,nan,nan,19.503380001697224,0.1821484481952791,nan,nan,nan,nan,17.81840000039665,0.25954360689573025,superpoint_lightglue,superpoint,superpoint,lightglue,nan
hpatches,v_bricks,viewpoint,v_bricks_1_to_3,1,3,D:\桌面\IACV\Assigment1\data\hpatches\v_bricks\1.ppm,D:\桌面\IACV\Assigment1\data\hpatches\v_bricks\3.ppm,1363,1934,1304,0.6742502585315409,3.0,0.40933072468103243,1934,1363,1269,94,1304,0.704756980351603,0.9310344827586207,0.656153050672182,0.973159509202454,0.6742502585315409,3.0,1.0594721455220646,0.9500314723666682,True,1269,0.9310344827586207,1.0556843206334723,11.391860000730958,0.1264330411413156,nan,2048,2048,2097152,256,float32,1024,nan,2048,2048,2097152,nan,nan,nan,nan,19.503380001697224,0.1821484481952791,nan,nan,nan,nan,17.126199997437652,0.18113129965215366,superpoint_lightglue,superpoint,superpoint,lightglue,nan
hpatches,v_bricks,viewpoint,v_bricks_1_to_4,1,4,D:\桌面\IACV\Assigment1\data\hpatches\v_bricks\1.ppm,D:\桌面\IACV\Assigment1\data\hpatches\v_bricks\4.ppm,1122,1784,1048,0.5874439461883408,3.0,0.8649484046584401,1784,1121,1026,95,1048,0.6283632286995515,0.9152542372881356,0.5751121076233184,0.9790076335877863,0.5874439461883408,3.0,1.1595569573792706,1.0534736785379846,True,1024,0.9126559714795008,1.2060818829330535,14.789719997497741,0.15173516983965307,nan,2048,2048,2097152,256,float32,1024,nan,2048,2048,2097152,nan,nan,nan,nan,19.503380001697224,0.1821484481952791,nan,nan,nan,nan,17.541480001818854,0.4929626417613129,superpoint_lightglue,superpoint,superpoint,lightglue,nan
hpatches,v_bricks,viewpoint,v_bricks_1_to_5,1,5,D:\桌面\IACV\Assigment1\data\hpatches\v_bricks\1.ppm,D:\桌面\IACV\Assigment1\data\hpatches\v_bricks\5.ppm,980,1763,885,0.5019852524106636,3.0,1.4986926858599117,1763,980,840,140,885,0.5558706749858197,0.8571428571428571,0.476460578559274,0.9491525423728814,0.5019852524106636,3.0,1.290351642991482,1.189029781778474,True,828,0.8448979591836735,1.34603637414713,18.598320000455715,0.19714847617379527,nan,2048,2048,2097152,256,float32,1024,nan,2048,2048,2097152,nan,nan,nan,nan,19.503380001697224,0.1821484481952791,nan,nan,nan,nan,17.529000001377426,0.39971375744611637,superpoint_lightglue,superpoint,superpoint,lightglue,nan
hpatches,v_bricks,viewpoint,v_bricks_1_to_6,1,6,D:\桌面\IACV\Assigment1\data\hpatches\v_bricks\1.ppm,D:\桌面\IACV\Assigment1\data\hpatches\v_bricks\6.ppm,742,1670,637,0.38143712574850297,3.0,0.7573794816591694,1670,741,577,164,637,0.4437125748502994,0.7786774628879892,0.34550898203592817,0.9058084772370487,0.38143712574850297,3.0,1.463763642863326,1.4140208951124469,True,564,0.7601078167115903,1.463954552064419,23.23315999819897,0.7337719972172719,nan,2048,2048,2097152,256,float32,1024,nan,2048,2048,2097152,nan,nan,nan,nan,19.503380001697224,0.1821484481952791,nan,nan,nan,nan,17.421459998877253,0.2436705712376774,superpoint_lightglue,superpoint,superpoint,lightglue,nan
hpatches,v_busstop,viewpoint,v_busstop_1_to_2,1,2,D:\桌面\IACV\Assigment1\data\hpatches\v_busstop\1.ppm,D:\桌面\IACV\Assigment1\data\hpatches\v_busstop\2.ppm,1212,1955,1159,0.5928388746803069,3.0,0.8498630547077208,1955,1212,1158,54,1159,0.6199488491048594,0.9554455445544554,0.5923273657289002,0.999137187230371,0.5928388746803069,3.0,1.2569281041940823,1.1585469674566902,True,1127,0.9298679867986799,1.2346394929657234,11.274839998804964,0.07513562751355142,nan,2048,2048,2097152,256,float32,1024,nan,2048,2048,2097152,nan,nan,nan,nan,35.71395999897504,0.5140014392101614,nan,nan,nan,nan,35.82011999969836,0.2631115476083547,superpoint_lightglue,superpoint,superpoint,lightglue,nan
hpatches,v_busstop,viewpoint,v_busstop_1_to_3,1,3,D:\桌面\IACV\Assigment1\data\hpatches\v_busstop\1.ppm,D:\桌面\IACV\Assigment1\data\hpatches\v_busstop\3.ppm,1016,1727,852,0.493341053850608,3.0,1.5606377712073167,1727,1015,850,165,852,0.5877243775332948,0.8374384236453202,0.4921829762594094,0.9976525821596244,0.493341053850608,3.0,1.4054389670259093,1.3298935900732765,True,819,0.8061023622047244,1.3928615201045285,11.46084000065457,0.13607770884723924,nan,2048,2048,2097152,256,float32,1024,nan,2048,2048,2097152,nan,nan,nan,nan,35.71395999897504,0.5140014392101614,nan,nan,nan,nan,35.57474000117509,0.20237001521783773,superpoint_lightglue,superpoint,superpoint,lightglue,nan
hpatches,v_busstop,viewpoint,v_busstop_1_to_4,1,4,D:\桌面\IACV\Assigment1\data\hpatches\v_busstop\1.ppm,D:\桌面\IACV\Assigment1\data\hpatches\v_busstop\4.ppm,1078,1886,937,0.4968186638388123,3.0,1.3454642488172484,1886,1078,914,164,937,0.5715800636267232,0.8478664192949907,0.48462354188759277,0.9754535752401281,0.4968186638388123,3.0,1.4540606926968276,1.4153251263165358,True,927,0.859925788497217,1.4241288792871996,11.369959999865387,0.08138143883230985,nan,2048,2048,2097152,256,float32,1024,nan,2048,2048,2097152,nan,nan,nan,nan,35.71395999897504,0.5140014392101614,nan,nan,nan,nan,35.497280000709,0.3109537363160254,superpoint_lightglue,superpoint,superpoint,lightglue,nan
hpatches,v_busstop,viewpoint,v_busstop_1_to_5,1,5,D:\桌面\IACV\Assigment1\data\hpatches\v_busstop\1.ppm,D:\桌面\IACV\Assigment1\data\hpatches\v_busstop\5.ppm,1027,2048,957,0.46728515625,3.0,3.2392308317770904,2048,1027,951,76,957,0.50146484375,0.9259980525803311,0.46435546875,0.9937304075235109,0.46728515625,3.0,1.216131606301684,1.133665608615427,True,827,0.8052580331061344,1.1359995762944746,14.430919999722391,0.29011499370598653,nan,2048,2048,2097152,256,float32,1024,nan,2048,2048,2097152,nan,nan,nan,nan,35.71395999897504,0.5140014392101614,nan,nan,nan,nan,35.645939999085385,0.3267947020898417,superpoint_lightglue,superpoint,superpoint,lightglue,nan
hpatches,v_busstop,viewpoint,v_busstop_1_to_6,1,6,D:\桌面\IACV\Assigment1\data\hpatches\v_busstop\1.ppm,D:\桌面\IACV\Assigment1\data\hpatches\v_busstop\6.ppm,1231,2043,1201,0.5878609887420461,3.0,1.7298674649667323,2043,1231,1199,32,1201,0.6025452765540871,0.9740048740861088,0.5868820362212432,0.9983347210657785,0.5878609887420461,3.0,1.0663091911125933,0.973673709529135,True,1185,0.9626320064987814,1.0914874205374292,11.596899997675791,0.3534022353281373,nan,2048,2048,2097152,256,float32,1024,nan,2048,2048,2097152,nan,nan,nan,nan,35.71395999897504,0.5140014392101614,nan,nan,nan,nan,35.92586000158917,0.36230980349893405,superpoint_lightglue,superpoint,superpoint,lightglue,nan
hpatches,v_calder,viewpoint,v_calder_1_to_2,1,2,D:\桌面\IACV\Assigment1\data\hpatches\v_calder\1.ppm,D:\桌面\IACV\Assigment1\data\hpatches\v_calder\2.ppm,1168,2048,1127,0.55029296875,3.0,0.6760753137344986,2048,1168,1089,79,1127,0.5703125,0.9323630136986302,0.53173828125,0.966282165039929,0.55029296875,3.0,1.134135681508097,0.9993940148725738,True,1089,0.9323630136986302,1.1540046112047058,18.649399999412708,0.6597690530436958,nan,2048,2048,2097152,256,float32,1024,nan,2048,2048,2097152,nan,nan,nan,nan,21.471400000154972,0.05079964534641348,nan,nan,nan,nan,21.64616000081878,0.410449494457039,superpoint_lightglue,superpoint,superpoint,lightglue,nan
hpatches,v_calder,viewpoint,v_calder_1_to_3,1,3,D:\桌面\IACV\Assigment1\data\hpatches\v_calder\1.ppm,D:\桌面\IACV\Assigment1\data\hpatches\v_calder\3.ppm,1393,1879,1333,0.7094199042043641,3.0,0.8092693381611555,1879,1393,1302,91,1333,0.7413517828632251,0.9346733668341709,0.6929217668972858,0.9767441860465116,0.7094199042043641,3.0,1.2038513763154661,1.1045505689091102,True,1303,0.9353912419239052,1.205730004900992,18.8207000028342,0.037425659680038394,nan,2048,2048,2097152,256,float32,1024,nan,2048,2048,2097152,nan,nan,nan,nan,21.471400000154972,0.05079964534641348,nan,nan,nan,nan,21.188820000679698,0.153916645243727,superpoint_lightglue,superpoint,superpoint,lightglue,nan
hpatches,v_calder,viewpoint,v_calder_1_to_4,1,4,D:\桌面\IACV\Assigment1\data\hpatches\v_calder\1.ppm,D:\桌面\IACV\Assigment1\data\hpatches\v_calder\4.ppm,940,2048,911,0.44482421875,3.0,3.002859411595436,2048,940,859,81,911,0.458984375,0.9138297872340425,0.41943359375,0.9429198682766191,0.44482421875,3.0,1.2740952660113363,1.1740224824611587,True,848,0.902127659574468,1.4449356000126936,24.91786000173306,0.09147840602099994,nan,2048,2048,2097152,256,float32,1024,nan,2048,2048,2097152,nan,nan,nan,nan,21.471400000154972,0.05079964534641348,nan,nan,nan,nan,21.17646000115201,0.16548093255252974,superpoint_lightglue,superpoint,superpoint,lightglue,nan
hpatches,v_calder,viewpoint,v_calder_1_to_5,1,5,D:\桌面\IACV\Assigment1\data\hpatches\v_calder\1.ppm,D:\桌面\IACV\Assigment1\data\hpatches\v_calder\5.ppm,858,2048,848,0.4140625,3.0,1.0125639594479412,2048,858,815,43,848,0.4189453125,0.9498834498834499,0.39794921875,0.9610849056603774,0.4140625,3.0,1.251627962082159,1.1174626819278717,True,805,0.9382284382284383,1.2983508849185477,21.807599999010563,0.553929410421253,nan,2048,2048,2097152,256,float32,1024,nan,2048,2048,2097152,nan,nan,nan,nan,21.471400000154972,0.05079964534641348,nan,nan,nan,nan,21.863499999744818,0.27633357944026343,superpoint_lightglue,superpoint,superpoint,lightglue,nan
hpatches,v_calder,viewpoint,v_calder_1_to_6,1,6,D:\桌面\IACV\Assigment1\data\hpatches\v_calder\1.ppm,D:\桌面\IACV\Assigment1\data\hpatches\v_calder\6.ppm,723,2041,706,0.34590886820186184,3.0,0.8681622869838316,2041,723,665,58,706,0.35423811856932874,0.9197786998616874,0.3258206761391475,0.9419263456090652,0.34590886820186184,3.0,1.312602223895844,1.2305932689665773,True,658,0.9100968188105117,1.3151345090501827,28.51816000038525,0.21635160104454176,nan,2048,2048,2097152,256,float32,1024,nan,1953,1953,1999872,nan,nan,nan,nan,21.471400000154972,0.05079964534641348,nan,nan,nan,nan,21.057020001171622,0.10162711253979277,superpoint_lightglue,superpoint,superpoint,lightglue,nan
hpatches,v_cartooncity,viewpoint,v_cartooncity_1_to_2,1,2,D:\桌面\IACV\Assigment1\data\hpatches\v_cartooncity\1.ppm,D:\桌面\IACV\Assigment1\data\hpatches\v_cartooncity\2.ppm,1098,2048,1069,0.52197265625,3.0,0.14569271147854362,2048,1098,1068,30,1069,0.5361328125,0.9726775956284153,0.521484375,0.9990645463049579,0.52197265625,3.0,0.7333885738178884,0.683644643289567,True,1068,0.9726775956284153,0.7312255974204384,14.589580001484137,0.23672344209711396,nan,2048,2048,2097152,256,float32,1024,nan,2048,2048,2097152,nan,nan,nan,nan,27.393899999151472,0.10614831249934907,nan,nan,nan,nan,17.95552000112366,0.09004206356077157,superpoint_lightglue,superpoint,superpoint,lightglue,nan
hpatches,v_cartooncity,viewpoint,v_cartooncity_1_to_3,1,3,D:\桌面\IACV\Assigment1\data\hpatches\v_cartooncity\1.ppm,D:\桌面\IACV\Assigment1\data\hpatches\v_cartooncity\3.ppm,739,1884,768,0.40764331210191085,3.0,2.6095037653155337,1884,738,668,70,768,0.39171974522292996,0.9051490514905149,0.35456475583864117,0.8697916666666666,0.40764331210191085,3.0,1.1015831409437968,0.9695338759352943,True,685,0.9269282814614344,0.9875346285281181,17.95202000066638,0.18837022346582785,nan,2048,2048,2097152,256,float32,1024,nan,2048,2048,2097152,nan,nan,nan,nan,27.393899999151472,0.10614831249934907,nan,nan,nan,nan,18.317300001217518,0.5223806573865919,superpoint_lightglue,superpoint,superpoint,lightglue,nan
hpatches,v_cartooncity,viewpoint,v_cartooncity_1_to_4,1,4,D:\桌面\IACV\Assigment1\data\hpatches\v_cartooncity\1.ppm,D:\桌面\IACV\Assigment1\data\hpatches\v_cartooncity\4.ppm,1167,1642,1143,0.6961023142509135,3.0,0.3516175965619225,1642,1167,1141,26,1143,0.7107186358099878,0.9777206512425022,0.694884287454324,0.9982502187226596,0.6961023142509135,3.0,0.7028479125992869,0.641894692695067,True,1141,0.9777206512425022,0.6970821373299646,14.464059997408185,0.14023141811876572,nan,2048,2048,2097152,256,float32,1024,nan,2048,2048,2097152,nan,nan,nan,nan,27.393899999151472,0.10614831249934907,nan,nan,nan,nan,18.1003999983659,0.24088866991997143,superpoint_lightglue,superpoint,superpoint,lightglue,nan
hpatches,v_cartooncity,viewpoint,v_cartooncity_1_to_5,1,5,D:\桌面\IACV\Assigment1\data\hpatches\v_cartooncity\1.ppm,D:\桌面\IACV\Assigment1\data\hpatches\v_cartooncity\5.ppm,810,1857,729,0.3925686591276252,3.0,4.026665989659639,1857,810,696,114,729,0.43618739903069464,0.8592592592592593,0.37479806138933763,0.9547325102880658,0.3925686591276252,3.0,1.2751035168528662,1.1594708755177512,True,730,0.9012345679012346,1.1089454733673239,22.03736000083154,0.13683471178913031,nan,2048,2048,2097152,256,float32,1024,nan,2048,2048,2097152,nan,nan,nan,nan,27.393899999151472,0.10614831249934907,nan,nan,nan,nan,18.588019999151584,0.6509458821881148,superpoint_lightglue,superpoint,superpoint,lightglue,nan
hpatches,v_cartooncity,viewpoint,v_cartooncity_1_to_6,1,6,D:\桌面\IACV\Assigment1\data\hpatches\v_cartooncity\1.ppm,D:\桌面\IACV\Assigment1\data\hpatches\v_cartooncity\6.ppm,694,1898,715,0.3767123287671233,3.0,5.519402342027474,1898,694,615,79,715,0.3656480505795574,0.8861671469740634,0.3240252897787144,0.8601398601398601,0.3767123287671233,3.0,1.171791210442238,1.0480289716779063,True,637,0.9178674351585014,0.9554031074378271,18.99600000178907,0.6739261388205605,nan,2048,2048,2097152,256,float32,1024,nan,2048,2048,2097152,nan,nan,nan,nan,27.393899999151472,0.10614831249934907,nan,nan,nan,nan,18.11489999963669,0.17326678866099196,superpoint_lightglue,superpoint,superpoint,lightglue,nan
hpatches,v_charing,viewpoint,v_charing_1_to_2,1,2,D:\桌面\IACV\Assigment1\data\hpatches\v_charing\1.ppm,D:\桌面\IACV\Assigment1\data\hpatches\v_charing\2.ppm,1319,1569,1132,0.7214786488209051,3.0,4.281723283716247,1569,1319,1108,211,1132,0.8406628425748884,0.8400303260045489,0.7061822817080943,0.9787985865724381,0.7214786488209051,3.0,1.366868121910323,1.257456099299311,True,1079,0.8180439727065959,1.4362480261017314,31.751000000804197,0.17171111958362298,nan,2048,2048,2097152,256,float32,1024,nan,2048,2048,2097152,nan,nan,nan,nan,35.84496000112267,0.2660473841377847,nan,nan,nan,nan,36.276220000581816,0.2630861767421591,superpoint_lightglue,superpoint,superpoint,lightglue,nan
hpatches,v_charing,viewpoint,v_charing_1_to_3,1,3,D:\桌面\IACV\Assigment1\data\hpatches\v_charing\1.ppm,D:\桌面\IACV\Assigment1\data\hpatches\v_charing\3.ppm,811,1141,697,0.6108676599474145,3.0,101.55873780593866,1141,811,560,251,697,0.7107800175284837,0.6905055487053021,0.49079754601226994,0.8034433285509326,0.6108676599474145,3.0,1.590551900681504,1.59528699943837,True,523,0.6448828606658447,1.6032011855533865,31.543699999747332,0.5221347777865316,nan,2048,2048,2097152,256,float32,1024,nan,2048,2048,2097152,nan,nan,nan,nan,35.84496000112267,0.2660473841377847,nan,nan,nan,nan,36.407880000479054,0.44174877075604657,superpoint_lightglue,superpoint,superpoint,lightglue,nan
hpatches,v_charing,viewpoint,v_charing_1_to_4,1,4,D:\桌面\IACV\Assigment1\data\hpatches\v_charing\1.ppm,D:\桌面\IACV\Assigment1\data\hpatches\v_charing\4.ppm,1019,1133,858,0.7572815533980582,3.0,10.562416208375035,1133,1019,818,201,858,0.8993821712268314,0.802747791952895,0.7219770520741394,0.9533799533799534,0.7572815533980582,3.0,1.395162329472359,1.2990518252797276,True,811,0.7958783120706575,1.4698246050238084,27.172279999649618,0.7592230454972263,nan,2048,2048,2097152,256,float32,1024,nan,2048,2048,2097152,nan,nan,nan,nan,35.84496000112267,0.2660473841377847,nan,nan,nan,nan,35.9786000000895,0.08842201152964228,superpoint_lightglue,superpoint,superpoint,lightglue,nan
hpatches,v_charing,viewpoint,v_charing_1_to_5,1,5,D:\桌面\IACV\Assigment1\data\hpatches\v_charing\1.ppm,D:\桌面\IACV\Assigment1\data\hpatches\v_charing\5.ppm,884,974,696,0.7145790554414785,3.0,234.62714196416763,974,884,663,221,696,0.9075975359342916,0.75,0.6806981519507187,0.9525862068965517,0.7145790554414785,3.0,1.5062698624387483,1.4232016190502974,True,707,0.7997737556561086,1.4497213767241375,20.72457999747712,0.16715456767979106,nan,2048,2048,2097152,256,float32,1024,nan,2048,2048,2097152,nan,nan,nan,nan,35.84496000112267,0.2660473841377847,nan,nan,nan,nan,36.129679999430664,0.5007426823924647,superpoint_lightglue,superpoint,superpoint,lightglue,nan
hpatches,v_charing,viewpoint,v_charing_1_to_6,1,6,D:\桌面\IACV\Assigment1\data\hpatches\v_charing\1.ppm,D:\桌面\IACV\Assigment1\data\hpatches\v_charing\6.ppm,887,990,680,0.6868686868686869,3.0,1106.099943076272,990,887,649,238,680,0.895959595959596,0.7316798196166855,0.6555555555555556,0.9544117647058824,0.6868686868686869,3.0,1.5429678413889958,1.509199987046428,True,655,0.7384441939120632,1.4402176147786672,25.516059999063145,0.4546113456246814,nan,2048,2048,2097152,256,float32,1024,nan,2048,2048,2097152,nan,nan,nan,nan,35.84496000112267,0.2660473841377847,nan,nan,nan,nan,36.252859998785425,0.47176537679054753,superpoint_lightglue,superpoint,superpoint,lightglue,nan
hpatches,v_churchill,viewpoint,v_churchill_1_to_2,1,2,D:\桌面\IACV\Assigment1\data\hpatches\v_churchill\1.ppm,D:\桌面\IACV\Assigment1\data\hpatches\v_churchill\2.ppm,1139,1495,1048,0.7010033444816054,3.0,4.788573621104915,1495,1139,929,210,1048,0.7618729096989967,0.8156277436347673,0.6214046822742475,0.8864503816793893,0.7010033444816054,3.0,1.4051452889987597,1.3301969992574867,True,904,0.7936786654960492,1.4711692830859064,17.810600002121646,0.2177151439032969,nan,1783,1783,1825792,256,float32,1024,nan,1910,1910,1955840,nan,nan,nan,nan,22.317139997903723,0.5828930754168656,nan,nan,nan,nan,22.033640000154264,0.3291423966873363,superpoint_lightglue,superpoint,superpoint,lightglue,nan
hpatches,v_churchill,viewpoint,v_churchill_1_to_3,1,3,D:\桌面\IACV\Assigment1\data\hpatches\v_churchill\1.ppm,D:\桌面\IACV\Assigment1\data\hpatches\v_churchill\3.ppm,985,1490,893,0.5993288590604027,3.0,4.92442244621365,1490,985,808,177,893,0.6610738255033557,0.8203045685279188,0.5422818791946309,0.9048152295632699,0.5993288590604027,3.0,1.5202917659670756,1.4805831813608104,True,768,0.7796954314720812,1.5629356939110384,24.27540000062436,0.12448963056150229,nan,1783,1783,1825792,256,float32,1024,nan,1956,1956,2002944,nan,nan,nan,nan,22.317139997903723,0.5828930754168656,nan,nan,nan,nan,21.97918000019854,0.1707672989850844,superpoint_lightglue,superpoint,superpoint,lightglue,nan
hpatches,v_churchill,viewpoint,v_churchill_1_to_4,1,4,D:\桌面\IACV\Assigment1\data\hpatches\v_churchill\1.ppm,D:\桌面\IACV\Assigment1\data\hpatches\v_churchill\4.ppm,954,1610,852,0.529192546583851,3.0,5.9731976382336125,1610,954,785,169,852,0.5925465838509317,0.8228511530398323,0.48757763975155277,0.9213615023474179,0.529192546583851,3.0,1.4456293083045757,1.393135940071498,True,740,0.7756813417190775,1.4268699505142586,23.08484000095632,0.2311629599036532,nan,1783,1783,1825792,256,float32,1024,nan,1797,1797,1840128,nan,nan,nan,nan,22.317139997903723,0.5828930754168656,nan,nan,nan,nan,22.092579999298323,0.15281483515743277,superpoint_lightglue,superpoint,superpoint,lightglue,nan
hpatches,v_churchill,viewpoint,v_churchill_1_to_5,1,5,D:\桌面\IACV\Assigment1\data\hpatches\v_churchill\1.ppm,D:\桌面\IACV\Assigment1\data\hpatches\v_churchill\5.ppm,1278,1783,1209,0.67807066741447,3.0,1.3436446032593548,1783,1278,1165,113,1209,0.7167694896242288,0.9115805946791862,0.6533931575995513,0.9636062861869313,0.67807066741447,3.0,1.097685170406181,0.9467792970617693,True,1159,0.906885758998435,1.1327409090270533,10.230359998240601,0.29951925907098315,nan,1783,1783,1825792,256,float32,1024,nan,1659,1659,1698816,nan,nan,nan,nan,22.317139997903723,0.5828930754168656,nan,nan,nan,nan,22.122660002787597,0.36551869713896673,superpoint_lightglue,superpoint,superpoint,lightglue,nan
hpatches,v_churchill,viewpoint,v_churchill_1_to_6,1,6,D:\桌面\IACV\Assigment1\data\hpatches\v_churchill\1.ppm,D:\桌面\IACV\Assigment1\data\hpatches\v_churchill\6.ppm,771,1644,681,0.4142335766423358,3.0,3.985437757728504,1644,771,611,160,681,0.46897810218978103,0.7924773022049286,0.37165450121654503,0.8972099853157122,0.4142335766423358,3.0,1.4973985071789782,1.4725293547134848,True,596,0.7730220492866408,1.501098537171726,26.034140001866035,0.22591142119672414,nan,1783,1783,1825792,256,float32,1024,nan,1700,1700,1740800,nan,nan,nan,nan,22.317139997903723,0.5828930754168656,nan,nan,nan,nan,21.875920001184568,0.27761038700445123,superpoint_lightglue,superpoint,superpoint,lightglue,nan
hpatches,v_circus,viewpoint,v_circus_1_to_2,1,2,D:\桌面\IACV\Assigment1\data\hpatches\v_circus\1.ppm,D:\桌面\IACV\Assigment1\data\hpatches\v_circus\2.ppm,1486,2048,1419,0.69287109375,3.0,1.1809454269793467,2048,1486,1401,85,1419,0.7255859375,0.9427994616419919,0.68408203125,0.9873150105708245,0.69287109375,3.0,0.9499087779019082,0.8133937302903206,True,1396,0.9394347240915208,0.9666828373709025,15.721900000062305,0.4700151215437647,nan,2048,2048,2097152,256,float32,1024,nan,2048,2048,2097152,nan,nan,nan,nan,36.59106000268366,1.0485864329666337,nan,nan,nan,nan,36.17440000089118,0.16139531529549375,superpoint_lightglue,superpoint,superpoint,lightglue,nan
hpatches,v_circus,viewpoint,v_circus_1_to_3,1,3,D:\桌面\IACV\Assigment1\data\hpatches\v_circus\1.ppm,D:\桌面\IACV\Assigment1\data\hpatches\v_circus\3.ppm,1315,1856,980,0.5280172413793104,3.0,7.2661353463041465,1856,1315,929,386,980,0.7085129310344828,0.7064638783269962,0.5005387931034483,0.9479591836734694,0.5280172413793104,3.0,1.6307222116493145,1.6547534323356163,True,928,0.7057034220532319,1.5427224349352793,23.414000001503155,0.12552263684089246,nan,2048,2048,2097152,256,float32,1024,nan,2048,2048,2097152,nan,nan,nan,nan,36.59106000268366,1.0485864329666337,nan,nan,nan,nan,35.98994000203675,0.16916928352637586,superpoint_lightglue,superpoint,superpoint,lightglue,nan
hpatches,v_circus,viewpoint,v_circus_1_to_4,1,4,D:\桌面\IACV\Assigment1\data\hpatches\v_circus\1.ppm,D:\桌面\IACV\Assigment1\data\hpatches\v_circus\4.ppm,1093,1763,768,0.4356211003970505,3.0,11.90801615056722,1763,1092,692,400,768,0.6193987521270562,0.6336996336996337,0.39251276233692567,0.9010416666666666,0.4356211003970505,3.0,1.7498315923241943,1.7657878051706546,True,661,0.6047575480329369,1.6197615738921742,27.161000001069624,0.14640647796900658,nan,2048,2048,2097152,256,float32,1024,nan,2048,2048,2097152,nan,nan,nan,nan,36.59106000268366,1.0485864329666337,nan,nan,nan,nan,36.07358000008389,0.23920807281580742,superpoint_lightglue,superpoint,superpoint,lightglue,nan
hpatches,v_circus,viewpoint,v_circus_1_to_5,1,5,D:\桌面\IACV\Assigment1\data\hpatches\v_circus\1.ppm,D:\桌面\IACV\Assigment1\data\hpatches\v_circus\5.ppm,1478,1957,1245,0.6361778231987736,3.0,4.266429142476405,1957,1478,1211,267,1245,0.7552376085845682,0.8193504736129905,0.6188042922841084,0.9726907630522088,0.6361778231987736,3.0,1.5046956776132052,1.4453693870019935,True,1097,0.7422192151556157,1.4663340043532789,19.461259999661706,0.19645561007352663,nan,2048,2048,2097152,256,float32,1024,nan,2048,2048,2097152,nan,nan,nan,nan,36.59106000268366,1.0485864329666337,nan,nan,nan,nan,36.165920000348706,0.12792928236471876,superpoint_lightglue,superpoint,superpoint,lightglue,nan
hpatches,v_circus,viewpoint,v_circus_1_to_6,1,6,D:\桌面\IACV\Assigment1\data\hpatches\v_circus\1.ppm,D:\桌面\IACV\Assigment1\data\hpatches\v_circus\6.ppm,1318,2012,1004,0.4990059642147117,3.0,3.7838792062976516,2012,1318,958,360,1004,0.6550695825049702,0.7268588770864947,0.4761431411530815,0.954183266932271,0.4990059642147117,3.0,1.531018947992065,1.4841939238052295,True,947,0.7185128983308042,1.497920583548613,23.54159999958938,0.2249232124488626,nan,2048,2048,2097152,256,float32,1024,nan,2048,2048,2097152,nan,nan,nan,nan,36.59106000268366,1.0485864329666337,nan,nan,nan,nan,35.44152000104077,0.1940022826274179,superpoint_lightglue,superpoint,superpoint,lightglue,nan
hpatches,v_coffeehouse,viewpoint,v_coffeehouse_1_to_2,1,2,D:\桌面\IACV\Assigment1\data\hpatches\v_coffeehouse\1.ppm,D:\桌面\IACV\Assigment1\data\hpatches\v_coffeehouse\2.ppm,1008,2038,932,0.4573110893032385,3.0,1.6131978766548536,2038,1008,895,113,932,0.4946025515210991,0.8878968253968254,0.4391560353287537,0.9603004291845494,0.4573110893032385,3.0,1.2688945219729872,1.1751462450996275,True,883,0.8759920634920635,1.3179291019497357,17.598619998898357,0.18240650617615747,nan,2048,2048,2097152,256,float32,1024,nan,2048,2048,2097152,nan,nan,nan,nan,39.22897999727866,0.5746687162479942,nan,nan,nan,nan,39.185459999134764,0.09410922449337607,superpoint_lightglue,superpoint,superpoint,lightglue,nan
hpatches,v_coffeehouse,viewpoint,v_coffeehouse_1_to_3,1,3,D:\桌面\IACV\Assigment1\data\hpatches\v_coffeehouse\1.ppm,D:\桌面\IACV\Assigment1\data\hpatches\v_coffeehouse\3.ppm,1140,2048,1023,0.49951171875,3.0,1.807675518876828,2048,1140,991,149,1023,0.556640625,0.8692982456140351,0.48388671875,0.9687194525904204,0.49951171875,3.0,1.2928827548419597,1.2134557524109553,True,995,0.8728070175438597,1.3605734852225186,21.408839999639895,0.41562416709383676,nan,2048,2048,2097152,256,float32,1024,nan,2048,2048,2097152,nan,nan,nan,nan,39.22897999727866,0.5746687162479942,nan,nan,nan,nan,39.9065800011158,0.3417609411097628,superpoint_lightglue,superpoint,superpoint,lightglue,nan
hpatches,v_coffeehouse,viewpoint,v_coffeehouse_1_to_4,1,4,D:\桌面\IACV\Assigment1\data\hpatches\v_coffeehouse\1.ppm,D:\桌面\IACV\Assigment1\data\hpatches\v_coffeehouse\4.ppm,1292,1878,901,0.47976570820021297,3.0,4.865463569633391,1878,1292,871,421,901,0.6879659211927582,0.6741486068111455,0.4637912673056443,0.9667036625971143,0.47976570820021297,3.0,1.6933180449993628,1.712163351025716,True,837,0.6478328173374613,1.565965730527999,22.07821999763837,0.12678858769558482,nan,2048,2048,2097152,256,float32,1024,nan,2048,2048,2097152,nan,nan,nan,nan,39.22897999727866,0.5746687162479942,nan,nan,nan,nan,38.8760200003162,0.09444734840164608,superpoint_lightglue,superpoint,superpoint,lightglue,nan
hpatches,v_coffeehouse,viewpoint,v_coffeehouse_1_to_5,1,5,D:\桌面\IACV\Assigment1\data\hpatches\v_coffeehouse\1.ppm,D:\桌面\IACV\Assigment1\data\hpatches\v_coffeehouse\5.ppm,828,2048,770,0.3759765625,3.0,1.039555716465538,2048,828,743,85,770,0.404296875,0.8973429951690821,0.36279296875,0.964935064935065,0.3759765625,3.0,1.2155506534402416,1.1434201618444317,True,744,0.8985507246376812,1.2266728945205156,16.287559999909718,0.2161353902106316,nan,2048,2048,2097152,256,float32,1024,nan,2048,2048,2097152,nan,nan,nan,nan,39.22897999727866,0.5746687162479942,nan,nan,nan,nan,39.02283999923384,0.25776366252992994,superpoint_lightglue,superpoint,superpoint,lightglue,nan
hpatches,v_coffeehouse,viewpoint,v_coffeehouse_1_to_6,1,6,D:\桌面\IACV\Assigment1\data\hpatches\v_coffeehouse\1.ppm,D:\桌面\IACV\Assigment1\data\hpatches\v_coffeehouse\6.ppm,1004,1882,702,0.37300743889479276,3.0,6.833935660767097,1882,1004,664,340,702,0.5334750265674814,0.6613545816733067,0.3528161530286929,0.9458689458689459,0.37300743889479276,3.0,1.6641426846110494,1.6711848262973104,True,567,0.5647410358565738,1.7455013597722409,24.083719999180175,0.19230832945918083,nan,2048,2048,2097152,256,float32,1024,nan,2048,2048,2097152,nan,nan,nan,nan,39.22897999727866,0.5746687162479942,nan,nan,nan,nan,39.46580000047106,0.43103616711793863,superpoint_lightglue,superpoint,superpoint,lightglue,nan
hpatches,v_colors,viewpoint,v_colors_1_to_2,1,2,D:\桌面\IACV\Assigment1\data\hpatches\v_colors\1.ppm,D:\桌面\IACV\Assigment1\data\hpatches\v_colors\2.ppm,1170,1537,1128,0.7338972023422251,3.0,1.8724992400810865,1537,1170,929,241,1128,0.7612231620039037,0.794017094017094,0.6044242029928432,0.8235815602836879,0.7338972023422251,3.0,1.4306442557825272,1.3604378079505026,True,897,0.7666666666666667,1.4387734383130864,36.292760001379065,0.26456589235886463,nan,1740,1740,1781760,256,float32,1024,nan,1900,1900,1945600,nan,nan,nan,nan,42.12507999764057,0.09218413146753356,nan,nan,nan,nan,42.40439999994123,0.3824949777342765,superpoint_lightglue,superpoint,superpoint,lightglue,nan
hpatches,v_colors,viewpoint,v_colors_1_to_3,1,3,D:\桌面\IACV\Assigment1\data\hpatches\v_colors\1.ppm,D:\桌面\IACV\Assigment1\data\hpatches\v_colors\3.ppm,1123,1473,1040,0.7060420909708078,3.0,2.5595136662577054,1473,1123,846,277,1040,0.7623896809232859,0.7533392698130009,0.5743380855397149,0.8134615384615385,0.7060420909708078,3.0,1.4444480976210914,1.3930482627987584,True,837,0.7453250222617988,1.425416064336604,36.76866000023438,0.10901461606367545,nan,1740,1740,1781760,256,float32,1024,nan,2048,2048,2097152,nan,nan,nan,nan,42.12507999764057,0.09218413146753356,nan,nan,nan,nan,43.1918600021163,0.2414703340405862,superpoint_lightglue,superpoint,superpoint,lightglue,nan
hpatches,v_colors,viewpoint,v_colors_1_to_4,1,4,D:\桌面\IACV\Assigment1\data\hpatches\v_colors\1.ppm,D:\桌面\IACV\Assigment1\data\hpatches\v_colors\4.ppm,0,1371,64,0.046681254558716266,3.0,nan,1371,0,0,0,64,0.0,nan,0.0,0.0,0.046681254558716266,3.0,nan,nan,False,0,nan,nan,9.996599999431055,0.14772118137052903,nan,1740,1740,1781760,256,float32,1024,nan,2048,2048,2097152,nan,nan,nan,nan,42.12507999764057,0.09218413146753356,nan,nan,nan,nan,43.49919999949634,0.25864890362271115,superpoint_lightglue,superpoint,superpoint,lightglue,nan
hpatches,v_colors,viewpoint,v_colors_1_to_5,1,5,D:\桌面\IACV\Assigment1\data\hpatches\v_colors\1.ppm,D:\桌面\IACV\Assigment1\data\hpatches\v_colors\5.ppm,0,1384,63,0.04552023121387283,3.0,nan,1384,0,0,0,63,0.0,nan,0.0,0.0,0.04552023121387283,3.0,nan,nan,False,0,nan,nan,9.981899998092558,0.3081184390616849,nan,1740,1740,1781760,256,float32,1024,nan,2048,2048,2097152,nan,nan,nan,nan,42.12507999764057,0.09218413146753356,nan,nan,nan,nan,43.388019999838434,0.1909932921660366,superpoint_lightglue,superpoint,superpoint,lightglue,nan
hpatches,v_colors,viewpoint,v_colors_1_to_6,1,6,D:\桌面\IACV\Assigment1\data\hpatches\v_colors\1.ppm,D:\桌面\IACV\Assigment1\data\hpatches\v_colors\6.ppm,0,1397,64,0.04581245526127416,3.0,nan,1397,0,0,0,64,0.0,nan,0.0,0.0,0.04581245526127416,3.0,nan,nan,False,0,nan,nan,10.058380001282785,0.38711419602775576,nan,1740,1740,1781760,256,float32,1024,nan,2048,2048,2097152,nan,nan,nan,nan,42.12507999764057,0.09218413146753356,nan,nan,nan,nan,43.13609999953769,0.22148130447275632,superpoint_lightglue,superpoint,superpoint,lightglue,nan
hpatches,v_courses,viewpoint,v_courses_1_to_2,1,2,D:\桌面\IACV\Assigment1\data\hpatches\v_courses\1.ppm,D:\桌面\IACV\Assigment1\data\hpatches\v_courses\2.ppm,1753,2031,1621,0.7981290004923683,3.0,1.605698745346129,2031,1753,1602,151,1621,0.8631216149679961,0.9138619509412436,0.7887740029542097,0.9882788402220851,0.7981290004923683,3.0,1.189082755945448,1.0731755163399046,True,1597,0.9110096976611524,1.174070779588303,16.658340003050398,0.8775876414901598,nan,2048,2048,2097152,256,float32,1024,nan,2048,2048,2097152,nan,nan,nan,nan,30.611559997487348,0.17017601065239757,nan,nan,nan,nan,30.731879999802914,0.24089726733922925,superpoint_lightglue,superpoint,superpoint,lightglue,nan
hpatches,v_courses,viewpoint,v_courses_1_to_3,1,3,D:\桌面\IACV\Assigment1\data\hpatches\v_courses\1.ppm,D:\桌面\IACV\Assigment1\data\hpatches\v_courses\3.ppm,1563,2012,1246,0.6192842942345924,3.0,16.262497967981368,2012,1563,1190,373,1246,0.7768389662027833,0.7613563659628919,0.5914512922465208,0.9550561797752809,0.6192842942345924,3.0,1.4854338915335135,1.4170963732375172,True,1080,0.690978886756238,1.5422493019702164,24.907079998229165,0.2585776200222062,nan,2048,2048,2097152,256,float32,1024,nan,2048,2048,2097152,nan,nan,nan,nan,30.611559997487348,0.17017601065239757,nan,nan,nan,nan,30.655219999607652,0.2921419206947491,superpoint_lightglue,superpoint,superpoint,lightglue,nan
hpatches,v_courses,viewpoint,v_courses_1_to_4,1,4,D:\桌面\IACV\Assigment1\data\hpatches\v_courses\1.ppm,D:\桌面\IACV\Assigment1\data\hpatches\v_courses\4.ppm,1541,2046,1255,0.6133919843597263,3.0,3.0556147176890796,2046,1541,1225,316,1255,0.7531769305962854,0.7949383517196625,0.5987292277614858,0.9760956175298805,0.6133919843597263,3.0,1.501958464702066,1.4368696368842935,True,1224,0.7942894224529526,1.5327188844115434,19.972600000619423,0.19034774389729314,nan,2048,2048,2097152,256,float32,1024,nan,2048,2048,2097152,nan,nan,nan,nan,30.611559997487348,0.17017601065239757,nan,nan,nan,nan,30.429519999597687,0.18226564607292217,superpoint_lightglue,superpoint,superpoint,lightglue,nan
hpatches,v_courses,viewpoint,v_courses_1_to_5,1,5,D:\桌面\IACV\Assigment1\data\hpatches\v_courses\1.ppm,D:\桌面\IACV\Assigment1\data\hpatches\v_courses\5.ppm,1340,1983,880,0.4437720625315179,3.0,14.914682009787548,1983,1340,811,529,880,0.675743822491175,0.6052238805970149,0.40897629853756934,0.9215909090909091,0.4437720625315179,3.0,1.6934256703939174,1.6879591253175712,True,800,0.5970149253731343,1.574599934707478,23.84501999913482,0.24933305586469914,nan,2048,2048,2097152,256,float32,1024,nan,2048,2048,2097152,nan,nan,nan,nan,30.611559997487348,0.17017601065239757,nan,nan,nan,nan,30.69034000072861,0.3372653036856721,superpoint_lightglue,superpoint,superpoint,lightglue,nan
hpatches,v_courses,viewpoint,v_courses_1_to_6,1,6,D:\桌面\IACV\Assigment1\data\hpatches\v_courses\1.ppm,D:\桌面\IACV\Assigment1\data\hpatches\v_courses\6.ppm,1246,1928,766,0.39730290456431533,3.0,11.171048705974837,1928,1245,662,583,766,0.645746887966805,0.5317269076305221,0.3433609958506224,0.8642297650130548,0.39730290456431533,3.0,1.7464466269995165,1.8193417419174036,True,680,0.5457463884430177,1.630570924846292,23.732399998698384,0.23304461338356264,nan,2048,2048,2097152,256,float32,1024,nan,2048,2048,2097152,nan,nan,nan,nan,30.611559997487348,0.17017601065239757,nan,nan,nan,nan,30.68638000113424,0.23762474153860302,superpoint_lightglue,superpoint,superpoint,lightglue,nan
hpatches,v_dirtywall,viewpoint,v_dirtywall_1_to_2,1,2,D:\桌面\IACV\Assigment1\data\hpatches\v_dirtywall\1.ppm,D:\桌面\IACV\Assigment1\data\hpatches\v_dirtywall\2.ppm,1341,2047,1283,0.626770884220811,3.0,0.43134529727945947,2047,1341,1272,69,1283,0.655105031753786,0.9485458612975392,0.6213971665852467,0.9914263445050663,0.626770884220811,3.0,0.9593370132438866,0.8606276909233271,True,1268,0.9455630126771066,0.9552744865302669,11.672540001745801,0.1822517220597429,nan,2048,2048,2097152,256,float32,1024,nan,2048,2048,2097152,nan,nan,nan,nan,27.798579997033812,0.12805219857786834,nan,nan,nan,nan,28.240379998169374,0.4713333154940547,superpoint_lightglue,superpoint,superpoint,lightglue,nan
hpatches,v_dirtywall,viewpoint,v_dirtywall_1_to_3,1,3,D:\桌面\IACV\Assigment1\data\hpatches\v_dirtywall\1.ppm,D:\桌面\IACV\Assigment1\data\hpatches\v_dirtywall\3.ppm,1177,2037,1080,0.5301914580265096,3.0,0.542083964428355,2037,1177,1067,110,1080,0.5778105056455571,0.9065420560747663,0.5238095238095238,0.9879629629629629,0.5301914580265096,3.0,1.0306252034131675,0.9483615537742378,True,1068,0.907391673746814,1.04648796773369,14.8427600011928,0.2532000428451845,nan,2048,2048,2097152,256,float32,1024,nan,2048,2048,2097152,nan,nan,nan,nan,27.798579997033812,0.12805219857786834,nan,nan,nan,nan,28.10793999960879,0.18977310177315232,superpoint_lightglue,superpoint,superpoint,lightglue,nan
hpatches,v_dirtywall,viewpoint,v_dirtywall_1_to_4,1,4,D:\桌面\IACV\Assigment1\data\hpatches\v_dirtywall\1.ppm,D:\桌面\IACV\Assigment1\data\hpatches\v_dirtywall\4.ppm,979,2007,877,0.4369706028898854,3.0,0.9275945447267169,2007,979,857,122,877,0.4877927254608869,0.8753830439223698,0.42700548081714,0.9771949828962372,0.4369706028898854,3.0,1.2282297910152853,1.1547016283638294,True,848,0.8661899897854954,1.246122060358136,18.36573999898974,0.06086179780961009,nan,2048,2048,2097152,256,float32,1024,nan,2048,2048,2097152,nan,nan,nan,nan,27.798579997033812,0.12805219857786834,nan,nan,nan,nan,28.418539998529013,0.3226058077892369,superpoint_lightglue,superpoint,superpoint,lightglue,nan
hpatches,v_dirtywall,viewpoint,v_dirtywall_1_to_5,1,5,D:\桌面\IACV\Assigment1\data\hpatches\v_dirtywall\1.ppm,D:\桌面\IACV\Assigment1\data\hpatches\v_dirtywall\5.ppm,1020,2019,964,0.4774640911342249,3.0,1.1358048453463154,2019,1020,949,71,964,0.5052005943536404,0.9303921568627451,0.47003467062902426,0.9844398340248963,0.4774640911342249,3.0,1.1224811492987379,1.010318886443378,True,944,0.9254901960784314,1.1003286933151826,11.708519999228884,0.1106754594660492,nan,2048,2048,2097152,256,float32,1024,nan,2048,2048,2097152,nan,nan,nan,nan,27.798579997033812,0.12805219857786834,nan,nan,nan,nan,28.316439999616705,0.14226141514082424,superpoint_lightglue,superpoint,superpoint,lightglue,nan
hpatches,v_dirtywall,viewpoint,v_dirtywall_1_to_6,1,6,D:\桌面\IACV\Assigment1\data\hpatches\v_dirtywall\1.ppm,D:\桌面\IACV\Assigment1\data\hpatches\v_dirtywall\6.ppm,611,2046,540,0.26392961876832843,3.0,1.4947153569156193,2046,611,523,88,540,0.2986314760508309,0.855973813420622,0.25562072336265884,0.9685185185185186,0.26392961876832843,3.0,1.281126457672268,1.1468805305613756,True,533,0.8723404255319149,1.276118306330124,17.514719998871442,0.19514485248792687,nan,2048,2048,2097152,256,float32,1024,nan,2048,2048,2097152,nan,nan,nan,nan,27.798579997033812,0.12805219857786834,nan,nan,nan,nan,28.56399999873247,0.4121857791003566,superpoint_lightglue,superpoint,superpoint,lightglue,nan
hpatches,v_dogman,viewpoint,v_dogman_1_to_2,1,2,D:\桌面\IACV\Assigment1\data\hpatches\v_dogman\1.ppm,D:\桌面\IACV\Assigment1\data\hpatches\v_dogman\2.ppm,1305,1780,1219,0.6848314606741573,3.0,1.700004242695244,1780,1305,1137,168,1219,0.7331460674157303,0.871264367816092,0.6387640449438202,0.9327317473338802,0.6848314606741573,3.0,1.2816590558304866,1.166662561053662,True,1125,0.8620689655172413,1.217977648223037,20.072359999176115,0.3143063075771299,nan,2048,2048,2097152,256,float32,1024,nan,2048,2048,2097152,nan,nan,nan,nan,12.53428000054555,0.26878424975985193,nan,nan,nan,nan,12.712839999585412,0.1076949515275062,superpoint_lightglue,superpoint,superpoint,lightglue,nan
hpatches,v_dogman,viewpoint,v_dogman_1_to_3,1,3,D:\桌面\IACV\Assigment1\data\hpatches\v_dogman\1.ppm,D:\桌面\IACV\Assigment1\data\hpatches\v_dogman\3.ppm,1378,2047,1308,0.6389838788470933,3.0,0.6599350652580318,2047,1377,1249,128,1308,0.6726917440156326,0.9070442992011619,0.6101612115290669,0.9548929663608563,0.6389838788470933,3.0,1.0871828411183317,0.9553029199450579,True,1246,0.9042089985486212,1.0692388320215123,20.241539998096414,0.496364424208175,nan,2048,2048,2097152,256,float32,1024,nan,2048,2048,2097152,nan,nan,nan,nan,12.53428000054555,0.26878424975985193,nan,nan,nan,nan,12.823879999632481,0.26768679642274823,superpoint_lightglue,superpoint,superpoint,lightglue,nan
hpatches,v_dogman,viewpoint,v_dogman_1_to_4,1,4,D:\桌面\IACV\Assigment1\data\hpatches\v_dogman\1.ppm,D:\桌面\IACV\Assigment1\data\hpatches\v_dogman\4.ppm,795,1728,687,0.3975694444444444,3.0,5.743251143727206,1728,795,590,205,687,0.4600694444444444,0.7421383647798742,0.3414351851851852,0.858806404657933,0.3975694444444444,3.0,1.523806515439211,1.5195598686737526,True,611,0.7685534591194969,1.541650159557936,29.87859999993816,0.48353581463174766,nan,2048,2048,2097152,256,float32,1024,nan,2048,2048,2097152,nan,nan,nan,nan,12.53428000054555,0.26878424975985193,nan,nan,nan,nan,13.36390000069514,0.8226352721959613,superpoint_lightglue,superpoint,superpoint,lightglue,nan
hpatches,v_dogman,viewpoint,v_dogman_1_to_5,1,5,D:\桌面\IACV\Assigment1\data\hpatches\v_dogman\1.ppm,D:\桌面\IACV\Assigment1\data\hpatches\v_dogman\5.ppm,1097,1734,1029,0.5934256055363322,3.0,4.722499463183395,1734,1097,938,159,1029,0.6326412918108419,0.8550592525068368,0.5409457900807382,0.9115646258503401,0.5934256055363322,3.0,1.3865573504027744,1.322959499440845,True,917,0.8359161349134002,1.4314185292250117,24.37665999896126,0.772395209042696,nan,2048,2048,2097152,256,float32,1024,nan,2048,2048,2097152,nan,nan,nan,nan,12.53428000054555,0.26878424975985193,nan,nan,nan,nan,12.880940001923591,0.33485224647414036,superpoint_lightglue,superpoint,superpoint,lightglue,nan
hpatches,v_dogman,viewpoint,v_dogman_1_to_6,1,6,D:\桌面\IACV\Assigment1\data\hpatches\v_dogman\1.ppm,D:\桌面\IACV\Assigment1\data\hpatches\v_dogman\6.ppm,590,1508,504,0.33421750663129973,3.0,50.072572021968725,1508,590,405,185,504,0.3912466843501326,0.6864406779661016,0.26856763925729443,0.8035714285714286,0.33421750663129973,3.0,1.5875866280503173,1.6120118678397608,True,405,0.6864406779661016,1.6579264297890133,29.43327999819303,0.2071417606877635,nan,2048,2048,2097152,256,float32,1024,nan,1912,1912,1957888,nan,nan,nan,nan,12.53428000054555,0.26878424975985193,nan,nan,nan,nan,12.583659998199437,0.22898676522622027,superpoint_lightglue,superpoint,superpoint,lightglue,nan
hpatches,v_eastsouth,viewpoint,v_eastsouth_1_to_2,1,2,D:\桌面\IACV\Assigment1\data\hpatches\v_eastsouth\1.ppm,D:\桌面\IACV\Assigment1\data\hpatches\v_eastsouth\2.ppm,831,1261,793,0.6288659793814433,3.0,0.6729630253165668,1261,831,779,52,793,0.6590007930214116,0.937424789410349,0.6177636796193497,0.9823455233291298,0.6288659793814433,3.0,1.0697449777868908,0.9057374380971608,True,782,0.941034897713598,1.119521056431009,10.408459998143371,0.09224828603042055,nan,1261,1261,1291264,256,float32,1024,nan,1245,1245,1274880,nan,nan,nan,nan,16.869339998811483,0.32564548576856645,nan,nan,nan,nan,16.93941999983508,0.13920323897151946,superpoint_lightglue,superpoint,superpoint,lightglue,nan
hpatches,v_eastsouth,viewpoint,v_eastsouth_1_to_3,1,3,D:\桌面\IACV\Assigment1\data\hpatches\v_eastsouth\1.ppm,D:\桌面\IACV\Assigment1\data\hpatches\v_eastsouth\3.ppm,633,1250,611,0.4888,3.0,0.4594696200218903,1250,633,599,34,611,0.5064,0.9462875197472354,0.4792,0.9803600654664485,0.4888,3.0,1.0474984216197378,0.8833220208869492,True,601,0.9494470774091627,1.0575777724200097,15.896700001030695,0.18211630482310687,nan,1261,1261,1291264,256,float32,1024,nan,1119,1119,1145856,nan,nan,nan,nan,16.869339998811483,0.32564548576856645,nan,nan,nan,nan,17.200259999663103,0.45468119991892936,superpoint_lightglue,superpoint,superpoint,lightglue,nan
hpatches,v_eastsouth,viewpoint,v_eastsouth_1_to_4,1,4,D:\桌面\IACV\Assigment1\data\hpatches\v_eastsouth\1.ppm,D:\桌面\IACV\Assigment1\data\hpatches\v_eastsouth\4.ppm,21,1246,456,0.36597110754414125,3.0,377.8921901201776,1246,21,0,21,456,0.016853932584269662,0.0,0.0,0.0,0.36597110754414125,3.0,nan,nan,True,4,0.19047619047619047,8.840192990952736e-13,10.058280000521336,0.08456763972523561,nan,1261,1261,1291264,256,float32,1024,nan,1129,1129,1156096,nan,nan,nan,nan,16.869339998811483,0.32564548576856645,nan,nan,nan,nan,16.884960001334548,0.2618272160768878,superpoint_lightglue,superpoint,superpoint,lightglue,nan
hpatches,v_eastsouth,viewpoint,v_eastsouth_1_to_5,1,5,D:\桌面\IACV\Assigment1\data\hpatches\v_eastsouth\1.ppm,D:\桌面\IACV\Assigment1\data\hpatches\v_eastsouth\5.ppm,340,1261,338,0.26804123711340205,3.0,0.2317116301135328,1261,340,328,12,338,0.2696272799365583,0.9647058823529412,0.26011102299762096,0.9704142011834319,0.26804123711340205,3.0,1.1154888665258393,1.04679511205039,True,326,0.9588235294117647,1.1047508370805164,20.364679998601787,0.23098626340454317,nan,1261,1261,1291264,256,float32,1024,nan,1119,1119,1145856,nan,nan,nan,nan,16.869339998811483,0.32564548576856645,nan,nan,nan,nan,16.56684000045061,0.276430509970528,superpoint_lightglue,superpoint,superpoint,lightglue,nan
hpatches,v_eastsouth,viewpoint,v_eastsouth_1_to_6,1,6,D:\桌面\IACV\Assigment1\data\hpatches\v_eastsouth\1.ppm,D:\桌面\IACV\Assigment1\data\hpatches\v_eastsouth\6.ppm,221,1261,233,0.18477398889770025,3.0,0.8162525991644529,1261,221,210,11,233,0.17525773195876287,0.9502262443438914,0.16653449643140364,0.9012875536480687,0.18477398889770025,3.0,1.1437654603462666,1.0157951466949058,True,210,0.9502262443438914,1.1246413629647738,20.708900000317954,0.31004353993904443,nan,1261,1261,1291264,256,float32,1024,nan,1115,1115,1141760,nan,nan,nan,nan,16.869339998811483,0.32564548576856645,nan,nan,nan,nan,16.58463999920059,0.07852101861758158,superpoint_lightglue,superpoint,superpoint,lightglue,nan
hpatches,v_feast,viewpoint,v_feast_1_to_2,1,2,D:\桌面\IACV\Assigment1\data\hpatches\v_feast\1.ppm,D:\桌面\IACV\Assigment1\data\hpatches\v_feast\2.ppm,1134,2048,1085,0.52978515625,3.0,0.7321694907060273,2048,1134,1082,52,1085,0.5537109375,0.9541446208112875,0.5283203125,0.9972350230414746,0.52978515625,3.0,0.8007854331980432,0.7273885739211785,True,1085,0.9567901234567902,0.8442923508620952,11.892660000012256,0.6400945965328189,nan,2048,2048,2097152,256,float32,1024,nan,2048,2048,2097152,nan,nan,nan,nan,36.15926000056788,0.26295402472029583,nan,nan,nan,nan,36.083020000660326,0.09664831886870189,superpoint_lightglue,superpoint,superpoint,lightglue,nan
hpatches,v_feast,viewpoint,v_feast_1_to_3,1,3,D:\桌面\IACV\Assigment1\data\hpatches\v_feast\1.ppm,D:\桌面\IACV\Assigment1\data\hpatches\v_feast\3.ppm,1232,2048,1032,0.50390625,3.0,1.1429185713194914,2048,1232,1031,201,1032,0.6015625,0.8368506493506493,0.50341796875,0.999031007751938,0.50390625,3.0,1.2624215403485022,1.1602725431212066,True,1002,0.8133116883116883,1.1853416464794304,15.186640001775231,0.4786618300053171,nan,2048,2048,2097152,256,float32,1024,nan,2048,2048,2097152,nan,nan,nan,nan,36.15926000056788,0.26295402472029583,nan,nan,nan,nan,36.14858000073582,0.20150518834130335,superpoint_lightglue,superpoint,superpoint,lightglue,nan
hpatches,v_feast,viewpoint,v_feast_1_to_4,1,4,D:\桌面\IACV\Assigment1\data\hpatches\v_feast\1.ppm,D:\桌面\IACV\Assigment1\data\hpatches\v_feast\4.ppm,907,2048,690,0.3369140625,3.0,1.1590267984372984,2048,907,672,235,690,0.44287109375,0.74090407938258,0.328125,0.9739130434782609,0.3369140625,3.0,1.3074002193514551,1.2189637623060485,True,659,0.7265711135611908,1.3394461494974872,18.633280000358354,0.3417692478619708,nan,2048,2048,2097152,256,float32,1024,nan,2048,2048,2097152,nan,nan,nan,nan,36.15926000056788,0.26295402472029583,nan,nan,nan,nan,36.40231999888783,0.35893890473151185,superpoint_lightglue,superpoint,superpoint,lightglue,nan
hpatches,v_feast,viewpoint,v_feast_1_to_5,1,5,D:\桌面\IACV\Assigment1\data\hpatches\v_feast\1.ppm,D:\桌面\IACV\Assigment1\data\hpatches\v_feast\5.ppm,1073,2039,848,0.41589014222658166,3.0,1.4789461037015685,2039,1073,838,235,848,0.5262383521333988,0.7809878844361603,0.4109857773418342,0.9882075471698113,0.41589014222658166,3.0,1.3315572161800973,1.254362872146773,True,835,0.7781919850885368,1.3534735915366067,14.552000000549015,0.1909094447074458,nan,2048,2048,2097152,256,float32,1024,nan,2048,2048,2097152,nan,nan,nan,nan,36.15926000056788,0.26295402472029583,nan,nan,nan,nan,36.700699997891206,1.1016118645158612,superpoint_lightglue,superpoint,superpoint,lightglue,nan
hpatches,v_feast,viewpoint,v_feast_1_to_6,1,6,D:\桌面\IACV\Assigment1\data\hpatches\v_feast\1.ppm,D:\桌面\IACV\Assigment1\data\hpatches\v_feast\6.ppm,939,2041,695,0.34051935325820676,3.0,5.165139563316201,2041,939,680,259,695,0.4600685938265556,0.724174653887114,0.33317001469867713,0.9784172661870504,0.34051935325820676,3.0,1.4028800593899147,1.3214595568367775,True,672,0.7156549520766773,1.3365536288368098,19.428700003481936,0.1429225262817316,nan,2048,2048,2097152,256,float32,1024,nan,2048,2048,2097152,nan,nan,nan,nan,36.15926000056788,0.26295402472029583,nan,nan,nan,nan,36.61901999876136,0.15533517777400302,superpoint_lightglue,superpoint,superpoint,lightglue,nan
hpatches,v_fest,viewpoint,v_fest_1_to_2,1,2,D:\桌面\IACV\Assigment1\data\hpatches\v_fest\1.ppm,D:\桌面\IACV\Assigment1\data\hpatches\v_fest\2.ppm,1285,1602,1239,0.7734082397003745,3.0,0.8149334164735209,1602,1285,1238,47,1239,0.8021223470661673,0.9634241245136187,0.7727840199750312,0.9991928974979822,0.7734082397003745,3.0,1.058592148842264,0.979500304287036,True,1240,0.9649805447470817,1.0612774186989127,12.295420000737067,0.07460668477990907,nan,2048,2048,2097152,256,float32,1024,nan,2048,2048,2097152,nan,nan,nan,nan,26.244019997830037,0.1490344454588591,nan,nan,nan,nan,26.330579997738823,0.08921496598276712,superpoint_lightglue,superpoint,superpoint,lightglue,nan
hpatches,v_fest,viewpoint,v_fest_1_to_3,1,3,D:\桌面\IACV\Assigment1\data\hpatches\v_fest\1.ppm,D:\桌面\IACV\Assigment1\data\hpatches\v_fest\3.ppm,935,1530,797,0.5209150326797386,3.0,3.714012922006511,1530,935,795,140,797,0.6111111111111112,0.8502673796791443,0.5196078431372549,0.9974905897114178,0.5209150326797386,3.0,1.496625095988937,1.4586078776299152,True,700,0.7486631016042781,1.3005380384773362,18.17058000015095,0.5309285775305084,nan,2048,2048,2097152,256,float32,1024,nan,2048,2048,2097152,nan,nan,nan,nan,26.244019997830037,0.1490344454588591,nan,nan,nan,nan,26.51742000161903,0.2117963028998731,superpoint_lightglue,superpoint,superpoint,lightglue,nan
hpatches,v_fest,viewpoint,v_fest_1_to_4,1,4,D:\桌面\IACV\Assigment1\data\hpatches\v_fest\1.ppm,D:\桌面\IACV\Assigment1\data\hpatches\v_fest\4.ppm,1030,1365,947,0.6937728937728938,3.0,4.6810236813613715,1365,1030,943,87,947,0.7545787545787546,0.9155339805825242,0.6908424908424908,0.9957761351636748,0.6937728937728938,3.0,1.3167335345730884,1.2426343190031923,True,886,0.8601941747572815,1.358916427813325,12.115499998617452,0.22358476624575502,nan,2048,2048,2097152,256,float32,1024,nan,2048,2048,2097152,nan,nan,nan,nan,26.244019997830037,0.1490344454588591,nan,nan,nan,nan,26.605920001748018,0.3662962963222267,superpoint_lightglue,superpoint,superpoint,lightglue,nan
hpatches,v_fest,viewpoint,v_fest_1_to_5,1,5,D:\桌面\IACV\Assigment1\data\hpatches\v_fest\1.ppm,D:\桌面\IACV\Assigment1\data\hpatches\v_fest\5.ppm,989,1761,884,0.5019875070982396,3.0,1.7933575687897454,1761,989,873,116,884,0.5616127200454287,0.8827098078867543,0.4957410562180579,0.9875565610859729,0.5019875070982396,3.0,1.4511115440930298,1.4070213556602489,True,871,0.8806875631951466,1.4475057960156064,19.483219999528956,0.7486126300059481,nan,2048,2048,2097152,256,float32,1024,nan,2048,2048,2097152,nan,nan,nan,nan,26.244019997830037,0.1490344454588591,nan,nan,nan,nan,26.55157999979565,0.41460810436137485,superpoint_lightglue,superpoint,superpoint,lightglue,nan
hpatches,v_fest,viewpoint,v_fest_1_to_6,1,6,D:\桌面\IACV\Assigment1\data\hpatches\v_fest\1.ppm,D:\桌面\IACV\Assigment1\data\hpatches\v_fest\6.ppm,868,1661,738,0.44431065623118604,3.0,2.5214247268218477,1661,868,707,161,738,0.5225767609873571,0.8145161290322581,0.42564720048163757,0.9579945799457995,0.44431065623118604,3.0,1.4981976373109482,1.4448272061027636,True,699,0.8052995391705069,1.5373073190192597,19.158060001791455,1.049812741338168,nan,2048,2048,2097152,256,float32,1024,nan,2048,2048,2097152,nan,nan,nan,nan,26.244019997830037,0.1490344454588591,nan,nan,nan,nan,26.30071999883512,0.26204035108868823,superpoint_lightglue,superpoint,superpoint,lightglue,nan
hpatches,v_gardens,viewpoint,v_gardens_1_to_2,1,2,D:\桌面\IACV\Assigment1\data\hpatches\v_gardens\1.ppm,D:\桌面\IACV\Assigment1\data\hpatches\v_gardens\2.ppm,1328,1927,1237,0.6419304618578101,3.0,2.5954891445760646,1927,1328,1214,114,1237,0.6891541255838091,0.9141566265060241,0.6299948105864037,0.9814066289409863,0.6419304618578101,3.0,1.1602748948180672,1.0531217583329897,True,1182,0.8900602409638554,1.1680566290928336,20.74970000103349,0.1439642729141383,nan,2048,2048,2097152,256,float32,1024,nan,2048,2048,2097152,nan,nan,nan,nan,26.431980000052135,0.2749482157654884,nan,nan,nan,nan,26.64529999892693,0.12780806021405877,superpoint_lightglue,superpoint,superpoint,lightglue,nan
hpatches,v_gardens,viewpoint,v_gardens_1_to_3,1,3,D:\桌面\IACV\Assigment1\data\hpatches\v_gardens\1.ppm,D:\桌面\IACV\Assigment1\data\hpatches\v_gardens\3.ppm,887,1767,707,0.40011318619128466,3.0,7.998846465060569,1767,887,669,218,707,0.5019807583474816,0.7542277339346111,0.37860780984719866,0.9462517680339463,0.40011318619128466,3.0,1.59490553488505,1.5492980272889139,True,647,0.7294250281848929,1.5028723878600259,27.228640000976156,1.2870498729547237,nan,2048,2048,2097152,256,float32,1024,nan,2048,2048,2097152,nan,nan,nan,nan,26.431980000052135,0.2749482157654884,nan,nan,nan,nan,26.58217999851331,0.20019241067918003,superpoint_lightglue,superpoint,superpoint,lightglue,nan
hpatches,v_gardens,viewpoint,v_gardens_1_to_4,1,4,D:\桌面\IACV\Assigment1\data\hpatches\v_gardens\1.ppm,D:\桌面\IACV\Assigment1\data\hpatches\v_gardens\4.ppm,1525,1996,1466,0.7344689378757515,3.0,0.5937629150160001,1996,1525,1454,71,1466,0.7640280561122245,0.9534426229508197,0.7284569138276553,0.9918144611186903,0.7344689378757515,3.0,0.9933420348692376,0.8865709897153502,True,1452,0.9521311475409836,0.9999765961626769,16.62373999861302,0.17824455738502934,nan,2048,2048,2097152,256,float32,1024,nan,2048,2048,2097152,nan,nan,nan,nan,26.431980000052135,0.2749482157654884,nan,nan,nan,nan,26.62613999855239,0.12511237448499338,superpoint_lightglue,superpoint,superpoint,lightglue,nan
hpatches,v_gardens,viewpoint,v_gardens_1_to_5,1,5,D:\桌面\IACV\Assigment1\data\hpatches\v_gardens\1.ppm,D:\桌面\IACV\Assigment1\data\hpatches\v_gardens\5.ppm,1013,1808,866,0.47898230088495575,3.0,6.414503458206652,1808,1013,832,181,866,0.5602876106194691,0.8213228035538006,0.46017699115044247,0.9607390300230947,0.47898230088495575,3.0,1.503748204758331,1.4756311548489829,True,784,0.773938795656466,1.4324628781977966,24.65597999689635,1.3898785709579875,nan,2048,2048,2097152,256,float32,1024,nan,2048,2048,2097152,nan,nan,nan,nan,26.431980000052135,0.2749482157654884,nan,nan,nan,nan,26.60838000010699,0.13160189393153707,superpoint_lightglue,superpoint,superpoint,lightglue,nan
hpatches,v_gardens,viewpoint,v_gardens_1_to_6,1,6,D:\桌面\IACV\Assigment1\data\hpatches\v_gardens\1.ppm,D:\桌面\IACV\Assigment1\data\hpatches\v_gardens\6.ppm,1518,1945,1455,0.7480719794344473,3.0,0.4479516888269776,1945,1518,1441,77,1455,0.7804627249357327,0.9492753623188406,0.7408740359897172,0.9903780068728523,0.7480719794344473,3.0,0.9833001907810937,0.8612559376173715,True,1443,0.950592885375494,0.9802599139286512,19.533979997504503,0.34940853755484697,nan,2048,2048,2097152,256,float32,1024,nan,2048,2048,2097152,nan,nan,nan,nan,26.431980000052135,0.2749482157654884,nan,nan,nan,nan,26.86667999951169,0.1456121212031977,superpoint_lightglue,superpoint,superpoint,lightglue,nan
hpatches,v_grace,viewpoint,v_grace_1_to_2,1,2,D:\桌面\IACV\Assigment1\data\hpatches\v_grace\1.ppm,D:\桌面\IACV\Assigment1\data\hpatches\v_grace\2.ppm,1543,1870,1476,0.7893048128342246,3.0,2.1730906645708936,1870,1543,1456,87,1476,0.8251336898395721,0.9436163318211277,0.7786096256684492,0.986449864498645,0.7893048128342246,3.0,0.9793158678891878,0.8454482737914064,True,1433,0.9287103046014258,1.0656742630511975,20.915540000714827,0.4712492992034416,nan,2048,2048,2097152,256,float32,1024,nan,2048,2048,2097152,nan,nan,nan,nan,42.46970000094734,0.23425924980375834,nan,nan,nan,nan,42.60113999916939,0.18974030155613197,superpoint_lightglue,superpoint,superpoint,lightglue,nan
hpatches,v_grace,viewpoint,v_grace_1_to_3,1,3,D:\桌面\IACV\Assigment1\data\hpatches\v_grace\1.ppm,D:\桌面\IACV\Assigment1\data\hpatches\v_grace\3.ppm,1413,1900,1363,0.7173684210526315,3.0,0.4894992931388855,1900,1413,1343,70,1363,0.7436842105263158,0.9504600141542817,0.7068421052631579,0.9853264856933236,0.7173684210526315,3.0,1.0375263463735003,0.8983388315419237,True,1342,0.9497523000707714,1.0504000026294913,25.470360001781955,0.20636638040439545,nan,2048,2048,2097152,256,float32,1024,nan,2048,2048,2097152,nan,nan,nan,nan,42.46970000094734,0.23425924980375834,nan,nan,nan,nan,42.6218600012362,0.22534477183494395,superpoint_lightglue,superpoint,superpoint,lightglue,nan
hpatches,v_grace,viewpoint,v_grace_1_to_4,1,4,D:\桌面\IACV\Assigment1\data\hpatches\v_grace\1.ppm,D:\桌面\IACV\Assigment1\data\hpatches\v_grace\4.ppm,1248,1918,1198,0.6246089676746611,3.0,0.4658717168829349,1918,1248,1151,97,1198,0.6506777893639207,0.9222756410256411,0.600104275286757,0.9607679465776294,0.6246089676746611,3.0,1.0758691148178212,0.9406638112573619,True,1149,0.9206730769230769,1.077736915876896,25.0848199983011,0.21710603518968533,nan,2048,2048,2097152,256,float32,1024,nan,2048,2048,2097152,nan,nan,nan,nan,42.46970000094734,0.23425924980375834,nan,nan,nan,nan,42.59987999976147,0.22989364811788682,superpoint_lightglue,superpoint,superpoint,lightglue,nan
hpatches,v_grace,viewpoint,v_grace_1_to_5,1,5,D:\桌面\IACV\Assigment1\data\hpatches\v_grace\1.ppm,D:\桌面\IACV\Assigment1\data\hpatches\v_grace\5.ppm,1031,1914,967,0.5052246603970741,3.0,1.3864148290754625,1914,1031,923,108,967,0.5386624869383491,0.895247332686712,0.48223615464994773,0.954498448810755,0.5052246603970741,3.0,1.190724603973462,1.0731467236927097,True,919,0.8913676042677012,1.219970247431342,30.909379999502562,1.038918381984508,nan,2048,2048,2097152,256,float32,1024,nan,2048,2048,2097152,nan,nan,nan,nan,42.46970000094734,0.23425924980375834,nan,nan,nan,nan,42.7953400023398,0.4145253335043667,superpoint_lightglue,superpoint,superpoint,lightglue,nan
hpatches,v_grace,viewpoint,v_grace_1_to_6,1,6,D:\桌面\IACV\Assigment1\data\hpatches\v_grace\1.ppm,D:\桌面\IACV\Assigment1\data\hpatches\v_grace\6.ppm,747,1849,741,0.40075716603569495,3.0,5.198375289675626,1849,747,606,141,741,0.40400216333153055,0.8112449799196787,0.32774472687939427,0.8178137651821862,0.40075716603569495,3.0,1.404594281528108,1.3299189509923455,True,601,0.8045515394912985,1.440882858552179,34.87348000053316,0.24065601496816766,nan,2048,2048,2097152,256,float32,1024,nan,2048,2048,2097152,nan,nan,nan,nan,42.46970000094734,0.23425924980375834,nan,nan,nan,nan,42.70054000080563,0.43043573289842246,superpoint_lightglue,superpoint,superpoint,lightglue,nan
hpatches,v_graffiti,viewpoint,v_graffiti_1_to_2,1,2,D:\桌面\IACV\Assigment1\data\hpatches\v_graffiti\1.ppm,D:\桌面\IACV\Assigment1\data\hpatches\v_graffiti\2.ppm,1153,1930,1105,0.572538860103627,3.0,1.0174805639031845,1930,1153,1054,99,1105,0.5974093264248704,0.9141370338248048,0.5461139896373057,0.9538461538461539,0.572538860103627,3.0,1.2229088367892136,1.1397757724346418,True,1050,0.9106678230702515,1.2181299345388648,22.516080000787042,0.3176149787048566,nan,2048,2048,2097152,256,float32,1024,nan,2048,2048,2097152,nan,nan,nan,nan,15.380879997974262,0.17879417618963325,nan,nan,nan,nan,15.030519998981617,0.17826292277693806,superpoint_lightglue,superpoint,superpoint,lightglue,nan
hpatches,v_graffiti,viewpoint,v_graffiti_1_to_3,1,3,D:\桌面\IACV\Assigment1\data\hpatches\v_graffiti\1.ppm,D:\桌面\IACV\Assigment1\data\hpatches\v_graffiti\3.ppm,975,2014,861,0.4275074478649454,3.0,4.84624489982425,2014,975,780,195,861,0.484111221449851,0.8,0.3872889771598808,0.9059233449477352,0.4275074478649454,3.0,1.5184745776252653,1.4881954057103124,True,747,0.7661538461538462,1.2674877437898762,23.611039998650085,0.9266726081475589,nan,2048,2048,2097152,256,float32,1024,nan,2048,2048,2097152,nan,nan,nan,nan,15.380879997974262,0.17879417618963325,nan,nan,nan,nan,14.85316000180319,0.17010358702973777,superpoint_lightglue,superpoint,superpoint,lightglue,nan
hpatches,v_graffiti,viewpoint,v_graffiti_1_to_4,1,4,D:\桌面\IACV\Assigment1\data\hpatches\v_graffiti\1.ppm,D:\桌面\IACV\Assigment1\data\hpatches\v_graffiti\4.ppm,819,1944,707,0.3636831275720165,3.0,0.8819771040410067,1944,819,657,162,707,0.4212962962962963,0.8021978021978022,0.33796296296296297,0.9292786421499293,0.3636831275720165,3.0,1.3746586619526748,1.2564218777720482,True,648,0.7912087912087912,1.3935920139929519,31.874519999837503,1.226543917129648,nan,2048,2048,2097152,256,float32,1024,nan,2048,2048,2097152,nan,nan,nan,nan,15.380879997974262,0.17879417618963325,nan,nan,nan,nan,15.213460000813939,0.08116581870941621,superpoint_lightglue,superpoint,superpoint,lightglue,nan
hpatches,v_graffiti,viewpoint,v_graffiti_1_to_5,1,5,D:\桌面\IACV\Assigment1\data\hpatches\v_graffiti\1.ppm,D:\桌面\IACV\Assigment1\data\hpatches\v_graffiti\5.ppm,568,1850,528,0.28540540540540543,3.0,2.182960911891742,1850,568,465,103,528,0.307027027027027,0.8186619718309859,0.25135135135135134,0.8806818181818182,0.28540540540540543,3.0,1.3918073207689539,1.3497769039157406,True,460,0.8098591549295775,1.396624144491848,28.554100000474136,1.0459496756854865,nan,2048,2048,2097152,256,float32,1024,nan,2048,2048,2097152,nan,nan,nan,nan,15.380879997974262,0.17879417618963325,nan,nan,nan,nan,15.118499998061452,0.16937679748382653,superpoint_lightglue,superpoint,superpoint,lightglue,nan
hpatches,v_graffiti,viewpoint,v_graffiti_1_to_6,1,6,D:\桌面\IACV\Assigment1\data\hpatches\v_graffiti\1.ppm,D:\桌面\IACV\Assigment1\data\hpatches\v_graffiti\6.ppm,536,1931,456,0.23614707405489382,3.0,3.0385104014704005,1931,536,318,218,456,0.2775763852925945,0.5932835820895522,0.16468151216986018,0.6973684210526315,0.23614707405489382,3.0,1.4523284814263775,1.3598658443882843,True,301,0.5615671641791045,1.612989377746772,38.30420000012964,0.44279560466411017,nan,2048,2048,2097152,256,float32,1024,nan,2048,2048,2097152,nan,nan,nan,nan,15.380879997974262,0.17879417618963325,nan,nan,nan,nan,14.794920000713319,0.054893657253905395,superpoint_lightglue,superpoint,superpoint,lightglue,nan
hpatches,v_home,viewpoint,v_home_1_to_2,1,2,D:\桌面\IACV\Assigment1\data\hpatches\v_home\1.ppm,D:\桌面\IACV\Assigment1\data\hpatches\v_home\2.ppm,1022,2029,964,0.4751108920650567,3.0,1.8526223149909729,2029,1022,943,79,964,0.5036964021685559,0.9227005870841487,0.4647609659931001,0.9782157676348547,0.4751108920650567,3.0,1.1137421090359678,1.002659386436083,True,938,0.9178082191780822,1.075226951075487,19.091800002206583,0.20679373260241685,nan,2048,2048,2097152,256,float32,1024,nan,2048,2048,2097152,nan,nan,nan,nan,26.72071999986656,0.1628913806600066,nan,nan,nan,nan,26.58835999900475,0.11634410189817011,superpoint_lightglue,superpoint,superpoint,lightglue,nan
hpatches,v_home,viewpoint,v_home_1_to_3,1,3,D:\桌面\IACV\Assigment1\data\hpatches\v_home\1.ppm,D:\桌面\IACV\Assigment1\data\hpatches\v_home\3.ppm,913,1742,847,0.4862227324913892,3.0,2.8112350700159996,1742,913,822,91,847,0.5241102181400689,0.9003285870755751,0.4718714121699196,0.9704840613931524,0.4862227324913892,3.0,1.3228282731515864,1.2641665651444725,True,820,0.8981380065717415,1.3239427319048434,25.85090000065975,0.8304382271270861,nan,2048,2048,2097152,256,float32,1024,nan,2048,2048,2097152,nan,nan,nan,nan,26.72071999986656,0.1628913806600066,nan,nan,nan,nan,26.594039998599328,0.11517862018202442,superpoint_lightglue,superpoint,superpoint,lightglue,nan
hpatches,v_home,viewpoint,v_home_1_to_4,1,4,D:\桌面\IACV\Assigment1\data\hpatches\v_home\1.ppm,D:\桌面\IACV\Assigment1\data\hpatches\v_home\4.ppm,1012,2048,984,0.48046875,3.0,1.6831665143471173,2048,1012,928,84,984,0.494140625,0.9169960474308301,0.453125,0.943089430894309,0.48046875,3.0,1.179534450408112,1.0573420395731206,True,920,0.9090909090909091,1.1846814655673152,19.43217999942135,0.4518089873747573,nan,2048,2048,2097152,256,float32,1024,nan,2048,2048,2097152,nan,nan,nan,nan,26.72071999986656,0.1628913806600066,nan,nan,nan,nan,26.574219999019988,0.2581068650637553,superpoint_lightglue,superpoint,superpoint,lightglue,nan
hpatches,v_home,viewpoint,v_home_1_to_5,1,5,D:\桌面\IACV\Assigment1\data\hpatches\v_home\1.ppm,D:\桌面\IACV\Assigment1\data\hpatches\v_home\5.ppm,873,1765,741,0.4198300283286119,3.0,11.094383155438361,1765,873,691,182,741,0.49461756373937676,0.7915234822451317,0.3915014164305949,0.9325236167341431,0.4198300283286119,3.0,1.507680620024386,1.4531998861944155,True,691,0.7915234822451317,1.459728832058178,30.0119999985327,0.1761736837766193,nan,2048,2048,2097152,256,float32,1024,nan,2048,2048,2097152,nan,nan,nan,nan,26.72071999986656,0.1628913806600066,nan,nan,nan,nan,26.19397999951616,0.09661866222028001,superpoint_lightglue,superpoint,superpoint,lightglue,nan
hpatches,v_home,viewpoint,v_home_1_to_6,1,6,D:\桌面\IACV\Assigment1\data\hpatches\v_home\1.ppm,D:\桌面\IACV\Assigment1\data\hpatches\v_home\6.ppm,1178,2045,1141,0.5579462102689486,3.0,1.194878457015582,2045,1178,1125,53,1141,0.5760391198044009,0.9550084889643463,0.5501222493887531,0.985977212971078,0.5579462102689486,3.0,0.9812839401594847,0.8454579641607279,True,1122,0.9524617996604414,1.0233683710874624,24.418820001301356,0.1931880268585588,nan,2048,2048,2097152,256,float32,1024,nan,2048,2048,2097152,nan,nan,nan,nan,26.72071999986656,0.1628913806600066,nan,nan,nan,nan,26.69896000152221,0.14588430454986726,superpoint_lightglue,superpoint,superpoint,lightglue,nan
hpatches,v_laptop,viewpoint,v_laptop_1_to_2,1,2,D:\桌面\IACV\Assigment1\data\hpatches\v_laptop\1.ppm,D:\桌面\IACV\Assigment1\data\hpatches\v_laptop\2.ppm,1093,1554,1104,0.7104247104247104,3.0,0.18621447136118174,1554,1093,1065,28,1104,0.7033462033462033,0.9743824336688015,0.6853281853281853,0.9646739130434783,0.7104247104247104,3.0,0.958387282527229,0.7849544154989642,True,1063,0.9725526075022873,0.9589987662512232,24.256260000402108,0.2704065291306827,nan,1563,1563,1600512,256,float32,1024,nan,1542,1542,1579008,nan,nan,nan,nan,13.149020000128075,0.3290535262666581,nan,nan,nan,nan,13.103740000224207,0.05780597161976828,superpoint_lightglue,superpoint,superpoint,lightglue,nan
hpatches,v_laptop,viewpoint,v_laptop_1_to_3,1,3,D:\桌面\IACV\Assigment1\data\hpatches\v_laptop\1.ppm,D:\桌面\IACV\Assigment1\data\hpatches\v_laptop\3.ppm,810,1558,832,0.5340179717586649,3.0,0.37686446797679546,1558,810,788,22,832,0.5198973042362003,0.9728395061728395,0.5057766367137355,0.9471153846153846,0.5340179717586649,3.0,1.0389185856495744,0.8697646299123367,True,787,0.971604938271605,1.040769104170523,26.45621999981813,0.5759419343707386,nan,1563,1563,1600512,256,float32,1024,nan,1402,1402,1435648,nan,nan,nan,nan,13.149020000128075,0.3290535262666581,nan,nan,nan,nan,13.027140000485815,0.1909502401108699,superpoint_lightglue,superpoint,superpoint,lightglue,nan
hpatches,v_laptop,viewpoint,v_laptop_1_to_4,1,4,D:\桌面\IACV\Assigment1\data\hpatches\v_laptop\1.ppm,D:\桌面\IACV\Assigment1\data\hpatches\v_laptop\4.ppm,700,1556,709,0.4556555269922879,3.0,0.45961510608781264,1556,700,657,43,709,0.4498714652956298,0.9385714285714286,0.4222365038560411,0.926657263751763,0.4556555269922879,3.0,1.0083608968679239,0.840731332524999,True,659,0.9414285714285714,1.0272598595213571,24.51361999992514,0.9310440682860539,nan,1563,1563,1600512,256,float32,1024,nan,1326,1326,1357824,nan,nan,nan,nan,13.149020000128075,0.3290535262666581,nan,nan,nan,nan,13.043879998440389,0.2102719989719189,superpoint_lightglue,superpoint,superpoint,lightglue,nan
hpatches,v_laptop,viewpoint,v_laptop_1_to_5,1,5,D:\桌面\IACV\Assigment1\data\hpatches\v_laptop\1.ppm,D:\桌面\IACV\Assigment1\data\hpatches\v_laptop\5.ppm,17,1544,780,0.5051813471502591,3.0,389.58693676273583,1544,17,0,17,780,0.011010362694300517,0.0,0.0,0.0,0.5051813471502591,3.0,nan,nan,True,6,0.35294117647058826,0.6747463592176283,13.099479998345487,0.2460948124512822,nan,1563,1563,1600512,256,float32,1024,nan,1569,1569,1606656,nan,nan,nan,nan,13.149020000128075,0.3290535262666581,nan,nan,nan,nan,13.43168000021251,0.38053562743966357,superpoint_lightglue,superpoint,superpoint,lightglue,nan
hpatches,v_laptop,viewpoint,v_laptop_1_to_6,1,6,D:\桌面\IACV\Assigment1\data\hpatches\v_laptop\1.ppm,D:\桌面\IACV\Assigment1\data\hpatches\v_laptop\6.ppm,20,1548,827,0.5342377260981912,3.0,597.5994965390121,1548,19,0,19,827,0.01227390180878553,0.0,0.0,0.0,0.5342377260981912,3.0,nan,nan,True,7,0.35,0.813566060541353,13.691659999312833,0.1433289979679625,nan,1563,1563,1600512,256,float32,1024,nan,1527,1527,1563648,nan,nan,nan,nan,13.149020000128075,0.3290535262666581,nan,nan,nan,nan,13.109699999040458,0.20099489516110475,superpoint_lightglue,superpoint,superpoint,lightglue,nan
hpatches,v_london,viewpoint,v_london_1_to_2,1,2,D:\桌面\IACV\Assigment1\data\hpatches\v_london\1.ppm,D:\桌面\IACV\Assigment1\data\hpatches\v_london\2.ppm,1375,1681,1367,0.8132064247471743,3.0,0.4867834080981982,1681,1374,1362,12,1367,0.8173706127305176,0.9912663755458515,0.810232004759072,0.9963423555230432,0.8132064247471743,3.0,0.7575776953697058,0.7079665463627569,True,1362,0.9905454545454545,0.7600801048129252,12.614079998456873,0.8029367961705302,nan,2048,2048,2097152,256,float32,1024,nan,2048,2048,2097152,nan,nan,nan,nan,34.71685999975307,0.13932511264571854,nan,nan,nan,nan,34.670579999510664,0.1423741894270437,superpoint_lightglue,superpoint,superpoint,lightglue,nan
hpatches,v_london,viewpoint,v_london_1_to_3,1,3,D:\桌面\IACV\Assigment1\data\hpatches\v_london\1.ppm,D:\桌面\IACV\Assigment1\data\hpatches\v_london\3.ppm,1169,1560,1144,0.7333333333333333,3.0,0.4588130222892898,1560,1168,1138,30,1144,0.7487179487179487,0.9743150684931506,0.7294871794871794,0.9947552447552448,0.7333333333333333,3.0,0.9468592241021285,0.8703707907712855,True,1138,0.9734816082121471,0.9136593285297805,12.330540000402834,0.0756109679576508,nan,2048,2048,2097152,256,float32,1024,nan,2048,2048,2097152,nan,nan,nan,nan,34.71685999975307,0.13932511264571854,nan,nan,nan,nan,34.75098000053549,0.31232419496903474,superpoint_lightglue,superpoint,superpoint,lightglue,nan
hpatches,v_london,viewpoint,v_london_1_to_4,1,4,D:\桌面\IACV\Assigment1\data\hpatches\v_london\1.ppm,D:\桌面\IACV\Assigment1\data\hpatches\v_london\4.ppm,1107,1796,1076,0.5991091314031181,3.0,2.731704441031674,1796,1107,1070,37,1076,0.6163697104677061,0.966576332429991,0.5957683741648107,0.9944237918215614,0.5991091314031181,3.0,1.0083188541032355,0.9105304820715919,True,1063,0.960252935862692,0.9968465461189664,15.804059999936726,0.2109772241081258,nan,2048,2048,2097152,256,float32,1024,nan,2048,2048,2097152,nan,nan,nan,nan,34.71685999975307,0.13932511264571854,nan,nan,nan,nan,34.59724000131246,0.19521688051631972,superpoint_lightglue,superpoint,superpoint,lightglue,nan
hpatches,v_london,viewpoint,v_london_1_to_5,1,5,D:\桌面\IACV\Assigment1\data\hpatches\v_london\1.ppm,D:\桌面\IACV\Assigment1\data\hpatches\v_london\5.ppm,1149,1704,1044,0.6126760563380281,3.0,1.5237171923321946,1704,1149,1039,110,1044,0.6742957746478874,0.9042645778938208,0.6097417840375586,0.9952107279693486,0.6126760563380281,3.0,1.2637664744142623,1.1554689306620827,True,1002,0.8720626631853786,1.2743274336775663,12.603739999758545,0.460090837412522,nan,2048,2048,2097152,256,float32,1024,nan,2048,2048,2097152,nan,nan,nan,nan,34.71685999975307,0.13932511264571854,nan,nan,nan,nan,34.59685999987414,0.15689513357315196,superpoint_lightglue,superpoint,superpoint,lightglue,nan
hpatches,v_london,viewpoint,v_london_1_to_6,1,6,D:\桌面\IACV\Assigment1\data\hpatches\v_london\1.ppm,D:\桌面\IACV\Assigment1\data\hpatches\v_london\6.ppm,1127,1892,1031,0.5449260042283298,3.0,1.0678521721544636,1892,1126,1031,95,1031,0.595137420718816,0.9156305506216696,0.5449260042283298,1.0,0.5449260042283298,3.0,1.2536510357247928,1.1749395319986486,True,1018,0.9032830523513753,1.3129515147392627,12.361779998173006,0.13096056594530123,nan,2048,2048,2097152,256,float32,1024,nan,2048,2048,2097152,nan,nan,nan,nan,34.71685999975307,0.13932511264571854,nan,nan,nan,nan,34.72833999985596,0.17615474802323816,superpoint_lightglue,superpoint,superpoint,lightglue,nan
hpatches,v_machines,viewpoint,v_machines_1_to_2,1,2,D:\桌面\IACV\Assigment1\data\hpatches\v_machines\1.ppm,D:\桌面\IACV\Assigment1\data\hpatches\v_machines\2.ppm,1472,1895,1184,0.6248021108179419,3.0,3.4748044058754064,1895,1472,1163,309,1184,0.7767810026385225,0.7900815217391305,0.6137203166226913,0.9822635135135135,0.6248021108179419,3.0,1.6963138119240633,1.6907540293442882,True,1153,0.7832880434782609,1.6190763156387362,20.530739998503122,0.592457641848109,nan,2048,2048,2097152,256,float32,1024,nan,2048,2048,2097152,nan,nan,nan,nan,26.77704000088852,0.1865757307427248,nan,nan,nan,nan,26.585339999292046,0.11339150948693487,superpoint_lightglue,superpoint,superpoint,lightglue,nan
hpatches,v_machines,viewpoint,v_machines_1_to_3,1,3,D:\桌面\IACV\Assigment1\data\hpatches\v_machines\1.ppm,D:\桌面\IACV\Assigment1\data\hpatches\v_machines\3.ppm,1164,1831,656,0.3582741671217914,3.0,10.224854039549383,1831,1164,554,610,656,0.6357181867831786,0.47594501718213056,0.3025669033315128,0.8445121951219512,0.3582741671217914,3.0,1.8702281025478829,1.9699687819014282,True,600,0.5154639175257731,1.7327281022657333,28.76548000058392,1.2873086729951266,nan,2048,2048,2097152,256,float32,1024,nan,2048,2048,2097152,nan,nan,nan,nan,26.77704000088852,0.1865757307427248,nan,nan,nan,nan,26.500619998842012,0.3894172330972608,superpoint_lightglue,superpoint,superpoint,lightglue,nan
hpatches,v_machines,viewpoint,v_machines_1_to_4,1,4,D:\桌面\IACV\Assigment1\data\hpatches\v_machines\1.ppm,D:\桌面\IACV\Assigment1\data\hpatches\v_machines\4.ppm,1471,2048,1296,0.6328125,3.0,1.929489237185015,2048,1471,1260,211,1296,0.71826171875,0.8565601631543168,0.615234375,0.9722222222222222,0.6328125,3.0,1.5635378768650194,1.5161648122122755,True,1241,0.8436437797416724,1.4850006110625156,21.236720000160858,0.8607462211225049,nan,2048,2048,2097152,256,float32,1024,nan,2048,2048,2097152,nan,nan,nan,nan,26.77704000088852,0.1865757307427248,nan,nan,nan,nan,26.42552000033902,0.38234827322596293,superpoint_lightglue,superpoint,superpoint,lightglue,nan
hpatches,v_machines,viewpoint,v_machines_1_to_5,1,5,D:\桌面\IACV\Assigment1\data\hpatches\v_machines\1.ppm,D:\桌面\IACV\Assigment1\data\hpatches\v_machines\5.ppm,1184,1935,839,0.43359173126614986,3.0,4.865752112117589,1935,1184,741,443,839,0.6118863049095608,0.6258445945945946,0.3829457364341085,0.8831942789034565,0.43359173126614986,3.0,1.7166730143071625,1.7584521483625224,True,766,0.6469594594594594,1.6793690333498787,29.045339999720454,0.5346891205134507,nan,2048,2048,2097152,256,float32,1024,nan,2048,2048,2097152,nan,nan,nan,nan,26.77704000088852,0.1865757307427248,nan,nan,nan,nan,26.636219999636523,0.20270937303054123,superpoint_lightglue,superpoint,superpoint,lightglue,nan
hpatches,v_machines,viewpoint,v_machines_1_to_6,1,6,D:\桌面\IACV\Assigment1\data\hpatches\v_machines\1.ppm,D:\桌面\IACV\Assigment1\data\hpatches\v_machines\6.ppm,1411,2048,1361,0.66455078125,3.0,1.4591422647114327,2048,1411,1342,69,1361,0.68896484375,0.9510985116938342,0.6552734375,0.9860396767083027,0.66455078125,3.0,1.0119082509500708,0.9003118856163551,True,1326,0.9397590361445783,1.1297341778351806,20.98240000050282,0.04377103898369603,nan,2048,2048,2097152,256,float32,1024,nan,2048,2048,2097152,nan,nan,nan,nan,26.77704000088852,0.1865757307427248,nan,nan,nan,nan,26.589460001559928,0.14104979959014213,superpoint_lightglue,superpoint,superpoint,lightglue,nan
hpatches,v_man,viewpoint,v_man_1_to_2,1,2,D:\桌面\IACV\Assigment1\data\hpatches\v_man\1.ppm,D:\桌面\IACV\Assigment1\data\hpatches\v_man\2.ppm,1237,1829,895,0.48933843630399126,3.0,2.626099565012976,1829,1237,848,389,895,0.6763258611262986,0.6855295068714632,0.46364133406232916,0.9474860335195531,0.48933843630399126,3.0,1.5616911957653345,1.5441907294454174,True,844,0.6822958771220695,1.5253850911376727,20.513000000210013,0.29827005088667674,nan,2048,2048,2097152,256,float32,1024,nan,2048,2048,2097152,nan,nan,nan,nan,34.404759999597445,0.4322912671833937,nan,nan,nan,nan,34.332300000824034,0.3411695770355258,superpoint_lightglue,superpoint,superpoint,lightglue,nan
hpatches,v_man,viewpoint,v_man_1_to_3,1,3,D:\桌面\IACV\Assigment1\data\hpatches\v_man\1.ppm,D:\桌面\IACV\Assigment1\data\hpatches\v_man\3.ppm,1046,1929,619,0.32089165370658373,3.0,14.599134349550576,1929,1045,541,504,619,0.5417314670813893,0.5177033492822967,0.28045619491964746,0.8739903069466882,0.32089165370658373,3.0,1.7499609604931874,1.7513956048496142,True,642,0.6137667304015296,1.504797560236344,22.769560001324862,1.0103322120031344,nan,2048,2048,2097152,256,float32,1024,nan,2048,2048,2097152,nan,nan,nan,nan,34.404759999597445,0.4322912671833937,nan,nan,nan,nan,34.37866000022041,0.31427501543433334,superpoint_lightglue,superpoint,superpoint,lightglue,nan
hpatches,v_man,viewpoint,v_man_1_to_4,1,4,D:\桌面\IACV\Assigment1\data\hpatches\v_man\1.ppm,D:\桌面\IACV\Assigment1\data\hpatches\v_man\4.ppm,1150,1780,758,0.4258426966292135,3.0,4.401811306229123,1780,1150,651,499,758,0.6460674157303371,0.5660869565217391,0.3657303370786517,0.8588390501319261,0.4258426966292135,3.0,1.5845236738231605,1.5979449534074959,True,622,0.5408695652173913,1.6675655795183568,25.354959999094717,0.8182449151151687,nan,2048,2048,2097152,256,float32,1024,nan,2048,2048,2097152,nan,nan,nan,nan,34.404759999597445,0.4322912671833937,nan,nan,nan,nan,34.65094000130193,0.07546505416899968,superpoint_lightglue,superpoint,superpoint,lightglue,nan
hpatches,v_man,viewpoint,v_man_1_to_5,1,5,D:\桌面\IACV\Assigment1\data\hpatches\v_man\1.ppm,D:\桌面\IACV\Assigment1\data\hpatches\v_man\5.ppm,1272,1832,774,0.42248908296943233,3.0,4.868370118095505,1832,1272,694,578,774,0.6943231441048034,0.5455974842767296,0.37882096069869,0.896640826873385,0.42248908296943233,3.0,1.8541257049862099,1.9286697912793054,True,775,0.6092767295597484,1.5832055176294864,20.524360000854358,0.16543291876745772,nan,2048,2048,2097152,256,float32,1024,nan,2048,2048,2097152,nan,nan,nan,nan,34.404759999597445,0.4322912671833937,nan,nan,nan,nan,34.15223999909358,0.27022845776196136,superpoint_lightglue,superpoint,superpoint,lightglue,nan
hpatches,v_man,viewpoint,v_man_1_to_6,1,6,D:\桌面\IACV\Assigment1\data\hpatches\v_man\1.ppm,D:\桌面\IACV\Assigment1\data\hpatches\v_man\6.ppm,1206,1918,866,0.45151199165797706,3.0,2.85467150431826,1918,1206,803,403,866,0.6287799791449427,0.6658374792703151,0.4186652763295099,0.9272517321016166,0.45151199165797706,3.0,1.6119148722949526,1.5710995905185525,True,775,0.642620232172471,1.586253812229326,21.073200000682846,1.2794955692679897,nan,2048,2048,2097152,256,float32,1024,nan,2048,2048,2097152,nan,nan,nan,nan,34.404759999597445,0.4322912671833937,nan,nan,nan,nan,34.51116000069305,0.07893918103301673,superpoint_lightglue,superpoint,superpoint,lightglue,nan
hpatches,v_maskedman,viewpoint,v_maskedman_1_to_2,1,2,D:\桌面\IACV\Assigment1\data\hpatches\v_maskedman\1.ppm,D:\桌面\IACV\Assigment1\data\hpatches\v_maskedman\2.ppm,1067,2016,1001,0.4965277777777778,3.0,3.3981844058251847,2016,1067,927,140,1001,0.529265873015873,0.8687910028116214,0.45982142857142855,0.926073926073926,0.4965277777777778,3.0,1.3058967668256145,1.2262637117483346,True,933,0.8744142455482662,1.2601672588995279,23.387759999604896,0.5552777639911821,nan,2048,2048,2097152,256,float32,1024,nan,2048,2048,2097152,nan,nan,nan,nan,18.675820001226384,0.4104892785131462,nan,nan,nan,nan,18.42867999803275,0.12230864981977131,superpoint_lightglue,superpoint,superpoint,lightglue,nan
hpatches,v_maskedman,viewpoint,v_maskedman_1_to_3,1,3,D:\桌面\IACV\Assigment1\data\hpatches\v_maskedman\1.ppm,D:\桌面\IACV\Assigment1\data\hpatches\v_maskedman\3.ppm,911,2023,803,0.39693524468610974,3.0,5.038889180173008,2023,911,738,173,803,0.45032130499258527,0.8100987925356751,0.3648047454275828,0.9190535491905355,0.39693524468610974,3.0,1.2905890887050087,1.1641951644851536,True,757,0.8309549945115258,1.403263673067024,26.055079999787267,0.991856481412849,nan,2048,2048,2097152,256,float32,1024,nan,2048,2048,2097152,nan,nan,nan,nan,18.675820001226384,0.4104892785131462,nan,nan,nan,nan,18.361920000461396,0.23849562084586218,superpoint_lightglue,superpoint,superpoint,lightglue,nan
hpatches,v_maskedman,viewpoint,v_maskedman_1_to_4,1,4,D:\桌面\IACV\Assigment1\data\hpatches\v_maskedman\1.ppm,D:\桌面\IACV\Assigment1\data\hpatches\v_maskedman\4.ppm,1131,1872,998,0.5331196581196581,3.0,5.909655460995573,1872,1131,929,202,998,0.6041666666666666,0.8213969938107869,0.4962606837606838,0.9308617234468938,0.5331196581196581,3.0,1.4125743907953523,1.338642429062288,True,1005,0.8885941644562334,1.206229078338301,23.893479999969713,0.8893465693265066,nan,2048,2048,2097152,256,float32,1024,nan,2048,2048,2097152,nan,nan,nan,nan,18.675820001226384,0.4104892785131462,nan,nan,nan,nan,18.810739999753423,0.46672271120337566,superpoint_lightglue,superpoint,superpoint,lightglue,nan
hpatches,v_maskedman,viewpoint,v_maskedman_1_to_5,1,5,D:\桌面\IACV\Assigment1\data\hpatches\v_maskedman\1.ppm,D:\桌面\IACV\Assigment1\data\hpatches\v_maskedman\5.ppm,1213,1956,1104,0.5644171779141104,3.0,3.631588401823402,1956,1213,1050,163,1104,0.6201431492842536,0.8656224237427865,0.5368098159509203,0.9510869565217391,0.5644171779141104,3.0,1.4819914341763722,1.440705253152525,True,1114,0.9183841714756801,1.1761781220114256,23.966579996340442,0.1672404793210359,nan,2048,2048,2097152,256,float32,1024,nan,2048,2048,2097152,nan,nan,nan,nan,18.675820001226384,0.4104892785131462,nan,nan,nan,nan,18.620939998072572,0.18219939138384275,superpoint_lightglue,superpoint,superpoint,lightglue,nan
hpatches,v_maskedman,viewpoint,v_maskedman_1_to_6,1,6,D:\桌面\IACV\Assigment1\data\hpatches\v_maskedman\1.ppm,D:\桌面\IACV\Assigment1\data\hpatches\v_maskedman\6.ppm,510,1882,418,0.22210414452709884,3.0,4.221205061443724,1882,510,360,150,418,0.27098831030818277,0.7058823529411765,0.19128586609989373,0.861244019138756,0.22210414452709884,3.0,1.5496739109479272,1.5409692564298207,True,405,0.7941176470588235,1.5785599106444081,29.995100000815,0.6884783962237189,nan,2048,2048,2097152,256,float32,1024,nan,2048,2048,2097152,nan,nan,nan,nan,18.675820001226384,0.4104892785131462,nan,nan,nan,nan,18.163920001825318,0.12772035910374488,superpoint_lightglue,superpoint,superpoint,lightglue,nan
hpatches,v_pomegranate,viewpoint,v_pomegranate_1_to_2,1,2,D:\桌面\IACV\Assigment1\data\hpatches\v_pomegranate\1.ppm,D:\桌面\IACV\Assigment1\data\hpatches\v_pomegranate\2.ppm,1190,1968,836,0.4247967479674797,3.0,5.4805557095445385,1968,1190,797,393,836,0.6046747967479674,0.6697478991596638,0.40497967479674796,0.9533492822966507,0.4247967479674797,3.0,1.759727128802467,1.782427285943957,True,689,0.5789915966386555,1.3930404388004025,20.504719999735244,0.17260154614889353,nan,2048,2048,2097152,256,float32,1024,nan,2048,2048,2097152,nan,nan,nan,nan,34.311599998909514,0.13614869969590404,nan,nan,nan,nan,34.53451999957906,0.08509790694542514,superpoint_lightglue,superpoint,superpoint,lightglue,nan
hpatches,v_pomegranate,viewpoint,v_pomegranate_1_to_3,1,3,D:\桌面\IACV\Assigment1\data\hpatches\v_pomegranate\1.ppm,D:\桌面\IACV\Assigment1\data\hpatches\v_pomegranate\3.ppm,1215,2047,791,0.38641914997557403,3.0,2.8508813459171263,2047,1215,733,482,791,0.5935515388373229,0.6032921810699589,0.35808500244259894,0.9266750948166877,0.38641914997557403,3.0,1.696186920774397,1.672355910590255,True,750,0.6172839506172839,1.6355328651453669,24.4299999991199,0.4902297248461435,nan,2048,2048,2097152,256,float32,1024,nan,2048,2048,2097152,nan,nan,nan,nan,34.311599998909514,0.13614869969590404,nan,nan,nan,nan,34.32190000312403,0.2104162828646679,superpoint_lightglue,superpoint,superpoint,lightglue,nan
hpatches,v_pomegranate,viewpoint,v_pomegranate_1_to_4,1,4,D:\桌面\IACV\Assigment1\data\hpatches\v_pomegranate\1.ppm,D:\桌面\IACV\Assigment1\data\hpatches\v_pomegranate\4.ppm,1199,2048,987,0.48193359375,3.0,3.955916109265706,2048,1199,953,246,987,0.58544921875,0.7948290241868223,0.46533203125,0.9655521783181358,0.48193359375,3.0,1.5004009010180896,1.4278124631032054,True,822,0.6855713094245204,1.519872567067523,20.12910000194097,0.7589507976579267,nan,2048,2048,2097152,256,float32,1024,nan,2048,2048,2097152,nan,nan,nan,nan,34.311599998909514,0.13614869969590404,nan,nan,nan,nan,34.73048000159906,0.3960462525169632,superpoint_lightglue,superpoint,superpoint,lightglue,nan
hpatches,v_pomegranate,viewpoint,v_pomegranate_1_to_5,1,5,D:\桌面\IACV\Assigment1\data\hpatches\v_pomegranate\1.ppm,D:\桌面\IACV\Assigment1\data\hpatches\v_pomegranate\5.ppm,1142,2038,884,0.4337585868498528,3.0,2.329557882536869,2038,1142,831,311,884,0.5603532875368008,0.7276707530647986,0.40775269872423947,0.9400452488687783,0.4337585868498528,3.0,1.6901884335630655,1.7170537214745507,True,755,0.6611208406304728,1.6378177410996329,19.86942000075942,0.4583893038897722,nan,2048,2048,2097152,256,float32,1024,nan,2048,2048,2097152,nan,nan,nan,nan,34.311599998909514,0.13614869969590404,nan,nan,nan,nan,34.22065999911865,0.21413478651455117,superpoint_lightglue,superpoint,superpoint,lightglue,nan
hpatches,v_pomegranate,viewpoint,v_pomegranate_1_to_6,1,6,D:\桌面\IACV\Assigment1\data\hpatches\v_pomegranate\1.ppm,D:\桌面\IACV\Assigment1\data\hpatches\v_pomegranate\6.ppm,1156,2039,952,0.4668955370279549,3.0,2.622576733301422,2039,1156,917,239,952,0.5669445806768023,0.7932525951557093,0.4497302599313389,0.9632352941176471,0.4668955370279549,3.0,1.5694875475894075,1.571727248357161,True,878,0.759515570934256,1.6321649735749912,19.160819999524392,0.7509336932241477,nan,2048,2048,2097152,256,float32,1024,nan,2048,2048,2097152,nan,nan,nan,nan,34.311599998909514,0.13614869969590404,nan,nan,nan,nan,34.940560000541154,0.6992574456529749,superpoint_lightglue,superpoint,superpoint,lightglue,nan
hpatches,v_posters,viewpoint,v_posters_1_to_2,1,2,D:\桌面\IACV\Assigment1\data\hpatches\v_posters\1.ppm,D:\桌面\IACV\Assigment1\data\hpatches\v_posters\2.ppm,459,2048,395,0.19287109375,3.0,1.0329495444129488,2048,459,388,71,395,0.22412109375,0.8453159041394336,0.189453125,0.9822784810126582,0.19287109375,3.0,1.1333178402223172,0.957902592589708,True,383,0.8344226579520697,1.1634872520462372,23.062419999041595,0.5443446155657573,nan,2048,2048,2097152,256,float32,1024,nan,2048,2048,2097152,nan,nan,nan,nan,51.73156000091694,0.28295118119823154,nan,nan,nan,nan,26.173579999885987,0.07850328208722387,superpoint_lightglue,superpoint,superpoint,lightglue,nan
hpatches,v_posters,viewpoint,v_posters_1_to_3,1,3,D:\桌面\IACV\Assigment1\data\hpatches\v_posters\1.ppm,D:\桌面\IACV\Assigment1\data\hpatches\v_posters\3.ppm,645,2046,592,0.28934506353861195,3.0,1.3106921162446938,2046,645,587,58,592,0.3152492668621701,0.9100775193798449,0.28690127077223854,0.9915540540540541,0.28934506353861195,3.0,1.1406139496140657,1.0148804393573707,True,582,0.9023255813953488,1.1381856701419548,22.8285599994706,0.1944581170404739,nan,2048,2048,2097152,256,float32,1024,nan,2048,2048,2097152,nan,nan,nan,nan,51.73156000091694,0.28295118119823154,nan,nan,nan,nan,26.133500000287313,0.1779771102364863,superpoint_lightglue,superpoint,superpoint,lightglue,nan
hpatches,v_posters,viewpoint,v_posters_1_to_4,1,4,D:\桌面\IACV\Assigment1\data\hpatches\v_posters\1.ppm,D:\桌面\IACV\Assigment1\data\hpatches\v_posters\4.ppm,626,2048,552,0.26953125,3.0,1.6286403441412363,2048,626,545,81,552,0.3056640625,0.8706070287539937,0.26611328125,0.9873188405797102,0.26953125,3.0,0.9960319367605127,0.8845834979723913,True,542,0.865814696485623,1.0965800098031404,19.55207999999402,0.5353732607361408,nan,2048,2048,2097152,256,float32,1024,nan,2048,2048,2097152,nan,nan,nan,nan,51.73156000091694,0.28295118119823154,nan,nan,nan,nan,26.061000001209322,0.17777673872301764,superpoint_lightglue,superpoint,superpoint,lightglue,nan
hpatches,v_posters,viewpoint,v_posters_1_to_5,1,5,D:\桌面\IACV\Assigment1\data\hpatches\v_posters\1.ppm,D:\桌面\IACV\Assigment1\data\hpatches\v_posters\5.ppm,589,1978,487,0.2462082912032356,3.0,4.6467345670110785,1978,589,459,130,487,0.29777553083923153,0.7792869269949066,0.2320525783619818,0.9425051334702259,0.2462082912032356,3.0,1.3293546945491836,1.2780001543681403,True,459,0.7792869269949066,1.439562515812103,22.717779999948107,0.3143323167102857,nan,2048,2048,2097152,256,float32,1024,nan,2048,2048,2097152,nan,nan,nan,nan,51.73156000091694,0.28295118119823154,nan,nan,nan,nan,26.245220001146663,0.2851091682183986,superpoint_lightglue,superpoint,superpoint,lightglue,nan
hpatches,v_posters,viewpoint,v_posters_1_to_6,1,6,D:\桌面\IACV\Assigment1\data\hpatches\v_posters\1.ppm,D:\桌面\IACV\Assigment1\data\hpatches\v_posters\6.ppm,580,1924,434,0.22557172557172558,3.0,2.3109926566067656,1924,580,389,191,434,0.30145530145530147,0.6706896551724137,0.20218295218295218,0.8963133640552995,0.22557172557172558,3.0,1.3335670124428716,1.1381917184213028,True,395,0.6810344827586207,1.331144553663705,26.314599998295307,0.6065965663808377,nan,2048,2048,2097152,256,float32,1024,nan,2048,2048,2097152,nan,nan,nan,nan,51.73156000091694,0.28295118119823154,nan,nan,nan,nan,26.211320000584237,0.3678993242261193,superpoint_lightglue,superpoint,superpoint,lightglue,nan
hpatches,v_samples,viewpoint,v_samples_1_to_2,1,2,D:\桌面\IACV\Assigment1\data\hpatches\v_samples\1.ppm,D:\桌面\IACV\Assigment1\data\hpatches\v_samples\2.ppm,1415,2048,1349,0.65869140625,3.0,0.2776305674366648,2048,1415,1345,70,1349,0.69091796875,0.950530035335689,0.65673828125,0.9970348406226834,0.65869140625,3.0,1.0032266484418548,0.8946977947098738,True,1349,0.953356890459364,1.00654612562234,20.45769999967888,0.7754060429371794,nan,2048,2048,2097152,256,float32,1024,nan,2048,2048,2097152,nan,nan,nan,nan,47.40155999897979,0.07932784137789792,nan,nan,nan,nan,34.80737999925623,0.12355512913029043,superpoint_lightglue,superpoint,superpoint,lightglue,nan
hpatches,v_samples,viewpoint,v_samples_1_to_3,1,3,D:\桌面\IACV\Assigment1\data\hpatches\v_samples\1.ppm,D:\桌面\IACV\Assigment1\data\hpatches\v_samples\3.ppm,1504,2033,1423,0.6999508116084604,3.0,0.436703745961352,2033,1504,1416,88,1423,0.7397934087555337,0.9414893617021277,0.6965076242006887,0.9950808151791989,0.6999508116084604,3.0,1.052762345820883,0.9549054568209909,True,1419,0.9434840425531915,1.0631604167980846,16.557659998943564,0.09987551644245223,nan,2048,2048,2097152,256,float32,1024,nan,2048,2048,2097152,nan,nan,nan,nan,47.40155999897979,0.07932784137789792,nan,nan,nan,nan,34.79842000087956,0.275851202966647,superpoint_lightglue,superpoint,superpoint,lightglue,nan
hpatches,v_samples,viewpoint,v_samples_1_to_4,1,4,D:\桌面\IACV\Assigment1\data\hpatches\v_samples\1.ppm,D:\桌面\IACV\Assigment1\data\hpatches\v_samples\4.ppm,1298,2032,1217,0.5989173228346457,3.0,0.6502855246775202,2032,1298,1205,93,1217,0.6387795275590551,0.9283513097072419,0.593011811023622,0.990139687756779,0.5989173228346457,3.0,1.1246123565708694,1.0280332426202676,True,1201,0.9252696456086287,1.1353110796327586,20.756699997582473,0.2910117876188779,nan,2048,2048,2097152,256,float32,1024,nan,2048,2048,2097152,nan,nan,nan,nan,47.40155999897979,0.07932784137789792,nan,nan,nan,nan,34.66476000176044,0.12009653994740496,superpoint_lightglue,superpoint,superpoint,lightglue,nan
hpatches,v_samples,viewpoint,v_samples_1_to_5,1,5,D:\桌面\IACV\Assigment1\data\hpatches\v_samples\1.ppm,D:\桌面\IACV\Assigment1\data\hpatches\v_samples\5.ppm,1412,1983,1362,0.686838124054463,3.0,0.3525749856821986,1983,1412,1358,54,1362,0.7120524457892082,0.9617563739376771,0.6848209783156833,0.9970631424375918,0.686838124054463,3.0,1.0328405491702894,0.9290866914276514,True,1356,0.9603399433427762,1.0415117143160606,20.59817999979714,0.41849215751610863,nan,2048,2048,2097152,256,float32,1024,nan,2048,2048,2097152,nan,nan,nan,nan,47.40155999897979,0.07932784137789792,nan,nan,nan,nan,34.78616000065813,0.4767384892255618,superpoint_lightglue,superpoint,superpoint,lightglue,nan
hpatches,v_samples,viewpoint,v_samples_1_to_6,1,6,D:\桌面\IACV\Assigment1\data\hpatches\v_samples\1.ppm,D:\桌面\IACV\Assigment1\data\hpatches\v_samples\6.ppm,1278,2009,1201,0.5978098556495769,3.0,1.3936227628763236,2009,1278,1181,97,1201,0.6361373817819811,0.9241001564945227,0.5878546540567446,0.9833472106577852,0.5978098556495769,3.0,1.1313064188216817,1.024433364538957,True,1178,0.9217527386541471,1.1700923628193407,20.72675999661442,0.2232218321788365,nan,2048,2048,2097152,256,float32,1024,nan,2048,2048,2097152,nan,nan,nan,nan,47.40155999897979,0.07932784137789792,nan,nan,nan,nan,34.518660001049284,0.21158802170246233,superpoint_lightglue,superpoint,superpoint,lightglue,nan
hpatches,v_soldiers,viewpoint,v_soldiers_1_to_2,1,2,D:\桌面\IACV\Assigment1\data\hpatches\v_soldiers\1.ppm,D:\桌面\IACV\Assigment1\data\hpatches\v_soldiers\2.ppm,1152,1829,941,0.5144887916894478,3.0,2.745630506834372,1829,1152,877,275,941,0.6298523783488245,0.7612847222222222,0.47949699289229086,0.9319872476089267,0.5144887916894478,3.0,1.4923320404091365,1.4389534531741812,True,865,0.7508680555555556,1.5360700590673948,20.124599999689963,0.5444551830691748,nan,2048,2048,2097152,256,float32,1024,nan,2048,2048,2097152,nan,nan,nan,nan,34.59901999885915,0.17878536051363877,nan,nan,nan,nan,34.75981999799842,0.1368352648425199,superpoint_lightglue,superpoint,superpoint,lightglue,nan
hpatches,v_soldiers,viewpoint,v_soldiers_1_to_3,1,3,D:\桌面\IACV\Assigment1\data\hpatches\v_soldiers\1.ppm,D:\桌面\IACV\Assigment1\data\hpatches\v_soldiers\3.ppm,983,1822,764,0.41931942919868276,3.0,9.680689243213724,1822,983,714,269,764,0.539517014270033,0.7263479145473042,0.3918770581778266,0.9345549738219895,0.41931942919868276,3.0,1.6143151508736293,1.5809280024521857,True,637,0.6480162767039674,1.6606048393950172,24.939659997471608,0.38109398990093535,nan,2048,2048,2097152,256,float32,1024,nan,2048,2048,2097152,nan,nan,nan,nan,34.59901999885915,0.17878536051363877,nan,nan,nan,nan,34.50706000003265,0.12565775095678047,superpoint_lightglue,superpoint,superpoint,lightglue,nan
hpatches,v_soldiers,viewpoint,v_soldiers_1_to_4,1,4,D:\桌面\IACV\Assigment1\data\hpatches\v_soldiers\1.ppm,D:\桌面\IACV\Assigment1\data\hpatches\v_soldiers\4.ppm,775,1750,629,0.35942857142857143,3.0,5.142908368137747,1750,775,580,195,629,0.44285714285714284,0.7483870967741936,0.3314285714285714,0.9220985691573926,0.35942857142857143,3.0,1.546180182368541,1.5293808265599946,True,569,0.7341935483870968,1.6010502773954887,26.15351999993436,0.22789360971352,nan,2048,2048,2097152,256,float32,1024,nan,2048,2048,2097152,nan,nan,nan,nan,34.59901999885915,0.17878536051363877,nan,nan,nan,nan,34.87074000004213,0.25379557526457464,superpoint_lightglue,superpoint,superpoint,lightglue,nan
hpatches,v_soldiers,viewpoint,v_soldiers_1_to_5,1,5,D:\桌面\IACV\Assigment1\data\hpatches\v_soldiers\1.ppm,D:\桌面\IACV\Assigment1\data\hpatches\v_soldiers\5.ppm,629,1244,483,0.3882636655948553,3.0,8.154988730107112,1244,629,433,196,483,0.5056270096463023,0.6883942766295708,0.34807073954983925,0.8964803312629399,0.3882636655948553,3.0,1.59683362110797,1.5513594495703673,True,388,0.6168521462639109,1.4815031333516342,26.010579998546746,0.18525428382978115,nan,2048,2048,2097152,256,float32,1024,nan,2048,2048,2097152,nan,nan,nan,nan,34.59901999885915,0.17878536051363877,nan,nan,nan,nan,34.67259999742964,0.2963460467709358,superpoint_lightglue,superpoint,superpoint,lightglue,nan
hpatches,v_soldiers,viewpoint,v_soldiers_1_to_6,1,6,D:\桌面\IACV\Assigment1\data\hpatches\v_soldiers\1.ppm,D:\桌面\IACV\Assigment1\data\hpatches\v_soldiers\6.ppm,1066,2009,883,0.439522150323544,3.0,1.9289336137174393,2009,1066,861,205,883,0.5306122448979592,0.8076923076923077,0.42857142857142855,0.9750849377123443,0.439522150323544,3.0,1.4401266824851429,1.3488360979059426,True,841,0.7889305816135085,1.4615678628272513,19.80693999939831,1.1163290814705418,nan,2048,2048,2097152,256,float32,1024,nan,2048,2048,2097152,nan,nan,nan,nan,34.59901999885915,0.17878536051363877,nan,nan,nan,nan,34.62082000187365,0.36034177216838703,superpoint_lightglue,superpoint,superpoint,lightglue,nan
hpatches,v_strand,viewpoint,v_strand_1_to_2,1,2,D:\桌面\IACV\Assigment1\data\hpatches\v_strand\1.ppm,D:\桌面\IACV\Assigment1\data\hpatches\v_strand\2.ppm,1711,2002,1676,0.8371628371628371,3.0,0.3868017276075969,2002,1711,1671,40,1676,0.8546453546453546,0.9766218585622443,0.8346653346653347,0.997016706443914,0.8371628371628371,3.0,0.8553420174980697,0.7559344482338187,True,1668,0.9748684979544127,0.8642023880045733,15.874379998422228,0.315006022795207,nan,2048,2048,2097152,256,float32,1024,nan,2048,2048,2097152,nan,nan,nan,nan,34.21257999871159,0.22186167189406028,nan,nan,nan,nan,33.96474000182934,0.14148308387447317,superpoint_lightglue,superpoint,superpoint,lightglue,nan
hpatches,v_strand,viewpoint,v_strand_1_to_3,1,3,D:\桌面\IACV\Assigment1\data\hpatches\v_strand\1.ppm,D:\桌面\IACV\Assigment1\data\hpatches\v_strand\3.ppm,1396,1968,1022,0.5193089430894309,3.0,2.762941524844644,1968,1395,969,426,1022,0.7088414634146342,0.6946236559139785,0.4923780487804878,0.9481409001956947,0.5193089430894309,3.0,1.5707644413035093,1.5112753667539751,True,931,0.6669054441260746,1.4846004781213507,20.242059999145567,0.539007186227018,nan,2048,2048,2097152,256,float32,1024,nan,2048,2048,2097152,nan,nan,nan,nan,34.21257999871159,0.22186167189406028,nan,nan,nan,nan,34.78297999681672,0.505277661160331,superpoint_lightglue,superpoint,superpoint,lightglue,nan
hpatches,v_strand,viewpoint,v_strand_1_to_4,1,4,D:\桌面\IACV\Assigment1\data\hpatches\v_strand\1.ppm,D:\桌面\IACV\Assigment1\data\hpatches\v_strand\4.ppm,1303,1933,914,0.47284014485256076,3.0,11.168891696254978,1933,1303,870,433,914,0.6740817382307295,0.6676899462778204,0.4500775995861355,0.9518599562363238,0.47284014485256076,3.0,1.686452554400827,1.7103827254514146,True,873,0.6699923254029163,1.507675502619598,19.26098000112688,0.7637275921111335,nan,2048,2048,2097152,256,float32,1024,nan,2048,2048,2097152,nan,nan,nan,nan,34.21257999871159,0.22186167189406028,nan,nan,nan,nan,34.31433999794535,0.26387252466070726,superpoint_lightglue,superpoint,superpoint,lightglue,nan
hpatches,v_strand,viewpoint,v_strand_1_to_5,1,5,D:\桌面\IACV\Assigment1\data\hpatches\v_strand\1.ppm,D:\桌面\IACV\Assigment1\data\hpatches\v_strand\5.ppm,1495,1980,882,0.44545454545454544,3.0,8.993473678749048,1980,1493,823,670,882,0.7540404040404041,0.551239115874079,0.41565656565656567,0.9331065759637188,0.44545454545454544,3.0,1.6944154086463221,1.6768042437917081,True,1110,0.7424749163879598,1.4906130945783678,20.229280000785366,0.2551750712945723,nan,2048,2048,2097152,256,float32,1024,nan,2048,2048,2097152,nan,nan,nan,nan,34.21257999871159,0.22186167189406028,nan,nan,nan,nan,34.5564999995986,0.15086282399005516,superpoint_lightglue,superpoint,superpoint,lightglue,nan
hpatches,v_strand,viewpoint,v_strand_1_to_6,1,6,D:\桌面\IACV\Assigment1\data\hpatches\v_strand\1.ppm,D:\桌面\IACV\Assigment1\data\hpatches\v_strand\6.ppm,1257,2014,797,0.3957298907646475,3.0,9.255400092011923,2014,1253,688,565,797,0.6221449851042701,0.5490822027134876,0.3416087388282026,0.863237139272271,0.3957298907646475,3.0,1.753310646339385,1.7916024352000994,True,685,0.5449482895783612,1.7137640016815998,23.595159998512827,0.44781414294242755,nan,2048,2048,2097152,256,float32,1024,nan,2048,2048,2097152,nan,nan,nan,nan,34.21257999871159,0.22186167189406028,nan,nan,nan,nan,34.399560003657825,0.44750063884124475,superpoint_lightglue,superpoint,superpoint,lightglue,nan
hpatches,v_sunseason,viewpoint,v_sunseason_1_to_2,1,2,D:\桌面\IACV\Assigment1\data\hpatches\v_sunseason\1.ppm,D:\桌面\IACV\Assigment1\data\hpatches\v_sunseason\2.ppm,1498,2044,1486,0.7270058708414873,3.0,0.06823614984558836,2044,1498,1483,15,1486,0.7328767123287672,0.9899866488651535,0.7255381604696673,0.9979811574697174,0.7270058708414873,3.0,0.5949139351926874,0.5608176481142865,True,1483,0.9899866488651535,0.594058275643657,11.693560001731385,0.11023477825626728,nan,2048,2048,2097152,256,float32,1024,nan,2048,2048,2097152,nan,nan,nan,nan,42.736499999591615,0.19235360002218158,nan,nan,nan,nan,42.90355999983149,0.40432638408668214,superpoint_lightglue,superpoint,superpoint,lightglue,nan
hpatches,v_sunseason,viewpoint,v_sunseason_1_to_3,1,3,D:\桌面\IACV\Assigment1\data\hpatches\v_sunseason\1.ppm,D:\桌面\IACV\Assigment1\data\hpatches\v_sunseason\3.ppm,1207,2008,1200,0.5976095617529881,3.0,0.2418683932733139,2008,1207,1196,11,1200,0.6010956175298805,0.9908864954432477,0.5956175298804781,0.9966666666666667,0.5976095617529881,3.0,0.6786708807806574,0.6390786194027018,True,1196,0.9908864954432477,0.6811336777209891,14.985740002884995,0.7002443222935014,nan,2048,2048,2097152,256,float32,1024,nan,2048,2048,2097152,nan,nan,nan,nan,42.736499999591615,0.19235360002218158,nan,nan,nan,nan,43.233860000327695,0.5643555461264679,superpoint_lightglue,superpoint,superpoint,lightglue,nan
hpatches,v_sunseason,viewpoint,v_sunseason_1_to_4,1,4,D:\桌面\IACV\Assigment1\data\hpatches\v_sunseason\1.ppm,D:\桌面\IACV\Assigment1\data\hpatches\v_sunseason\4.ppm,673,2017,613,0.3039167079821517,3.0,1.3427399069310322,2017,673,608,65,613,0.3336638572136837,0.9034175334323923,0.30143777887952405,0.9918433931484503,0.3039167079821517,3.0,1.0138312392349331,0.9175320240603624,True,609,0.9049034175334324,1.0285810343549837,18.83137999975588,0.5708508376374095,nan,2048,2048,2097152,256,float32,1024,nan,2048,2048,2097152,nan,nan,nan,nan,42.736499999591615,0.19235360002218158,nan,nan,nan,nan,42.51419999782229,0.2557277688458263,superpoint_lightglue,superpoint,superpoint,lightglue,nan
hpatches,v_sunseason,viewpoint,v_sunseason_1_to_5,1,5,D:\桌面\IACV\Assigment1\data\hpatches\v_sunseason\1.ppm,D:\桌面\IACV\Assigment1\data\hpatches\v_sunseason\5.ppm,562,1961,503,0.2565017848036716,3.0,3.6659931429340404,1961,562,489,73,503,0.2865884752677206,0.8701067615658363,0.2493625701172871,0.9721669980119284,0.2565017848036716,3.0,1.156123954806967,1.0745773044324889,True,488,0.8683274021352313,1.18118115707725,22.003579999727663,0.035382900041024686,nan,2048,2048,2097152,256,float32,1024,nan,2048,2048,2097152,nan,nan,nan,nan,42.736499999591615,0.19235360002218158,nan,nan,nan,nan,42.349460000696126,0.09168124425394858,superpoint_lightglue,superpoint,superpoint,lightglue,nan
hpatches,v_sunseason,viewpoint,v_sunseason_1_to_6,1,6,D:\桌面\IACV\Assigment1\data\hpatches\v_sunseason\1.ppm,D:\桌面\IACV\Assigment1\data\hpatches\v_sunseason\6.ppm,463,1936,396,0.20454545454545456,3.0,2.21080556641479,1936,448,351,97,396,0.23140495867768596,0.7834821428571429,0.18130165289256198,0.8863636363636364,0.20454545454545456,3.0,1.2764524177443075,1.1741693813425134,True,348,0.7516198704103672,1.2453804470146241,21.285760001046583,0.5899531704064754,nan,2048,2048,2097152,256,float32,1024,nan,2048,2048,2097152,nan,nan,nan,nan,42.736499999591615,0.19235360002218158,nan,nan,nan,nan,42.406899998604786,0.168719115061521,superpoint_lightglue,superpoint,superpoint,lightglue,nan
hpatches,v_tabletop,viewpoint,v_tabletop_1_to_2,1,2,D:\桌面\IACV\Assigment1\data\hpatches\v_tabletop\1.ppm,D:\桌面\IACV\Assigment1\data\hpatches\v_tabletop\2.ppm,1132,1544,1103,0.7143782383419689,3.0,1.6129102894452887,1544,1132,1103,29,1103,0.7331606217616581,0.9743816254416962,0.7143782383419689,1.0,0.7143782383419689,3.0,1.229832361766887,1.1362489187254945,True,1091,0.9637809187279152,1.1509904605654802,14.960920000157785,0.3156383908446584,nan,2048,2048,2097152,256,float32,1024,nan,2048,2048,2097152,nan,nan,nan,nan,26.39119999948889,0.3071833889435766,nan,nan,nan,nan,27.082639999571256,0.22708175367608777,superpoint_lightglue,superpoint,superpoint,lightglue,nan
hpatches,v_tabletop,viewpoint,v_tabletop_1_to_3,1,3,D:\桌面\IACV\Assigment1\data\hpatches\v_tabletop\1.ppm,D:\桌面\IACV\Assigment1\data\hpatches\v_tabletop\3.ppm,858,1924,792,0.41164241164241167,3.0,1.9865755384039032,1924,858,782,76,792,0.44594594594594594,0.9114219114219114,0.40644490644490644,0.9873737373737373,0.41164241164241167,3.0,1.295403649905468,1.2197335812685983,True,764,0.8904428904428905,1.246046536717973,22.62858000176493,0.24886689863876565,nan,2048,2048,2097152,256,float32,1024,nan,2048,2048,2097152,nan,nan,nan,nan,26.39119999948889,0.3071833889435766,nan,nan,nan,nan,26.400559999456163,0.3180960400084683,superpoint_lightglue,superpoint,superpoint,lightglue,nan
hpatches,v_tabletop,viewpoint,v_tabletop_1_to_4,1,4,D:\桌面\IACV\Assigment1\data\hpatches\v_tabletop\1.ppm,D:\桌面\IACV\Assigment1\data\hpatches\v_tabletop\4.ppm,825,1763,768,0.4356211003970505,3.0,1.7909406051860461,1763,825,750,75,768,0.4679523539421441,0.9090909090909091,0.4254112308564946,0.9765625,0.4356211003970505,3.0,1.281511783250937,1.1907503256429512,True,746,0.9042424242424243,1.251593745425163,21.265039998979773,0.18407274252614708,nan,2048,2048,2097152,256,float32,1024,nan,2048,2048,2097152,nan,nan,nan,nan,26.39119999948889,0.3071833889435766,nan,nan,nan,nan,26.505799998994917,0.46132030939201873,superpoint_lightglue,superpoint,superpoint,lightglue,nan
hpatches,v_tabletop,viewpoint,v_tabletop_1_to_5,1,5,D:\桌面\IACV\Assigment1\data\hpatches\v_tabletop\1.ppm,D:\桌面\IACV\Assigment1\data\hpatches\v_tabletop\5.ppm,811,1885,745,0.3952254641909814,3.0,2.8383008282657625,1885,811,729,82,745,0.43023872679045094,0.8988902589395807,0.386737400530504,0.978523489932886,0.3952254641909814,3.0,1.2900226540785196,1.179535270650766,True,700,0.8631319358816276,1.2805607429974546,20.90512000140734,0.11748706097418392,nan,2048,2048,2097152,256,float32,1024,nan,2048,2048,2097152,nan,nan,nan,nan,26.39119999948889,0.3071833889435766,nan,nan,nan,nan,26.378760000807233,0.22782132163804764,superpoint_lightglue,superpoint,superpoint,lightglue,nan
hpatches,v_tabletop,viewpoint,v_tabletop_1_to_6,1,6,D:\桌面\IACV\Assigment1\data\hpatches\v_tabletop\1.ppm,D:\桌面\IACV\Assigment1\data\hpatches\v_tabletop\6.ppm,819,1826,773,0.42332968236582696,3.0,1.9248657824016153,1826,819,757,62,773,0.4485213581599124,0.9242979242979243,0.4145673603504929,0.9793014230271668,0.42332968236582696,3.0,1.2380028749036884,1.0963152522683286,True,751,0.9169719169719169,1.1643920234241065,21.334980000392534,0.3511514185993817,nan,2048,2048,2097152,256,float32,1024,nan,2048,2048,2097152,nan,nan,nan,nan,26.39119999948889,0.3071833889435766,nan,nan,nan,nan,26.564319999306463,0.15552641594268607,superpoint_lightglue,superpoint,superpoint,lightglue,nan
hpatches,v_talent,viewpoint,v_talent_1_to_2,1,2,D:\桌面\IACV\Assigment1\data\hpatches\v_talent\1.ppm,D:\桌面\IACV\Assigment1\data\hpatches\v_talent\2.ppm,847,2048,858,0.4189453125,3.0,0.9103756963162474,2048,847,774,73,858,0.41357421875,0.9138134592680047,0.3779296875,0.9020979020979021,0.4189453125,3.0,1.1010390304926325,1.00583484560564,True,770,0.9090909090909091,1.0203015111742357,23.22025999892503,0.15766024956026767,nan,2048,2048,2097152,256,float32,1024,nan,2048,2048,2097152,nan,nan,nan,nan,57.58950000163168,0.1649569266118984,nan,nan,nan,nan,27.546000000438653,0.22162501674923138,superpoint_lightglue,superpoint,superpoint,lightglue,nan
hpatches,v_talent,viewpoint,v_talent_1_to_3,1,3,D:\桌面\IACV\Assigment1\data\hpatches\v_talent\1.ppm,D:\桌面\IACV\Assigment1\data\hpatches\v_talent\3.ppm,842,2048,844,0.412109375,3.0,1.007045295606112,2048,842,760,82,844,0.4111328125,0.9026128266033254,0.37109375,0.9004739336492891,0.412109375,3.0,1.0957198229374094,0.9801196809200436,True,762,0.9049881235154394,0.998966048426285,23.422860002028756,0.15043786013878957,nan,2048,2048,2097152,256,float32,1024,nan,2048,2048,2097152,nan,nan,nan,nan,57.58950000163168,0.1649569266118984,nan,nan,nan,nan,27.62889999867184,0.5652941209628609,superpoint_lightglue,superpoint,superpoint,lightglue,nan
hpatches,v_talent,viewpoint,v_talent_1_to_4,1,4,D:\桌面\IACV\Assigment1\data\hpatches\v_talent\1.ppm,D:\桌面\IACV\Assigment1\data\hpatches\v_talent\4.ppm,687,2048,673,0.32861328125,3.0,1.0334074052107394,2048,687,607,80,673,0.33544921875,0.883551673944687,0.29638671875,0.9019316493313522,0.32861328125,3.0,1.2041431006810004,1.1108794570950222,True,605,0.8806404657933042,1.1371561162595,24.917560000903904,0.13705637566185241,nan,2048,2048,2097152,256,float32,1024,nan,2048,2048,2097152,nan,nan,nan,nan,57.58950000163168,0.1649569266118984,nan,nan,nan,nan,27.18711999914376,0.069015168931113,superpoint_lightglue,superpoint,superpoint,lightglue,nan
hpatches,v_talent,viewpoint,v_talent_1_to_5,1,5,D:\桌面\IACV\Assigment1\data\hpatches\v_talent\1.ppm,D:\桌面\IACV\Assigment1\data\hpatches\v_talent\5.ppm,501,1993,528,0.26492724535875567,3.0,4.25873660222083,1993,500,407,93,528,0.2508780732563974,0.814,0.2042147516307075,0.7708333333333334,0.26492724535875567,3.0,1.3256873455377178,1.2564405603764714,True,428,0.8542914171656687,1.2641562202935681,23.155640003096778,0.06300957485218717,nan,2048,2048,2097152,256,float32,1024,nan,2048,2048,2097152,nan,nan,nan,nan,57.58950000163168,0.1649569266118984,nan,nan,nan,nan,27.118320000590757,0.20991616647915395,superpoint_lightglue,superpoint,superpoint,lightglue,nan
hpatches,v_talent,viewpoint,v_talent_1_to_6,1,6,D:\桌面\IACV\Assigment1\data\hpatches\v_talent\1.ppm,D:\桌面\IACV\Assigment1\data\hpatches\v_talent\6.ppm,836,2003,840,0.41937094358462307,3.0,1.3231808188106036,2003,836,756,80,840,0.41737393909136294,0.9043062200956937,0.37743384922616074,0.9,0.41937094358462307,3.0,1.1129677476530266,0.9630407916654735,True,746,0.8923444976076556,1.0814037527203049,26.196279998112004,0.14512237984249365,nan,2048,2048,2097152,256,float32,1024,nan,2048,2048,2097152,nan,nan,nan,nan,57.58950000163168,0.1649569266118984,nan,nan,nan,nan,27.121859999897424,0.14821110244326283,superpoint_lightglue,superpoint,superpoint,lightglue,nan
hpatches,v_tempera,viewpoint,v_tempera_1_to_2,1,2,D:\桌面\IACV\Assigment1\data\hpatches\v_tempera\1.ppm,D:\桌面\IACV\Assigment1\data\hpatches\v_tempera\2.ppm,1297,2048,1239,0.60498046875,3.0,0.6688448266495157,2048,1297,1222,75,1239,0.63330078125,0.9421742482652274,0.5966796875,0.9862792574656981,0.60498046875,3.0,1.0411869209919917,0.9047641593534523,True,1217,0.938319198149576,1.0671264014592718,18.601739998848643,0.14508224748189175,nan,2048,2048,2097152,256,float32,1024,nan,2048,2048,2097152,nan,nan,nan,nan,26.07679999928223,0.19828025525905346,nan,nan,nan,nan,26.288180000847206,0.13134722486607633,superpoint_lightglue,superpoint,superpoint,lightglue,nan
hpatches,v_tempera,viewpoint,v_tempera_1_to_3,1,3,D:\桌面\IACV\Assigment1\data\hpatches\v_tempera\1.ppm,D:\桌面\IACV\Assigment1\data\hpatches\v_tempera\3.ppm,1306,2019,1216,0.6022783556215948,3.0,1.317202313944634,2019,1306,1187,119,1216,0.6468548786527984,0.9088820826952527,0.5879148093115404,0.9761513157894737,0.6022783556215948,3.0,1.1506240790374482,1.0145531370633893,True,1182,0.9050535987748851,1.1961704837999756,19.600480000372045,0.33056340525684663,nan,2048,2048,2097152,256,float32,1024,nan,2048,2048,2097152,nan,nan,nan,nan,26.07679999928223,0.19828025525905346,nan,nan,nan,nan,26.811479999742005,0.2633355622836672,superpoint_lightglue,superpoint,superpoint,lightglue,nan
hpatches,v_tempera,viewpoint,v_tempera_1_to_4,1,4,D:\桌面\IACV\Assigment1\data\hpatches\v_tempera\1.ppm,D:\桌面\IACV\Assigment1\data\hpatches\v_tempera\4.ppm,1203,2048,1170,0.5712890625,3.0,1.6312545111048293,2048,1203,1142,61,1170,0.58740234375,0.9492934330839568,0.5576171875,0.976068376068376,0.5712890625,3.0,1.082629389722407,0.9438242747533425,True,1125,0.9351620947630923,1.153717295863172,22.571599997172598,0.28053538014857365,nan,2048,2048,2097152,256,float32,1024,nan,2048,2048,2097152,nan,nan,nan,nan,26.07679999928223,0.19828025525905346,nan,nan,nan,nan,26.32768000039505,0.07972747237516198,superpoint_lightglue,superpoint,superpoint,lightglue,nan
hpatches,v_tempera,viewpoint,v_tempera_1_to_5,1,5,D:\桌面\IACV\Assigment1\data\hpatches\v_tempera\1.ppm,D:\桌面\IACV\Assigment1\data\hpatches\v_tempera\5.ppm,1104,2006,1064,0.5304087736789631,3.0,0.7014540096282833,2006,1104,1028,76,1064,0.5503489531405783,0.9311594202898551,0.5124626121635095,0.9661654135338346,0.5304087736789631,3.0,1.196445517589802,1.079996250891895,True,1024,0.927536231884058,1.254240131675712,22.54152000095928,0.3401982322506736,nan,2048,2048,2097152,256,float32,1024,nan,2048,2048,2097152,nan,nan,nan,nan,26.07679999928223,0.19828025525905346,nan,nan,nan,nan,26.37879999820143,0.43135590887208525,superpoint_lightglue,superpoint,superpoint,lightglue,nan
hpatches,v_tempera,viewpoint,v_tempera_1_to_6,1,6,D:\桌面\IACV\Assigment1\data\hpatches\v_tempera\1.ppm,D:\桌面\IACV\Assigment1\data\hpatches\v_tempera\6.ppm,787,1885,816,0.43289124668435014,3.0,4.961658801047042,1885,787,642,145,816,0.41750663129973475,0.8157560355781448,0.3405835543766578,0.7867647058823529,0.43289124668435014,3.0,1.4952307456537917,1.4612685508107317,True,641,0.8144853875476493,1.454388117174393,24.633719999110326,0.3213593228306182,nan,2048,2048,2097152,256,float32,1024,nan,2048,2048,2097152,nan,nan,nan,nan,26.07679999928223,0.19828025525905346,nan,nan,nan,nan,26.406620001944248,0.31301050359453847,superpoint_lightglue,superpoint,superpoint,lightglue,nan
hpatches,v_there,viewpoint,v_there_1_to_2,1,2,D:\桌面\IACV\Assigment1\data\hpatches\v_there\1.ppm,D:\桌面\IACV\Assigment1\data\hpatches\v_there\2.ppm,1053,1786,966,0.5408734602463606,3.0,1.7027999997817083,1786,1053,909,144,966,0.589585666293393,0.8632478632478633,0.5089585666293394,0.9409937888198758,0.5408734602463606,3.0,1.4053942931362862,1.3631741275512685,True,913,0.8670465337132004,1.381695352330958,20.935540000209585,0.17304273029990927,nan,1819,1819,1862656,256,float32,1024,nan,1832,1832,1875968,nan,nan,nan,nan,42.616780000389554,0.1641291500661436,nan,nan,nan,nan,43.98273999831872,1.7196832517416063,superpoint_lightglue,superpoint,superpoint,lightglue,nan
hpatches,v_there,viewpoint,v_there_1_to_3,1,3,D:\桌面\IACV\Assigment1\data\hpatches\v_there\1.ppm,D:\桌面\IACV\Assigment1\data\hpatches\v_there\3.ppm,398,1794,375,0.20903010033444816,3.0,1.2441322177390648,1794,398,360,38,375,0.221850613154961,0.9045226130653267,0.20066889632107024,0.96,0.20903010033444816,3.0,1.3707000955422093,1.303902118483209,True,358,0.8994974874371859,1.3593773948771812,26.844539999729022,0.591358003428681,nan,1819,1819,1862656,256,float32,1024,nan,2048,2048,2097152,nan,nan,nan,nan,42.616780000389554,0.1641291500661436,nan,nan,nan,nan,42.89001999859465,0.234142635988033,superpoint_lightglue,superpoint,superpoint,lightglue,nan
hpatches,v_there,viewpoint,v_there_1_to_4,1,4,D:\桌面\IACV\Assigment1\data\hpatches\v_there\1.ppm,D:\桌面\IACV\Assigment1\data\hpatches\v_there\4.ppm,212,1819,204,0.11214953271028037,3.0,2.7497294748468497,1819,212,181,31,204,0.11654755360087961,0.8537735849056604,0.09950522264980759,0.8872549019607843,0.11214953271028037,3.0,1.2677551571604955,1.175075482011777,True,183,0.8632075471698113,1.3409420317137835,26.184660001308657,0.2736562550884914,nan,1819,1819,1862656,256,float32,1024,nan,2048,2048,2097152,nan,nan,nan,nan,42.616780000389554,0.1641291500661436,nan,nan,nan,nan,43.17714000062551,0.5942401410419933,superpoint_lightglue,superpoint,superpoint,lightglue,nan
hpatches,v_there,viewpoint,v_there_1_to_5,1,5,D:\桌面\IACV\Assigment1\data\hpatches\v_there\1.ppm,D:\桌面\IACV\Assigment1\data\hpatches\v_there\5.ppm,95,1819,150,0.08246289169873557,3.0,16.26945276502903,1819,95,64,31,150,0.05222649807586586,0.6736842105263158,0.035184167124793844,0.4266666666666667,0.08246289169873557,3.0,1.3023706929898662,1.1496267446361257,True,58,0.6105263157894737,1.2607337640526721,27.87699999898905,0.3782603160417382,nan,1819,1819,1862656,256,float32,1024,nan,2048,2048,2097152,nan,nan,nan,nan,42.616780000389554,0.1641291500661436,nan,nan,nan,nan,42.73000000102911,0.18830180143050257,superpoint_lightglue,superpoint,superpoint,lightglue,nan
hpatches,v_there,viewpoint,v_there_1_to_6,1,6,D:\桌面\IACV\Assigment1\data\hpatches\v_there\1.ppm,D:\桌面\IACV\Assigment1\data\hpatches\v_there\6.ppm,11,1819,88,0.04837822979659153,3.0,506.2732612812652,1819,11,0,11,88,0.006047278724573941,0.0,0.0,0.0,0.04837822979659153,3.0,nan,nan,True,5,0.45454545454545453,0.3208248303724444,25.233279999520164,0.2673392490997849,nan,1819,1819,1862656,256,float32,1024,nan,2048,2048,2097152,nan,nan,nan,nan,42.616780000389554,0.1641291500661436,nan,nan,nan,nan,42.87872000131756,0.39271099955327166,superpoint_lightglue,superpoint,superpoint,lightglue,nan
hpatches,v_underground,viewpoint,v_underground_1_to_2,1,2,D:\桌面\IACV\Assigment1\data\hpatches\v_underground\1.ppm,D:\桌面\IACV\Assigment1\data\hpatches\v_underground\2.ppm,1543,1841,1432,0.7778381314502988,3.0,1.1421287144537413,1841,1543,1417,126,1432,0.8381314502987507,0.9183408943616331,0.7696903856599674,0.9895251396648045,0.7778381314502988,3.0,1.0702082124432917,0.94833463852835,True,1415,0.9170447180816591,1.119524834437237,25.138040000456385,1.1384900984898125,nan,2048,2048,2097152,256,float32,1024,nan,2048,2048,2097152,nan,nan,nan,nan,42.66625999880489,0.11171640036493699,nan,nan,nan,nan,42.87328000064008,0.21039253123515633,superpoint_lightglue,superpoint,superpoint,lightglue,nan
hpatches,v_underground,viewpoint,v_underground_1_to_3,1,3,D:\桌面\IACV\Assigment1\data\hpatches\v_underground\1.ppm,D:\桌面\IACV\Assigment1\data\hpatches\v_underground\3.ppm,1371,1763,1204,0.6829268292682927,3.0,2.217279507570758,1763,1371,1175,196,1204,0.7776517300056721,0.8570386579139314,0.6664775950085082,0.9759136212624585,0.6829268292682927,3.0,1.2777639518948594,1.1788112381490499,True,1144,0.8344274252370533,1.3295126642518844,23.956419997557532,0.08302111514521228,nan,2048,2048,2097152,256,float32,1024,nan,2048,2048,2097152,nan,nan,nan,nan,42.66625999880489,0.11171640036493699,nan,nan,nan,nan,42.71968000102788,0.11351034319876785,superpoint_lightglue,superpoint,superpoint,lightglue,nan
hpatches,v_underground,viewpoint,v_underground_1_to_4,1,4,D:\桌面\IACV\Assigment1\data\hpatches\v_underground\1.ppm,D:\桌面\IACV\Assigment1\data\hpatches\v_underground\4.ppm,1104,1372,947,0.6902332361516035,3.0,2.2743603865984974,1372,1104,911,193,947,0.8046647230320699,0.8251811594202898,0.6639941690962099,0.9619852164730729,0.6902332361516035,3.0,1.323868255025956,1.2156663762213404,True,912,0.8260869565217391,1.363314364566181,26.971220000996254,0.8459649014211761,nan,2048,2048,2097152,256,float32,1024,nan,2048,2048,2097152,nan,nan,nan,nan,42.66625999880489,0.11171640036493699,nan,nan,nan,nan,42.805760000192095,0.1634424017851172,superpoint_lightglue,superpoint,superpoint,lightglue,nan
hpatches,v_underground,viewpoint,v_underground_1_to_5,1,5,D:\桌面\IACV\Assigment1\data\hpatches\v_underground\1.ppm,D:\桌面\IACV\Assigment1\data\hpatches\v_underground\5.ppm,959,1437,762,0.5302713987473904,3.0,3.540329551688581,1437,959,708,251,762,0.6673625608907446,0.7382690302398331,0.49269311064718163,0.9291338582677166,0.5302713987473904,3.0,1.4885511357262315,1.393090367838839,True,691,0.7205422314911366,1.5840600100968778,30.518659998779185,0.12954820831180347,nan,2048,2048,2097152,256,float32,1024,nan,2048,2048,2097152,nan,nan,nan,nan,42.66625999880489,0.11171640036493699,nan,nan,nan,nan,42.68696000071941,0.2797956019269329,superpoint_lightglue,superpoint,superpoint,lightglue,nan
hpatches,v_underground,viewpoint,v_underground_1_to_6,1,6,D:\桌面\IACV\Assigment1\data\hpatches\v_underground\1.ppm,D:\桌面\IACV\Assigment1\data\hpatches\v_underground\6.ppm,624,1528,512,0.33507853403141363,3.0,15.937149987865894,1528,623,299,324,512,0.40772251308900526,0.4799357945425361,0.1956806282722513,0.583984375,0.33507853403141363,3.0,1.70204939015572,1.7461345843125757,True,278,0.44551282051282054,1.6401861636205204,30.771760000789072,0.5563720720476449,nan,2048,2048,2097152,256,float32,1024,nan,2048,2048,2097152,nan,nan,nan,nan,42.66625999880489,0.11171640036493699,nan,nan,nan,nan,42.97536000085529,0.5856117225751369,superpoint_lightglue,superpoint,superpoint,lightglue,nan
hpatches,v_vitro,viewpoint,v_vitro_1_to_2,1,2,D:\桌面\IACV\Assigment1\data\hpatches\v_vitro\1.ppm,D:\桌面\IACV\Assigment1\data\hpatches\v_vitro\2.ppm,1688,2041,1650,0.8084272415482606,3.0,0.39185439769689373,2041,1688,1644,44,1650,0.8270455658990691,0.9739336492890995,0.8054875061244487,0.9963636363636363,0.8084272415482606,3.0,0.9108333475828444,0.8167779962911146,True,1642,0.9727488151658767,0.9163168978420121,15.64778000174556,0.2177464908674356,nan,2048,2048,2097152,256,float32,1024,nan,2048,2048,2097152,nan,nan,nan,nan,26.23853999975836,0.1424671134904594,nan,nan,nan,nan,26.310260000173002,0.03143352363631804,superpoint_lightglue,superpoint,superpoint,lightglue,nan
hpatches,v_vitro,viewpoint,v_vitro_1_to_3,1,3,D:\桌面\IACV\Assigment1\data\hpatches\v_vitro\1.ppm,D:\桌面\IACV\Assigment1\data\hpatches\v_vitro\3.ppm,1542,1933,1471,0.760993274702535,3.0,1.8612026993092643,1933,1542,1465,77,1471,0.7977237454733574,0.9500648508430609,0.7578892912571132,0.9959211420802175,0.760993274702535,3.0,1.1266243673853247,1.0410201008492326,True,1400,0.9079118028534371,1.2029152271674435,19.731919998594094,0.35263621009712687,nan,2048,2048,2097152,256,float32,1024,nan,2048,2048,2097152,nan,nan,nan,nan,26.23853999975836,0.1424671134904594,nan,nan,nan,nan,26.503420001245104,0.30739356310926447,superpoint_lightglue,superpoint,superpoint,lightglue,nan
hpatches,v_vitro,viewpoint,v_vitro_1_to_4,1,4,D:\桌面\IACV\Assigment1\data\hpatches\v_vitro\1.ppm,D:\桌面\IACV\Assigment1\data\hpatches\v_vitro\4.ppm,1374,1859,1243,0.6686390532544378,3.0,1.6145814654840298,1859,1374,1224,150,1243,0.7391070467993545,0.8908296943231441,0.6584185045723507,0.9847144006436042,0.6686390532544378,3.0,1.2874541915231372,1.2205839866696016,True,1184,0.8617176128093159,1.3400886029618073,23.857220000354573,0.8170960088373296,nan,2048,2048,2097152,256,float32,1024,nan,2048,2048,2097152,nan,nan,nan,nan,26.23853999975836,0.1424671134904594,nan,nan,nan,nan,26.35619999928167,0.2691296260515658,superpoint_lightglue,superpoint,superpoint,lightglue,nan
hpatches,v_vitro,viewpoint,v_vitro_1_to_5,1,5,D:\桌面\IACV\Assigment1\data\hpatches\v_vitro\1.ppm,D:\桌面\IACV\Assigment1\data\hpatches\v_vitro\5.ppm,1511,1792,1433,0.7996651785714286,3.0,0.5293361628949538,1792,1511,1427,84,1433,0.8431919642857143,0.9444076770350761,0.7963169642857143,0.9958129797627355,0.7996651785714286,3.0,1.0782609733583544,0.985621578425907,True,1429,0.9457313037723362,1.0898385005107727,15.26529999973718,0.184173818444811,nan,2048,2048,2097152,256,float32,1024,nan,2048,2048,2097152,nan,nan,nan,nan,26.23853999975836,0.1424671134904594,nan,nan,nan,nan,26.302120000764262,0.13879915479365976,superpoint_lightglue,superpoint,superpoint,lightglue,nan
hpatches,v_vitro,viewpoint,v_vitro_1_to_6,1,6,D:\桌面\IACV\Assigment1\data\hpatches\v_vitro\1.ppm,D:\桌面\IACV\Assigment1\data\hpatches\v_vitro\6.ppm,1379,1761,1244,0.7064168086314594,3.0,1.3799048427862264,1761,1379,1227,152,1244,0.7830777967064169,0.8897751994198695,0.696763202725724,0.9863344051446945,0.7064168086314594,3.0,1.2610395099453162,1.17740374552068,True,1212,0.8788977519941987,1.325488750596744,19.52929999824846,0.43749000838766805,nan,2048,2048,2097152,256,float32,1024,nan,2048,2048,2097152,nan,nan,nan,nan,26.23853999975836,0.1424671134904594,nan,nan,nan,nan,26.22129999945173,0.14856342780586732,superpoint_lightglue,superpoint,superpoint,lightglue,nan
hpatches,v_wall,viewpoint,v_wall_1_to_2,1,2,D:\桌面\IACV\Assigment1\data\hpatches\v_wall\1.ppm,D:\桌面\IACV\Assigment1\data\hpatches\v_wall\2.ppm,1440,1980,1295,0.6540404040404041,3.0,1.0465640107346057,1980,1437,1244,193,1295,0.7257575757575757,0.8656924147529576,0.6282828282828283,0.9606177606177606,0.6540404040404041,3.0,1.2832323627176963,1.181970510833094,True,1234,0.8569444444444444,1.313146634085355,11.778960000083316,0.17373171864107478,nan,2048,2048,2097152,256,float32,1024,nan,2048,2048,2097152,nan,nan,nan,nan,18.360580001899507,0.2286381357154144,nan,nan,nan,nan,18.388299997604918,0.04710316230371776,superpoint_lightglue,superpoint,superpoint,lightglue,nan
hpatches,v_wall,viewpoint,v_wall_1_to_3,1,3,D:\桌面\IACV\Assigment1\data\hpatches\v_wall\1.ppm,D:\桌面\IACV\Assigment1\data\hpatches\v_wall\3.ppm,1274,1888,991,0.5248940677966102,3.0,3.1103529684958175,1888,1274,934,340,991,0.6747881355932204,0.7331240188383046,0.4947033898305085,0.9424823410696267,0.5248940677966102,3.0,1.504114608024275,1.4457980736535028,True,934,0.7331240188383046,1.3624589312302982,19.42881999857491,0.05544793829703516,nan,2048,2048,2097152,256,float32,1024,nan,2048,2048,2097152,nan,nan,nan,nan,18.360580001899507,0.2286381357154144,nan,nan,nan,nan,19.10278000141261,0.7040294293846112,superpoint_lightglue,superpoint,superpoint,lightglue,nan
hpatches,v_wall,viewpoint,v_wall_1_to_4,1,4,D:\桌面\IACV\Assigment1\data\hpatches\v_wall\1.ppm,D:\桌面\IACV\Assigment1\data\hpatches\v_wall\4.ppm,1440,2028,1319,0.6503944773175543,3.0,0.8909665657353125,2028,1440,1306,134,1319,0.7100591715976331,0.9069444444444444,0.6439842209072978,0.9901440485216073,0.6503944773175543,3.0,1.0647362083381944,0.9525988254252304,True,1297,0.9006944444444445,1.0563844500189243,11.538760000257753,0.055525657620115854,nan,2048,2048,2097152,256,float32,1024,nan,2048,2048,2097152,nan,nan,nan,nan,18.360580001899507,0.2286381357154144,nan,nan,nan,nan,18.522299997857772,0.2482980790183408,superpoint_lightglue,superpoint,superpoint,lightglue,nan
hpatches,v_wall,viewpoint,v_wall_1_to_5,1,5,D:\桌面\IACV\Assigment1\data\hpatches\v_wall\1.ppm,D:\桌面\IACV\Assigment1\data\hpatches\v_wall\5.ppm,1170,1883,968,0.514073287307488,3.0,4.992133065495302,1883,1170,917,253,968,0.6213489113117366,0.7837606837606838,0.48698884758364314,0.9473140495867769,0.514073287307488,3.0,1.4563026123904845,1.3903244171918883,True,878,0.7504273504273504,1.2960538740367484,18.877380002231803,0.13332502096773396,nan,2048,2048,2097152,256,float32,1024,nan,2048,2048,2097152,nan,nan,nan,nan,18.360580001899507,0.2286381357154144,nan,nan,nan,nan,19.25766000058502,0.5635844229522665,superpoint_lightglue,superpoint,superpoint,lightglue,nan
hpatches,v_wall,viewpoint,v_wall_1_to_6,1,6,D:\桌面\IACV\Assigment1\data\hpatches\v_wall\1.ppm,D:\桌面\IACV\Assigment1\data\hpatches\v_wall\6.ppm,1110,1774,792,0.4464487034949267,3.0,13.190417786287014,1774,1110,722,388,792,0.6257046223224352,0.6504504504504505,0.4069898534385569,0.9116161616161617,0.4464487034949267,3.0,1.5109111002537627,1.4608779028328065,True,781,0.7036036036036036,1.359422048202335,18.665380000311416,0.26022224755899076,nan,2048,2048,2097152,256,float32,1024,nan,2048,2048,2097152,nan,nan,nan,nan,18.360580001899507,0.2286381357154144,nan,nan,nan,nan,18.444140002247877,0.14164661036172088,superpoint_lightglue,superpoint,superpoint,lightglue,nan
hpatches,v_wapping,viewpoint,v_wapping_1_to_2,1,2,D:\桌面\IACV\Assigment1\data\hpatches\v_wapping\1.ppm,D:\桌面\IACV\Assigment1\data\hpatches\v_wapping\2.ppm,1269,1974,1142,0.5785207700101317,3.0,0.93434985391124,1974,1269,1098,171,1142,0.6428571428571429,0.8652482269503546,0.5562310030395137,0.9614711033274956,0.5785207700101317,3.0,1.2976344192390188,1.2105654125135694,True,1080,0.851063829787234,1.33508288340206,19.558600000164006,0.47301791390048187,nan,2048,2048,2097152,256,float32,1024,nan,2048,2048,2097152,nan,nan,nan,nan,34.20878000033554,0.1725549470608147,nan,nan,nan,nan,34.575359999143984,0.4732781572714223,superpoint_lightglue,superpoint,superpoint,lightglue,nan
hpatches,v_wapping,viewpoint,v_wapping_1_to_3,1,3,D:\桌面\IACV\Assigment1\data\hpatches\v_wapping\1.ppm,D:\桌面\IACV\Assigment1\data\hpatches\v_wapping\3.ppm,880,1930,768,0.39792746113989635,3.0,3.629529896791062,1930,880,742,138,768,0.45595854922279794,0.8431818181818181,0.3844559585492228,0.9661458333333334,0.39792746113989635,3.0,1.3881605809788966,1.3139786580115036,True,781,0.8875,1.1798980668490127,23.50529999966966,0.18060642352690592,nan,2048,2048,2097152,256,float32,1024,nan,2048,2048,2097152,nan,nan,nan,nan,34.20878000033554,0.1725549470608147,nan,nan,nan,nan,34.369099998730235,0.3251155993371002,superpoint_lightglue,superpoint,superpoint,lightglue,nan
hpatches,v_wapping,viewpoint,v_wapping_1_to_4,1,4,D:\桌面\IACV\Assigment1\data\hpatches\v_wapping\1.ppm,D:\桌面\IACV\Assigment1\data\hpatches\v_wapping\4.ppm,1072,1907,926,0.4855794441531201,3.0,3.295308661650278,1907,1072,897,175,926,0.562139486103828,0.8367537313432836,0.470372312532774,0.968682505399568,0.4855794441531201,3.0,1.4492733579663615,1.4022525231011362,True,826,0.7705223880597015,1.2625853691621896,25.935460002801847,0.5279048065577445,nan,2048,2048,2097152,256,float32,1024,nan,2048,2048,2097152,nan,nan,nan,nan,34.20878000033554,0.1725549470608147,nan,nan,nan,nan,34.17150000022957,0.16049480821568562,superpoint_lightglue,superpoint,superpoint,lightglue,nan
hpatches,v_wapping,viewpoint,v_wapping_1_to_5,1,5,D:\桌面\IACV\Assigment1\data\hpatches\v_wapping\1.ppm,D:\桌面\IACV\Assigment1\data\hpatches\v_wapping\5.ppm,748,1949,676,0.34684453565931245,3.0,3.659207813092225,1949,747,638,109,676,0.3832734735761929,0.8540829986613119,0.32734735761929196,0.9437869822485208,0.34684453565931245,3.0,1.4289025728580913,1.3425419630971551,True,644,0.8609625668449198,1.1912618471241672,24.707560002570972,0.16435822688992405,nan,2048,2048,2097152,256,float32,1024,nan,2048,2048,2097152,nan,nan,nan,nan,34.20878000033554,0.1725549470608147,nan,nan,nan,nan,34.073139999236446,0.05257283023528215,superpoint_lightglue,superpoint,superpoint,lightglue,nan
hpatches,v_wapping,viewpoint,v_wapping_1_to_6,1,6,D:\桌面\IACV\Assigment1\data\hpatches\v_wapping\1.ppm,D:\桌面\IACV\Assigment1\data\hpatches\v_wapping\6.ppm,617,2014,489,0.24280039721946375,3.0,8.11449292734853,2014,617,412,205,489,0.30635551142005957,0.6677471636952999,0.20456802383316783,0.8425357873210634,0.24280039721946375,3.0,1.588617627090413,1.59915698863114,True,547,0.8865478119935171,1.3208187476481497,29.975580000609625,0.21038000031134707,nan,2048,2048,2097152,256,float32,1024,nan,2048,2048,2097152,nan,nan,nan,nan,34.20878000033554,0.1725549470608147,nan,nan,nan,nan,34.215719999338035,0.2817066374739076,superpoint_lightglue,superpoint,superpoint,lightglue,nan
hpatches,v_war,viewpoint,v_war_1_to_2,1,2,D:\桌面\IACV\Assigment1\data\hpatches\v_war\1.ppm,D:\桌面\IACV\Assigment1\data\hpatches\v_war\2.ppm,1172,1936,760,0.3925619834710744,3.0,2.788348863037612,1936,1172,706,466,760,0.6053719008264463,0.6023890784982935,0.3646694214876033,0.9289473684210526,0.3925619834710744,3.0,1.7561500730238127,1.7996863782852075,True,712,0.6075085324232082,1.7264583794719208,22.14354000025196,0.1227320427955396,nan,2048,2048,2097152,256,float32,1024,nan,2048,2048,2097152,nan,nan,nan,nan,26.574659999459982,0.29713143660886737,nan,nan,nan,nan,26.262400000996422,0.18345922783670668,superpoint_lightglue,superpoint,superpoint,lightglue,nan
hpatches,v_war,viewpoint,v_war_1_to_3,1,3,D:\桌面\IACV\Assigment1\data\hpatches\v_war\1.ppm,D:\桌面\IACV\Assigment1\data\hpatches\v_war\3.ppm,1015,1921,633,0.3295158771473191,3.0,5.767992120554494,1921,1015,533,482,633,0.5283706402915148,0.5251231527093596,0.27745965642894327,0.8420221169036335,0.3295158771473191,3.0,1.6545609970072082,1.7027768171293414,True,495,0.4876847290640394,1.7639315260467197,25.97468000021763,0.4402660172459883,nan,2048,2048,2097152,256,float32,1024,nan,2048,2048,2097152,nan,nan,nan,nan,26.574659999459982,0.29713143660886737,nan,nan,nan,nan,26.80143999896245,0.32375090137715806,superpoint_lightglue,superpoint,superpoint,lightglue,nan
hpatches,v_war,viewpoint,v_war_1_to_4,1,4,D:\桌面\IACV\Assigment1\data\hpatches\v_war\1.ppm,D:\桌面\IACV\Assigment1\data\hpatches\v_war\4.ppm,1476,2048,1361,0.66455078125,3.0,0.7418723737617614,2048,1476,1346,130,1361,0.720703125,0.9119241192411924,0.6572265625,0.9889786921381337,0.66455078125,3.0,1.282149917674539,1.2211020688292193,True,1355,0.9180216802168022,1.2967694025140521,15.912979999848176,0.5561648693519713,nan,2048,2048,2097152,256,float32,1024,nan,2048,2048,2097152,nan,nan,nan,nan,26.574659999459982,0.29713143660886737,nan,nan,nan,nan,26.705779999610968,0.19867737001271188,superpoint_lightglue,superpoint,superpoint,lightglue,nan
hpatches,v_war,viewpoint,v_war_1_to_5,1,5,D:\桌面\IACV\Assigment1\data\hpatches\v_war\1.ppm,D:\桌面\IACV\Assigment1\data\hpatches\v_war\5.ppm,1410,1989,1178,0.5922574157868276,3.0,3.5276320005911734,1989,1410,1157,253,1178,0.7088989441930619,0.8205673758865248,0.5816993464052288,0.9821731748726655,0.5922574157868276,3.0,1.5674831416341413,1.555929069051914,True,1030,0.7304964539007093,1.5295592713982296,19.086860000970773,0.06508378184935165,nan,2048,2048,2097152,256,float32,1024,nan,2048,2048,2097152,nan,nan,nan,nan,26.574659999459982,0.29713143660886737,nan,nan,nan,nan,26.67879999935394,0.2273053907642819,superpoint_lightglue,superpoint,superpoint,lightglue,nan
hpatches,v_war,viewpoint,v_war_1_to_6,1,6,D:\桌面\IACV\Assigment1\data\hpatches\v_war\1.ppm,D:\桌面\IACV\Assigment1\data\hpatches\v_war\6.ppm,1107,1896,695,0.36656118143459915,3.0,11.429467512132405,1896,1107,579,528,695,0.5838607594936709,0.5230352303523035,0.30537974683544306,0.8330935251798561,0.36656118143459915,3.0,1.7067820615173819,1.7129240857308026,True,544,0.4914182475158085,1.637202896036057,23.205459998280276,0.20562895331428138,nan,2048,2048,2097152,256,float32,1024,nan,2048,2048,2097152,nan,nan,nan,nan,26.574659999459982,0.29713143660886737,nan,nan,nan,nan,26.167700001678895,0.12603086958667784,superpoint_lightglue,superpoint,superpoint,lightglue,nan
hpatches,v_weapons,viewpoint,v_weapons_1_to_2,1,2,D:\桌面\IACV\Assigment1\data\hpatches\v_weapons\1.ppm,D:\桌面\IACV\Assigment1\data\hpatches\v_weapons\2.ppm,1459,1768,1330,0.752262443438914,3.0,1.2048205221748065,1768,1439,1296,143,1330,0.8139140271493213,0.9006254343293955,0.7330316742081447,0.9744360902255639,0.752262443438914,3.0,1.1416576792989281,0.99223496017822,True,1302,0.8923920493488691,1.134687606914082,11.496420000912622,0.0651129294890214,nan,2048,2048,2097152,256,float32,1024,nan,2048,2048,2097152,nan,nan,nan,nan,34.471259999554604,0.5405296861553234,nan,nan,nan,nan,34.26542000088375,0.17247178891092962,superpoint_lightglue,superpoint,superpoint,lightglue,nan
hpatches,v_weapons,viewpoint,v_weapons_1_to_3,1,3,D:\桌面\IACV\Assigment1\data\hpatches\v_weapons\1.ppm,D:\桌面\IACV\Assigment1\data\hpatches\v_weapons\3.ppm,1313,1909,1189,0.6228391828182295,3.0,1.045521112115689,1909,1313,1159,154,1189,0.6877946568884232,0.8827113480578828,0.607124148768989,0.9747687132043734,0.6228391828182295,3.0,1.1846706602496326,1.0651768179660857,True,1171,0.8918507235338918,1.2052419354940536,19.563300001027528,0.2412837886237347,nan,2048,2048,2097152,256,float32,1024,nan,2048,2048,2097152,nan,nan,nan,nan,34.471259999554604,0.5405296861553234,nan,nan,nan,nan,34.307620000618044,0.1922487496248565,superpoint_lightglue,superpoint,superpoint,lightglue,nan
hpatches,v_weapons,viewpoint,v_weapons_1_to_4,1,4,D:\桌面\IACV\Assigment1\data\hpatches\v_weapons\1.ppm,D:\桌面\IACV\Assigment1\data\hpatches\v_weapons\4.ppm,1244,1468,1096,0.7465940054495913,3.0,3.4663406697705335,1468,1244,1080,164,1096,0.8474114441416893,0.8681672025723473,0.7356948228882834,0.9854014598540146,0.7465940054495913,3.0,1.2702327639681104,1.1914013357983673,True,1035,0.8319935691318328,1.350406181997711,18.30540000082692,0.08790144688860814,nan,2048,2048,2097152,256,float32,1024,nan,2048,2048,2097152,nan,nan,nan,nan,34.471259999554604,0.5405296861553234,nan,nan,nan,nan,34.37549999944167,0.2953220966423399,superpoint_lightglue,superpoint,superpoint,lightglue,nan
hpatches,v_weapons,viewpoint,v_weapons_1_to_5,1,5,D:\桌面\IACV\Assigment1\data\hpatches\v_weapons\1.ppm,D:\桌面\IACV\Assigment1\data\hpatches\v_weapons\5.ppm,1415,2041,1223,0.5992160705536502,3.0,3.364026662369646,2041,1415,1199,216,1223,0.6932876041156296,0.8473498233215547,0.5874571288584027,0.9803761242845462,0.5992160705536502,3.0,1.1369065513710146,0.9942134703391003,True,1277,0.9024734982332155,1.1659608861744462,19.27896000124747,0.3987194783708756,nan,2048,2048,2097152,256,float32,1024,nan,2048,2048,2097152,nan,nan,nan,nan,34.471259999554604,0.5405296861553234,nan,nan,nan,nan,34.21634000114864,0.07011403880258137,superpoint_lightglue,superpoint,superpoint,lightglue,nan
hpatches,v_weapons,viewpoint,v_weapons_1_to_6,1,6,D:\桌面\IACV\Assigment1\data\hpatches\v_weapons\1.ppm,D:\桌面\IACV\Assigment1\data\hpatches\v_weapons\6.ppm,1339,2039,1110,0.5443845022069642,3.0,3.887225627523445,2039,1339,1069,270,1110,0.6566944580676802,0.7983569828230023,0.5242766061794998,0.9630630630630631,0.5443845022069642,3.0,1.2223098046612144,1.1004473278595381,True,1184,0.8842419716206124,1.2693951907375445,19.542260000889655,0.3815196899136867,nan,2048,2048,2097152,256,float32,1024,nan,2048,2048,2097152,nan,nan,nan,nan,34.471259999554604,0.5405296861553234,nan,nan,nan,nan,34.64689999964321,0.3854613975881118,superpoint_lightglue,superpoint,superpoint,lightglue,nan
hpatches,v_woman,viewpoint,v_woman_1_to_2,1,2,D:\桌面\IACV\Assigment1\data\hpatches\v_woman\1.ppm,D:\桌面\IACV\Assigment1\data\hpatches\v_woman\2.ppm,569,2048,553,0.27001953125,3.0,0.30231908364774013,2048,569,520,49,553,0.27783203125,0.9138840070298769,0.25390625,0.9403254972875226,0.27001953125,3.0,1.0170359251746741,0.8917782199056814,True,520,0.9138840070298769,1.0184257422555412,16.869279999809805,0.680120913298381,nan,2048,2048,2097152,256,float32,1024,nan,2048,2048,2097152,nan,nan,nan,nan,22.5215999991633,0.18526216040932061,nan,nan,nan,nan,27.80775999999605,0.09142346935201812,superpoint_lightglue,superpoint,superpoint,lightglue,nan
hpatches,v_woman,viewpoint,v_woman_1_to_3,1,3,D:\桌面\IACV\Assigment1\data\hpatches\v_woman\1.ppm,D:\桌面\IACV\Assigment1\data\hpatches\v_woman\3.ppm,732,1918,665,0.3467153284671533,3.0,2.4919625234827683,1918,732,633,99,665,0.3816475495307612,0.8647540983606558,0.3300312825860271,0.9518796992481203,0.3467153284671533,3.0,1.2427189218668293,1.1295745700026605,True,593,0.8101092896174863,1.2474078957754011,17.67732000153046,1.120001569844624,nan,2048,2048,2097152,256,float32,1024,nan,2048,2048,2097152,nan,nan,nan,nan,22.5215999991633,0.18526216040932061,nan,nan,nan,nan,27.60000000416767,0.13574162147400595,superpoint_lightglue,superpoint,superpoint,lightglue,nan
hpatches,v_woman,viewpoint,v_woman_1_to_4,1,4,D:\桌面\IACV\Assigment1\data\hpatches\v_woman\1.ppm,D:\桌面\IACV\Assigment1\data\hpatches\v_woman\4.ppm,671,1840,593,0.3222826086956522,3.0,2.6936075291146304,1840,671,560,111,593,0.36467391304347824,0.834575260804769,0.30434782608695654,0.9443507588532883,0.3222826086956522,3.0,1.469773499839292,1.4029360742311967,True,527,0.7853949329359166,1.3982131006665692,19.847660000959877,0.5115198061774969,nan,2048,2048,2097152,256,float32,1024,nan,2048,2048,2097152,nan,nan,nan,nan,22.5215999991633,0.18526216040932061,nan,nan,nan,nan,28.532919997815043,0.8463058747706954,superpoint_lightglue,superpoint,superpoint,lightglue,nan
hpatches,v_woman,viewpoint,v_woman_1_to_5,1,5,D:\桌面\IACV\Assigment1\data\hpatches\v_woman\1.ppm,D:\桌面\IACV\Assigment1\data\hpatches\v_woman\5.ppm,421,2000,391,0.1955,3.0,2.1539521899253824,2000,421,366,55,391,0.2105,0.8693586698337292,0.183,0.9360613810741688,0.1955,3.0,1.202166251809417,1.0784810712904354,True,368,0.8741092636579573,1.1771914981850287,16.21824000030756,0.3194208680297653,nan,2048,2048,2097152,256,float32,1024,nan,2048,2048,2097152,nan,nan,nan,nan,22.5215999991633,0.18526216040932061,nan,nan,nan,nan,27.685240002756473,0.10622087616954862,superpoint_lightglue,superpoint,superpoint,lightglue,nan
hpatches,v_woman,viewpoint,v_woman_1_to_6,1,6,D:\桌面\IACV\Assigment1\data\hpatches\v_woman\1.ppm,D:\桌面\IACV\Assigment1\data\hpatches\v_woman\6.ppm,726,1957,659,0.3367399080224834,3.0,1.9010643846696353,1957,726,626,100,659,0.3709759836484415,0.8622589531680441,0.3198773633111906,0.9499241274658573,0.3367399080224834,3.0,1.3496645782240564,1.2489320220409583,True,629,0.8663911845730028,1.366471711658026,20.72006000089459,0.8025022200707166,nan,2048,2048,2097152,256,float32,1024,nan,2048,2048,2097152,nan,nan,nan,nan,22.5215999991633,0.18526216040932061,nan,nan,nan,nan,27.68869999999879,0.1308017114422916,superpoint_lightglue,superpoint,superpoint,lightglue,nan
hpatches,v_wormhole,viewpoint,v_wormhole_1_to_2,1,2,D:\桌面\IACV\Assigment1\data\hpatches\v_wormhole\1.ppm,D:\桌面\IACV\Assigment1\data\hpatches\v_wormhole\2.ppm,1098,1981,993,0.5012619888944977,3.0,3.70721767729514,1981,1098,962,136,993,0.5542655224634023,0.8761384335154827,0.4856133266027259,0.9687814702920443,0.5012619888944977,3.0,1.401852840517315,1.3009536240183142,True,932,0.848816029143898,1.4273157970967927,18.160020002687816,0.34125237715238205,nan,2048,2048,2097152,256,float32,1024,nan,2048,2048,2097152,nan,nan,nan,nan,18.396779998147395,0.30492980412740617,nan,nan,nan,nan,18.277759999909904,0.034173239021554246,superpoint_lightglue,superpoint,superpoint,lightglue,nan
hpatches,v_wormhole,viewpoint,v_wormhole_1_to_3,1,3,D:\桌面\IACV\Assigment1\data\hpatches\v_wormhole\1.ppm,D:\桌面\IACV\Assigment1\data\hpatches\v_wormhole\3.ppm,1335,1918,1222,0.6371220020855057,3.0,1.505480256959173,1918,1335,1203,132,1222,0.6960375391032325,0.9011235955056179,0.627215849843587,0.9844517184942717,0.6371220020855057,3.0,1.3560279924724568,1.2698667931786676,True,1199,0.89812734082397,1.433662982078253,18.838120001601055,0.08982305514569568,nan,2048,2048,2097152,256,float32,1024,nan,2048,2048,2097152,nan,nan,nan,nan,18.396779998147395,0.30492980412740617,nan,nan,nan,nan,18.25898000097368,0.29147300639183704,superpoint_lightglue,superpoint,superpoint,lightglue,nan
hpatches,v_wormhole,viewpoint,v_wormhole_1_to_4,1,4,D:\桌面\IACV\Assigment1\data\hpatches\v_wormhole\1.ppm,D:\桌面\IACV\Assigment1\data\hpatches\v_wormhole\4.ppm,1440,1946,1354,0.6957862281603289,3.0,2.293501560034599,1946,1440,1328,112,1354,0.7399794450154162,0.9222222222222223,0.6824254881808839,0.9807976366322009,0.6957862281603289,3.0,1.2997167123557054,1.187711214850982,True,1322,0.9180555555555555,1.262026038000263,16.123359999619424,0.574942362806482,nan,2048,2048,2097152,256,float32,1024,nan,2048,2048,2097152,nan,nan,nan,nan,18.396779998147395,0.30492980412740617,nan,nan,nan,nan,19.077980000292882,0.5985193757623466,superpoint_lightglue,superpoint,superpoint,lightglue,nan
hpatches,v_wormhole,viewpoint,v_wormhole_1_to_5,1,5,D:\桌面\IACV\Assigment1\data\hpatches\v_wormhole\1.ppm,D:\桌面\IACV\Assigment1\data\hpatches\v_wormhole\5.ppm,993,1577,824,0.5225110970196576,3.0,5.282011473049885,1577,993,798,195,824,0.6296766011414078,0.8036253776435045,0.5060240963855421,0.9684466019417476,0.5225110970196576,3.0,1.457231567693555,1.435613475840809,True,801,0.8066465256797583,1.5109823450920068,21.516319998772815,0.0626197876600737,nan,2048,2048,2097152,256,float32,1024,nan,2048,2048,2097152,nan,nan,nan,nan,18.396779998147395,0.30492980412740617,nan,nan,nan,nan,19.07931999885477,1.371423079516606,superpoint_lightglue,superpoint,superpoint,lightglue,nan
hpatches,v_wormhole,viewpoint,v_wormhole_1_to_6,1,6,D:\桌面\IACV\Assigment1\data\hpatches\v_wormhole\1.ppm,D:\桌面\IACV\Assigment1\data\hpatches\v_wormhole\6.ppm,658,1667,463,0.277744451109778,3.0,9.567218476652018,1667,656,381,275,463,0.3935212957408518,0.5807926829268293,0.22855428914217157,0.8228941684665226,0.277744451109778,3.0,1.7485239829270625,1.7848651131551918,True,339,0.5151975683890577,1.686756786142788,25.96460000204388,0.41181933639172186,nan,2048,2048,2097152,256,float32,1024,nan,2048,2048,2097152,nan,nan,nan,nan,18.396779998147395,0.30492980412740617,nan,nan,nan,nan,18.817040001158603,0.4493759609671829,superpoint_lightglue,superpoint,superpoint,lightglue,nan
hpatches,v_wounded,viewpoint,v_wounded_1_to_2,1,2,D:\桌面\IACV\Assigment1\data\hpatches\v_wounded\1.ppm,D:\桌面\IACV\Assigment1\data\hpatches\v_wounded\2.ppm,1684,2047,1582,0.7728382999511481,3.0,2.285743371631391,2047,1684,1568,116,1582,0.82266731802638,0.9311163895486936,0.7659990229604299,0.9911504424778761,0.7728382999511481,3.0,1.0945653108463675,0.9650018777809637,True,1562,0.9275534441805225,1.0769043524427016,21.64605999860214,0.11930120882270596,nan,2048,2048,2097152,256,float32,1024,nan,2048,2048,2097152,nan,nan,nan,nan,33.86682000127621,0.14672921201645575,nan,nan,nan,nan,34.25087999930838,0.3025601962246526,superpoint_lightglue,superpoint,superpoint,lightglue,nan
hpatches,v_wounded,viewpoint,v_wounded_1_to_3,1,3,D:\桌面\IACV\Assigment1\data\hpatches\v_wounded\1.ppm,D:\桌面\IACV\Assigment1\data\hpatches\v_wounded\3.ppm,1044,1237,944,0.7631366208569119,3.0,6.903601287114109,1237,1044,894,150,944,0.8439773645917542,0.8563218390804598,0.7227162489894907,0.9470338983050848,0.7631366208569119,3.0,1.2802222794932052,1.1975640004098795,True,794,0.7605363984674329,1.3528466270413992,27.368379999825265,0.28222648579020476,nan,2048,2048,2097152,256,float32,1024,nan,2048,2048,2097152,nan,nan,nan,nan,33.86682000127621,0.14672921201645575,nan,nan,nan,nan,34.26679999975022,0.20220084973685956,superpoint_lightglue,superpoint,superpoint,lightglue,nan
hpatches,v_wounded,viewpoint,v_wounded_1_to_4,1,4,D:\桌面\IACV\Assigment1\data\hpatches\v_wounded\1.ppm,D:\桌面\IACV\Assigment1\data\hpatches\v_wounded\4.ppm,553,1067,387,0.3626991565135895,3.0,199.91247528173034,1067,551,295,256,387,0.5164011246485474,0.5353901996370236,0.27647610121836924,0.7622739018087855,0.3626991565135895,3.0,1.7707724514123924,1.7996964467608494,True,254,0.4593128390596745,1.7110371983854804,29.668499997933395,1.0894017858446736,nan,2048,2048,2097152,256,float32,1024,nan,1821,1821,1864704,nan,nan,nan,nan,33.86682000127621,0.14672921201645575,nan,nan,nan,nan,34.16612000146415,0.4637676453388558,superpoint_lightglue,superpoint,superpoint,lightglue,nan
hpatches,v_wounded,viewpoint,v_wounded_1_to_5,1,5,D:\桌面\IACV\Assigment1\data\hpatches\v_wounded\1.ppm,D:\桌面\IACV\Assigment1\data\hpatches\v_wounded\5.ppm,1049,1428,916,0.6414565826330533,3.0,2.9357735075059272,1428,1047,831,216,916,0.7331932773109243,0.7936962750716332,0.5819327731092437,0.9072052401746725,0.6414565826330533,3.0,1.4440315264481824,1.3634741773671577,True,825,0.786463298379409,1.5097674127992324,30.3814600003534,0.7679419721303516,nan,2048,2048,2097152,256,float32,1024,nan,2048,2048,2097152,nan,nan,nan,nan,33.86682000127621,0.14672921201645575,nan,nan,nan,nan,33.875719997740816,0.241230855749491,superpoint_lightglue,superpoint,superpoint,lightglue,nan
hpatches,v_wounded,viewpoint,v_wounded_1_to_6,1,6,D:\桌面\IACV\Assigment1\data\hpatches\v_wounded\1.ppm,D:\桌面\IACV\Assigment1\data\hpatches\v_wounded\6.ppm,686,1109,564,0.5085662759242561,3.0,10.793367296818118,1109,686,471,215,564,0.6185752930568079,0.6865889212827988,0.4247069431920649,0.8351063829787234,0.5085662759242561,3.0,1.5800667905511547,1.5267570278386144,True,471,0.6865889212827988,1.55794201765197,30.157220001274254,0.9667557439838246,nan,2048,2048,2097152,256,float32,1024,nan,1746,1746,1787904,nan,nan,nan,nan,33.86682000127621,0.14672921201645575,nan,nan,nan,nan,35.479499999200925,0.6673605814561173,superpoint_lightglue,superpoint,superpoint,lightglue,nan
hpatches,v_yard,viewpoint,v_yard_1_to_2,1,2,D:\桌面\IACV\Assigment1\data\hpatches\v_yard\1.ppm,D:\桌面\IACV\Assigment1\data\hpatches\v_yard\2.ppm,1324,1874,1233,0.6579509071504802,3.0,1.2925962160948365,1874,1324,1230,94,1233,0.7065101387406617,0.9290030211480362,0.656350053361793,0.9975669099756691,0.6579509071504802,3.0,1.2678073274132697,1.16728931390274,True,1226,0.9259818731117825,1.2752741544172768,12.571840001328383,0.10728317059877698,nan,2048,2048,2097152,256,float32,1024,nan,2048,2048,2097152,nan,nan,nan,nan,27.060579998942558,0.17917092954179037,nan,nan,nan,nan,27.569139999104664,0.20523904650875024,superpoint_lightglue,superpoint,superpoint,lightglue,nan
hpatches,v_yard,viewpoint,v_yard_1_to_3,1,3,D:\桌面\IACV\Assigment1\data\hpatches\v_yard\1.ppm,D:\桌面\IACV\Assigment1\data\hpatches\v_yard\3.ppm,816,922,519,0.5629067245119306,3.0,7.569753163227502,922,816,511,305,519,0.8850325379609545,0.6262254901960784,0.5542299349240781,0.9845857418111753,0.5629067245119306,3.0,1.624377607081686,1.6352103868793155,True,481,0.5894607843137255,1.6865355650911658,14.26478000212228,0.468647537005542,nan,2048,2048,2097152,256,float32,1024,nan,2048,2048,2097152,nan,nan,nan,nan,27.060579998942558,0.17917092954179037,nan,nan,nan,nan,26.563639999949373,0.26591643527601927,superpoint_lightglue,superpoint,superpoint,lightglue,nan
hpatches,v_yard,viewpoint,v_yard_1_to_4,1,4,D:\桌面\IACV\Assigment1\data\hpatches\v_yard\1.ppm,D:\桌面\IACV\Assigment1\data\hpatches\v_yard\4.ppm,1208,1890,1079,0.5708994708994709,3.0,1.3736428228468178,1890,1208,1066,142,1079,0.6391534391534391,0.8824503311258278,0.564021164021164,0.9879518072289156,0.5708994708994709,3.0,1.3105968707938307,1.208964157838309,True,1071,0.8865894039735099,1.3370275226089345,12.434019999636803,0.11815434776180175,nan,2048,2048,2097152,256,float32,1024,nan,2048,2048,2097152,nan,nan,nan,nan,27.060579998942558,0.17917092954179037,nan,nan,nan,nan,27.080759998352733,0.5365179715208219,superpoint_lightglue,superpoint,superpoint,lightglue,nan
hpatches,v_yard,viewpoint,v_yard_1_to_5,1,5,D:\桌面\IACV\Assigment1\data\hpatches\v_yard\1.ppm,D:\桌面\IACV\Assigment1\data\hpatches\v_yard\5.ppm,1041,1705,731,0.4287390029325513,3.0,4.074024545059421,1705,1041,708,333,731,0.6105571847507332,0.6801152737752162,0.41524926686217006,0.9685362517099864,0.4287390029325513,3.0,1.5656742192865254,1.5276022726818348,True,656,0.6301633045148896,1.5522099258226507,19.57006000302499,0.30759718263052904,nan,2048,2048,2097152,256,float32,1024,nan,2048,2048,2097152,nan,nan,nan,nan,27.060579998942558,0.17917092954179037,nan,nan,nan,nan,26.79816000163555,0.3065700479417642,superpoint_lightglue,superpoint,superpoint,lightglue,nan
hpatches,v_yard,viewpoint,v_yard_1_to_6,1,6,D:\桌面\IACV\Assigment1\data\hpatches\v_yard\1.ppm,D:\桌面\IACV\Assigment1\data\hpatches\v_yard\6.ppm,860,1670,479,0.2868263473053892,3.0,2.6641152117943956,1670,860,442,418,479,0.5149700598802395,0.513953488372093,0.26467065868263473,0.9227557411273486,0.2868263473053892,3.0,1.6955867295996168,1.7103793580950217,True,428,0.49767441860465117,1.7747680998779853,22.90190000203438,0.4318574862152986,nan,2048,2048,2097152,256,float32,1024,nan,2048,2048,2097152,nan,nan,nan,nan,27.060579998942558,0.17917092954179037,nan,nan,nan,nan,26.78503999923123,0.16045163331456397,superpoint_lightglue,superpoint,superpoint,lightglue,nan
hpatches,v_yuri,viewpoint,v_yuri_1_to_2,1,2,D:\桌面\IACV\Assigment1\data\hpatches\v_yuri\1.ppm,D:\桌面\IACV\Assigment1\data\hpatches\v_yuri\2.ppm,1254,1998,1086,0.5435435435435435,3.0,2.780783988621799,1998,1254,1034,220,1086,0.6276276276276276,0.8245614035087719,0.5175175175175175,0.9521178637200737,0.5435435435435435,3.0,1.4419142403334675,1.3805916520079327,True,1029,0.8205741626794258,1.4338651964344131,24.893799997516908,0.7473808202261929,nan,1998,1998,2045952,256,float32,1024,nan,2048,2048,2097152,nan,nan,nan,nan,40.09051999892108,0.23286510681847672,nan,nan,nan,nan,40.618560000439174,0.2303697611013458,superpoint_lightglue,superpoint,superpoint,lightglue,nan
hpatches,v_yuri,viewpoint,v_yuri_1_to_3,1,3,D:\桌面\IACV\Assigment1\data\hpatches\v_yuri\1.ppm,D:\桌面\IACV\Assigment1\data\hpatches\v_yuri\3.ppm,1075,1507,717,0.47577969475779697,3.0,9.111611016315313,1507,1075,659,416,717,0.7133377571333775,0.6130232558139534,0.43729263437292637,0.9191073919107392,0.47577969475779697,3.0,1.640881443965613,1.6495735830214786,True,659,0.6130232558139534,1.7552507660987873,27.784199998131953,0.20585987530561375,nan,1998,1998,2045952,256,float32,1024,nan,2048,2048,2097152,nan,nan,nan,nan,40.09051999892108,0.23286510681847672,nan,nan,nan,nan,41.02951999811921,0.7502399713880927,superpoint_lightglue,superpoint,superpoint,lightglue,nan
hpatches,v_yuri,viewpoint,v_yuri_1_to_4,1,4,D:\桌面\IACV\Assigment1\data\hpatches\v_yuri\1.ppm,D:\桌面\IACV\Assigment1\data\hpatches\v_yuri\4.ppm,880,1488,478,0.32123655913978494,3.0,131.25125047622413,1488,880,410,470,478,0.5913978494623656,0.4659090909090909,0.27553763440860213,0.8577405857740585,0.32123655913978494,3.0,1.813054517538844,1.890763089646876,True,482,0.5477272727272727,1.8208366637362858,32.29655999894021,1.1533568352758399,nan,1998,1998,2045952,256,float32,1024,nan,2048,2048,2097152,nan,nan,nan,nan,40.09051999892108,0.23286510681847672,nan,nan,nan,nan,40.733000001637265,0.304373342033557,superpoint_lightglue,superpoint,superpoint,lightglue,nan
hpatches,v_yuri,viewpoint,v_yuri_1_to_5,1,5,D:\桌面\IACV\Assigment1\data\hpatches\v_yuri\1.ppm,D:\桌面\IACV\Assigment1\data\hpatches\v_yuri\5.ppm,1032,1708,776,0.45433255269320844,3.0,9.014741944203326,1708,1032,714,318,776,0.6042154566744731,0.6918604651162791,0.4180327868852459,0.9201030927835051,0.45433255269320844,3.0,1.657938905154917,1.7049672901626391,True,690,0.6686046511627907,1.6841078413477368,26.948540001467336,0.23203024648807358,nan,1998,1998,2045952,256,float32,1024,nan,2048,2048,2097152,nan,nan,nan,nan,40.09051999892108,0.23286510681847672,nan,nan,nan,nan,40.890379999473225,0.19451125737324895,superpoint_lightglue,superpoint,superpoint,lightglue,nan
hpatches,v_yuri,viewpoint,v_yuri_1_to_6,1,6,D:\桌面\IACV\Assigment1\data\hpatches\v_yuri\1.ppm,D:\桌面\IACV\Assigment1\data\hpatches\v_yuri\6.ppm,900,1672,551,0.32954545454545453,3.0,27.36044173156907,1672,899,449,450,551,0.5376794258373205,0.4994438264738598,0.26854066985645936,0.8148820326678766,0.32954545454545453,3.0,1.7477869713063003,1.7786844410520326,True,479,0.5322222222222223,1.8150725944502413,32.80682000040542,0.5353868276235839,nan,1998,1998,2045952,256,float32,1024,nan,2048,2048,2097152,nan,nan,nan,nan,40.09051999892108,0.23286510681847672,nan,nan,nan,nan,40.88924000097904,0.15483096028024315,superpoint_lightglue,superpoint,superpoint,lightglue,nan
